{
  "blocks_mined": {
    "v27": 189,
    "v26": 54
  },
  "total_blocks": 243,
  "final_hashrate": {
    "v27": 86.4,
    "v26": 0.0
  },
  "final_economic": {
    "v27": 100.0,
    "v26": 0.0
  },
  "final_prices": {
    "v27": 69900.3100478469,
    "v26": 49446.88995215311
  }
}