{
  "config": {
    "base_price": 60000,
    "max_divergence": 0.2,
    "coefficients": {
      "chain_weight": 0.3,
      "economic_weight": 0.5,
      "hashrate_weight": 0.2
    }
  },
  "current_prices": {
    "v27": 70858.7842214533,
    "v26": 49062.975778546715
  },
  "timeline": {
    "timestamps": [
      1772178534.187706,
      1772178595.1183677,
      1772178595.1183784,
      1772178655.8759577,
      1772178655.8759644,
      1772178716.3539536,
      1772178716.35396,
      1772178776.621556,
      1772178776.6215644,
      1772178837.185378,
      1772178837.1853838,
      1772178897.5195405,
      1772178897.519549,
      1772178958.2815938,
      1772178958.281602,
      1772179018.5866575,
      1772179018.5866668,
      1772179079.3384438,
      1772179079.3384495,
      1772179140.0796862,
      1772179140.0796938,
      1772179200.2180855,
      1772179200.2180934,
      1772179261.0177,
      1772179261.0177054,
      1772179321.6589205,
      1772179321.6589284,
      1772179382.3521647,
      1772179382.3521705,
      1772179443.0180273,
      1772179443.0180326,
      1772179503.634967,
      1772179503.634975,
      1772179564.5586839,
      1772179564.5586894,
      1772179625.3703065,
      1772179625.370312,
      1772179686.2377317,
      1772179686.2377367,
      1772179746.9999523,
      1772179746.9999583,
      1772179807.9306476,
      1772179807.9306555,
      1772179868.434343,
      1772179868.4343488,
      1772179928.6062121,
      1772179928.6062193,
      1772179989.5631366,
      1772179989.5631418,
      1772180049.685984,
      1772180049.685991,
      1772180109.7655766,
      1772180109.7655842,
      1772180170.6055498,
      1772180170.6055555,
      1772180231.516084,
      1772180231.516093,
      1772180292.3679297,
      1772180292.3679376
    ],
    "v27_prices": [
      60000,
      62650.12445554175,
      62650.12445554175,
      62468.53555264138,
      62468.53555264138,
      62572.84359686555,
      62572.84359686555,
      62394.14514073891,
      62394.14514073891,
      62411.136046690335,
      62411.136046690335,
      62530.983131749264,
      62530.983131749264,
      62422.22603816965,
      62422.22603816965,
      62449.355224772524,
      62449.355224772524,
      62341.0943552073,
      62341.0943552073,
      64401.17359610803,
      64401.17359610803,
      64641.950673874315,
      64641.950673874315,
      64881.314569034825,
      64881.314569034825,
      65041.05629894132,
      65041.05629894132,
      65186.86946937684,
      65186.86946937684,
      65310.89694422954,
      65310.89694422954,
      65421.6452461858,
      65421.6452461858,
      65536.12683767575,
      65536.12683767575,
      65644.57086044614,
      65644.57086044614,
      65743.89704945945,
      65743.89704945945,
      70366.65795918369,
      70366.65795918369,
      70442.14834951458,
      70442.14834951458,
      70523.59486238533,
      70523.59486238533,
      70554.4009495549,
      70554.4009495549,
      70616.37756373938,
      70616.37756373938,
      70683.05032258065,
      70683.05032258065,
      70735.65961389962,
      70735.65961389962,
      70778.33568238214,
      70778.33568238214,
      70820.6847311828,
      70820.6847311828,
      70858.7842214533,
      70858.7842214533
    ],
    "v26_prices": [
      60000,
      60000,
      57271.63554445825,
      57271.63554445825,
      57453.224447358625,
      57453.224447358625,
      57348.916403134455,
      57348.916403134455,
      57527.61485926109,
      57527.61485926109,
      57510.62395330967,
      57510.62395330967,
      57390.77686825074,
      57390.77686825074,
      57499.533961830355,
      57499.533961830355,
      57472.40477522748,
      57472.40477522748,
      57580.6656447927,
      57580.6656447927,
      55520.586403891975,
      55520.586403891975,
      55279.80932612569,
      55279.80932612569,
      55040.445430965185,
      55040.445430965185,
      54880.70370105869,
      54880.70370105869,
      54734.89053062316,
      54734.89053062316,
      54610.863055770475,
      54610.863055770475,
      54500.11475381421,
      54500.11475381421,
      54385.63316232426,
      54385.63316232426,
      54277.18913955386,
      54277.18913955386,
      54177.86295054055,
      54177.86295054055,
      49555.10204081633,
      49555.10204081633,
      49479.61165048544,
      49479.61165048544,
      49398.16513761468,
      49398.16513761468,
      49367.359050445106,
      49367.359050445106,
      49305.382436260625,
      49305.382436260625,
      49238.709677419356,
      49238.709677419356,
      49186.10038610039,
      49186.10038610039,
      49143.424317617864,
      49143.424317617864,
      49101.07526881721,
      49101.07526881721,
      49062.975778546715
    ]
  },
  "history": [
    {
      "timestamp": 1772178534.187706,
      "chain_id": "v27",
      "price": 60000,
      "metadata": {
        "initial": true
      }
    },
    {
      "timestamp": 1772178534.187706,
      "chain_id": "v26",
      "price": 60000,
      "metadata": {
        "initial": true
      }
    },
    {
      "timestamp": 1772178595.1183677,
      "chain_id": "v27",
      "price": 62650.12445554175,
      "metadata": {
        "fork_sustained": true,
        "fork_depth": 26
      }
    },
    {
      "timestamp": 1772178595.1183784,
      "chain_id": "v26",
      "price": 57271.63554445825,
      "metadata": {
        "fork_sustained": true,
        "fork_depth": 26
      }
    },
    {
      "timestamp": 1772178655.8759577,
      "chain_id": "v27",
      "price": 62468.53555264138,
      "metadata": {
        "fork_sustained": true,
        "fork_depth": 61
      }
    },
    {
      "timestamp": 1772178655.8759644,
      "chain_id": "v26",
      "price": 57453.224447358625,
      "metadata": {
        "fork_sustained": true,
        "fork_depth": 61
      }
    },
    {
      "timestamp": 1772178716.3539536,
      "chain_id": "v27",
      "price": 62572.84359686555,
      "metadata": {
        "fork_sustained": true,
        "fork_depth": 86
      }
    },
    {
      "timestamp": 1772178716.35396,
      "chain_id": "v26",
      "price": 57348.916403134455,
      "metadata": {
        "fork_sustained": true,
        "fork_depth": 86
      }
    },
    {
      "timestamp": 1772178776.621556,
      "chain_id": "v27",
      "price": 62394.14514073891,
      "metadata": {
        "fork_sustained": true,
        "fork_depth": 119
      }
    },
    {
      "timestamp": 1772178776.6215644,
      "chain_id": "v26",
      "price": 57527.61485926109,
      "metadata": {
        "fork_sustained": true,
        "fork_depth": 119
      }
    },
    {
      "timestamp": 1772178837.185378,
      "chain_id": "v27",
      "price": 62411.136046690335,
      "metadata": {
        "fork_sustained": true,
        "fork_depth": 146
      }
    },
    {
      "timestamp": 1772178837.1853838,
      "chain_id": "v26",
      "price": 57510.62395330967,
      "metadata": {
        "fork_sustained": true,
        "fork_depth": 146
      }
    },
    {
      "timestamp": 1772178897.5195405,
      "chain_id": "v27",
      "price": 62530.983131749264,
      "metadata": {
        "fork_sustained": true,
        "fork_depth": 172
      }
    },
    {
      "timestamp": 1772178897.519549,
      "chain_id": "v26",
      "price": 57390.77686825074,
      "metadata": {
        "fork_sustained": true,
        "fork_depth": 172
      }
    },
    {
      "timestamp": 1772178958.2815938,
      "chain_id": "v27",
      "price": 62422.22603816965,
      "metadata": {
        "fork_sustained": true,
        "fork_depth": 209
      }
    },
    {
      "timestamp": 1772178958.281602,
      "chain_id": "v26",
      "price": 57499.533961830355,
      "metadata": {
        "fork_sustained": true,
        "fork_depth": 209
      }
    },
    {
      "timestamp": 1772179018.5866575,
      "chain_id": "v27",
      "price": 62449.355224772524,