{
  "config": {
    "base_price": 60000,
    "max_divergence": 0.2,
    "coefficients": {
      "chain_weight": 0.3,
      "economic_weight": 0.5,
      "hashrate_weight": 0.2
    }
  },
  "current_prices": {
    "v27": 48703.44827586207,
    "v26": 71218.31172413794
  },
  "timeline": {
    "timestamps": [
      1772313955.7773502,
      1772314016.867953,
      1772314016.8679647,
      1772314077.6273751,
      1772314077.6273816,
      1772314138.1231406,
      1772314138.1231458,
      1772314198.777173,
      1772314198.7771785,
      1772314259.2654278,
      1772314259.2654333,
      1772314319.3931832,
      1772314319.3931916,
      1772314380.170262,
      1772314380.1702724,
      1772314440.8253694,
      1772314440.8253813,
      1772314501.483719,
      1772314501.4837275,
      1772314562.1642666,
      1772314562.1642723,
      1772314622.7113552,
      1772314622.7113605,
      1772314683.3001215,
      1772314683.3001277,
      1772314743.7507386,
      1772314743.7507474,
      1772314803.8129904,
      1772314803.8129961,
      1772314864.2993038,
      1772314864.2993085,
      1772314924.78428,
      1772314924.7842875,
      1772314985.275504,
      1772314985.275511,
      1772315045.8526406,
      1772315045.852646,
      1772315106.459423,
      1772315106.459428,
      1772315167.0068922,
      1772315167.006898,
      1772315227.5733316,
      1772315227.573339,
      1772315288.482125,
      1772315288.4821327,
      1772315348.8689384,
      1772315348.8689435,
      1772315409.4467828,
      1772315409.4467897,
      1772315470.1465833,
      1772315470.1465926,
      1772315530.7675595,
      1772315530.76757,
      1772315591.3072286,
      1772315591.307234,
      1772315651.8603659,
      1772315651.8603709,
      1772315712.4349046,
      1772315712.4349115
    ],
    "v27_prices": [
      60000,
      54561.47437889765,
      54561.47437889765,
      54486.37659532529,
      54486.37659532529,
      54909.238242940584,
      54909.238242940584,
      54730.44439193547,
      54730.44439193547,
      51104.36772924661,
      51104.36772924661,
      51018.096106132885,
      51018.096106132885,
      51143.20888808776,
      51143.20888808776,
      51195.91254806415,
      51195.91254806415,
      51255.416680295566,
      51255.416680295566,
      49957.28155339806,
      49957.28155339806,
      49800.00000000001,
      49800.00000000001,
      49643.47826086957,
      49643.47826086957,
      49538.931297709925,
      49538.931297709925,
      49446.88995215311,
      49446.88995215311,
      49362.16216216217,
      49362.16216216217,
      49286.80851063831,
      49286.80851063831,
      49216.90140845071,
      49216.90140845071,
      49143.28922495274,
      49143.28922495274,
      49078.07486631016,
      49078.07486631016,
      49025.08474576271,
      49025.08474576271,
      48975.48387096775,
      48975.48387096775,
      48921.9512195122,
      48921.9512195122,
      48903.988183161004,
      48903.988183161004,
      48863.18758815233,
      48863.18758815233,
      48819.27710843374,
      48819.27710843374,
      48783.61075544175,
      48783.61075544175,
      48755.55555555556,
      48755.55555555556,
      48728.57142857143,
      48728.57142857143,
      48703.44827586207,
      48703.44827586207
    ],
    "v26_prices": [
      60000,
      60000,
      65360.28562110235,
      65360.28562110235,
      65435.38340467471,
      65435.38340467471,
      65012.52175705942,
      65012.52175705942,
      65191.31560806454,
      65191.31560806454,
      68817.3922707534,
      68817.3922707534,
      68903.66389386714,
      68903.66389386714,
      68778.55111191224,
      68778.55111191224,
      68725.84745193586,
      68725.84745193586,
      68666.34331970445,
      68666.34331970445,
      69964.47844660195,
      69964.47844660195,
      70121.76000000001,
      70121.76000000001,
      70278.28173913044,
      70278.28173913044,
      70382.82870229009,
      70382.82870229009,
      70474.8700478469,
      70474.8700478469,
      70559.59783783785,
      70559.59783783785,
      70634.95148936172,
      70634.95148936172,
      70704.8585915493,
      70704.8585915493,
      70778.47077504726,
      70778.47077504726,
      70843.68513368984,
      70843.68513368984,
      70896.6752542373,
      70896.6752542373,
      70946.27612903227,
      70946.27612903227,
      70999.80878048782,
      70999.80878048782,
      71017.77181683901,
      71017.77181683901,
      71058.57241184768,
      71058.57241184768,
      71102.48289156627,
      71102.48289156627,
      71138.14924455827,
      71138.14924455827,
      71166.20444444445,
      71166.20444444445,
      71193.18857142857,
      71193.18857142857,
      71218.31172413794
    ]
  },
  "history": [
    {
      "timestamp": 1772313955.7773502,
      "chain_id": "v27",
      "price": 60000,
      "metadata": {
        "initial": true
      }
    },
    {
      "timestamp": 1772313955.7773502,
      "chain_id": "v26",
      "price": 60000,
      "metadata": {
        "initial": true
      }
    },
    {
      "timestamp": 1772314016.867953,
      "chain_id": "v27",
      "price": 54561.47437889765,
      "metadata": {
        "fork_sustained": true,
        "fork_depth": 26
      }
    },
    {
      "timestamp": 1772314016.8679647,
      "chain_id": "v26",
      "price": 65360.28562110235,
      "metadata": {
        "fork_sustained": true,
        "fork_depth": 26
      }
    },
    {
      "timestamp": 1772314077.6273751,
      "chain_id": "v27",
      "price": 54486.37659532529,
      "metadata": {
        "fork_sustained": true,
        "fork_depth": 59
      }
    },
    {
      "timestamp": 1772314077.6273816,
      "chain_id": "v26",
      "price": 65435.38340467471,
      "metadata": {
        "fork_sustained": true,
        "fork_depth": 59
      }
    },
    {
      "timestamp": 1772314138.1231406,
      "chain_id": "v27",
      "price": 54909.238242940584,
      "metadata": {
        "fork_sustained": true,
        "fork_depth": 86
      }
    },
    {
      "timestamp": 1772314138.1231458,
      "chain_id": "v26",
      "price": 65012.52175705942,
      "metadata": {
        "fork_sustained": true,
        "fork_depth": 86
      }
    },
    {
      "timestamp": 1772314198.777173,
      "chain_id": "v27",
      "price": 54730.44439193547,
      "metadata": {
        "fork_sustained": true,
        "fork_depth": 118
      }
    },
    {
      "timestamp": 1772314198.7771785,
      "chain_id": "v26",
      "price": 65191.31560806454,
      "metadata": {
        "fork_sustained": true,
        "fork_depth": 118
      }
    },
    {
      "timestamp": 1772314259.2654278,
      "chain_id": "v27",
      "price": 51104.36772924661,
      "metadata": {
        "fork_sustained": true,
        "fork_depth": 143
      }
    },
    {
      "timestamp": 1772314259.2654333,
      "chain_id": "v26",
      "price": 68817.3922707534,
      "metadata": {
        "fork_sustained": true,
        "fork_depth": 143
      }
    },
    {
      "timestamp": 1772314319.3931832,
      "chain_id": "v27",
      "price": 51018.096106132885,
      "metadata": {
        "fork_sustained": true,
        "fork_depth": 171
      }
    },
    {
      "timestamp": 1772314319.3931916,
      "chain_id": "v26",
      "price": 68903.66389386714,
      "metadata": {
        "fork_sustained": true,
        "fork_depth": 171
      }
    },
    {
      "timestamp": 1772314380.170262,
      "chain_id": "v27",
      "price": 51143.20888808776,
      "metadata": {
        "fork_sustained": true,
        "fork_depth": 210
      }
    },
    {
      "timestamp": 1772314380.1702724,
      "chain_id": "v26",
      "price": 68778.55111191224,
      "metadata": {
        "fork_sustained": true,
        "fork_depth": 210
      }
    },
    {
      "timestamp": 1772314440.8253694,
      "chain_id": "v27",
      "price": 51195.91254806415,