{
  "blocks_mined": {
    "v27": 19,
    "v26": 555
  },
  "total_blocks": 574,
  "final_hashrate": {
    "v27": 0.0,
    "v26": 86.4
  },
  "final_economic": {
    "v27": 0.0,
    "v26": 100.0
  },
  "final_prices": {
    "v27": 48157.45526838967,
    "v26": 71189.74473161034
  }
}