{
  "blocks_mined": {
    "v27": 14,
    "v26": 811
  },
  "total_blocks": 825,
  "final_hashrate": {
    "v27": 0.0,
    "v26": 86.4
  },
  "final_economic": {
    "v27": 0.0,
    "v26": 100.0
  },
  "final_prices": {
    "v27": 48134.042553191495,
    "v26": 71213.15744680852
  }
}