{
  "blocks_mined": {
    "v27": 701,
    "v26": 5285
  },
  "total_blocks": 5986,
  "final_hashrate": {
    "v27": 0.0,
    "v26": 86.4
  },
  "final_economic": {
    "v27": 56.73741253525133,
    "v26": 43.26258746474866
  },
  "final_prices": {
    "v27": 55733.71502604153,
    "v26": 63613.48497395847
  }
}