{
  "blocks_mined": {
    "v27": 1408,
    "v26": 70
  },
  "total_blocks": 1478,
  "final_hashrate": {
    "v27": 86.4,
    "v26": 0.0
  },
  "final_economic": {
    "v27": 100.0,
    "v26": 0.0
  },
  "final_prices": {
    "v27": 71000.09256198347,
    "v26": 48347.10743801653
  }
}