{
  "blocks_mined": {
    "v27": 131,
    "v26": 12
  },
  "total_blocks": 143,
  "final_hashrate": {
    "v27": 86.4,
    "v26": 0.0
  },
  "final_economic": {
    "v27": 100.0,
    "v26": 0.0
  },
  "final_prices": {
    "v27": 70813.86666666667,
    "v26": 48533.33333333334
  }
}