{
  "blocks_mined": {
    "v27": 687,
    "v26": 5648
  },
  "total_blocks": 6335,
  "final_hashrate": {
    "v27": 0.0,
    "v26": 86.4
  },
  "final_economic": {
    "v27": 56.73741253525133,
    "v26": 43.26258746474866
  },
  "final_prices": {
    "v27": 55692.1326826494,
    "v26": 63655.067317350615
  }
}