{
  "config": {
    "base_price": 60000,
    "max_divergence": 0.2,
    "coefficients": {
      "chain_weight": 0.3,
      "economic_weight": 0.5,
      "hashrate_weight": 0.2
    }
  },
  "current_prices": {
    "v27": 48008.60215053764,
    "v26": 71913.15784946237
  },
  "timeline": {
    "timestamps": [
      1772277542.5723739,
      1772277603.4088588,
      1772277603.4088674,
      1772277664.2480183,
      1772277664.2480245,
      1772277724.9958591,
      1772277724.9958649,
      1772277785.510955,
      1772277785.5109627,
      1772277845.9997547,
      1772277845.9997625,
      1772277906.3682137,
      1772277906.3682194,
      1772277966.8094518,
      1772277966.809457,
      1772278027.377818,
      1772278027.3778229,
      1772278087.9064002,
      1772278087.9064085,
      1772278148.3710463,
      1772278148.3710513,
      1772278208.4385388,
      1772278208.4385471,
      1772278269.023995,
      1772278269.0240004,
      1772278329.643057,
      1772278329.643063,
      1772278390.123667,
      1772278390.1236727,
      1772278450.5543125,
      1772278450.5543177,
      1772278511.0396113,
      1772278511.039617,
      1772278571.549105,
      1772278571.5491102,
      1772278632.0779703,
      1772278632.0779753,
      1772278692.6750855,
      1772278692.6750922,
      1772278753.1643076,
      1772278753.1643133,
      1772278813.9526331,
      1772278813.9526389,
      1772278874.6837065,
      1772278874.6837118,
      1772278935.0465443,
      1772278935.0465517,
      1772278995.1738977,
      1772278995.1739035,
      1772279055.8289251,
      1772279055.8289306,
      1772279116.5508664,
      1772279116.5508716,
      1772279177.0932999,
      1772279177.0933053,
      1772279237.6866734,
      1772279237.686681,
      1772279297.7866254,
      1772279297.786636
    ],
    "v27_prices": [
      60000,
      48001.0603166592,
      48001.0603166592,
      48001.0603166592,
      48001.0603166592,
      48001.0603166592,
      48001.0603166592,
      48001.0603166592,
      48001.0603166592,
      48001.0603166592,
      48001.0603166592,
      48001.0603166592,
      48001.0603166592,
      48001.0603166592,
      48001.0603166592,
      48001.0603166592,
      48001.0603166592,
      48001.0603166592,
      48001.0603166592,
      48000.0,
      48000.0,
      48000.0,
      48000.0,
      48000.0,
      48000.0,
      48000.0,
      48000.0,
      48000.0,
      48000.0,
      48000.0,
      48000.0,
      48000.0,
      48000.0,
      48000.0,
      48000.0,
      48000.0,
      48000.0,
      48000.0,
      48000.0,
      48000.0,
      48000.0,
      48000.0,
      48000.0,
      48000.0,
      48000.0,
      48000.0,
      48000.0,
      48010.61946902655,
      48010.61946902655,
      48010.0981767181,
      48010.0981767181,
      48009.6256684492,
      48009.6256684492,
      48009.266409266405,
      48009.266409266405,
      48008.91089108911,
      48008.91089108911,
      48008.60215053764,
      48008.60215053764
    ],
    "v26_prices": [
      60000,
      60000,
      71920.69968334082,
      71920.69968334082,
      71920.69968334082,
      71920.69968334082,
      71920.69968334082,
      71920.69968334082,
      71920.69968334082,
      71920.69968334082,
      71920.69968334082,
      71920.69968334082,
      71920.69968334082,
      71920.69968334082,
      71920.69968334082,
      71920.69968334082,
      71920.69968334082,
      71920.69968334082,
      71920.69968334082,
      71920.69968334082,
      71921.76000000001,
      71921.76000000001,
      71921.76000000001,
      71921.76000000001,
      71921.76000000001,
      71921.76000000001,
      71921.76000000001,
      71921.76000000001,
      71921.76000000001,
      71921.76000000001,
      71921.76000000001,
      71921.76000000001,
      71921.76000000001,
      71921.76000000001,
      71921.76000000001,
      71921.76000000001,
      71921.76000000001,
      71921.76000000001,
      71921.76000000001,
      71921.76000000001,
      71921.76000000001,
      71921.76000000001,
      71921.76000000001,
      71921.76000000001,
      71921.76000000001,
      71921.76000000001,
      71921.76000000001,
      71921.76000000001,
      71911.14053097345,
      71911.14053097345,
      71911.66182328192,
      71911.66182328192,
      71912.13433155081,
      71912.13433155081,
      71912.4935907336,
      71912.4935907336,
      71912.8491089109,
      71912.8491089109,
      71913.15784946237
    ]
  },
  "history": [
    {
      "timestamp": 1772277542.5723739,
      "chain_id": "v27",
      "price": 60000,
      "metadata": {
        "initial": true
      }
    },
    {
      "timestamp": 1772277542.5723739,
      "chain_id": "v26",
      "price": 60000,
      "metadata": {
        "initial": true
      }
    },
    {
      "timestamp": 1772277603.4088588,
      "chain_id": "v27",
      "price": 48001.0603166592,
      "metadata": {
        "fork_sustained": true,
        "fork_depth": 24
      }
    },
    {
      "timestamp": 1772277603.4088674,
      "chain_id": "v26",
      "price": 71920.69968334082,
      "metadata": {
        "fork_sustained": true,
        "fork_depth": 24
      }
    },
    {
      "timestamp": 1772277664.2480183,
      "chain_id": "v27",
      "price": 48001.0603166592,
      "metadata": {
        "fork_sustained": true,
        "fork_depth": 56
      }
    },
    {
      "timestamp": 1772277664.2480245,
      "chain_id": "v26",
      "price": 71920.69968334082,
      "metadata": {
        "fork_sustained": true,
        "fork_depth": 56
      }
    },
    {
      "timestamp": 1772277724.9958591,
      "chain_id": "v27",
      "price": 48001.0603166592,
      "metadata": {
        "fork_sustained": true,
        "fork_depth": 88
      }
    },
    {
      "timestamp": 1772277724.9958649,
      "chain_id": "v26",
      "price": 71920.69968334082,
      "metadata": {
        "fork_sustained": true,
        "fork_depth": 88
      }
    },
    {
      "timestamp": 1772277785.510955,
      "chain_id": "v27",
      "price": 48001.0603166592,
      "metadata": {
        "fork_sustained": true,
        "fork_depth": 117
      }
    },
    {
      "timestamp": 1772277785.5109627,
      "chain_id": "v26",
      "price": 71920.69968334082,
      "metadata": {
        "fork_sustained": true,
        "fork_depth": 117
      }
    },
    {
      "timestamp": 1772277845.9997547,
      "chain_id": "v27",
      "price": 48001.0603166592,
      "metadata": {
        "fork_sustained": true,
        "fork_depth": 144
      }
    },
    {
      "timestamp": 1772277845.9997625,
      "chain_id": "v26",
      "price": 71920.69968334082,
      "metadata": {
        "fork_sustained": true,
        "fork_depth": 144
      }
    },
    {
      "timestamp": 1772277906.3682137,
      "chain_id": "v27",
      "price": 48001.0603166592,
      "metadata": {
        "fork_sustained": true,
        "fork_depth": 164
      }
    },
    {
      "timestamp": 1772277906.3682194,
      "chain_id": "v26",
      "price": 71920.69968334082,
      "metadata": {
        "fork_sustained": true,
        "fork_depth": 164
      }
    },
    {
      "timestamp": 1772277966.8094518,
      "chain_id": "v27",
      "price": 48001.0603166592,
      "metadata": {
        "fork_sustained": true,
        "fork_depth": 189
      }
    },
    {
      "timestamp": 1772277966.809457,
      "chain_id": "v26",
      "price": 71920.69968334082,
      "metadata": {
        "fork_sustained": true,
        "fork_depth": 189
      }
    },
    {
      "timestamp": 1772278027.377818,
      "chain_id": "v27",
      "price": 48001.0603166592,
      "metadata": {
        "fork_sustained": true,
        "fork_depth": 221
      }
    },
    {
      "timestamp": 1772278027.3778229,
      "chain_id": "v26",
      "price": 71920.69968334082,
      "metadata": {
        "fork_sustained": true,
        "fork_depth": 221
      }
    },
    {
      "timestamp": 1772278087.9064002,