{
  "blocks_mined": {
    "v27": 69,
    "v26": 57
  },
  "total_blocks": 126,
  "final_hashrate": {
    "v27": 50.5,
    "v26": 35.9
  },
  "final_economic": {
    "v27": 69.96696400795432,
    "v26": 30.033035992045683
  },
  "final_prices": {
    "v27": 62723.650138785844,
    "v26": 56623.54986121415
  }
}