{
  "config": {
    "base_price": 60000,
    "max_divergence": 0.2,
    "coefficients": {
      "chain_weight": 0.3,
      "economic_weight": 0.5,
      "hashrate_weight": 0.2
    }
  },
  "current_prices": {
    "v27": 57359.891516134725,
    "v26": 61987.30848386528
  },
  "timeline": {
    "timestamps": [
      1772912560.8768134,
      1772912622.377468,
      1772912622.3775005,
      1772912682.8104765,
      1772912682.810501,
      1772912742.9466558,
      1772912742.9466786,
      1772912803.4632618,
      1772912803.4632738,
      1772912864.0580585,
      1772912864.0580802,
      1772912924.3290002,
      1772912924.3290188,
      1772912985.0001657,
      1772912985.0002055,
      1772913045.640474,
      1772913045.6405015,
      1772913106.4707875,
      1772913106.4708114,
      1772913167.1392097,
      1772913167.139232,
      1772913228.0973032,
      1772913228.0973122,
      1772913288.2911077,
      1772913288.29113,
      1772913348.437222,
      1772913348.437241,
      1772913409.1662576,
      1772913409.1662667,
      1772913469.3538022,
      1772913469.3538096,
      1772913529.980982,
      1772913529.9810033,
      1772913590.3399398,
      1772913590.339971,
      1772913650.524415,
      1772913650.5244238,
      1772913710.7572427,
      1772913710.7572856,
      1772913771.810859,
      1772913771.8108823,
      1772913831.8600388,
      1772913831.8600595,
      1772913892.0912886,
      1772913892.091313,
      1772913952.2736416,
      1772913952.273663,
      1772914012.7327888,
      1772914012.7327955,
      1772914072.8001666,
      1772914072.8001752,
      1772914132.836526,
      1772914132.8365655,
      1772914193.5867221,
      1772914193.5867524,
      1772914254.4608212,
      1772914254.4608305,
      1772914315.0240004,
      1772914315.024034
    ],
    "v27_prices": [
      60000,
      59337.24721664652,
      59337.24721664652,
      59576.02272685059,
      59576.02272685059,
      59767.68199925522,
      59767.68199925522,
      59811.44076503362,
      59811.44076503362,
      59843.969905722144,
      59843.969905722144,
      59905.3323230295,
      59905.3323230295,
      59917.72058942758,
      59917.72058942758,
      59837.247216646516,
      59837.247216646516,
      59844.23411620984,
      59844.23411620984,
      60482.252664117346,
      60482.252664117346,
      60642.97353243599,
      60642.97353243599,
      60686.34509790222,
      60686.34509790222,
      60726.31660108395,
      60726.31660108395,
      60773.60573994341,
      60773.60573994341,
      60806.50787205056,
      60806.50787205056,
      60858.389548385334,
      60858.389548385334,
      60887.04520126431,
      60887.04520126431,
      60941.44555713986,
      60941.44555713986,
      60964.829143809024,
      60964.829143809024,
      58567.873143922894,
      58567.873143922894,
      58395.01201158528,
      58395.01201158528,
      58238.31721302937,
      58238.31721302937,
      58092.37094987938,
      58092.37094987938,
      57923.59979907994,
      57923.59979907994,
      57782.941167003766,
      57782.941167003766,
      57657.85557082701,
      57657.85557082701,
      57555.535580221826,
      57555.535580221826,
      57440.096142873466,
      57440.096142873466,
      57359.891516134725,
      57359.891516134725
    ],
    "v26_prices": [
      60000,
      60000,
      60009.952783353474,
      60009.952783353474,
      59771.1772731494,
      59771.1772731494,
      59579.518000744785,
      59579.518000744785,
      59535.75923496639,
      59535.75923496639,
      59503.23009427786,
      59503.23009427786,
      59441.867676970505,
      59441.867676970505,
      59429.47941057242,
      59429.47941057242,
      59509.95278335348,
      59509.95278335348,
      59502.96588379016,
      59502.96588379016,
      58864.947335882665,
      58864.947335882665,
      58704.226467564,
      58704.226467564,
      58660.85490209777,
      58660.85490209777,
      58620.88339891604,
      58620.88339891604,
      58573.5942600566,
      58573.5942600566,
      58540.692127949435,
      58540.692127949435,
      58488.81045161468,
      58488.81045161468,
      58460.15479873569,
      58460.15479873569,
      58405.75444286013,
      58405.75444286013,
      58382.37085619097,
      58382.37085619097,
      60779.32685607711,
      60779.32685607711,
      60952.18798841473,
      60952.18798841473,
      61108.882786970644,
      61108.882786970644,
      61254.829050120614,
      61254.829050120614,
      61423.60020092007,
      61423.60020092007,
      61564.25883299624,
      61564.25883299624,
      61689.344429173005,
      61689.344429173005,
      61791.66441977818,
      61791.66441977818,
      61907.10385712654,
      61907.10385712654,
      61987.30848386528
    ]
  },
  "history": [
    {
      "timestamp": 1772912560.8768134,
      "chain_id": "v27",
      "price": 60000,
      "metadata": {
        "initial": true
      }
    },
    {
      "timestamp": 1772912560.8768134,
      "chain_id": "v26",
      "price": 60000,
      "metadata": {
        "initial": true
      }
    },
    {
      "timestamp": 1772912622.377468,
      "chain_id": "v27",
      "price": 59337.24721664652,
      "metadata": {
        "fork_sustained": true,
        "fork_depth": 24
      }
    },
    {
      "timestamp": 1772912622.3775005,
      "chain_id": "v26",
      "price": 60009.952783353474,
      "metadata": {
        "fork_sustained": true,
        "fork_depth": 24
      }
    },
    {
      "timestamp": 1772912682.8104765,
      "chain_id": "v27",
      "price": 59576.02272685059,
      "metadata": {
        "fork_sustained": true,
        "fork_depth": 49
      }
    },
    {
      "timestamp": 1772912682.810501,
      "chain_id": "v26",
      "price": 59771.1772731494,
      "metadata": {
        "fork_sustained": true,
        "fork_depth": 49
      }
    },
    {
      "timestamp": 1772912742.9466558,
      "chain_id": "v27",
      "price": 59767.68199925522,
      "metadata": {
        "fork_sustained": true,
        "fork_depth": 69
      }
    },
    {
      "timestamp": 1772912742.9466786,
      "chain_id": "v26",
      "price": 59579.518000744785,
      "metadata": {
        "fork_sustained": true,
        "fork_depth": 69
      }
    },
    {
      "timestamp": 1772912803.4632618,
      "chain_id": "v27",
      "price": 59811.44076503362,
      "metadata": {
        "fork_sustained": true,
        "fork_depth": 93
      }
    },
    {
      "timestamp": 1772912803.4632738,
      "chain_id": "v26",
      "price": 59535.75923496639,
      "metadata": {
        "fork_sustained": true,
        "fork_depth": 93
      }
    },
    {
      "timestamp": 1772912864.0580585,
      "chain_id": "v27",
      "price": 59843.969905722144,
      "metadata": {
        "fork_sustained": true,
        "fork_depth": 119
      }
    },
    {
      "timestamp": 1772912864.0580802,
      "chain_id": "v26",
      "price": 59503.23009427786,
      "metadata": {
        "fork_sustained": true,
        "fork_depth": 119
      }
    },
    {
      "timestamp": 1772912924.3290002,
      "chain_id": "v27",
      "price": 59905.3323230295,
      "metadata": {
        "fork_sustained": true,
        "fork_depth": 141
      }
    },
    {
      "timestamp": 1772912924.3290188,
      "chain_id": "v26",
      "price": 59441.867676970505,
      "metadata": {
        "fork_sustained": true,
        "fork_depth": 141
      }
    },
    {
      "timestamp": 1772912985.0001657,
      "chain_id": "v27",
      "price": 59917.72058942758,
      "metadata": {
        "fork_sustained": true,
        "fork_depth": 169
      }
    },
    {
      "timestamp": 1772912985.0002055,
      "chain_id": "v26",
      "price": 59429.47941057242,
      "metadata": {
        "fork_sustained": true,
        "fork_depth": 169
      }
    },
    {
      "timestamp": 1772913045.640474,
      "chain_id": "v27",
      "price": 59837.247216646516,