{
  "blocks_mined": {
    "v27": 63,
    "v26": 14
  },
  "total_blocks": 77,
  "final_hashrate": {
    "v27": 98.36999999999999,
    "v26": 0.0
  },
  "final_economic": {
    "v27": 69.99988038297951,
    "v26": 30.000119617020477
  },
  "final_prices": {
    "v27": 66881.74564595755,
    "v26": 53040.01435404246
  }
}