{
  "blocks_mined": {
    "v27": 13,
    "v26": 744
  },
  "total_blocks": 757,
  "final_hashrate": {
    "v27": 0.0,
    "v26": 86.4
  },
  "final_economic": {
    "v27": 70.16741709688209,
    "v26": 29.832582903117906
  },
  "final_prices": {
    "v27": 56525.507328346204,
    "v26": 62821.6926716538
  }
}