{
  "blocks_mined": {
    "v27": 90,
    "v26": 123
  },
  "total_blocks": 213,
  "final_hashrate": {
    "v27": 36.9,
    "v26": 49.5
  },
  "final_economic": {
    "v27": 50.12210820410434,
    "v26": 49.87789179589566
  },
  "final_prices": {
    "v27": 58878.160676800224,
    "v26": 60469.039323199795
  }
}