{
  "blocks_mined": {
    "v27": 1765,
    "v26": 1240
  },
  "total_blocks": 3005,
  "final_hashrate": {
    "v27": 50.5,
    "v26": 35.9
  },
  "final_economic": {
    "v27": 56.737060138721,
    "v26": 43.262939861279
  },
  "final_prices": {
    "v27": 61487.433739557564,
    "v26": 57859.76626044243
  }
}