{
  "blocks_mined": {
    "v27": 926,
    "v26": 4592
  },
  "total_blocks": 5518,
  "final_hashrate": {
    "v27": 0.0,
    "v26": 86.4
  },
  "final_economic": {
    "v27": 56.73741253525133,
    "v26": 43.26258746474866
  },
  "final_prices": {
    "v27": 56217.94731312236,
    "v26": 63129.252686877655
  }
}