{
  "blocks_mined": {
    "v27": 554,
    "v26": 360
  },
  "total_blocks": 914,
  "final_hashrate": {
    "v27": 98.36999999999999,
    "v26": 0.0
  },
  "final_economic": {
    "v27": 99.96376650055159,
    "v26": 0.03623349944840722
  },
  "final_prices": {
    "v27": 69011.58238365363,
    "v26": 50910.177616346366
  }
}