{
  "blocks_mined": {
    "v27": 3202,
    "v26": 1495
  },
  "total_blocks": 4697,
  "final_hashrate": {
    "v27": 86.4,
    "v26": 0.0
  },
  "final_economic": {
    "v27": 56.737060138721,
    "v26": 43.262939861279
  },
  "final_prices": {
    "v27": 63418.45268387033,
    "v26": 55928.74731612967
  }
}