{
  "blocks_mined": {
    "v27": 2008,
    "v26": 1444
  },
  "total_blocks": 3452,
  "final_hashrate": {
    "v27": 50.5,
    "v26": 35.9
  },
  "final_economic": {
    "v27": 56.737060138721,
    "v26": 43.262939861279
  },
  "final_prices": {
    "v27": 61417.51310244446,
    "v26": 57929.68689755553
  }
}