{
  "blocks_mined": {
    "v27": 2,
    "v26": 561
  },
  "total_blocks": 563,
  "final_hashrate": {
    "v27": 0.0,
    "v26": 86.4
  },
  "final_economic": {
    "v27": 76.18100976471541,
    "v26": 23.818990235284577
  },
  "final_prices": {
    "v27": 57141.72117176585,
    "v26": 62205.47882823416
  }
}