{
  "config": {
    "base_price": 60000,
    "max_divergence": 0.2,
    "coefficients": {
      "chain_weight": 0.3,
      "economic_weight": 0.5,
      "hashrate_weight": 0.2
    }
  },
  "current_prices": {
    "v27": 67693.15711589807,
    "v26": 51654.04288410195
  },
  "timeline": {
    "timestamps": [
      1772793333.4765081,
      1772793394.6689615,
      1772793394.668969,
      1772793455.6227248,
      1772793455.6227329,
      1772793516.0246592,
      1772793516.0246654,
      1772793576.1288986,
      1772793576.1289048,
      1772793636.6760528,
      1772793636.676058,
      1772793697.150627,
      1772793697.1506352,
      1772793757.8503065,
      1772793757.850314,
      1772793818.72175,
      1772793818.7217574,
      1772793879.431648,
      1772793879.4316537,
      1772793940.0076067,
      1772793940.0076153,
      1772794000.630926,
      1772794000.630934,
      1772794061.2769716,
      1772794061.2769778,
      1772794122.1744647,
      1772794122.1744711,
      1772794182.7109869,
      1772794182.7109923,
      1772794243.6164505,
      1772794243.616456,
      1772794303.6954172,
      1772794303.695423,
      1772794364.681314,
      1772794364.681323,
      1772794424.8100464,
      1772794424.8100543,
      1772794485.0835755,
      1772794485.0835857,
      1772794545.5275018,
      1772794545.5275097,
      1772794605.8431897,
      1772794605.8431957,
      1772794666.3268073,
      1772794666.326815,
      1772794726.776274,
      1772794726.77628,
      1772794786.9604762,
      1772794786.9604816,
      1772794847.2805007,
      1772794847.2805054,
      1772794907.3744159,
      1772794907.3744237,
      1772794968.3274078,
      1772794968.3274162,
      1772795028.4775887,
      1772795028.4775956,
      1772795088.5074322,
      1772795088.5074382
    ],
    "v27_prices": [
      60000,
      62223.771697206525,
      62223.771697206525,
      62547.77169720652,
      62547.77169720652,
      62712.343125777945,
      62712.343125777945,
      62706.929591943364,
      62706.929591943364,
      62736.99483770238,
      62736.99483770238,
      62796.4989699338,
      62796.4989699338,
      62811.63296888282,
      62811.63296888282,
      62696.04892492929,
      62696.04892492929,
      62785.31015874497,
      62785.31015874497,
      65122.480577515395,
      65122.480577515395,
      65442.17169720652,
      65442.17169720652,
      65723.51241114979,
      65723.51241114979,
      65983.72622622842,
      65983.72622622842,
      66194.25435784586,
      66194.25435784586,
      66351.96647393132,
      66351.96647393132,
      66509.0776283725,
      66509.0776283725,
      66648.85041111533,
      66648.85041111533,
      66790.82346253857,
      66790.82346253857,
      66917.55203320362,
      66917.55203320362,
      67040.78852531144,
      67040.78852531144,
      67144.27655637157,
      67144.27655637157,
      67242.66683494442,
      67242.66683494442,
      67287.10934390187,
      67287.10934390187,
      67374.21681792148,
      67374.21681792148,
      67461.65040395655,
      67461.65040395655,
      67526.84323806046,
      67526.84323806046,
      67579.64019639301,
      67579.64019639301,
      67641.48902624784,
      67641.48902624784,
      67693.15711589807,
      67693.15711589807
    ],
    "v26_prices": [
      60000,
      60000,
      57123.42830279348,
      57123.42830279348,
      56799.42830279349,
      56799.42830279349,
      56634.85687422206,
      56634.85687422206,
      56640.27040805664,
      56640.27040805664,
      56610.205162297614,
      56610.205162297614,
      56550.70103006621,
      56550.70103006621,
      56535.567031117185,
      56535.567031117185,
      56651.15107507072,
      56651.15107507072,
      56561.889841255026,
      56561.889841255026,
      54224.7194224846,
      54224.7194224846,
      53905.028302793486,
      53905.028302793486,
      53623.687588850225,
      53623.687588850225,
      53363.473773771584,
      53363.473773771584,
      53152.94564215414,
      53152.94564215414,
      52995.233526068696,
      52995.233526068696,
      52838.122371627505,
      52838.122371627505,
      52698.34958888468,
      52698.34958888468,
      52556.37653746144,
      52556.37653746144,
      52429.64796679639,
      52429.64796679639,
      52306.41147468857,
      52306.41147468857,
      52202.92344362845,
      52202.92344362845,
      52104.53316505559,
      52104.53316505559,
      52060.09065609814,
      52060.09065609814,
      51972.983182078526,
      51972.983182078526,
      51885.549596043464,
      51885.549596043464,
      51820.35676193954,
      51820.35676193954,
      51767.55980360699,
      51767.55980360699,
      51705.71097375216,
      51705.71097375216,
      51654.04288410195
    ]
  },
  "history": [
    {
      "timestamp": 1772793333.4765081,
      "chain_id": "v27",
      "price": 60000,
      "metadata": {
        "initial": true
      }
    },
    {
      "timestamp": 1772793333.4765081,
      "chain_id": "v26",
      "price": 60000,
      "metadata": {
        "initial": true
      }
    },
    {
      "timestamp": 1772793394.6689615,
      "chain_id": "v27",
      "price": 62223.771697206525,
      "metadata": {
        "fork_sustained": true,
        "fork_depth": 24
      }
    },
    {
      "timestamp": 1772793394.668969,
      "chain_id": "v26",
      "price": 57123.42830279348,
      "metadata": {
        "fork_sustained": true,
        "fork_depth": 24
      }
    },
    {
      "timestamp": 1772793455.6227248,
      "chain_id": "v27",
      "price": 62547.77169720652,
      "metadata": {
        "fork_sustained": true,
        "fork_depth": 50
      }
    },
    {
      "timestamp": 1772793455.6227329,
      "chain_id": "v26",
      "price": 56799.42830279349,
      "metadata": {
        "fork_sustained": true,
        "fork_depth": 50
      }
    },
    {
      "timestamp": 1772793516.0246592,
      "chain_id": "v27",
      "price": 62712.343125777945,
      "metadata": {
        "fork_sustained": true,
        "fork_depth": 70
      }
    },
    {
      "timestamp": 1772793516.0246654,
      "chain_id": "v26",
      "price": 56634.85687422206,
      "metadata": {
        "fork_sustained": true,
        "fork_depth": 70
      }
    },
    {
      "timestamp": 1772793576.1288986,
      "chain_id": "v27",
      "price": 62706.929591943364,
      "metadata": {
        "fork_sustained": true,
        "fork_depth": 95
      }
    },
    {
      "timestamp": 1772793576.1289048,
      "chain_id": "v26",
      "price": 56640.27040805664,
      "metadata": {
        "fork_sustained": true,
        "fork_depth": 95
      }
    },
    {
      "timestamp": 1772793636.6760528,
      "chain_id": "v27",
      "price": 62736.99483770238,
      "metadata": {
        "fork_sustained": true,
        "fork_depth": 121
      }
    },
    {
      "timestamp": 1772793636.676058,
      "chain_id": "v26",
      "price": 56610.205162297614,
      "metadata": {
        "fork_sustained": true,
        "fork_depth": 121
      }
    },
    {
      "timestamp": 1772793697.150627,
      "chain_id": "v27",
      "price": 62796.4989699338,
      "metadata": {
        "fork_sustained": true,
        "fork_depth": 143
      }
    },
    {
      "timestamp": 1772793697.1506352,
      "chain_id": "v26",
      "price": 56550.70103006621,
      "metadata": {
        "fork_sustained": true,
        "fork_depth": 143
      }
    },
    {
      "timestamp": 1772793757.8503065,
      "chain_id": "v27",
      "price": 62811.63296888282,
      "metadata": {
        "fork_sustained": true,
        "fork_depth": 173
      }
    },
    {
      "timestamp": 1772793757.850314,
      "chain_id": "v26",
      "price": 56535.567031117185,
      "metadata": {
        "fork_sustained": true,
        "fork_depth": 173
      }
    },
    {
      "timestamp": 1772793818.72175,
      "chain_id": "v27",
      "price": 62696.04892492929,