{
  "blocks_mined": {
    "v27": 1,
    "v26": 1235
  },
  "total_blocks": 1236,
  "final_hashrate": {
    "v27": 0.0,
    "v26": 98.36999999999999
  },
  "final_economic": {
    "v27": 50.0,
    "v26": 50.0
  },
  "final_prices": {
    "v27": 54006.13331944215,
    "v26": 65915.62668055785
  }
}