{
  "timestamps": [
    0,
    60,
    121,
    182,
    242,
    303,
    363,
    423,
    484,
    544,
    604,
    665,
    726,
    787,
    848,
    908,
    969,
    1030,
    1090,
    1151,
    1211,
    1271,
    1331,
    1392,
    1452,
    1512,
    1573,
    1634,
    1695,
    1756,
    1817,
    1877,
    1938,
    1999,
    2059,
    2120,
    2181,
    2241,
    2302,
    2363,
    2424,
    2484,
    2500
  ],
  "v27_price": [
    60000,
    60000,
    54000.0,
    54000.0,
    54000.0,
    54000.0,
    54000.0,
    54000.0,
    54000.0,
    54000.0,
    54000.0,
    54000.0,
    54000.0,
    54000.0,
    54000.0,
    54000.0,
    54000.0,
    54000.0,
    54000.0,
    54000.0,
    54000.0,
    54000.0,
    54000.0,
    54000.0,
    54000.0,
    54010.68791242187,
    54010.17385559865,
    54009.668946771686,
    54009.30439986422,
    54008.96634312099,
    54008.654431660005,
    54008.32167437439,
    54008.04237517759,
    54007.799305807974,
    54007.579050015185,
    54007.392816383704,
    54007.19666528224,
    54006.97844486023,
    54006.803405964376,
    54006.642738188246,
    54006.44826976756,
    54006.289351619045,
    54006.13331944215
  ],
  "v26_price": [
    60000,
    60000,
    65921.76000000001,
    65921.76000000001,
    65921.76000000001,
    65921.76000000001,
    65921.76000000001,
    65921.76000000001,
    65921.76000000001,
    65921.76000000001,
    65921.76000000001,
    65921.76000000001,
    65921.76000000001,
    65921.76000000001,
    65921.76000000001,
    65921.76000000001,
    65921.76000000001,
    65921.76000000001,
    65921.76000000001,
    65921.76000000001,
    65921.76000000001,
    65921.76000000001,
    65921.76000000001,
    65921.76000000001,
    65921.76000000001,
    65911.07208757814,
    65911.58614440134,
    65912.0910532283,
    65912.4556001358,
    65912.79365687902,
    65913.10556834,
    65913.43832562561,
    65913.71762482241,
    65913.96069419204,
    65914.18094998483,
    65914.3671836163,
    65914.56333471775,
    65914.78155513978,
    65914.95659403563,
    65915.11726181176,
    65915.31173023244,
    65915.47064838096,
    65915.62668055785
  ],
  "v27_hashrate": [
    0.0,
    0.0,
    0.0,
    0.0,
    0.0,
    0.0,
    0.0,
    0.0,
    0.0,
    0.0,
    0.0,
    0.0,
    0.0,
    0.0,
    0.0,
    0.0,
    0.0,
    0.0,
    0.0,
    0.0,
    0.0,
    0.0,
    0.0,
    0.0,
    0.0,
    0.0,
    0.0,
    0.0,
    0.0,
    0.0,
    0.0,
    0.0,
    0.0,
    0.0,
    0.0,
    0.0,
    0.0,
    0.0,
    0.0,
    0.0,
    0.0,
    0.0,
    0.0
  ],
  "v26_hashrate": [
    98.36999999999999,
    98.36999999999999,
    98.36999999999999,
    98.36999999999999,
    98.36999999999999,
    98.36999999999999,
    98.36999999999999,
    98.36999999999999,
    98.36999999999999,
    98.36999999999999,
    98.36999999999999,
    98.36999999999999,
    98.36999999999999,
    98.36999999999999,
    98.36999999999999,
    98.36999999999999,
    98.36999999999999,
    98.36999999999999,
    98.36999999999999,
    98.36999999999999,
    98.36999999999999,
    98.36999999999999,
    98.36999999999999,
    98.36999999999999,
    98.36999999999999,
    98.36999999999999,
    98.36999999999999,
    98.36999999999999,
    98.36999999999999,
    98.36999999999999,
    98.36999999999999,
    98.36999999999999,
    98.36999999999999,
    98.36999999999999,
    98.36999999999999,
    98.36999999999999,
    98.36999999999999,
    98.36999999999999,
    98.36999999999999,
    98.36999999999999,
    98.36999999999999,
    98.36999999999999,
    98.36999999999999
  ],
  "v27_economic": [
    50.0,
    50.0,
    50.0,
    50.0,
    50.0,
    50.0,
    50.0,
    50.0,
    50.0,
    50.0,
    50.0,
    50.0,
    50.0,
    50.0,
    50.0,
    50.0,
    50.0,
    50.0,
    50.0,
    50.0,
    50.0,
    50.0,
    50.0,
    50.0,
    50.0,
    50.0,
    50.0,
    50.0,
    50.0,
    50.0,
    50.0,
    50.0,
    50.0,
    50.0,
    50.0,
    50.0,
    50.0,
    50.0,
    50.0,
    50.0,
    50.0,
    50.0,
    50.0
  ],
  "v26_economic": [
    50.0,
    50.0,
    50.0,
    50.0,
    50.0,
    50.0,
    50.0,
    50.0,
    50.0,
    50.0,
    50.0,
    50.0,
    50.0,
    50.0,
    50.0,
    50.0,
    50.0,
    50.0,
    50.0,
    50.0,
    50.0,
    50.0,
    50.0,
    50.0,
    50.0,
    50.0,
    50.0,
    50.0,
    50.0,
    50.0,
    50.0,
    50.0,
    50.0,
    50.0,
    50.0,
    50.0,
    50.0,
    50.0,
    50.0,
    50.0,
    50.0,
    50.0,
    50.0
  ],
  "v27_blocks": [
    0,
    0,
    0,
    0,
    0,
    0,
    0,
    0,
    0,
    0,
    0,
    0,
    0,
    0,
    0,
    0,
    0,
    0,
    0,
    0,
    0,
    0,
    0,
    0,
    1,
    1,
    1,
    1,
    1,
    1,
    1,
    1,
    1,
    1,
    1,
    1,
    1,
    1,
    1,
    1,
    1,
    1,
    1
  ],
  "v26_blocks": [
    0,
    23,
    52,
    85,
    111,
    142,
    163,
    191,
    223,
    259,
    285,
    315,
    350,
    382,
    413,
    442,
    469,
    499,
    525,
    555,
    589,
    626,
    666,
    690,
    720,
    755,
    793,
    823,
    853,
    881,
    912,
    940,
    966,
    991,
    1014,
    1042,
    1075,
    1103,
    1130,
    1165,
    1196,
    1228,
    1235
  ],
  "v27_difficulty": [
    1.0,
    1.0,
    1.0,
    1.0,
    1.0,
    1.0,
    1.0,
    1.0,
    1.0,
    1.0,
    1.0,
    1.0,
    1.0,
    1.0,
    1.0,
    1.0,
    1.0,
    1.0,
    1.0,
    1.0,
    1.0,
    1.0,
    1.0,
    1.0,
    1.0,
    1.0,
    1.0,
    1.0,
    1.0,
    1.0,
    1.0,
    1.0,
    1.0,
    1.0,
    1.0,
    1.0,
    1.0,
    1.0,
    1.0,
    1.0,
    1.0,
    1.0,
    1.0
  ],
  "v26_difficulty": [
    1.0,
    1.0,
    1.0,
    1.0,
    1.0,
    1.0,
    0.9290322580645162,
    0.9290322580645162,
    0.9290322580645162,
    0.9290322580645162,
    0.9290322580645162,
    0.8889079412710321,
    0.8889079412710321,
    0.8889079412710321,
    0.8889079412710321,
    0.9516932605429637,
    0.9516932605429637,
    0.9516932605429637,
    0.9516932605429637,
    0.9516932605429637,
    0.9016041415670182,
    0.9016041415670182,
    0.9016041415670182,
    0.9016041415670182,
    0.9725168268588061,
    0.9725168268588061,
    0.9725168268588061,
    0.9725168268588061,
    0.9725168268588061,
    1.0731220158441999,
    1.0731220158441999,
    1.0731220158441999,
    1.0731220158441999,
    1.0731220158441999,
    0.9480341735065324,
    0.9480341735065324,
    0.9480341735065324,
    0.9480341735065324,
    0.9480341735065324,
    0.910112806566271,
    0.910112806566271,
    0.910112806566271,
    0.910112806566271
  ],
  "v27_chainwork": [
    0.0,
    0.0,
    0.0,
    0.0,
    0.0,
    0.0,
    0.0,
    0.0,
    0.0,
    0.0,
    0.0,
    0.0,
    0.0,
    0.0,
    0.0,
    0.0,
    0.0,
    0.0,
    0.0,
    0.0,
    0.0,
    0.0,
    0.0,
    0.0,
    1.0,
    1.0,
    1.0,
    1.0,
    1.0,
    1.0,
    1.0,
    1.0,
    1.0,
    1.0,
    1.0,
    1.0,
    1.0,
    1.0,
    1.0,
    1.0,
    1.0,
    1.0,
    1.0
  ],
  "v26_chainwork": [
    0.0,
    23.0,
    52.0,
    85.0,
    111.0,
    142.0,
    161.65161290322595,
    187.66451612903262,
    217.39354838709738,
    250.83870967742024,
    274.99354838709786,
    301.7811595756096,
    332.8929375200961,
    361.3379916407695,
    388.8941378201718,
    415.30032130975144,
    440.99603934441194,
    469.5468371607014,
    494.2908619348189,
    522.8416597511077,
    554.5480720628797,
    587.9074253008573,
    623.9715909635358,
    645.610090361143,
    672.6582146081519,
    706.6963035482116,
    743.651942968848,
    772.8274477746135,
    802.002952580379,
    830.9437119451778,
    864.2104944363482,
    894.257910879986,
    922.1590832919353,
    948.9871336880404,
    972.9184129984314,
    999.4633698566158,
    1030.7484975823331,
    1057.2934544405175,
    1082.8903771251953,
    1115.578595427702,
    1143.7920924312575,
    1172.9157022413792,
    1179.2864918873433
  ],