{
  "blocks_mined": {
    "v27": 200,
    "v26": 18
  },
  "total_blocks": 218,
  "final_hashrate": {
    "v27": 86.4,
    "v26": 0.0
  },
  "final_economic": {
    "v27": 100.0,
    "v26": 0.0
  },
  "final_prices": {
    "v27": 70859.06440677967,
    "v26": 48488.135593220344
  }
}