{
  "blocks_mined": {
    "v27": 120,
    "v26": 235
  },
  "total_blocks": 355,
  "final_hashrate": {
    "v27": 30.0,
    "v26": 56.39999999999999
  },
  "final_economic": {
    "v27": 50.12210820410434,
    "v26": 49.87789179589566
  },
  "final_prices": {
    "v27": 57894.12666870305,
    "v26": 61453.07333129696
  }
}