{
  "blocks_mined": {
    "v27": 75,
    "v26": 87
  },
  "total_blocks": 162,
  "final_hashrate": {
    "v27": 47.0,
    "v26": 47.0
  },
  "final_economic": {
    "v27": 50.0,
    "v26": 50.0
  },
  "final_prices": {
    "v27": 59554.06451612904,
    "v26": 60157.93548387097
  }
}