{
  "blocks_mined": {
    "v27": 26,
    "v26": 430
  },
  "total_blocks": 456,
  "final_hashrate": {
    "v27": 0.0,
    "v26": 86.4
  },
  "final_economic": {
    "v27": 0.0,
    "v26": 100.0
  },
  "final_prices": {
    "v27": 48388.68894601543,
    "v26": 70958.51105398459
  }
}