{
  "blocks_mined": {
    "v27": 246,
    "v26": 6
  },
  "total_blocks": 252,
  "final_hashrate": {
    "v27": 86.4,
    "v26": 0.0
  },
  "final_economic": {
    "v27": 100.0,
    "v26": 0.0
  },
  "final_prices": {
    "v27": 71249.90270270272,
    "v26": 48097.2972972973
  }
}