{
  "blocks_mined": {
    "v27": 194,
    "v26": 5582
  },
  "total_blocks": 5776,
  "final_hashrate": {
    "v27": 0.0,
    "v26": 86.4
  },
  "final_economic": {
    "v27": 56.73664319629601,
    "v26": 43.26335680370397
  },
  "final_prices": {
    "v27": 55081.24210398919,
    "v26": 64265.957896010805
  }
}