{
  "blocks_mined": {
    "v27": 850,
    "v26": 635
  },
  "total_blocks": 1485,
  "final_hashrate": {
    "v27": 50.5,
    "v26": 35.9
  },
  "final_economic": {
    "v27": 56.737060138721,
    "v26": 43.262939861279
  },
  "final_prices": {
    "v27": 61399.81123338292,
    "v26": 57947.38876661708
  }
}