{
  "blocks_mined": {
    "v27": 117,
    "v26": 1882
  },
  "total_blocks": 1999,
  "final_hashrate": {
    "v27": 0.0,
    "v26": 86.4
  },
  "final_economic": {
    "v27": 0.0,
    "v26": 100.0
  },
  "final_prices": {
    "v27": 48501.476364297785,
    "v26": 70845.72363570222
  }
}