{
  "timestamps": [
    0,
    60,
    121,
    182,
    242,
    303,
    364,
    424,
    485,
    545,
    606,
    667,
    728,
    788,
    849,
    910,
    971,
    1031,
    1092,
    1153,
    1214,
    1275,
    1335,
    1395,
    1456,
    1516,
    1577,
    1638,
    1698,
    1759,
    1800
  ],
  "v27_price": [
    60000,
    60000,
    70561.90771345852,
    70597.27613451115,
    70688.10996064953,
    70726.8307903816,
    71703.70677458675,
    71722.31066270093,
    71701.65198006619,
    71692.35994466797,
    71654.00492124267,
    71742.40056939503,
    71758.12363636364,
    71773.52470588236,
    71784.43029972752,
    71793.84121827412,
    71801.18583732059,
    71808.75551569508,
    71815.20608879493,
    71821.1611976048,
    71827.3779775281,
    71831.92042780749,
    71836.62486486486,
    71841.76000000001,
    71844.22153846156,
    71837.42617862372,
    71841.42527196652,
    71845.16425531915,
    71847.91384615385,
    71850.73657213317,
    71853.35144893112
  ],
  "v26_price": [
    60000,
    60000,
    49359.852286541485,
    49324.48386548886,
    49233.65003935048,
    49194.92920961841,
    48218.05322541326,
    48199.449337299084,
    48220.10801993381,
    48229.40005533204,
    48267.75507875734,
    48179.359430604985,
    48163.63636363637,
    48148.23529411765,
    48137.32970027249,
    48127.918781725886,
    48120.57416267943,
    48113.00448430494,
    48106.553911205076,
    48100.598802395216,
    48094.38202247192,
    48089.83957219252,
    48085.13513513514,
    48080.0,
    48077.53846153847,
    48084.33382137628,
    48080.33472803348,
    48076.59574468085,
    48073.846153846156,
    48071.023427866836,
    48068.40855106888
  ],
  "v27_hashrate": [
    96.99999999999999,
    96.99999999999999,
    96.99999999999999,
    96.99999999999999,
    96.99999999999999,
    96.99999999999999,
    96.99999999999999,
    96.99999999999999,
    96.99999999999999,
    96.99999999999999,
    98.36999999999999,
    98.36999999999999,
    98.36999999999999,
    98.36999999999999,
    98.36999999999999,
    98.36999999999999,
    98.36999999999999,
    98.36999999999999,
    98.36999999999999,
    98.36999999999999,
    98.36999999999999,
    98.36999999999999,
    98.36999999999999,
    98.36999999999999,
    98.36999999999999,
    98.36999999999999,
    98.36999999999999,
    98.36999999999999,
    98.36999999999999,
    98.36999999999999,
    98.36999999999999
  ],
  "v26_hashrate": [
    1.37,
    1.37,
    1.37,
    1.37,
    1.37,
    1.37,
    1.37,
    1.37,
    1.37,
    1.37,
    0.0,
    0.0,
    0.0,
    0.0,
    0.0,
    0.0,
    0.0,
    0.0,
    0.0,
    0.0,
    0.0,
    0.0,
    0.0,
    0.0,
    0.0,
    0.0,
    0.0,
    0.0,
    0.0,
    0.0,
    0.0
  ],
  "v27_economic": [
    91.6158976121543,
    91.6158976121543,
    91.6158976121543,
    91.6158976121543,
    91.6158976121543,
    99.96376650055159,
    99.96376650055159,
    99.96376650055159,
    99.96376650055159,
    99.96376650055159,
    100.0,
    100.0,
    100.0,
    100.0,
    100.0,
    100.0,
    100.0,
    100.0,
    100.0,
    100.0,
    100.0,
    100.0,
    100.0,
    100.0,
    100.0,
    100.0,
    100.0,
    100.0,
    100.0,
    100.0,
    100.0
  ],
  "v26_economic": [
    8.384102387845706,
    8.384102387845706,
    8.384102387845706,
    8.384102387845706,
    8.384102387845706,
    0.03623349944840722,
    0.03623349944840722,
    0.03623349944840722,
    0.03623349944840722,
    0.03623349944840722,
    0.0,
    0.0,
    0.0,
    0.0,
    0.0,
    0.0,
    0.0,
    0.0,
    0.0,
    0.0,
    0.0,
    0.0,
    0.0,
    0.0,
    0.0,
    0.0,
    0.0,
    0.0,
    0.0,
    0.0,
    0.0
  ],
  "v27_blocks": [
    0,
    24,
    55,
    87,
    115,
    143,
    164,
    188,
    221,
    248,
    274,
    301,
    333,
    360,
    387,
    411,
    439,
    466,
    494,
    527,
    554,
    585,
    623,
    643,
    675,
    709,
    744,
    772,
    803,
    834,
    856
  ],
  "v26_blocks": [
    0,
    1,
    2,
    2,
    2,
    3,
    3,
    4,
    5,
    7,
    7,
    7,
    7,
    7,
    7,
    7,
    7,
    7,
    7,
    7,
    7,
    7,
    7,
    7,
    8,
    8,
    8,
    8,
    8,
    8,
    8
  ],
  "v27_difficulty": [
    1.0,
    1.0,
    1.0,
    1.0,
    1.0,
    1.0,
    1.0,
    1.0,
    1.0,
    1.0,
    1.0,
    1.0,
    1.0,
    1.0,
    1.0,
    1.0,
    1.0,
    1.0,
    1.0,
    1.0,
    1.0,
    1.0,
    1.0,
    1.0,
    1.0,
    1.0,
    1.0,
    1.0,
    1.0,
    1.0,
    1.0
  ],
  "v26_difficulty": [
    1.0,
    1.0,
    1.0,
    1.0,
    1.0,
    1.0,
    1.0,
    1.0,
    1.0,
    1.0,
    1.0,
    1.0,
    1.0,
    1.0,
    1.0,
    1.0,
    1.0,
    1.0,
    1.0,
    1.0,
    1.0,
    1.0,
    1.0,
    1.0,
    1.0,
    1.0,
    1.0,
    1.0,
    1.0,
    1.0,
    1.0
  ],
  "v27_chainwork": [
    0.0,
    24.0,
    55.0,
    87.0,
    115.0,
    143.0,
    164.0,
    188.0,
    221.0,
    248.0,
    274.0,
    301.0,
    333.0,
    360.0,
    387.0,
    411.0,
    439.0,
    466.0,
    494.0,
    527.0,
    554.0,
    585.0,
    623.0,
    643.0,
    675.0,
    709.0,
    744.0,
    772.0,
    803.0,
    834.0,
    856.0
  ],
  "v26_chainwork": [
    0.0,
    1.0,
    2.0,
    2.0,
    2.0,
    3.0,
    3.0,
    4.0,
    5.0,
    7.0,
    7.0,
    7.0,
    7.0,
    7.0,
    7.0,
    7.0,
    7.0,
    7.0,
    7.0,
    7.0,
    7.0,
    7.0,
    7.0,
    7.0,
    8.0,
    8.0,
    8.0,
    8.0,
    8.0,
    8.0,
    8.0
  ],
  "v27_fee_rate": [
    1.0,
    1.0,
    0.006417986277960006,
    0.006417986277960006,
    0.006417986277960006,
    0.006417986277960006,
    0.006871963012469621,
    0.006871963012469621,
    0.006871963012469621,
    0.006871963012469621,
    0.006871963012469621,
    0.006777133950052523,
    0.006777133950052523,
    0.006777133950052523,
    0.006777133950052523,
    0.006777133950052523,
    0.006777133950052523,
    0.006777133950052523,
    0.006777133950052523,
    0.006777133950052523,
    0.006777133950052523,
    0.006777133950052523,
    0.006777133950052523,
    0.006777133950052523,
    0.006777133950052523,
    0.006777133950052523,
    0.006777133950052523,
    0.006777133950052523,
    0.006777133950052523,
    0.006777133950052523,
    0.006777133950052523
  ],
  "v26_fee_rate": [
    1.0,
    1.0,
    0.032205837740544585,
    0.032205837740544585,
    0.032205837740544585,
    0.032205837740544585,
    6.29594577469676e-05,
    6.29594577469676e-05,
    6.29594577469676e-05,
    6.29594577469676e-05,
    6.29594577469676e-05,
    0.0,
    0.0,
    0.0,
    0.0,
    0.0,
    0.0,
    0.0,
    0.0,
    0.0,
    0.0,
    0.0,
    0.0,
    0.0,
    0.0,
    0.0,
    0.0,
    0.0,
    0.0,
    0.0,
    0.0
  ],
  "v27_fee_revenue_btc": [
    0.01,
    0.01,
    6.417986277960007e-05,
    6.417986277960007e-05,
    6.417986277960007e-05,
    6.417986277960007e-05,
    6.87196301246962e-05,
    6.87196301246962e-05,
    6.87196301246962e-05,
    6.87196301246962e-05,
    6.87196301246962e-05,
    6.777133950052523e-05,
    6.777133950052523e-05,
    6.777133950052523e-05,
    6.777133950052523e-05,
    6.777133950052523e-05,
    6.777133950052523e-05,
    6.777133950052523e-05,
    6.777133950052523e-05,
    6.777133950052523e-05,
    6.777133950052523e-05,
    6.777133950052523e-05,
    6.777133950052523e-05,
    6.777133950052523e-05,
    6.777133950052523e-05,
    6.777133950052523e-05,
    6.777133950052523e-05,
    6.777133950052523e-05,
    6.777133950052523e-05,
    6.777133950052523e-05,
    6.777133950052523e-05
  ],