{
  "config": {
    "base_price": 60000,
    "max_divergence": 0.2,
    "coefficients": {
      "chain_weight": 0.3,
      "economic_weight": 0.5,
      "hashrate_weight": 0.2
    }
  },
  "current_prices": {
    "v27": 67139.01583160991,
    "v26": 52208.1841683901
  },
  "timeline": {
    "timestamps": [
      1772905697.490583,
      1772905758.5915823,
      1772905758.59159,
      1772905819.5655675,
      1772905819.5655756,
      1772905879.9511561,
      1772905879.951164,
      1772905940.031785,
      1772905940.0317907,
      1772906000.5646164,
      1772906000.564624,
      1772906061.0222704,
      1772906061.022278,
      1772906121.6583009,
      1772906121.6583066,
      1772906182.4990509,
      1772906182.4990563,
      1772906243.1840508,
      1772906243.184056,
      1772906303.731195,
      1772906303.7312028,
      1772906364.3511174,
      1772906364.3511245,
      1772906424.93186,
      1772906424.931866,
      1772906485.8016734,
      1772906485.8016794,
      1772906546.3184423,
      1772906546.3184483,
      1772906607.1630294,
      1772906607.1630352,
      1772906668.1459796,
      1772906668.145987,
      1772906728.1933367,
      1772906728.1933446,
      1772906788.373933,
      1772906788.373941,
      1772906848.556528,
      1772906848.5565333,
      1772906908.8191445,
      1772906908.8191504,
      1772906969.110828,
      1772906969.1108332,
      1772907029.5027905,
      1772907029.5027957,
      1772907090.0160794,
      1772907090.0160866,
      1772907150.1328568,
      1772907150.1328652,
      1772907210.4063962,
      1772907210.4064038,
      1772907270.4727278,
      1772907270.4727335,
      1772907331.458439,
      1772907331.4584448,
      1772907391.471175,
      1772907391.4711819,
      1772907452.4120955,
      1772907452.4121032
    ],
    "v27_prices": [
      60000,
      61670.52117176585,
      61670.52117176585,
      61994.52117176586,
      61994.52117176586,
      62159.09260033729,
      62159.09260033729,
      62153.67906650269,
      62153.67906650269,
      62183.744312261726,
      62183.744312261726,
      62243.248444493125,
      62243.248444493125,
      62258.38244344216,
      62258.38244344216,
      62142.79839948863,
      62142.79839948863,
      62232.059633304314,
      62232.059633304314,
      64569.23005207473,
      64569.23005207473,
      64888.92117176585,
      64888.92117176585,
      65170.26188570911,
      65170.26188570911,
      65430.47570078776,
      65430.47570078776,
      65641.55262938362,
      65641.55262938362,
      65800.22529244765,
      65800.22529244765,
      65963.47574907947,
      65963.47574907947,
      66098.60042646945,
      66098.60042646945,
      66241.14045395228,
      66241.14045395228,
      66368.13533281254,
      66368.13533281254,
      66491.35431353218,
      66491.35431353218,
      66594.80805749154,
      66594.80805749154,
      66693.14930527419,
      66693.14930527419,
      66737.57165633634,
      66737.57165633634,
      66824.9321606177,
      66824.9321606177,
      66912.57374072718,
      66912.57374072718,
      66977.89170075122,
      66977.89170075122,
      67030.77124779146,
      67030.77124779146,
      67088.10022535505,
      67088.10022535505,
      67139.01583160991,
      67139.01583160991
    ],
    "v26_prices": [
      60000,
      60000,
      57676.67882823415,
      57676.67882823415,
      57352.67882823415,
      57352.67882823415,
      57188.107399662724,
      57188.107399662724,
      57193.52093349731,
      57193.52093349731,
      57163.455687738286,
      57163.455687738286,
      57103.95155550688,
      57103.95155550688,
      57088.81755655785,
      57088.81755655785,
      57204.40160051138,
      57204.40160051138,
      57115.14036669569,
      57115.14036669569,
      54777.969947925274,
      54777.969947925274,
      54458.27882823415,
      54458.27882823415,
      54176.9381142909,
      54176.9381142909,
      53916.72429921225,
      53916.72429921225,
      53705.6473706164,
      53705.6473706164,
      53546.97470755236,
      53546.97470755236,
      53383.72425092054,
      53383.72425092054,
      53248.59957353056,
      53248.59957353056,
      53106.059546047734,
      53106.059546047734,
      52979.06466718747,
      52979.06466718747,
      52855.84568646784,
      52855.84568646784,
      52752.391942508475,
      52752.391942508475,
      52654.050694725825,
      52654.050694725825,
      52609.62834366366,
      52609.62834366366,
      52522.267839382315,
      52522.267839382315,
      52434.62625927283,
      52434.62625927283,
      52369.30829924879,
      52369.30829924879,
      52316.42875220855,
      52316.42875220855,
      52259.09977464496,
      52259.09977464496,
      52208.1841683901
    ]
  },
  "history": [
    {
      "timestamp": 1772905697.490583,
      "chain_id": "v27",
      "price": 60000,
      "metadata": {
        "initial": true
      }
    },
    {
      "timestamp": 1772905697.490583,
      "chain_id": "v26",
      "price": 60000,
      "metadata": {
        "initial": true
      }
    },
    {
      "timestamp": 1772905758.5915823,
      "chain_id": "v27",
      "price": 61670.52117176585,
      "metadata": {
        "fork_sustained": true,
        "fork_depth": 24
      }
    },
    {
      "timestamp": 1772905758.59159,
      "chain_id": "v26",
      "price": 57676.67882823415,
      "metadata": {
        "fork_sustained": true,
        "fork_depth": 24
      }
    },
    {
      "timestamp": 1772905819.5655675,
      "chain_id": "v27",
      "price": 61994.52117176586,
      "metadata": {
        "fork_sustained": true,
        "fork_depth": 50
      }
    },
    {
      "timestamp": 1772905819.5655756,
      "chain_id": "v26",
      "price": 57352.67882823415,
      "metadata": {
        "fork_sustained": true,
        "fork_depth": 50
      }
    },
    {
      "timestamp": 1772905879.9511561,
      "chain_id": "v27",
      "price": 62159.09260033729,
      "metadata": {
        "fork_sustained": true,
        "fork_depth": 70
      }
    },
    {
      "timestamp": 1772905879.951164,
      "chain_id": "v26",
      "price": 57188.107399662724,
      "metadata": {
        "fork_sustained": true,
        "fork_depth": 70
      }
    },
    {
      "timestamp": 1772905940.031785,
      "chain_id": "v27",
      "price": 62153.67906650269,
      "metadata": {
        "fork_sustained": true,
        "fork_depth": 95
      }
    },
    {
      "timestamp": 1772905940.0317907,
      "chain_id": "v26",
      "price": 57193.52093349731,
      "metadata": {
        "fork_sustained": true,
        "fork_depth": 95
      }
    },
    {
      "timestamp": 1772906000.5646164,
      "chain_id": "v27",
      "price": 62183.744312261726,
      "metadata": {
        "fork_sustained": true,
        "fork_depth": 121
      }
    },
    {
      "timestamp": 1772906000.564624,
      "chain_id": "v26",
      "price": 57163.455687738286,
      "metadata": {
        "fork_sustained": true,
        "fork_depth": 121
      }
    },
    {
      "timestamp": 1772906061.0222704,
      "chain_id": "v27",
      "price": 62243.248444493125,
      "metadata": {
        "fork_sustained": true,
        "fork_depth": 143
      }
    },
    {
      "timestamp": 1772906061.022278,
      "chain_id": "v26",
      "price": 57103.95155550688,
      "metadata": {
        "fork_sustained": true,
        "fork_depth": 143
      }
    },
    {
      "timestamp": 1772906121.6583009,
      "chain_id": "v27",
      "price": 62258.38244344216,
      "metadata": {
        "fork_sustained": true,
        "fork_depth": 173
      }
    },
    {
      "timestamp": 1772906121.6583066,
      "chain_id": "v26",
      "price": 57088.81755655785,
      "metadata": {
        "fork_sustained": true,
        "fork_depth": 173
      }
    },
    {
      "timestamp": 1772906182.4990509,
      "chain_id": "v27",
      "price": 62142.79839948863,