{
  "blocks_mined": {
    "v27": 33,
    "v26": 597
  },
  "total_blocks": 630,
  "final_hashrate": {
    "v27": 0.0,
    "v26": 86.4
  },
  "final_economic": {
    "v27": 0.0,
    "v26": 100.0
  },
  "final_prices": {
    "v27": 48414.65968586388,
    "v26": 70932.54031413613
  }
}