{
  "blocks_mined": {
    "v27": 99,
    "v26": 217
  },
  "total_blocks": 316,
  "final_hashrate": {
    "v27": 30.0,
    "v26": 56.39999999999999
  },
  "final_economic": {
    "v27": 50.12210820410434,
    "v26": 49.87789179589566
  },
  "final_prices": {
    "v27": 57672.25298449252,
    "v26": 61674.94701550748
  }
}