{
  "blocks_mined": {
    "v27": 4533,
    "v26": 1531
  },
  "total_blocks": 6064,
  "final_hashrate": {
    "v27": 86.4,
    "v26": 0.0
  },
  "final_economic": {
    "v27": 56.73741253525133,
    "v26": 43.26258746474866
  },
  "final_prices": {
    "v27": 63834.833670089516,
    "v26": 55512.366329910496
  }
}