{
  "blocks_mined": {
    "v27": 12,
    "v26": 627
  },
  "total_blocks": 639,
  "final_hashrate": {
    "v27": 0.0,
    "v26": 86.4
  },
  "final_economic": {
    "v27": 70.16741709688209,
    "v26": 29.832582903117906
  },
  "final_prices": {
    "v27": 56543.801391832036,
    "v26": 62803.39860816797
  }
}