{
  "blocks_mined": {
    "v27": 335,
    "v26": 11
  },
  "total_blocks": 346,
  "final_hashrate": {
    "v27": 86.4,
    "v26": 0.0
  },
  "final_economic": {
    "v27": 100.0,
    "v26": 0.0
  },
  "final_prices": {
    "v27": 71253.38892508144,
    "v26": 48093.811074918565
  }
}