{
  "blocks_mined": {
    "v27": 108,
    "v26": 299
  },
  "total_blocks": 407,
  "final_hashrate": {
    "v27": 26.89,
    "v26": 71.47999999999999
  },
  "final_economic": {
    "v27": 55.003229654033994,
    "v26": 44.99677034596602
  },
  "final_prices": {
    "v27": 58079.686153620576,
    "v26": 61842.07384637943
  }
}