{
  "blocks_mined": {
    "v27": 2053,
    "v26": 224
  },
  "total_blocks": 2277,
  "final_hashrate": {
    "v27": 86.4,
    "v26": 0.0
  },
  "final_economic": {
    "v27": 100.0,
    "v26": 0.0
  },
  "final_prices": {
    "v27": 70622.34606741574,
    "v26": 48724.85393258427
  }
}