{
  "blocks_mined": {
    "v27": 12,
    "v26": 701
  },
  "total_blocks": 713,
  "final_hashrate": {
    "v27": 0.0,
    "v26": 86.4
  },
  "final_economic": {
    "v27": 76.18100976471541,
    "v26": 23.818990235284577
  },
  "final_prices": {
    "v27": 57239.75445467055,
    "v26": 62107.44554532946
  }
}