{
  "blocks_mined": {
    "v27": 466,
    "v26": 898
  },
  "total_blocks": 1364,
  "final_hashrate": {
    "v27": 30.0,
    "v26": 56.39999999999999
  },
  "final_economic": {
    "v27": 56.737060138721,
    "v26": 43.262939861279
  },
  "final_prices": {
    "v27": 58714.05086129344,
    "v26": 60633.14913870656
  }
}