{
  "blocks_mined": {
    "v27": 119,
    "v26": 5197
  },
  "total_blocks": 5316,
  "final_hashrate": {
    "v27": 0.0,
    "v26": 86.4
  },
  "final_economic": {
    "v27": 56.73664319629601,
    "v26": 43.26335680370397
  },
  "final_prices": {
    "v27": 55017.34019387264,
    "v26": 64329.85980612737
  }
}