{
  "config": {
    "base_price": 60000,
    "max_divergence": 0.2,
    "coefficients": {
      "chain_weight": 0.3,
      "economic_weight": 0.5,
      "hashrate_weight": 0.2
    }
  },
  "current_prices": {
    "v27": 65185.543923078854,
    "v26": 54736.216076921155
  },
  "timeline": {
    "timestamps": [
      1772256444.6528885,
      1772256505.2871706,
      1772256505.2871788,
      1772256565.3926647,
      1772256565.3926713,
      1772256625.8542032,
      1772256625.8542109,
      1772256686.5319536,
      1772256686.531959,
      1772256747.074507,
      1772256747.0745153,
      1772256807.616792,
      1772256807.6167998,
      1772256868.0421052,
      1772256868.0421145,
      1772256928.72708,
      1772256928.7270875,
      1772256989.6462183,
      1772256989.646226,
      1772257049.8590763,
      1772257049.8590844,
      1772257110.4853623,
      1772257110.4853673,
      1772257170.687535,
      1772257170.6875405,
      1772257230.7500992,
      1772257230.7501066,
      1772257291.4352381,
      1772257291.4352527,
      1772257352.05788,
      1772257352.0578852,
      1772257412.6940274,
      1772257412.694033,
      1772257473.4270298,
      1772257473.4270358,
      1772257534.204956,
      1772257534.2049613,
      1772257595.0516462,
      1772257595.0516536,
      1772257655.7390697,
      1772257655.7390778,
      1772257716.628328,
      1772257716.6283362,
      1772257777.5749042,
      1772257777.5749097,
      1772257838.0968127,
      1772257838.0968182,
      1772257899.0145917,
      1772257899.014598,
      1772257959.0862246,
      1772257959.0862331,
      1772258019.9860835,
      1772258019.9860919,
      1772258080.8113256,
      1772258080.811333,
      1772258141.7873344,
      1772258141.7873433,
      1772258202.3700511,
      1772258202.3700597
    ],
    "v27_prices": [
      60000,
      62716.09298449253,
      62716.09298449253,
      62873.98772133464,
      62873.98772133464,
      62320.97103327302,
      62320.97103327302,
      62558.19824765043,
      62558.19824765043,
      62561.80727020681,
      62561.80727020681,
      62683.36571176525,
      62683.36571176525,
      62574.916513904296,
      62574.916513904296,
      62472.02518788236,
      62472.02518788236,
      62348.06324471558,
      62348.06324471558,
      63807.50933000748,
      63807.50933000748,
      63988.69261975089,
      63988.69261975089,
      64156.41298449252,
      64156.41298449252,
      64271.99740007693,
      64271.99740007693,
      64381.07317866728,
      64381.07317866728,
      64470.05142842845,
      64470.05142842845,
      64552.39570587482,
      64552.39570587482,
      64631.32133479803,
      64631.32133479803,
      64708.826777595976,
      64708.826777595976,
      64781.818389897926,
      64781.818389897926,
      64835.38205665748,
      64835.38205665748,
      64891.0622503979,
      64891.0622503979,
      64949.04780729683,
      64949.04780729683,
      64977.13154736678,
      64977.13154736678,
      65012.01926124002,
      65012.01926124002,
      65059.55236202974,
      65059.55236202974,
      65098.120617092776,
      65098.120617092776,
      65128.432934617216,
      65128.432934617216,
      65158.50182002674,
      65158.50182002674,
      65185.543923078854,
      65185.543923078854
    ],
    "v26_prices": [
      60000,
      60000,
      57205.66701550749,
      57205.66701550749,
      57047.772278665376,
      57047.772278665376,
      57600.788966727,
      57600.788966727,
      57363.56175234959,
      57363.56175234959,
      57359.95272979319,
      57359.95272979319,
      57238.394288234755,
      57238.394288234755,
      57346.84348609572,
      57346.84348609572,
      57449.734812117655,
      57449.734812117655,
      57573.696755284436,
      57573.696755284436,
      56114.25066999253,
      56114.25066999253,
      55933.06738024912,
      55933.06738024912,
      55765.34701550748,
      55765.34701550748,
      55649.762599923066,
      55649.762599923066,
      55540.686821332725,
      55540.686821332725,
      55451.70857157156,
      55451.70857157156,
      55369.36429412519,
      55369.36429412519,
      55290.43866520198,
      55290.43866520198,
      55212.93322240403,
      55212.93322240403,
      55139.941610102076,
      55139.941610102076,
      55086.37794334253,
      55086.37794334253,
      55030.697749602106,
      55030.697749602106,
      54972.71219270317,
      54972.71219270317,
      54944.62845263323,
      54944.62845263323,
      54909.74073875998,
      54909.74073875998,
      54862.20763797027,
      54862.20763797027,
      54823.639382907226,
      54823.639382907226,
      54793.32706538279,
      54793.32706538279,
      54763.25817997327,
      54763.25817997327,
      54736.216076921155
    ]
  },
  "history": [
    {
      "timestamp": 1772256444.6528885,
      "chain_id": "v27",
      "price": 60000,
      "metadata": {
        "initial": true
      }
    },
    {
      "timestamp": 1772256444.6528885,
      "chain_id": "v26",
      "price": 60000,
      "metadata": {
        "initial": true
      }
    },
    {
      "timestamp": 1772256505.2871706,
      "chain_id": "v27",
      "price": 62716.09298449253,
      "metadata": {
        "fork_sustained": true,
        "fork_depth": 24
      }
    },
    {
      "timestamp": 1772256505.2871788,
      "chain_id": "v26",
      "price": 57205.66701550749,
      "metadata": {
        "fork_sustained": true,
        "fork_depth": 24
      }
    },
    {
      "timestamp": 1772256565.3926647,
      "chain_id": "v27",
      "price": 62873.98772133464,
      "metadata": {
        "fork_sustained": true,
        "fork_depth": 57
      }
    },
    {
      "timestamp": 1772256565.3926713,
      "chain_id": "v26",
      "price": 57047.772278665376,
      "metadata": {
        "fork_sustained": true,
        "fork_depth": 57
      }
    },
    {
      "timestamp": 1772256625.8542032,
      "chain_id": "v27",
      "price": 62320.97103327302,
      "metadata": {
        "fork_sustained": true,
        "fork_depth": 82
      }
    },
    {
      "timestamp": 1772256625.8542109,
      "chain_id": "v26",
      "price": 57600.788966727,
      "metadata": {
        "fork_sustained": true,
        "fork_depth": 82
      }
    },
    {
      "timestamp": 1772256686.5319536,
      "chain_id": "v27",
      "price": 62558.19824765043,
      "metadata": {
        "fork_sustained": true,
        "fork_depth": 114
      }
    },
    {
      "timestamp": 1772256686.531959,
      "chain_id": "v26",
      "price": 57363.56175234959,
      "metadata": {
        "fork_sustained": true,
        "fork_depth": 114
      }
    },
    {
      "timestamp": 1772256747.074507,
      "chain_id": "v27",
      "price": 62561.80727020681,
      "metadata": {
        "fork_sustained": true,
        "fork_depth": 140
      }
    },
    {
      "timestamp": 1772256747.0745153,
      "chain_id": "v26",
      "price": 57359.95272979319,
      "metadata": {
        "fork_sustained": true,
        "fork_depth": 140
      }
    },
    {
      "timestamp": 1772256807.616792,
      "chain_id": "v27",
      "price": 62683.36571176525,
      "metadata": {
        "fork_sustained": true,
        "fork_depth": 165
      }
    },
    {
      "timestamp": 1772256807.6167998,
      "chain_id": "v26",
      "price": 57238.394288234755,
      "metadata": {
        "fork_sustained": true,
        "fork_depth": 165
      }
    },
    {
      "timestamp": 1772256868.0421052,
      "chain_id": "v27",
      "price": 62574.916513904296,
      "metadata": {
        "fork_sustained": true,
        "fork_depth": 204
      }
    },
    {
      "timestamp": 1772256868.0421145,
      "chain_id": "v26",
      "price": 57346.84348609572,
      "metadata": {
        "fork_sustained": true,
        "fork_depth": 204
      }
    },
    {
      "timestamp": 1772256928.72708,
      "chain_id": "v27",
      "price": 62472.02518788236,