{
  "blocks_mined": {
    "v27": 21,
    "v26": 5156
  },
  "total_blocks": 5177,
  "final_hashrate": {
    "v27": 0.0,
    "v26": 86.4
  },
  "final_economic": {
    "v27": 0.0,
    "v26": 100.0
  },
  "final_prices": {
    "v27": 48035.36910174718,
    "v26": 71311.83089825283
  }
}