{
  "blocks_mined": {
    "v27": 9,
    "v26": 1556
  },
  "total_blocks": 1565,
  "final_hashrate": {
    "v27": 0.0,
    "v26": 86.4
  },
  "final_economic": {
    "v27": 62.148876597346025,
    "v26": 37.85112340265398
  },
  "final_prices": {
    "v27": 55500.496770628895,
    "v26": 63846.70322937111
  }
}