{
  "blocks_mined": {
    "v27": 6174,
    "v26": 666
  },
  "total_blocks": 6840,
  "final_hashrate": {
    "v27": 86.4,
    "v26": 0.0
  },
  "final_economic": {
    "v27": 100.0,
    "v26": 0.0
  },
  "final_prices": {
    "v27": 70817.37328114038,
    "v26": 48529.826718859644
  }
}