{
  "blocks_mined": {
    "v27": 7,
    "v26": 741
  },
  "total_blocks": 748,
  "final_hashrate": {
    "v27": 0.0,
    "v26": 86.4
  },
  "final_economic": {
    "v27": 62.148876597346025,
    "v26": 37.85112340265398
  },
  "final_prices": {
    "v27": 55530.697561623725,
    "v26": 63816.50243837629
  }
}