{
  "blocks_mined": {
    "v27": 3,
    "v26": 653
  },
  "total_blocks": 656,
  "final_hashrate": {
    "v27": 0.0,
    "v26": 86.4
  },
  "final_economic": {
    "v27": 0.0,
    "v26": 100.0
  },
  "final_prices": {
    "v27": 48036.06010016695,
    "v26": 71311.13989983307
  }
}