{
  "blocks_mined": {
    "v27": 167,
    "v26": 18
  },
  "total_blocks": 185,
  "final_hashrate": {
    "v27": 86.4,
    "v26": 0.0
  },
  "final_economic": {
    "v27": 100.0,
    "v26": 0.0
  },
  "final_prices": {
    "v27": 70642.3048951049,
    "v26": 48704.89510489511
  }
}