{
  "config": {
    "base_price": 60000,
    "max_divergence": 0.2,
    "coefficients": {
      "chain_weight": 0.3,
      "economic_weight": 0.5,
      "hashrate_weight": 0.2
    }
  },
  "current_prices": {
    "v27": 52304.92979424838,
    "v26": 67616.83020575163
  },
  "timeline": {
    "timestamps": [
      1772153650.9538007,
      1772153711.8003225,
      1772153711.80033,
      1772153772.4279814,
      1772153772.4279885,
      1772153833.0086327,
      1772153833.0086384,
      1772153893.1370132,
      1772153893.1370215,
      1772153953.6889694,
      1772153953.688978,
      1772154014.1794379,
      1772154014.179446,
      1772154074.9938803,
      1772154074.9938862,
      1772154135.627889,
      1772154135.6278942,
      1772154196.286123,
      1772154196.2861285,
      1772154256.410537,
      1772154256.410545,
      1772154316.933838,
      1772154316.9338436,
      1772154377.5293334,
      1772154377.529339,
      1772154437.9702635,
      1772154437.9702692,
      1772154498.5591524,
      1772154498.5591576,
      1772154559.006479,
      1772154559.006484,
      1772154619.4673314,
      1772154619.467339,
      1772154680.0013814,
      1772154680.0013866,
      1772154740.5452077,
      1772154740.5452135,
      1772154801.1206377,
      1772154801.1206431,
      1772154861.6383097,
      1772154861.6383178,
      1772154922.1732075,
      1772154922.173215,
      1772154982.8266287,
      1772154982.8266342,
      1772155043.2134924,
      1772155043.213501,
      1772155103.75449,
      1772155103.7544951,
      1772155164.4398496,
      1772155164.4398565,
      1772155225.09408,
      1772155225.0940852,
      1772155285.862711,
      1772155285.8627164,
      1772155346.4333184,
      1772155346.4333236,
      1772155406.5247037,
      1772155406.5247095
    ],
    "v27_prices": [
      60000,
      54627.935917359195,
      54627.935917359195,
      54513.72902080746,
      54513.72902080746,
      54932.877093829775,
      54932.877093829775,
      54731.51486472761,
      54731.51486472761,
      54712.5233299466,
      54712.5233299466,
      54636.40650559448,
      54636.40650559448,
      54760.222998698904,
      54760.222998698904,
      54811.969112379935,
      54811.969112379935,
      54870.73883706722,
      54870.73883706722,
      53561.096777170584,
      53561.096777170584,
      53392.03619771493,
      53392.03619771493,
      53236.4934753594,
      53236.4934753594,
      53132.64539661837,
      53132.64539661837,
      53037.820672470334,
      53037.820672470334,
      52957.1397993456,
      52957.1397993456,
      52885.07867762308,
      52885.07867762308,
      52810.57008762153,
      52810.57008762153,
      52739.97378251818,
      52739.97378251818,
      52675.29845784286,
      52675.29845784286,
      52622.756619375716,
      52622.756619375716,
      52573.5837105546,
      52573.5837105546,
      52520.52201291374,
      52520.52201291374,
      52502.83015691302,
      52502.83015691302,
      52463.60114525446,
      52463.60114525446,
      52419.96768123691,
      52419.96768123691,
      52383.54021608461,
      52383.54021608461,
      52355.74521751088,
      52355.74521751088,
      52328.1556007,
      52328.1556007,
      52304.92979424838,
      52304.92979424838
    ],
    "v26_prices": [
      60000,
      60000,
      65293.824082640815,
      65293.824082640815,
      65408.03097919253,
      65408.03097919253,
      64988.88290617023,
      64988.88290617023,
      65190.24513527239,
      65190.24513527239,
      65209.236670053404,
      65209.236670053404,
      65285.35349440552,
      65285.35349440552,
      65161.537001301105,
      65161.537001301105,
      65109.79088762007,
      65109.79088762007,
      65051.021162932775,
      65051.021162932775,
      66360.66322282942,
      66360.66322282942,
      66529.7238022851,
      66529.7238022851,
      66685.2665246406,
      66685.2665246406,
      66789.11460338165,
      66789.11460338165,
      66883.93932752968,
      66883.93932752968,
      66964.62020065442,
      66964.62020065442,
      67036.68132237693,
      67036.68132237693,
      67111.18991237847,
      67111.18991237847,
      67181.78621748183,
      67181.78621748183,
      67246.46154215715,
      67246.46154215715,
      67299.00338062429,
      67299.00338062429,
      67348.1762894454,
      67348.1762894454,
      67401.23798708626,
      67401.23798708626,
      67418.929843087,
      67418.929843087,
      67458.15885474555,
      67458.15885474555,
      67501.7923187631,
      67501.7923187631,
      67538.2197839154,
      67538.2197839154,
      67566.01478248913,
      67566.01478248913,
      67593.6043993,
      67593.6043993,
      67616.83020575163
    ]
  },
  "history": [
    {
      "timestamp": 1772153650.9538007,
      "chain_id": "v27",
      "price": 60000,
      "metadata": {
        "initial": true
      }
    },
    {
      "timestamp": 1772153650.9538007,
      "chain_id": "v26",
      "price": 60000,
      "metadata": {
        "initial": true
      }
    },
    {
      "timestamp": 1772153711.8003225,
      "chain_id": "v27",
      "price": 54627.935917359195,
      "metadata": {
        "fork_sustained": true,
        "fork_depth": 25
      }
    },
    {
      "timestamp": 1772153711.80033,
      "chain_id": "v26",
      "price": 65293.824082640815,
      "metadata": {
        "fork_sustained": true,
        "fork_depth": 25
      }
    },
    {
      "timestamp": 1772153772.4279814,
      "chain_id": "v27",
      "price": 54513.72902080746,
      "metadata": {
        "fork_sustained": true,
        "fork_depth": 58
      }
    },
    {
      "timestamp": 1772153772.4279885,
      "chain_id": "v26",
      "price": 65408.03097919253,
      "metadata": {
        "fork_sustained": true,
        "fork_depth": 58
      }
    },
    {
      "timestamp": 1772153833.0086327,
      "chain_id": "v27",
      "price": 54932.877093829775,
      "metadata": {
        "fork_sustained": true,
        "fork_depth": 85
      }
    },
    {
      "timestamp": 1772153833.0086384,
      "chain_id": "v26",
      "price": 64988.88290617023,
      "metadata": {
        "fork_sustained": true,
        "fork_depth": 85
      }
    },
    {
      "timestamp": 1772153893.1370132,
      "chain_id": "v27",
      "price": 54731.51486472761,
      "metadata": {
        "fork_sustained": true,
        "fork_depth": 114
      }
    },
    {
      "timestamp": 1772153893.1370215,
      "chain_id": "v26",
      "price": 65190.24513527239,
      "metadata": {
        "fork_sustained": true,
        "fork_depth": 114
      }
    },
    {
      "timestamp": 1772153953.6889694,
      "chain_id": "v27",
      "price": 54712.5233299466,
      "metadata": {
        "fork_sustained": true,
        "fork_depth": 143
      }
    },
    {
      "timestamp": 1772153953.688978,
      "chain_id": "v26",
      "price": 65209.236670053404,
      "metadata": {
        "fork_sustained": true,
        "fork_depth": 143
      }
    },
    {
      "timestamp": 1772154014.1794379,
      "chain_id": "v27",
      "price": 54636.40650559448,
      "metadata": {
        "fork_sustained": true,
        "fork_depth": 170
      }
    },
    {
      "timestamp": 1772154014.179446,
      "chain_id": "v26",
      "price": 65285.35349440552,
      "metadata": {
        "fork_sustained": true,
        "fork_depth": 170
      }
    },
    {
      "timestamp": 1772154074.9938803,
      "chain_id": "v27",
      "price": 54760.222998698904,
      "metadata": {
        "fork_sustained": true,
        "fork_depth": 209
      }
    },
    {
      "timestamp": 1772154074.9938862,
      "chain_id": "v26",
      "price": 65161.537001301105,
      "metadata": {
        "fork_sustained": true,
        "fork_depth": 209
      }
    },
    {
      "timestamp": 1772154135.627889,
      "chain_id": "v27",
      "price": 54811.969112379935,