{
  "timestamps": [
    0,
    60,
    120,
    181,
    241,
    302,
    362,
    423,
    484,
    544,
    604,
    665,
    726,
    786,
    847,
    907,
    967,
    1028,
    1089,
    1149,
    1210,
    1270,
    1331,
    1391,
    1452,
    1512,
    1573,
    1634,
    1694,
    1755,
    1800
  ],
  "v27_price": [
    60000,
    60000,
    54627.935917359195,
    54513.72902080746,
    54932.877093829775,
    54731.51486472761,
    54712.5233299466,
    54636.40650559448,
    54760.222998698904,
    54811.969112379935,
    54870.73883706722,
    53561.096777170584,
    53392.03619771493,
    53236.4934753594,
    53132.64539661837,
    53037.820672470334,
    52957.1397993456,
    52885.07867762308,
    52810.57008762153,
    52739.97378251818,
    52675.29845784286,
    52622.756619375716,
    52573.5837105546,
    52520.52201291374,
    52502.83015691302,
    52463.60114525446,
    52419.96768123691,
    52383.54021608461,
    52355.74521751088,
    52328.1556007,
    52304.92979424838
  ],
  "v26_price": [
    60000,
    60000,
    65293.824082640815,
    65408.03097919253,
    64988.88290617023,
    65190.24513527239,
    65209.236670053404,
    65285.35349440552,
    65161.537001301105,
    65109.79088762007,
    65051.021162932775,
    66360.66322282942,
    66529.7238022851,
    66685.2665246406,
    66789.11460338165,
    66883.93932752968,
    66964.62020065442,
    67036.68132237693,
    67111.18991237847,
    67181.78621748183,
    67246.46154215715,
    67299.00338062429,
    67348.1762894454,
    67401.23798708626,
    67418.929843087,
    67458.15885474555,
    67501.7923187631,
    67538.2197839154,
    67566.01478248913,
    67593.6043993,
    67616.83020575163
  ],
  "v27_hashrate": [
    26.89,
    26.89,
    26.89,
    26.89,
    26.89,
    26.89,
    26.89,
    26.89,
    26.89,
    26.89,
    0.0,
    0.0,
    0.0,
    0.0,
    0.0,
    0.0,
    0.0,
    0.0,
    0.0,
    0.0,
    0.0,
    0.0,
    0.0,
    0.0,
    0.0,
    0.0,
    0.0,
    0.0,
    0.0,
    0.0,
    0.0
  ],
  "v26_hashrate": [
    71.48,
    71.48,
    71.48,
    71.48,
    71.48,
    71.48,
    71.48,
    71.48,
    71.48,
    71.48,
    98.36999999999999,
    98.36999999999999,
    98.36999999999999,
    98.36999999999999,
    98.36999999999999,
    98.36999999999999,
    98.36999999999999,
    98.36999999999999,
    98.36999999999999,
    98.36999999999999,
    98.36999999999999,
    98.36999999999999,
    98.36999999999999,
    98.36999999999999,
    98.36999999999999,
    98.36999999999999,
    98.36999999999999,
    98.36999999999999,
    98.36999999999999,
    98.36999999999999,
    98.36999999999999
  ],
  "v27_economic": [
    30.076799311326575,
    30.076799311326575,
    30.076799311326575,
    30.076799311326575,
    30.076799311326575,
    30.076799311326575,
    30.076799311326575,
    30.076799311326575,
    30.076799311326575,
    30.076799311326575,
    30.06796333916664,
    30.06796333916664,
    30.06796333916664,
    30.06796333916664,
    30.06796333916664,
    30.06796333916664,
    30.06796333916664,
    30.06796333916664,
    30.06796333916664,
    30.06796333916664,
    30.06796333916664,
    30.06796333916664,
    30.06796333916664,
    30.06796333916664,
    30.06796333916664,
    30.06796333916664,
    30.06796333916664,
    30.06796333916664,
    30.06796333916664,
    30.06796333916664,
    30.06796333916664
  ],
  "v26_economic": [
    69.92320068867342,
    69.92320068867342,
    69.92320068867342,
    69.92320068867342,
    69.92320068867342,
    69.92320068867342,
    69.92320068867342,
    69.92320068867342,
    69.92320068867342,
    69.92320068867342,
    69.93203666083336,
    69.93203666083336,
    69.93203666083336,
    69.93203666083336,
    69.93203666083336,
    69.93203666083336,
    69.93203666083336,
    69.93203666083336,
    69.93203666083336,
    69.93203666083336,
    69.93203666083336,
    69.93203666083336,
    69.93203666083336,
    69.93203666083336,
    69.93203666083336,
    69.93203666083336,
    69.93203666083336,
    69.93203666083336,
    69.93203666083336,
    69.93203666083336,
    69.93203666083336
  ],
  "v27_blocks": [
    0,
    6,
    13,
    24,
    29,
    36,
    41,
    54,
    64,
    75,
    83,
    83,
    83,
    83,
    83,
    83,
    83,
    83,
    83,
    83,
    83,
    83,
    83,
    84,
    84,
    84,
    84,
    84,
    84,
    84,
    84
  ],
  "v26_blocks": [
    0,
    19,
    45,
    61,
    85,
    107,
    129,
    155,
    177,
    199,
    223,
    252,
    284,
    309,
    335,
    360,
    385,
    414,
    445,
    477,
    506,
    536,
    572,
    592,
    623,
    661,
    696,
    725,
    756,
    784,
    808
  ],
  "v27_difficulty": [
    1.0,
    1.0,
    1.0,
    1.0,
    1.0,
    1.0,
    1.0,
    1.0,
    1.0,
    1.0,
    1.0,
    1.0,
    1.0,
    1.0,
    1.0,
    1.0,
    1.0,
    1.0,
    1.0,
    1.0,
    1.0,
    1.0,
    1.0,
    1.0,
    1.0,
    1.0,
    1.0,
    1.0,
    1.0,
    1.0,
    1.0
  ],
  "v26_difficulty": [
    1.0,
    1.0,
    1.0,
    1.0,
    1.0,
    1.0,
    1.0,
    1.0,
    1.0,
    1.0,
    1.0,
    1.0,
    1.0,
    1.0,
    1.0,
    1.0,
    1.0,
    1.0,
    1.0,
    1.0,
    1.0,
    1.0,
    1.0,
    1.0,
    1.0,
    1.0,
    1.0,
    1.0,
    1.0,
    1.0,
    1.0
  ],
  "v27_chainwork": [
    0.0,
    6.0,
    13.0,
    24.0,
    29.0,
    36.0,
    41.0,
    54.0,
    64.0,
    75.0,
    83.0,
    83.0,
    83.0,
    83.0,
    83.0,
    83.0,
    83.0,
    83.0,
    83.0,
    83.0,
    83.0,
    83.0,
    83.0,
    84.0,
    84.0,
    84.0,
    84.0,
    84.0,
    84.0,
    84.0,
    84.0
  ],
  "v26_chainwork": [
    0.0,
    19.0,
    45.0,
    61.0,
    85.0,
    107.0,
    129.0,
    155.0,
    177.0,
    199.0,
    223.0,
    252.0,
    284.0,
    309.0,
    335.0,
    360.0,
    385.0,
    414.0,
    445.0,
    477.0,
    506.0,
    536.0,
    572.0,
    592.0,
    623.0,
    661.0,
    696.0,
    725.0,
    756.0,
    784.0,
    808.0
  ],
  "v27_fee_rate": [
    1.0,
    1.0,
    0.008119441497288065,
    0.008119441497288065,
    0.008119441497288065,
    0.008119441497288065,
    0.008119441497288065,
    0.008119441497288065,
    0.008119441497288065,
    0.008119441497288065,
    0.008119441497288065,
    2.183107476811848,
    2.183107476811848,
    2.183107476811848,
    2.183107476811848,
    2.183107476811848,
    2.183107476811848,
    2.183107476811848,
    2.183107476811848,
    2.183107476811848,
    2.183107476811848,
    2.183107476811848,
    2.183107476811848,
    2.183107476811848,
    2.183107476811848,
    2.183107476811848,
    2.183107476811848,
    2.183107476811848,
    2.183107476811848,
    2.183107476811848,
    2.183107476811848
  ],
  "v26_fee_rate": [
    1.0,
    1.0,
    0.00627217242311962,
    0.00627217242311962,
    0.00627217242311962,
    0.00627217242311962,
    0.00627217242311962,
    0.00627217242311962,
    0.00627217242311962,
    0.00627217242311962,
    0.00627217242311962,
    0.0045578521803952615,
    0.0045578521803952615,
    0.0045578521803952615,
    0.0045578521803952615,
    0.0045578521803952615,
    0.0045578521803952615,
    0.0045578521803952615,
    0.0045578521803952615,
    0.0045578521803952615,
    0.0045578521803952615,
    0.0045578521803952615,
    0.0045578521803952615,
    0.0045578521803952615,
    0.0045578521803952615,
    0.0045578521803952615,
    0.0045578521803952615,
    0.0045578521803952615,
    0.0045578521803952615,
    0.0045578521803952615,
    0.0045578521803952615
  ],