{
  "blocks_mined": {
    "v27": 5,
    "v26": 996
  },
  "total_blocks": 1001,
  "final_hashrate": {
    "v27": 0.0,
    "v26": 86.4
  },
  "final_economic": {
    "v27": 0.0,
    "v26": 100.0
  },
  "final_prices": {
    "v27": 48037.85488958991,
    "v26": 71309.3451104101
  }
}