{
  "blocks_mined": {
    "v27": 1179,
    "v26": 795
  },
  "total_blocks": 1974,
  "final_hashrate": {
    "v27": 86.4,
    "v26": 0.0
  },
  "final_economic": {
    "v27": 56.737060138721,
    "v26": 43.262939861279
  },
  "final_prices": {
    "v27": 63669.05264127232,
    "v26": 55678.14735872769
  }
}