{
  "blocks_mined": {
    "v27": 36,
    "v26": 969
  },
  "total_blocks": 1005,
  "final_hashrate": {
    "v27": 0.0,
    "v26": 86.4
  },
  "final_economic": {
    "v27": 0.0,
    "v26": 100.0
  },
  "final_prices": {
    "v27": 48259.526261586,
    "v26": 71087.67373841401
  }
}