{
  "blocks_mined": {
    "v27": 132,
    "v26": 110
  },
  "total_blocks": 242,
  "final_hashrate": {
    "v27": 55.099999999999994,
    "v26": 31.299999999999997
  },
  "final_economic": {
    "v27": 69.96696400795432,
    "v26": 30.033035992045683
  },
  "final_prices": {
    "v27": 62866.922637476266,
    "v26": 56480.277362523746
  }
}