{
  "blocks_mined": {
    "v27": 909,
    "v26": 875
  },
  "total_blocks": 1784,
  "final_hashrate": {
    "v27": 50.0,
    "v26": 50.0
  },
  "final_economic": {
    "v27": 56.737060138721,
    "v26": 43.262939861279
  },
  "final_prices": {
    "v27": 60872.401371374304,
    "v26": 59127.59862862568
  }
}