{
  "blocks_mined": {
    "v27": 93,
    "v26": 101
  },
  "total_blocks": 194,
  "final_hashrate": {
    "v27": 50.5,
    "v26": 35.9
  },
  "final_economic": {
    "v27": 65.15608987368765,
    "v26": 34.843910126312345
  },
  "final_prices": {
    "v27": 61616.15735826909,
    "v26": 57731.042641730906
  }
}