{
  "blocks_mined": {
    "v27": 56,
    "v26": 162
  },
  "total_blocks": 218,
  "final_hashrate": {
    "v27": 30.0,
    "v26": 56.39999999999999
  },
  "final_economic": {
    "v27": 62.14929353977099,
    "v26": 37.850706460229006
  },
  "final_prices": {
    "v27": 58708.9581695578,
    "v26": 60638.2418304422
  }
}