{
  "blocks_mined": {
    "v27": 14,
    "v26": 31
  },
  "total_blocks": 45,
  "final_hashrate": {
    "v27": 0.0,
    "v26": 86.4
  },
  "final_economic": {
    "v27": 0.00841902973496666,
    "v26": 99.99158097026503
  },
  "final_prices": {
    "v27": 50725.334607892524,
    "v26": 68621.86539210749
  }
}