{
  "blocks_mined": {
    "v27": 135,
    "v26": 9
  },
  "total_blocks": 144,
  "final_hashrate": {
    "v27": 86.4,
    "v26": 0.0
  },
  "final_economic": {
    "v27": 100.0,
    "v26": 0.0
  },
  "final_prices": {
    "v27": 70705.61584158416,
    "v26": 48641.58415841585
  }
}