{
  "blocks_mined": {
    "v27": 6,
    "v26": 631
  },
  "total_blocks": 637,
  "final_hashrate": {
    "v27": 0.0,
    "v26": 86.4
  },
  "final_economic": {
    "v27": 0.0,
    "v26": 100.0
  },
  "final_prices": {
    "v27": 48050.17421602787,
    "v26": 71297.02578397213
  }
}