{
  "blocks_mined": {
    "v27": 523,
    "v26": 25
  },
  "total_blocks": 548,
  "final_hashrate": {
    "v27": 86.4,
    "v26": 0.0
  },
  "final_economic": {
    "v27": 100.0,
    "v26": 0.0
  },
  "final_prices": {
    "v27": 71043.75172413794,
    "v26": 48303.44827586207
  }
}