{
  "blocks_mined": {
    "v27": 20,
    "v26": 625
  },
  "total_blocks": 645,
  "final_hashrate": {
    "v27": 0.0,
    "v26": 86.4
  },
  "final_economic": {
    "v27": 0.0,
    "v26": 100.0
  },
  "final_prices": {
    "v27": 48224.61005199307,
    "v26": 71122.58994800693
  }
}