{
  "blocks_mined": {
    "v27": 1,
    "v26": 5909
  },
  "total_blocks": 5910,
  "final_hashrate": {
    "v27": 0.0,
    "v26": 86.4
  },
  "final_economic": {
    "v27": 62.148876597346025,
    "v26": 37.85112340265398
  },
  "final_prices": {
    "v27": 55457.86519168153,
    "v26": 63889.33480831849
  }
}