{
  "blocks_mined": {
    "v27": 100,
    "v26": 218
  },
  "total_blocks": 318,
  "final_hashrate": {
    "v27": 30.0,
    "v26": 56.39999999999999
  },
  "final_economic": {
    "v27": 54.80860079819594,
    "v26": 45.19139920180406
  },
  "final_prices": {
    "v27": 58349.83209578352,
    "v26": 60997.367904216495
  }
}