{
  "timestamps": [
    0,
    60,
    121,
    182,
    242,
    303,
    364,
    424,
    485,
    545,
    605,
    666,
    726,
    787,
    848,
    909,
    969,
    1030,
    1091,
    1152,
    1213,
    1273,
    1334,
    1395,
    1456,
    1516,
    1577,
    1638,
    1698,
    1759,
    1800
  ],
  "v27_price": [
    60000,
    60000,
    61351.19660701435,
    61484.883609666875,
    61459.99164769627,
    61412.24804850673,
    61344.5759173592,
    61365.303190086466,
    61330.01667565303,
    61275.50274662749,
    61177.83907525393,
    62054.05284043611,
    62171.68388196096,
    62288.927399838976,
    62367.33955372282,
    62436.43910025706,
    62500.103434137716,
    62556.76872919852,
    62609.37591735919,
    62664.81050382536,
    62713.954640763455,
    62753.910150074196,
    62791.32904737525,
    62831.73464270062,
    62842.740623241545,
    62873.67254657267,
    62906.14280654476,
    62934.037141848996,
    62954.62123755623,
    62975.81577501044,
    62994.89344313239
  ],
  "v26_price": [
    60000,
    60000,
    58570.56339298564,
    58436.87639033312,
    58461.768352303734,
    58509.51195149327,
    58577.184082640815,
    58556.456809913536,
    58591.74332434697,
    58646.25725337252,
    58743.920924746075,
    57867.707159563884,
    57750.07611803905,
    57632.83260016103,
    57554.420446277174,
    57485.32089974295,
    57421.656565862286,
    57364.99127080149,
    57312.38408264081,
    57256.949496174646,
    57207.805359236554,
    57167.849849925806,
    57130.43095262476,
    57090.02535729939,
    57079.01937675846,
    57048.08745342733,
    57015.61719345523,
    56987.72285815101,
    56967.13876244377,
    56945.944224989566,
    56926.86655686762
  ],
  "v27_hashrate": [
    78.82,
    78.82,
    78.82,
    78.82,
    78.82,
    78.82,
    78.82,
    78.82,
    78.82,
    78.82,
    98.36999999999999,
    98.36999999999999,
    98.36999999999999,
    98.36999999999999,
    98.36999999999999,
    98.36999999999999,
    98.36999999999999,
    98.36999999999999,
    98.36999999999999,
    98.36999999999999,
    98.36999999999999,
    98.36999999999999,
    98.36999999999999,
    98.36999999999999,
    98.36999999999999,
    98.36999999999999,
    98.36999999999999,
    98.36999999999999,
    98.36999999999999,
    98.36999999999999,
    98.36999999999999
  ],
  "v26_hashrate": [
    19.55,
    19.55,
    19.55,
    19.55,
    19.55,
    19.55,
    19.55,
    19.55,
    19.55,
    19.55,
    0.0,
    0.0,
    0.0,
    0.0,
    0.0,
    0.0,
    0.0,
    0.0,
    0.0,
    0.0,
    0.0,
    0.0,
    0.0,
    0.0,
    0.0,
    0.0,
    0.0,
    0.0,
    0.0,
    0.0,
    0.0
  ],
  "v27_economic": [
    30.076799311326575,
    30.076799311326575,
    30.076799311326575,
    30.076799311326575,
    30.076799311326575,
    30.076799311326575,
    30.076799311326575,
    30.076799311326575,
    30.076799311326575,
    30.076799311326575,
    30.076799311326575,
    30.076799311326575,
    30.076799311326575,
    30.076799311326575,
    30.076799311326575,
    30.076799311326575,
    30.076799311326575,
    30.076799311326575,
    30.076799311326575,
    30.076799311326575,
    30.076799311326575,
    30.076799311326575,
    30.076799311326575,
    30.076799311326575,
    30.076799311326575,
    30.076799311326575,
    30.076799311326575,
    30.076799311326575,
    30.076799311326575,
    30.076799311326575,
    30.076799311326575
  ],
  "v26_economic": [
    69.92320068867342,
    69.92320068867342,
    69.92320068867342,
    69.92320068867342,
    69.92320068867342,
    69.92320068867342,
    69.92320068867342,
    69.92320068867342,
    69.92320068867342,
    69.92320068867342,
    69.92320068867342,
    69.92320068867342,
    69.92320068867342,
    69.92320068867342,
    69.92320068867342,
    69.92320068867342,
    69.92320068867342,
    69.92320068867342,
    69.92320068867342,
    69.92320068867342,
    69.92320068867342,
    69.92320068867342,
    69.92320068867342,
    69.92320068867342,
    69.92320068867342,
    69.92320068867342,
    69.92320068867342,
    69.92320068867342,
    69.92320068867342,
    69.92320068867342,
    69.92320068867342
  ],
  "v27_blocks": [
    0,
    24,
    55,
    75,
    102,
    124,
    146,
    174,
    201,
    229,
    248,
    275,
    307,
    332,
    357,
    383,
    409,
    436,
    468,
    500,
    529,
    559,
    595,
    615,
    647,
    684,
    719,
    747,
    778,
    808,
    828
  ],
  "v26_blocks": [
    0,
    5,
    10,
    14,
    20,
    26,
    30,
    37,
    45,
    56,
    64,
    64,
    64,
    64,
    64,
    64,
    64,
    64,
    64,
    64,
    64,
    64,
    64,
    65,
    65,
    65,
    65,
    65,
    65,
    65,
    65
  ],
  "v27_difficulty": [
    1.0,
    1.0,
    1.0,
    1.0,
    1.0,
    1.0,
    1.0,
    1.0,
    1.0,
    1.0,
    1.0,
    1.0,
    1.0,
    1.0,
    1.0,
    1.0,
    1.0,
    1.0,
    1.0,
    1.0,
    1.0,
    1.0,
    1.0,
    1.0,
    1.0,
    1.0,
    1.0,
    1.0,
    1.0,
    1.0,
    1.0
  ],
  "v26_difficulty": [
    1.0,
    1.0,
    1.0,
    1.0,
    1.0,
    1.0,
    1.0,
    1.0,
    1.0,
    1.0,
    1.0,
    1.0,
    1.0,
    1.0,
    1.0,
    1.0,
    1.0,
    1.0,
    1.0,
    1.0,
    1.0,
    1.0,
    1.0,
    1.0,
    1.0,
    1.0,
    1.0,
    1.0,
    1.0,
    1.0,
    1.0
  ],
  "v27_chainwork": [
    0.0,
    24.0,
    55.0,
    75.0,
    102.0,
    124.0,
    146.0,
    174.0,
    201.0,
    229.0,
    248.0,
    275.0,
    307.0,
    332.0,
    357.0,
    383.0,
    409.0,
    436.0,
    468.0,
    500.0,
    529.0,
    559.0,
    595.0,
    615.0,
    647.0,
    684.0,
    719.0,
    747.0,
    778.0,
    808.0,
    828.0
  ],
  "v26_chainwork": [
    0.0,
    5.0,
    10.0,
    14.0,
    20.0,
    26.0,
    30.0,
    37.0,
    45.0,
    56.0,
    64.0,
    64.0,
    64.0,
    64.0,
    64.0,
    64.0,
    64.0,
    64.0,
    64.0,
    64.0,
    64.0,
    64.0,
    64.0,
    65.0,
    65.0,
    65.0,
    65.0,
    65.0,
    65.0,
    65.0,
    65.0
  ],
  "v27_fee_rate": [
    1.0,
    1.0,
    0.002770004844735805,
    0.002770004844735805,
    0.002770004844735805,
    0.002770004844735805,
    0.002770004844735805,
    0.002770004844735805,
    0.002770004844735805,
    0.002770004844735805,
    0.002770004844735805,
    0.002219495596849407,
    0.002219495596849407,
    0.002219495596849407,
    0.002219495596849407,
    0.002219495596849407,
    0.002219495596849407,
    0.002219495596849407,
    0.002219495596849407,
    0.002219495596849407,
    0.002219495596849407,
    0.002219495596849407,
    0.002219495596849407,
    0.002219495596849407,
    0.002219495596849407,
    0.002219495596849407,
    0.002219495596849407,
    0.002219495596849407,
    0.002219495596849407,
    0.002219495596849407,
    0.002219495596849407
  ],
  "v26_fee_rate": [
    1.0,
    1.0,
    0.022932730680541715,
    0.022932730680541715,
    0.022932730680541715,
    0.022932730680541715,
    0.022932730680541715,
    0.022932730680541715,
    0.022932730680541715,
    0.022932730680541715,
    0.022932730680541715,
    4.483348848045905,
    4.483348848045905,
    4.483348848045905,
    4.483348848045905,
    4.483348848045905,
    4.483348848045905,
    4.483348848045905,
    4.483348848045905,
    4.483348848045905,
    4.483348848045905,
    4.483348848045905,
    4.483348848045905,
    4.483348848045905,
    4.483348848045905,
    4.483348848045905,
    4.483348848045905,
    4.483348848045905,
    4.483348848045905,
    4.483348848045905,
    4.483348848045905
  ],