{
  "blocks_mined": {
    "v27": 77,
    "v26": 182
  },
  "total_blocks": 259,
  "final_hashrate": {
    "v27": 30.0,
    "v26": 56.39999999999999
  },
  "final_economic": {
    "v27": 62.14929353977099,
    "v26": 37.850706460229006
  },
  "final_prices": {
    "v27": 58955.05808191538,
    "v26": 60392.14191808463
  }
}