{
  "config": {
    "base_price": 60000,
    "max_divergence": 0.2,
    "coefficients": {
      "chain_weight": 0.3,
      "economic_weight": 0.5,
      "hashrate_weight": 0.2
    }
  },
  "current_prices": {
    "v27": 63522.38403191767,
    "v26": 56399.37596808234
  },
  "timeline": {
    "timestamps": [
      1772317779.472848,
      1772317840.7530296,
      1772317840.753042,
      1772317900.8429277,
      1772317900.842936,
      1772317961.3712687,
      1772317961.3712764,
      1772318021.9905415,
      1772318021.9905474,
      1772318082.5759485,
      1772318082.575954,
      1772318143.5419576,
      1772318143.541965,
      1772318204.4552763,
      1772318204.4552817,
      1772318265.2750657,
      1772318265.2750714,
      1772318326.096821,
      1772318326.096826,
      1772318386.7058232,
      1772318386.7058318,
      1772318447.388369,
      1772318447.3883743,
      1772318507.622876,
      1772318507.6228838,
      1772318568.3085532,
      1772318568.30856,
      1772318629.006566,
      1772318629.0065715,
      1772318689.6154652,
      1772318689.6154728,
      1772318750.3524532,
      1772318750.3524582,
      1772318811.0919297,
      1772318811.0919356,
      1772318871.8146474,
      1772318871.8146532,
      1772318932.7105107,
      1772318932.710517,
      1772318993.3739986,
      1772318993.374007,
      1772319054.2216706,
      1772319054.2216778,
      1772319114.660585,
      1772319114.6605904,
      1772319175.1992562,
      1772319175.199264,
      1772319235.6669185,
      1772319235.666924,
      1772319295.673116,
      1772319295.673123,
      1772319355.682976,
      1772319355.6829817,
      1772319416.5201674,
      1772319416.5201745,
      1772319477.4423625,
      1772319477.4423678,
      1772319538.2827444,
      1772319538.2827506
    ],
    "v27_prices": [
      60000,
      63530.97591735919,
      63530.97591735919,
      63530.97591735919,
      63530.97591735919,
      63530.97591735919,
      63530.97591735919,
      63530.97591735919,
      63530.97591735919,
      63530.97591735919,
      63530.97591735919,
      63530.97591735919,
      63530.97591735919,
      63530.97591735919,
      63530.97591735919,
      63530.97591735919,
      63530.97591735919,
      63530.97591735919,
      63530.97591735919,
      63530.97591735919,
      63530.97591735919,
      63530.97591735919,
      63530.97591735919,
      63530.97591735919,
      63530.97591735919,
      63530.97591735919,
      63530.97591735919,
      63530.97591735919,
      63530.97591735919,
      63530.97591735919,
      63530.97591735919,
      63530.97591735919,
      63530.97591735919,
      63530.97591735919,
      63530.97591735919,
      63530.97591735919,
      63530.97591735919,
      63530.97591735919,
      63530.97591735919,
      63530.97591735919,
      63530.97591735919,
      63530.97591735919,
      63530.97591735919,
      63530.97591735919,
      63530.97591735919,
      63530.97591735919,
      63530.97591735919,
      63520.37208819867,
      63520.37208819867,
      63520.8777406411,
      63520.8777406411,
      63521.350248909985,
      63521.350248909985,
      63521.69756684373,
      63521.69756684373,
      63522.06502627007,
      63522.06502627007,
      63522.38403191767,
      63522.38403191767
    ],
    "v26_prices": [
      60000,
      60000,
      56390.784082640814,
      56390.784082640814,
      56390.784082640814,
      56390.784082640814,
      56390.784082640814,
      56390.784082640814,
      56390.784082640814,
      56390.784082640814,
      56390.784082640814,
      56390.784082640814,
      56390.784082640814,
      56390.784082640814,
      56390.784082640814,
      56390.784082640814,
      56390.784082640814,
      56390.784082640814,
      56390.784082640814,
      56390.784082640814,
      56390.784082640814,
      56390.784082640814,
      56390.784082640814,
      56390.784082640814,
      56390.784082640814,
      56390.784082640814,
      56390.784082640814,
      56390.784082640814,
      56390.784082640814,
      56390.784082640814,
      56390.784082640814,
      56390.784082640814,
      56390.784082640814,
      56390.784082640814,
      56390.784082640814,
      56390.784082640814,
      56390.784082640814,
      56390.784082640814,
      56390.784082640814,
      56390.784082640814,
      56390.784082640814,
      56390.784082640814,
      56390.784082640814,
      56390.784082640814,
      56390.784082640814,
      56390.784082640814,
      56390.784082640814,
      56390.784082640814,
      56401.38791180134,
      56401.38791180134,
      56400.88225935891,
      56400.88225935891,
      56400.40975109001,
      56400.40975109001,
      56400.06243315627,
      56400.06243315627,
      56399.69497372992,
      56399.69497372992,
      56399.37596808234
    ]
  },
  "history": [
    {
      "timestamp": 1772317779.472848,
      "chain_id": "v27",
      "price": 60000,
      "metadata": {
        "initial": true
      }
    },
    {
      "timestamp": 1772317779.472848,
      "chain_id": "v26",
      "price": 60000,
      "metadata": {
        "initial": true
      }
    },
    {
      "timestamp": 1772317840.7530296,
      "chain_id": "v27",
      "price": 63530.97591735919,
      "metadata": {
        "fork_sustained": true,
        "fork_depth": 25
      }
    },
    {
      "timestamp": 1772317840.753042,
      "chain_id": "v26",
      "price": 56390.784082640814,
      "metadata": {
        "fork_sustained": true,
        "fork_depth": 25
      }
    },
    {
      "timestamp": 1772317900.8429277,
      "chain_id": "v27",
      "price": 63530.97591735919,
      "metadata": {
        "fork_sustained": true,
        "fork_depth": 58
      }
    },
    {
      "timestamp": 1772317900.842936,
      "chain_id": "v26",
      "price": 56390.784082640814,
      "metadata": {
        "fork_sustained": true,
        "fork_depth": 58
      }
    },
    {
      "timestamp": 1772317961.3712687,
      "chain_id": "v27",
      "price": 63530.97591735919,
      "metadata": {
        "fork_sustained": true,
        "fork_depth": 89
      }
    },
    {
      "timestamp": 1772317961.3712764,
      "chain_id": "v26",
      "price": 56390.784082640814,
      "metadata": {
        "fork_sustained": true,
        "fork_depth": 89
      }
    },
    {
      "timestamp": 1772318021.9905415,
      "chain_id": "v27",
      "price": 63530.97591735919,
      "metadata": {
        "fork_sustained": true,
        "fork_depth": 119
      }
    },
    {
      "timestamp": 1772318021.9905474,
      "chain_id": "v26",
      "price": 56390.784082640814,
      "metadata": {
        "fork_sustained": true,
        "fork_depth": 119
      }
    },
    {
      "timestamp": 1772318082.5759485,
      "chain_id": "v27",
      "price": 63530.97591735919,
      "metadata": {
        "fork_sustained": true,
        "fork_depth": 145
      }
    },
    {
      "timestamp": 1772318082.575954,
      "chain_id": "v26",
      "price": 56390.784082640814,
      "metadata": {
        "fork_sustained": true,
        "fork_depth": 145
      }
    },
    {
      "timestamp": 1772318143.5419576,
      "chain_id": "v27",
      "price": 63530.97591735919,
      "metadata": {
        "fork_sustained": true,
        "fork_depth": 166
      }
    },
    {
      "timestamp": 1772318143.541965,
      "chain_id": "v26",
      "price": 56390.784082640814,
      "metadata": {
        "fork_sustained": true,
        "fork_depth": 166
      }
    },
    {
      "timestamp": 1772318204.4552763,
      "chain_id": "v27",
      "price": 63530.97591735919,
      "metadata": {
        "fork_sustained": true,
        "fork_depth": 190
      }
    },
    {
      "timestamp": 1772318204.4552817,
      "chain_id": "v26",
      "price": 56390.784082640814,
      "metadata": {
        "fork_sustained": true,
        "fork_depth": 190
      }
    },
    {
      "timestamp": 1772318265.2750657,
      "chain_id": "v27",