{
  "timestamps": [
    0,
    60,
    120,
    181,
    241,
    301,
    362,
    422,
    483,
    543,
    604,
    664,
    724,
    785,
    845,
    905,
    966,
    1026,
    1086,
    1146,
    1207,
    1267,
    1327,
    1388,
    1448,
    1508,
    1569,
    1629,
    1689,
    1750,
    1800
  ],
  "v27_price": [
    60000,
    60000,
    58956.0,
    58416.0,
    59056.0,
    59699.47826086956,
    59616.0,
    59753.142857142855,
    59699.47826086956,
    59579.07692307692,
    59736.0,
    59856.0,
    59906.70422535211,
    59902.75324675325,
    59943.80487804878,
    60062.89655172414,
    60053.8021978022,
    60085.78723404255,
    60115.793814433,
    60067.76470588235,
    59889.64485981309,
    59920.28571428571,
    59825.230769230766,
    59826.73170731708,
    59856.0,
    59828.51908396947,
    59802.26865671641,
    59881.53191489362,
    59856.0,
    59903.368421052626,
    59992.70886075949
  ],
  "v26_price": [
    60000,
    60000,
    60756.0,
    61296.00000000001,
    60656.00000000001,
    60012.52173913043,
    60096.0,
    59958.857142857145,
    60012.52173913043,
    60132.92307692307,
    59976.0,
    59856.0,
    59805.29577464788,
    59809.246753246756,
    59768.19512195122,
    59649.103448275855,
    59658.19780219781,
    59626.21276595745,
    59596.20618556701,
    59644.23529411764,
    59822.35514018692,
    59791.71428571428,
    59886.76923076923,
    59885.26829268293,
    59856.0,
    59883.48091603054,
    59909.73134328358,
    59830.46808510639,
    59856.0,
    59808.63157894737,
    59719.29113924051
  ],
  "v27_hashrate": [
    47.0,
    47.0,
    47.0,
    47.0,
    47.0,
    47.0,
    47.0,
    47.0,
    47.0,
    47.0,
    47.0,
    47.0,
    47.0,
    47.0,
    47.0,
    47.0,
    47.0,
    47.0,
    47.0,
    47.0,
    47.0,
    47.0,
    47.0,
    47.0,
    47.0,
    47.0,
    47.0,
    47.0,
    47.0,
    47.0,
    47.0
  ],
  "v26_hashrate": [
    47.0,
    47.0,
    47.0,
    47.0,
    47.0,
    47.0,
    47.0,
    47.0,
    47.0,
    47.0,
    47.0,
    47.0,
    47.0,
    47.0,
    47.0,
    47.0,
    47.0,
    47.0,
    47.0,
    47.0,
    47.0,
    47.0,
    47.0,
    47.0,
    47.0,
    47.0,
    47.0,
    47.0,
    47.0,
    47.0,
    47.0
  ],
  "v27_economic": [
    50.0,
    50.0,
    50.0,
    50.0,
    50.0,
    50.0,
    50.0,
    50.0,
    50.0,
    50.0,
    50.0,
    50.0,
    50.0,
    50.0,
    50.0,
    50.0,
    50.0,
    50.0,
    50.0,
    50.0,
    50.0,
    50.0,
    50.0,
    50.0,
    50.0,
    50.0,
    50.0,
    50.0,
    50.0,
    50.0,
    50.0
  ],
  "v26_economic": [
    50.0,
    50.0,
    50.0,
    50.0,
    50.0,
    50.0,
    50.0,
    50.0,
    50.0,
    50.0,
    50.0,
    50.0,
    50.0,
    50.0,
    50.0,
    50.0,
    50.0,
    50.0,
    50.0,
    50.0,
    50.0,
    50.0,
    50.0,
    50.0,
    50.0,
    50.0,
    50.0,
    50.0,
    50.0,
    50.0,
    50.0
  ],
  "v27_blocks": [
    0,
    3,
    3,
    7,
    11,
    14,
    17,
    22,
    24,
    29,
    33,
    36,
    39,
    42,
    46,
    48,
    50,
    52,
    54,
    54,
    57,
    58,
    61,
    64,
    65,
    66,
    71,
    73,
    77,
    82,
    83
  ],
  "v26_blocks": [
    0,
    5,
    7,
    11,
    12,
    16,
    18,
    24,
    28,
    31,
    33,
    35,
    38,
    40,
    41,
    43,
    44,
    45,
    48,
    53,
    55,
    59,
    62,
    64,
    66,
    68,
    70,
    73,
    75,
    76,
    77
  ],
  "v27_difficulty": [
    1.0,
    1.0,
    1.0,
    1.0,
    1.0,
    1.0,
    1.0,
    1.0,
    1.0,
    1.0,
    1.0,
    1.0,
    1.0,
    1.0,
    1.0,
    1.0,
    1.0,
    1.0,
    1.0,
    1.0,
    1.0,
    1.0,
    1.0,
    1.0,
    1.0,
    1.0,
    1.0,
    1.0,
    1.0,
    1.0,
    1.0
  ],
  "v26_difficulty": [
    1.0,
    1.0,
    1.0,
    1.0,
    1.0,
    1.0,
    1.0,
    1.0,
    1.0,
    1.0,
    1.0,
    1.0,
    1.0,
    1.0,
    1.0,
    1.0,
    1.0,
    1.0,
    1.0,
    1.0,
    1.0,
    1.0,
    1.0,
    1.0,
    1.0,
    1.0,
    1.0,
    1.0,
    1.0,
    1.0,
    1.0
  ],
  "v27_chainwork": [
    0.0,
    3.0,
    3.0,
    7.0,
    11.0,
    14.0,
    17.0,
    22.0,
    24.0,
    29.0,
    33.0,
    36.0,
    39.0,
    42.0,
    46.0,
    48.0,
    50.0,
    52.0,
    54.0,
    54.0,
    57.0,
    58.0,
    61.0,
    64.0,
    65.0,
    66.0,
    71.0,
    73.0,
    77.0,
    82.0,
    83.0
  ],
  "v26_chainwork": [
    0.0,
    5.0,
    7.0,
    11.0,
    12.0,
    16.0,
    18.0,
    24.0,
    28.0,
    31.0,
    33.0,
    35.0,
    38.0,
    40.0,
    41.0,
    43.0,
    44.0,
    45.0,
    48.0,
    53.0,
    55.0,
    59.0,
    62.0,
    64.0,
    66.0,
    68.0,
    70.0,
    73.0,
    75.0,
    76.0,
    77.0
  ],
  "v27_fee_rate": [
    1.0,
    1.0,
    0.035460992907801414,
    0.035460992907801414,
    0.035460992907801414,
    0.035460992907801414,
    0.035460992907801414,
    0.035460992907801414,
    0.035460992907801414,
    0.035460992907801414,
    0.035460992907801414,
    0.035460992907801414,
    0.035460992907801414,
    0.035460992907801414,
    0.035460992907801414,
    0.035460992907801414,
    0.035460992907801414,
    0.035460992907801414,
    0.035460992907801414,
    0.035460992907801414,
    0.035460992907801414,
    0.035460992907801414,
    0.035460992907801414,
    0.035460992907801414,
    0.035460992907801414,
    0.035460992907801414,
    0.035460992907801414,
    0.035460992907801414,
    0.035460992907801414,
    0.035460992907801414,
    0.035460992907801414
  ],
  "v26_fee_rate": [
    1.0,
    1.0,
    0.035460992907801414,
    0.035460992907801414,
    0.035460992907801414,
    0.035460992907801414,
    0.035460992907801414,
    0.035460992907801414,
    0.035460992907801414,
    0.035460992907801414,
    0.035460992907801414,
    0.035460992907801414,
    0.035460992907801414,
    0.035460992907801414,
    0.035460992907801414,
    0.035460992907801414,
    0.035460992907801414,
    0.035460992907801414,
    0.035460992907801414,
    0.035460992907801414,
    0.035460992907801414,
    0.035460992907801414,
    0.035460992907801414,
    0.035460992907801414,
    0.035460992907801414,
    0.035460992907801414,
    0.035460992907801414,
    0.035460992907801414,
    0.035460992907801414,
    0.035460992907801414,
    0.035460992907801414
  ],
  "v27_fee_revenue_btc": [
    0.01,
    0.01,
    0.00035460992907801415,
    0.00035460992907801415,
    0.00035460992907801415,
    0.00035460992907801415,
    0.00035460992907801415,
    0.00035460992907801415,
    0.00035460992907801415,
    0.00035460992907801415,
    0.00035460992907801415,
    0.00035460992907801415,
    0.00035460992907801415,
    0.00035460992907801415,
    0.00035460992907801415,
    0.00035460992907801415,
    0.00035460992907801415,
    0.00035460992907801415,
    0.00035460992907801415,
    0.00035460992907801415,
    0.00035460992907801415,
    0.00035460992907801415,
    0.00035460992907801415,
    0.00035460992907801415,
    0.00035460992907801415,
    0.00035460992907801415,
    0.00035460992907801415,
    0.00035460992907801415,
    0.00035460992907801415,
    0.00035460992907801415,
    0.00035460992907801415
  ],