{
  "blocks_mined": {
    "v27": 69,
    "v26": 78
  },
  "total_blocks": 147,
  "final_hashrate": {
    "v27": 47.0,
    "v26": 47.0
  },
  "final_economic": {
    "v27": 50.0,
    "v26": 50.0
  },
  "final_prices": {
    "v27": 59635.5918367347,
    "v26": 60076.40816326531
  }
}