{
  "blocks_mined": {
    "v27": 1342,
    "v26": 1005
  },
  "total_blocks": 2347,
  "final_hashrate": {
    "v27": 50.5,
    "v26": 35.9
  },
  "final_economic": {
    "v27": 56.737060138721,
    "v26": 43.262939861279
  },
  "final_prices": {
    "v27": 61359.39227159158,
    "v26": 57987.80772840843
  }
}