{
  "timestamps": [
    0,
    60,
    120,
    180,
    240,
    301,
    362,
    422,
    483,
    544,
    605,
    665,
    725,
    786,
    847,
    908,
    968,
    1029,
    1089,
    1150,
    1211,
    1272,
    1332,
    1393,
    1453,
    1514,
    1575,
    1635,
    1696,
    1757,
    1800
  ],
  "v27_price": [
    60000,
    60000,
    56138.01591735919,
    56376.79142756327,
    56568.450699967885,
    56655.03719395493,
    56651.23905785506,
    56683.0863398944,
    56703.13219642896,
    56626.075618851726,
    56682.65111049223,
    54861.725569868846,
    54573.215917359186,
    54320.19152711528,
    54123.05288924547,
    53946.82362876564,
    53817.79877923306,
    53684.900005026146,
    53574.781433753626,
    53453.03813745232,
    53349.38390968618,
    53250.56116748218,
    53158.61726753451,
    53084.91502937929,
    53040.04091661976,
    52972.403426170305,
    52899.5931481368,
    52844.31739046048,
    52800.27161772338,
    52756.24542163984,
    52712.73258909792
  ],
  "v26_price": [
    60000,
    60000,
    63209.18408264081,
    62970.40857243674,
    62778.74930003213,
    62692.16280604507,
    62695.96094214494,
    62664.11366010559,
    62644.06780357105,
    62721.124381148285,
    62664.548889507765,
    64485.47443013116,
    64773.98408264082,
    65027.00847288473,
    65224.14711075454,
    65400.37637123437,
    65529.401220766944,
    65662.29999497386,
    65772.41856624637,
    65894.16186254768,
    65997.81609031383,
    66096.63883251783,
    66188.58273246551,
    66262.28497062072,
    66307.15908338025,
    66374.7965738297,
    66447.60685186321,
    66502.88260953952,
    66546.92838227663,
    66590.95457836016,
    66634.46741090209
  ],
  "v27_hashrate": [
    38.1,
    38.1,
    38.1,
    38.1,
    38.1,
    38.1,
    38.1,
    38.1,
    38.1,
    38.1,
    0.0,
    0.0,
    0.0,
    0.0,
    0.0,
    0.0,
    0.0,
    0.0,
    0.0,
    0.0,
    0.0,
    0.0,
    0.0,
    0.0,
    0.0,
    0.0,
    0.0,
    0.0,
    0.0,
    0.0,
    0.0
  ],
  "v26_hashrate": [
    48.3,
    48.3,
    48.3,
    48.3,
    48.3,
    48.3,
    48.3,
    48.3,
    48.3,
    48.3,
    86.4,
    86.4,
    86.4,
    86.4,
    86.4,
    86.4,
    86.4,
    86.4,
    86.4,
    86.4,
    86.4,
    86.4,
    86.4,
    86.4,
    86.4,
    86.4,
    86.4,
    86.4,
    86.4,
    86.4,
    86.4
  ],
  "v27_economic": [
    30.076799311326575,
    30.076799311326575,
    30.076799311326575,
    30.076799311326575,
    30.076799311326575,
    30.076799311326575,
    30.076799311326575,
    30.076799311326575,
    30.076799311326575,
    30.076799311326575,
    30.076799311326575,
    30.076799311326575,
    30.076799311326575,
    30.076799311326575,
    30.076799311326575,
    30.076799311326575,
    30.076799311326575,
    30.076799311326575,
    30.076799311326575,
    30.076799311326575,
    30.06796333916664,
    30.06796333916664,
    30.06796333916664,
    30.06796333916664,
    30.06796333916664,
    30.06796333916664,
    30.06796333916664,
    30.06796333916664,
    30.06796333916664,
    30.06796333916664,
    30.06796333916664
  ],
  "v26_economic": [
    69.92320068867342,
    69.92320068867342,
    69.92320068867342,
    69.92320068867342,
    69.92320068867342,
    69.92320068867342,
    69.92320068867342,
    69.92320068867342,
    69.92320068867342,
    69.92320068867342,
    69.92320068867342,
    69.92320068867342,
    69.92320068867342,
    69.92320068867342,
    69.92320068867342,
    69.92320068867342,
    69.92320068867342,
    69.92320068867342,
    69.92320068867342,
    69.92320068867342,
    69.93203666083336,
    69.93203666083336,
    69.93203666083336,
    69.93203666083336,
    69.93203666083336,
    69.93203666083336,
    69.93203666083336,
    69.93203666083336,
    69.93203666083336,
    69.93203666083336,
    69.93203666083336
  ],
  "v27_blocks": [
    0,
    9,
    20,
    30,
    42,
    54,
    64,
    78,
    89,
    105,
    117,
    117,
    117,
    117,
    117,
    117,
    117,
    117,
    117,
    117,
    117,
    117,
    117,
    117,
    117,
    117,
    117,
    117,
    117,
    117,
    117
  ],
  "v26_blocks": [
    0,
    15,
    29,
    39,
    52,
    67,
    78,
    94,
    112,
    128,
    142,
    193,
    249,
    295,
    325,
    350,
    379,
    406,
    440,
    474,
    510,
    548,
    581,
    600,
    631,
    668,
    699,
    726,
    756,
    788,
    812
  ],
  "v27_difficulty": [
    1.0,
    1.0,
    1.0,
    1.0,
    1.0,
    1.0,
    1.0,
    1.0,
    1.0,
    1.0,
    1.0,
    1.0,
    1.0,
    1.0,
    1.0,
    1.0,
    1.0,
    1.0,
    1.0,
    1.0,
    1.0,
    1.0,
    1.0,
    1.0,
    1.0,
    1.0,
    1.0,
    1.0,
    1.0,
    1.0,
    1.0
  ],
  "v26_difficulty": [
    1.0,
    1.0,
    1.0,
    1.0,
    1.0,
    1.0,
    1.0,
    1.0,
    1.0,
    1.0,
    1.0,
    0.47368421052631576,
    0.47368421052631576,
    0.8421052631578947,
    0.8421052631578947,
    0.8421052631578947,
    0.8421052631578947,
    0.8421052631578947,
    0.8004168837936424,
    0.8004168837936424,
    0.8004168837936424,
    0.8004168837936424,
    0.9408982144186491,
    0.9408982144186491,
    0.9408982144186491,
    0.9408982144186491,
    0.9408982144186491,
    0.903262285841903,
    0.903262285841903,
    0.903262285841903,
    0.903262285841903
  ],
  "v27_chainwork": [
    0.0,
    9.0,
    20.0,
    30.0,
    42.0,
    54.0,
    64.0,
    78.0,
    89.0,
    105.0,
    117.0,
    117.0,
    117.0,
    117.0,
    117.0,
    117.0,
    117.0,
    117.0,
    117.0,
    117.0,
    117.0,
    117.0,
    117.0,
    117.0,
    117.0,
    117.0,
    117.0,
    117.0,
    117.0,
    117.0,
    117.0
  ],
  "v26_chainwork": [
    0.0,
    15.0,
    29.0,
    39.0,
    52.0,
    67.0,
    78.0,
    94.0,
    112.0,
    128.0,
    142.0,
    167.21052631579013,
    193.73684210526457,
    218.10526315789664,
    243.36842105263335,
    264.4210526315809,
    288.84210526316053,
    311.57894736842434,
    339.87701928087915,
    367.0911933298621,
    395.9062011464323,
    426.3220427305897,
    453.4382065489043,
    471.31527262285897,
    500.48311726983763,
    535.2963512033283,
    564.464195850307,
    589.6426320681506,
    616.7405006434091,
    645.6448937903514,
    667.3231886505581
  ],
  "v27_fee_rate": [
    1.0,
    1.0,
    0.005730492962259216,
    0.005730492962259216,
    0.005730492962259216,
    0.005730492962259216,
    0.005730492962259216,
    0.005730492962259216,
    0.005730492962259216,
    0.005730492962259216,
    0.005730492962259216,
    2.183317818620761,
    2.183317818620761,
    2.183317818620761,
    2.183317818620761,
    2.183317818620761,
    2.183317818620761,
    2.183317818620761,
    2.183317818620761,
    2.183317818620761,
    2.183317818620761,
    2.183107476811848,
    2.183107476811848,
    2.183107476811848,
    2.183107476811848,
    2.183107476811848,
    2.183107476811848,
    2.183107476811848,
    2.183107476811848,
    2.183107476811848,
    2.183107476811848
  ],
  "v26_fee_rate": [
    1.0,
    1.0,
    0.009282295751647835,
    0.009282295751647835,
    0.009282295751647835,
    0.009282295751647835,
    0.009282295751647835,
    0.009282295751647835,
    0.009282295751647835,
    0.009282295751647835,
    0.009282295751647835,
    0.005189061166719797,
    0.00245797634213043,
    0.00245797634213043,
    0.004369735719342987,
    0.004369735719342987,
    0.004369735719342987,
    0.004369735719342987,
    0.004369735719342987,
    0.004153412168880462,
    0.004153412168880462,
    0.004153607031305487,
    0.004153607031305487,
    0.0048826074490448184,
    0.0048826074490448184,
    0.0048826074490448184,
    0.0048826074490448184,
    0.0048826074490448184,
    0.004687303151083026,
    0.004687303151083026,
    0.004687303151083026
  ],