{
  "blocks_mined": {
    "v27": 9,
    "v26": 728
  },
  "total_blocks": 737,
  "final_hashrate": {
    "v27": 0.0,
    "v26": 86.4
  },
  "final_economic": {
    "v27": 0.0,
    "v26": 100.0
  },
  "final_prices": {
    "v27": 48063.529411764706,
    "v26": 71283.6705882353
  }
}