{
  "blocks_mined": {
    "v27": 421,
    "v26": 21
  },
  "total_blocks": 442,
  "final_hashrate": {
    "v27": 86.4,
    "v26": 0.0
  },
  "final_economic": {
    "v27": 100.0,
    "v26": 0.0
  },
  "final_prices": {
    "v27": 71030.32958435209,
    "v26": 48316.87041564793
  }
}