{
  "blocks_mined": {
    "v27": 4063,
    "v26": 521
  },
  "total_blocks": 4584,
  "final_hashrate": {
    "v27": 86.4,
    "v26": 0.0
  },
  "final_economic": {
    "v27": 100.0,
    "v26": 0.0
  },
  "final_prices": {
    "v27": 70328.32480008724,
    "v26": 49018.87519991278
  }
}