{
  "blocks_mined": {
    "v27": 1,
    "v26": 858
  },
  "total_blocks": 859,
  "final_hashrate": {
    "v27": 0.0,
    "v26": 98.36999999999999
  },
  "final_economic": {
    "v27": 88.60910127823763,
    "v26": 11.39089872176237
  },
  "final_prices": {
    "v27": 58641.69430392615,
    "v26": 61280.065696073856
  }
}