{
  "blocks_mined": {
    "v27": 4,
    "v26": 787
  },
  "total_blocks": 791,
  "final_hashrate": {
    "v27": 0.0,
    "v26": 86.4
  },
  "final_economic": {
    "v27": 0.0,
    "v26": 100.0
  },
  "final_prices": {
    "v27": 48009.91735537191,
    "v26": 71337.28264462811
  }
}