{
  "blocks_mined": {
    "v27": 13,
    "v26": 702
  },
  "total_blocks": 715,
  "final_hashrate": {
    "v27": 0.0,
    "v26": 86.4
  },
  "final_economic": {
    "v27": 0.0,
    "v26": 100.0
  },
  "final_prices": {
    "v27": 48118.74062968516,
    "v26": 71228.45937031486
  }
}