{
  "blocks_mined": {
    "v27": 8760,
    "v26": 1548
  },
  "total_blocks": 10308,
  "final_hashrate": {
    "v27": 86.4,
    "v26": 0.0
  },
  "final_economic": {
    "v27": 56.7732936381694,
    "v26": 43.226706361830594
  },
  "final_prices": {
    "v27": 64835.36176825428,
    "v26": 54511.83823174573
  }
}