{
  "blocks_mined": {
    "v27": 204,
    "v26": 28
  },
  "total_blocks": 232,
  "final_hashrate": {
    "v27": 86.4,
    "v26": 0.0
  },
  "final_economic": {
    "v27": 100.0,
    "v26": 0.0
  },
  "final_prices": {
    "v27": 70380.03582089553,
    "v26": 48967.16417910448
  }
}