{
  "blocks_mined": {
    "v27": 69,
    "v26": 321
  },
  "total_blocks": 390,
  "final_hashrate": {
    "v27": 20.5,
    "v26": 65.9
  },
  "final_economic": {
    "v27": 94.1359453365068,
    "v26": 5.864054663493206
  },
  "final_prices": {
    "v27": 61400.31344038083,
    "v26": 57946.88655961918
  }
}