{
  "blocks_mined": {
    "v27": 90,
    "v26": 109
  },
  "total_blocks": 199,
  "final_hashrate": {
    "v27": 38.1,
    "v26": 48.3
  },
  "final_economic": {
    "v27": 50.12210820410434,
    "v26": 49.87789179589566
  },
  "final_prices": {
    "v27": 59181.20132886338,
    "v26": 60165.99867113663
  }
}