{
  "timestamps": [
    0,
    60,
    120,
    181,
    242,
    302,
    363,
    424,
    484,
    545,
    606,
    666,
    727,
    787,
    848,
    908,
    969,
    1029,
    1090,
    1150,
    1211,
    1271,
    1332,
    1392,
    1453,
    1514,
    1574,
    1635,
    1696,
    1756,
    1800
  ],
  "v27_price": [
    60000,
    60000,
    50953.31877819766,
    50905.57342010747,
    51324.721493129786,
    51137.93416281304,
    51104.36772924661,
    51018.096106132885,
    51143.20888808776,
    51195.91254806415,
    51255.416680295566,
    49933.98058252427,
    49778.571428571435,
    49623.913043478264,
    49520.6106870229,
    49429.66507177034,
    49345.94594594595,
    49268.7898089172,
    49202.41448692153,
    49129.6786389414,
    49065.24064171123,
    49011.16751269036,
    48962.31884057971,
    48910.975609756104,
    48892.035398230095,
    48853.03244005641,
    48809.63855421687,
    48774.391805377716,
    48746.666666666664,
    48720.0,
    48695.1724137931
  ],
  "v26_price": [
    60000,
    60000,
    68968.44122180235,
    69016.18657989254,
    68597.03850687023,
    68783.82583718697,
    68817.3922707534,
    68903.66389386714,
    68778.55111191224,
    68725.84745193586,
    68666.34331970445,
    69987.77941747573,
    70143.18857142857,
    70297.84695652175,
    70401.14931297711,
    70492.09492822966,
    70575.81405405406,
    70652.9701910828,
    70719.34551307849,
    70792.0813610586,
    70856.51935828877,
    70910.59248730965,
    70959.4411594203,
    71010.7843902439,
    71029.7246017699,
    71068.7275599436,
    71112.12144578314,
    71147.3681946223,
    71175.09333333334,
    71201.76000000001,
    71226.58758620691
  ],
  "v27_hashrate": [
    26.89,
    26.89,
    26.89,
    26.89,
    26.89,
    26.89,
    26.89,
    26.89,
    26.89,
    26.89,
    0.0,
    0.0,
    0.0,
    0.0,
    0.0,
    0.0,
    0.0,
    0.0,
    0.0,
    0.0,
    0.0,
    0.0,
    0.0,
    0.0,
    0.0,
    0.0,
    0.0,
    0.0,
    0.0,
    0.0,
    0.0
  ],
  "v26_hashrate": [
    71.48,
    71.48,
    71.48,
    71.48,
    71.48,
    71.48,
    71.48,
    71.48,
    71.48,
    71.48,
    98.36999999999999,
    98.36999999999999,
    98.36999999999999,
    98.36999999999999,
    98.36999999999999,
    98.36999999999999,
    98.36999999999999,
    98.36999999999999,
    98.36999999999999,
    98.36999999999999,
    98.36999999999999,
    98.36999999999999,
    98.36999999999999,
    98.36999999999999,
    98.36999999999999,
    98.36999999999999,
    98.36999999999999,
    98.36999999999999,
    98.36999999999999,
    98.36999999999999,
    98.36999999999999
  ],
  "v27_economic": [
    0.008835972159936437,
    0.008835972159936437,
    0.008835972159936437,
    0.008835972159936437,
    0.008835972159936437,
    0.008835972159936437,
    0.008835972159936437,
    0.008835972159936437,
    0.008835972159936437,
    0.008835972159936437,
    0.0,
    0.0,
    0.0,
    0.0,
    0.0,
    0.0,
    0.0,
    0.0,
    0.0,
    0.0,
    0.0,
    0.0,
    0.0,
    0.0,
    0.0,
    0.0,
    0.0,
    0.0,
    0.0,
    0.0,
    0.0
  ],
  "v26_economic": [
    99.99116402784006,
    99.99116402784006,
    99.99116402784006,
    99.99116402784006,
    99.99116402784006,
    99.99116402784006,
    99.99116402784006,
    99.99116402784006,
    99.99116402784006,
    99.99116402784006,
    100.0,
    100.0,
    100.0,
    100.0,
    100.0,
    100.0,
    100.0,
    100.0,
    100.0,
    100.0,
    100.0,
    100.0,
    100.0,
    100.0,
    100.0,
    100.0,
    100.0,
    100.0,
    100.0,
    100.0,
    100.0
  ],
  "v27_blocks": [
    0,
    6,
    13,
    24,
    30,
    36,
    41,
    54,
    64,
    75,
    83,
    83,
    83,
    83,
    83,
    83,
    83,
    83,
    83,
    83,
    83,
    83,
    83,
    84,
    84,
    84,
    84,
    84,
    84,
    84,
    84
  ],
  "v26_blocks": [
    0,
    20,
    45,
    61,
    87,
    107,
    130,
    156,
    178,
    200,
    226,
    253,
    285,
    310,
    335,
    361,
    388,
    414,
    446,
    478,
    508,
    538,
    573,
    594,
    625,
    663,
    697,
    726,
    756,
    786,
    810
  ],
  "v27_difficulty": [
    1.0,
    1.0,
    1.0,
    1.0,
    1.0,
    1.0,
    1.0,
    1.0,
    1.0,
    1.0,
    1.0,
    1.0,
    1.0,
    1.0,
    1.0,
    1.0,
    1.0,
    1.0,
    1.0,
    1.0,
    1.0,
    1.0,
    1.0,
    1.0,
    1.0,
    1.0,
    1.0,
    1.0,
    1.0,
    1.0,
    1.0
  ],
  "v26_difficulty": [
    1.0,
    1.0,
    1.0,
    1.0,
    1.0,
    1.0,
    1.0,
    1.0,
    1.0,
    1.0,
    1.0,
    1.0,
    1.0,
    1.0,
    1.0,
    1.0,
    1.0,
    1.0,
    1.0,
    1.0,
    1.0,
    1.0,
    1.0,
    1.0,
    1.0,
    1.0,
    1.0,
    1.0,
    1.0,
    1.0,
    1.0
  ],
  "v27_chainwork": [
    0.0,
    6.0,
    13.0,
    24.0,
    30.0,
    36.0,
    41.0,
    54.0,
    64.0,
    75.0,
    83.0,
    83.0,
    83.0,
    83.0,
    83.0,
    83.0,
    83.0,
    83.0,
    83.0,
    83.0,
    83.0,
    83.0,
    83.0,
    84.0,
    84.0,
    84.0,
    84.0,
    84.0,
    84.0,
    84.0,
    84.0
  ],
  "v26_chainwork": [
    0.0,
    20.0,
    45.0,
    61.0,
    87.0,
    107.0,
    130.0,
    156.0,
    178.0,
    200.0,
    226.0,
    253.0,
    285.0,
    310.0,
    335.0,
    361.0,
    388.0,
    414.0,
    446.0,
    478.0,
    508.0,
    538.0,
    573.0,
    594.0,
    625.0,
    663.0,
    697.0,
    726.0,
    756.0,
    786.0,
    810.0
  ],
  "v27_fee_rate": [
    1.0,
    1.0,
    7.822306021322755e-07,
    7.822306021322755e-07,
    7.822306021322755e-07,
    7.822306021322755e-07,
    7.822306021322755e-07,
    7.822306021322755e-07,
    7.822306021322755e-07,
    7.822306021322755e-07,
    7.822306021322755e-07,
    0.0,
    0.0,
    0.0,
    0.0,
    0.0,
    0.0,
    0.0,
    0.0,
    0.0,
    0.0,
    0.0,
    0.0,
    0.0,
    0.0,
    0.0,
    0.0,
    0.0,
    0.0,
    0.0,
    0.0
  ],
  "v26_fee_rate": [
    1.0,
    1.0,
    0.009326323901591707,
    0.009326323901591707,
    0.009326323901591707,
    0.009326323901591707,
    0.009326323901591707,
    0.009326323901591707,
    0.009326323901591707,
    0.009326323901591707,
    0.009326323901591707,
    0.006777133950052523,
    0.006777133950052523,
    0.006777133950052523,
    0.006777133950052523,
    0.006777133950052523,
    0.006777133950052523,
    0.006777133950052523,
    0.006777133950052523,
    0.006777133950052523,
    0.006777133950052523,
    0.006777133950052523,
    0.006777133950052523,
    0.006777133950052523,
    0.006777133950052523,
    0.006777133950052523,
    0.006777133950052523,
    0.006777133950052523,
    0.006777133950052523,
    0.006777133950052523,
    0.006777133950052523
  ],
  "v27_fee_revenue_btc": [
    0.01,
    0.01,
    7.822306021322755e-09,
    7.822306021322755e-09,
    7.822306021322755e-09,
    7.822306021322755e-09,
    7.822306021322755e-09,
    7.822306021322755e-09,
    7.822306021322755e-09,
    7.822306021322755e-09,
    7.822306021322755e-09,
    0.0,
    0.0,
    0.0,
    0.0,
    0.0,
    0.0,
    0.0,
    0.0,
    0.0,
    0.0,
    0.0,
    0.0,
    0.0,
    0.0,
    0.0,
    0.0,
    0.0,
    0.0,
    0.0,
    0.0
  ],