{
  "config": {
    "base_price": 60000,
    "max_divergence": 0.2,
    "coefficients": {
      "chain_weight": 0.3,
      "economic_weight": 0.5,
      "hashrate_weight": 0.2
    }
  },
  "current_prices": {
    "v27": 62429.73599936599,
    "v26": 56917.46400063401
  },
  "timeline": {
    "timestamps": [
      1772721044.1985922,
      1772721105.2988362,
      1772721105.298848,
      1772721166.2435825,
      1772721166.2435927,
      1772721226.6778057,
      1772721226.6778123,
      1772721286.8614643,
      1772721286.8614745,
      1772721347.416737,
      1772721347.416745,
      1772721407.9105604,
      1772721407.9105656,
      1772721468.5879745,
      1772721468.5879824,
      1772721529.193188,
      1772721529.1931934,
      1772721589.946072,
      1772721589.9460807,
      1772721650.5076602,
      1772721650.5076654,
      1772721710.5407114,
      1772721710.5407193,
      1772721771.5344076,
      1772721771.534416,
      1772721831.6173637,
      1772721831.6173697,
      1772721892.0569408,
      1772721892.056947,
      1772721952.3356144,
      1772721952.3356192,
      1772722012.707208,
      1772722012.7072155,
      1772722073.034191,
      1772722073.0341983,
      1772722133.2493262,
      1772722133.2493317,
      1772722193.426574,
      1772722193.4265792,
      1772722253.77329,
      1772722253.7732985,
      1772722314.6314514,
      1772722314.6314569,
      1772722375.5753512,
      1772722375.5753582,
      1772722436.1720188,
      1772722436.1720283,
      1772722497.0962083,
      1772722497.0962167,
      1772722557.9007301,
      1772722557.9007375,
      1772722618.2044299,
      1772722618.204435,
      1772722678.7311928,
      1772722678.7311976,
      1772722739.2752964,
      1772722739.2753015,
      1772722799.605385,
      1772722799.605392
    ],
    "v27_prices": [
      60000,
      58543.45298449252,
      58543.45298449252,
      58867.45298449252,
      58867.45298449252,
      59032.02441306395,
      59032.02441306395,
      59026.61087922936,
      59026.61087922936,
      59056.67612498839,
      59056.67612498839,
      59116.18025721979,
      59116.18025721979,
      59131.31425616882,
      59131.31425616882,
      59015.7302122153,
      59015.7302122153,
      59104.99144603099,
      59104.99144603099,
      58707.162637002184,
      58707.162637002184,
      58681.36221928517,
      58681.36221928517,
      58586.78458666067,
      58586.78458666067,
      58583.889189753754,
      58583.889189753754,
      58535.69564334727,
      58535.69564334727,
      58511.450341329255,
      58511.450341329255,
      58475.66379000601,
      58475.66379000601,
      58433.207010868995,
      58433.207010868995,
      58395.501389488185,
      58395.501389488185,
      58368.24181385869,
      58368.24181385869,
      61102.22261289878,
      61102.22261289878,
      61291.61110139931,
      61291.61110139931,
      61487.13936001841,
      61487.13936001841,
      61642.30330465955,
      61642.30330465955,
      61816.773904402246,
      61816.773904402246,
      61955.74805697626,
      61955.74805697626,
      62083.80923641804,
      62083.80923641804,
      62210.46502466978,
      62210.46502466978,
      62327.697550441815,
      62327.697550441815,
      62429.73599936599,
      62429.73599936599
    ],
    "v26_prices": [
      60000,
      60000,
      60803.74701550749,
      60803.74701550749,
      60479.74701550747,
      60479.74701550747,
      60315.17558693606,
      60315.17558693606,
      60320.58912077064,
      60320.58912077064,
      60290.52387501162,
      60290.52387501162,
      60231.019742780205,
      60231.019742780205,
      60215.88574383118,
      60215.88574383118,
      60331.469787784714,
      60331.469787784714,
      60242.208553969016,
      60242.208553969016,
      60640.03736299783,
      60640.03736299783,
      60665.83778071484,
      60665.83778071484,
      60760.415413339324,
      60760.415413339324,
      60763.31081024625,
      60763.31081024625,
      60811.50435665273,
      60811.50435665273,
      60835.74965867075,
      60835.74965867075,
      60871.53620999401,
      60871.53620999401,
      60913.99298913102,
      60913.99298913102,
      60951.69861051182,
      60951.69861051182,
      60978.958186141324,
      60978.958186141324,
      58244.97738710123,
      58244.97738710123,
      58055.5888986007,
      58055.5888986007,
      57860.060639981595,
      57860.060639981595,
      57704.89669534045,
      57704.89669534045,
      57530.426095597766,
      57530.426095597766,
      57391.45194302375,
      57391.45194302375,
      57263.39076358197,
      57263.39076358197,
      57136.734975330226,
      57136.734975330226,
      57019.5024495582,
      57019.5024495582,
      56917.46400063401
    ]
  },
  "history": [
    {
      "timestamp": 1772721044.1985922,
      "chain_id": "v27",
      "price": 60000,
      "metadata": {
        "initial": true
      }
    },
    {
      "timestamp": 1772721044.1985922,
      "chain_id": "v26",
      "price": 60000,
      "metadata": {
        "initial": true
      }
    },
    {
      "timestamp": 1772721105.2988362,
      "chain_id": "v27",
      "price": 58543.45298449252,
      "metadata": {
        "fork_sustained": true,
        "fork_depth": 24
      }
    },
    {
      "timestamp": 1772721105.298848,
      "chain_id": "v26",
      "price": 60803.74701550749,
      "metadata": {
        "fork_sustained": true,
        "fork_depth": 24
      }
    },
    {
      "timestamp": 1772721166.2435825,
      "chain_id": "v27",
      "price": 58867.45298449252,
      "metadata": {
        "fork_sustained": true,
        "fork_depth": 50
      }
    },
    {
      "timestamp": 1772721166.2435927,
      "chain_id": "v26",
      "price": 60479.74701550747,
      "metadata": {
        "fork_sustained": true,
        "fork_depth": 50
      }
    },
    {
      "timestamp": 1772721226.6778057,
      "chain_id": "v27",
      "price": 59032.02441306395,
      "metadata": {
        "fork_sustained": true,
        "fork_depth": 70
      }
    },
    {
      "timestamp": 1772721226.6778123,
      "chain_id": "v26",
      "price": 60315.17558693606,
      "metadata": {
        "fork_sustained": true,
        "fork_depth": 70
      }
    },
    {
      "timestamp": 1772721286.8614643,
      "chain_id": "v27",
      "price": 59026.61087922936,
      "metadata": {
        "fork_sustained": true,
        "fork_depth": 95
      }
    },
    {
      "timestamp": 1772721286.8614745,
      "chain_id": "v26",
      "price": 60320.58912077064,
      "metadata": {
        "fork_sustained": true,
        "fork_depth": 95
      }
    },
    {
      "timestamp": 1772721347.416737,
      "chain_id": "v27",
      "price": 59056.67612498839,
      "metadata": {
        "fork_sustained": true,
        "fork_depth": 121
      }
    },
    {
      "timestamp": 1772721347.416745,
      "chain_id": "v26",
      "price": 60290.52387501162,
      "metadata": {
        "fork_sustained": true,
        "fork_depth": 121
      }
    },
    {
      "timestamp": 1772721407.9105604,
      "chain_id": "v27",
      "price": 59116.18025721979,
      "metadata": {
        "fork_sustained": true,
        "fork_depth": 143
      }
    },
    {
      "timestamp": 1772721407.9105656,
      "chain_id": "v26",
      "price": 60231.019742780205,
      "metadata": {
        "fork_sustained": true,
        "fork_depth": 143
      }
    },
    {
      "timestamp": 1772721468.5879745,
      "chain_id": "v27",
      "price": 59131.31425616882,
      "metadata": {
        "fork_sustained": true,
        "fork_depth": 173
      }
    },
    {
      "timestamp": 1772721468.5879824,
      "chain_id": "v26",
      "price": 60215.88574383118,
      "metadata": {
        "fork_sustained": true,
        "fork_depth": 173
      }
    },
    {
      "timestamp": 1772721529.193188,
      "chain_id": "v27",
      "price": 59015.7302122153,