{
  "blocks_mined": {
    "v27": 102,
    "v26": 55
  },
  "total_blocks": 157,
  "final_hashrate": {
    "v27": 58.599999999999994,
    "v26": 27.799999999999997
  },
  "final_economic": {
    "v27": 53.128904538021004,
    "v26": 46.871095461978996
  },
  "final_prices": {
    "v27": 61688.268544562525,
    "v26": 57658.93145543748
  }
}