{
  "blocks_mined": {
    "v27": 120,
    "v26": 229
  },
  "total_blocks": 349,
  "final_hashrate": {
    "v27": 34.6,
    "v26": 51.8
  },
  "final_economic": {
    "v27": 50.12210820410434,
    "v26": 49.87789179589566
  },
  "final_prices": {
    "v27": 58159.07667787231,
    "v26": 61188.123322127685
  }
}