{
  "config": {
    "base_price": 60000,
    "max_divergence": 0.2,
    "coefficients": {
      "chain_weight": 0.3,
      "economic_weight": 0.5,
      "hashrate_weight": 0.2
    }
  },
  "current_prices": {
    "v27": 69046.27798507045,
    "v26": 50875.48201492955
  },
  "timeline": {
    "timestamps": [
      1772186192.3269882,
      1772186253.3854795,
      1772186253.3854873,
      1772186314.1211038,
      1772186314.1211133,
      1772186374.7467747,
      1772186374.7467825,
      1772186435.0018866,
      1772186435.0018945,
      1772186495.5717542,
      1772186495.5717602,
      1772186556.176581,
      1772186556.1765893,
      1772186616.4683084,
      1772186616.468317,
      1772186677.1607394,
      1772186677.160747,
      1772186737.342649,
      1772186737.3426552,
      1772186797.5174503,
      1772186797.517456,
      1772186857.5993226,
      1772186857.5993285,
      1772186918.4292126,
      1772186918.4292204,
      1772186979.0741014,
      1772186979.074109,
      1772187039.738476,
      1772187039.7384822,
      1772187100.4071386,
      1772187100.407146,
      1772187161.106477,
      1772187161.106483,
      1772187221.8644295,
      1772187221.8644376,
      1772187282.7522914,
      1772187282.7522967,
      1772187343.6283426,
      1772187343.628348,
      1772187404.4182873,
      1772187404.418294,
      1772187465.400056,
      1772187465.4000635,
      1772187525.4838862,
      1772187525.483892,
      1772187586.0646486,
      1772187586.0646565,
      1772187646.60504,
      1772187646.605045,
      1772187706.7392695,
      1772187706.7392783,
      1772187766.750285,
      1772187766.750291,
      1772187827.6227798,
      1772187827.6227853,
      1772187888.5327926,
      1772187888.5328,
      1772187949.4742393,
      1772187949.474253
    ],
    "v27_prices": [
      60000,
      65368.268341402414,
      65368.268341402414,
      65186.67943850203,
      65186.67943850203,
      65290.9874827262,
      65290.9874827262,
      65112.28902659957,
      65112.28902659957,
      65129.27993255099,
      65129.27993255099,
      65249.12701760993,
      65249.12701760993,
      65140.36992403031,
      65140.36992403031,
      65167.49911063318,
      65167.49911063318,
      65059.238241067964,
      65059.238241067964,
      67123.392881125,
      67123.392881125,
      67365.28899015125,
      67365.28899015125,
      67605.51141832549,
      67605.51141832549,
      67771.66526447934,
      67771.66526447934,
      67917.04987986396,
      67917.04987986396,
      68040.67625349032,
      68040.67625349032,
      68155.20669093297,
      68155.20669093297,
      68265.09183790591,
      68265.09183790591,
      68373.10428173585,
      68373.10428173585,
      68474.92107843282,
      68474.92107843282,
      68556.68161097585,
      68556.68161097585,
      68631.82677400297,
      68631.82677400297,
      68712.88688554402,
      68712.88688554402,
      68752.16713056699,
      68752.16713056699,
      68803.30349420336,
      68803.30349420336,
      68871.4807241067,
      68871.4807241067,
      68923.81661510307,
      68923.81661510307,
      68966.266509449,
      68966.266509449,
      69007.07731020772,
      69007.07731020772,
      69046.27798507045,
      69046.27798507045
    ],
    "v26_prices": [
      60000,
      60000,
      54553.49165859759,
      54553.49165859759,
      54735.08056149797,
      54735.08056149797,
      54630.7725172738,
      54630.7725172738,
      54809.47097340043,
      54809.47097340043,
      54792.48006744901,
      54792.48006744901,
      54672.632982390074,
      54672.632982390074,
      54781.39007596969,
      54781.39007596969,
      54754.26088936682,
      54754.26088936682,
      54862.52175893204,
      54862.52175893204,
      52798.36711887502,
      52798.36711887502,
      52556.47100984875,
      52556.47100984875,
      52316.24858167451,
      52316.24858167451,
      52150.094735520666,
      52150.094735520666,
      52004.71012013605,
      52004.71012013605,
      51881.08374650968,
      51881.08374650968,
      51766.553309067036,
      51766.553309067036,
      51656.668162094094,
      51656.668162094094,
      51548.655718264155,
      51548.655718264155,
      51446.83892156718,
      51446.83892156718,
      51365.07838902415,
      51365.07838902415,
      51289.933225997025,
      51289.933225997025,
      51208.87311445598,
      51208.87311445598,
      51169.592869433014,
      51169.592869433014,
      51118.45650579665,
      51118.45650579665,
      51050.27927589331,
      51050.27927589331,
      50997.94338489693,
      50997.94338489693,
      50955.49349055102,
      50955.49349055102,
      50914.682689792295,
      50914.682689792295,
      50875.48201492955
    ]
  },
  "history": [
    {
      "timestamp": 1772186192.3269882,
      "chain_id": "v27",
      "price": 60000,
      "metadata": {
        "initial": true
      }
    },
    {
      "timestamp": 1772186192.3269882,
      "chain_id": "v26",
      "price": 60000,
      "metadata": {
        "initial": true
      }
    },
    {
      "timestamp": 1772186253.3854795,
      "chain_id": "v27",
      "price": 65368.268341402414,
      "metadata": {
        "fork_sustained": true,
        "fork_depth": 26
      }
    },
    {
      "timestamp": 1772186253.3854873,
      "chain_id": "v26",
      "price": 54553.49165859759,
      "metadata": {
        "fork_sustained": true,
        "fork_depth": 26
      }
    },
    {
      "timestamp": 1772186314.1211038,
      "chain_id": "v27",
      "price": 65186.67943850203,
      "metadata": {
        "fork_sustained": true,
        "fork_depth": 61
      }
    },
    {
      "timestamp": 1772186314.1211133,
      "chain_id": "v26",
      "price": 54735.08056149797,
      "metadata": {
        "fork_sustained": true,
        "fork_depth": 61
      }
    },
    {
      "timestamp": 1772186374.7467747,
      "chain_id": "v27",
      "price": 65290.9874827262,
      "metadata": {
        "fork_sustained": true,
        "fork_depth": 86
      }
    },
    {
      "timestamp": 1772186374.7467825,
      "chain_id": "v26",
      "price": 54630.7725172738,
      "metadata": {
        "fork_sustained": true,
        "fork_depth": 86
      }
    },
    {
      "timestamp": 1772186435.0018866,
      "chain_id": "v27",
      "price": 65112.28902659957,
      "metadata": {
        "fork_sustained": true,
        "fork_depth": 119
      }
    },
    {
      "timestamp": 1772186435.0018945,
      "chain_id": "v26",
      "price": 54809.47097340043,
      "metadata": {
        "fork_sustained": true,
        "fork_depth": 119
      }
    },
    {
      "timestamp": 1772186495.5717542,
      "chain_id": "v27",
      "price": 65129.27993255099,
      "metadata": {
        "fork_sustained": true,
        "fork_depth": 146
      }
    },
    {
      "timestamp": 1772186495.5717602,
      "chain_id": "v26",
      "price": 54792.48006744901,
      "metadata": {
        "fork_sustained": true,
        "fork_depth": 146
      }
    },
    {
      "timestamp": 1772186556.176581,
      "chain_id": "v27",
      "price": 65249.12701760993,
      "metadata": {
        "fork_sustained": true,
        "fork_depth": 172
      }
    },
    {
      "timestamp": 1772186556.1765893,
      "chain_id": "v26",
      "price": 54672.632982390074,
      "metadata": {
        "fork_sustained": true,
        "fork_depth": 172
      }
    },
    {
      "timestamp": 1772186616.4683084,
      "chain_id": "v27",
      "price": 65140.36992403031,
      "metadata": {
        "fork_sustained": true,
        "fork_depth": 209
      }
    },
    {
      "timestamp": 1772186616.468317,
      "chain_id": "v26",
      "price": 54781.39007596969,
      "metadata": {
        "fork_sustained": true,
        "fork_depth": 209
      }
    },
    {
      "timestamp": 1772186677.1607394,
      "chain_id": "v27",
      "price": 65167.49911063318,