{
  "timestamps": [
    0,
    60,
    121,
    181,
    242,
    302,
    363,
    423,
    484,
    544,
    604,
    664,
    725,
    786,
    846,
    907,
    968,
    1028,
    1089,
    1150,
    1211,
    1272,
    1332,
    1393,
    1453,
    1513,
    1573,
    1634,
    1695,
    1756,
    1800
  ],
  "v27_price": [
    60000,
    60000,
    65368.268341402414,
    65186.67943850203,
    65290.9874827262,
    65112.28902659957,
    65129.27993255099,
    65249.12701760993,
    65140.36992403031,
    65167.49911063318,
    65059.238241067964,
    67123.392881125,
    67365.28899015125,
    67605.51141832549,
    67771.66526447934,
    67917.04987986396,
    68040.67625349032,
    68155.20669093297,
    68265.09183790591,
    68373.10428173585,
    68474.92107843282,
    68556.68161097585,
    68631.82677400297,
    68712.88688554402,
    68752.16713056699,
    68803.30349420336,
    68871.4807241067,
    68923.81661510307,
    68966.266509449,
    69007.07731020772,
    69046.27798507045
  ],
  "v26_price": [
    60000,
    60000,
    54553.49165859759,
    54735.08056149797,
    54630.7725172738,
    54809.47097340043,
    54792.48006744901,
    54672.632982390074,
    54781.39007596969,
    54754.26088936682,
    54862.52175893204,
    52798.36711887502,
    52556.47100984875,
    52316.24858167451,
    52150.094735520666,
    52004.71012013605,
    51881.08374650968,
    51766.553309067036,
    51656.668162094094,
    51548.655718264155,
    51446.83892156718,
    51365.07838902415,
    51289.933225997025,
    51208.87311445598,
    51169.592869433014,
    51118.45650579665,
    51050.27927589331,
    50997.94338489693,
    50955.49349055102,
    50914.682689792295,
    50875.48201492955
  ],
  "v27_hashrate": [
    57.53,
    57.53,
    57.53,
    57.53,
    57.53,
    57.53,
    57.53,
    57.53,
    57.53,
    57.53,
    98.36999999999999,
    98.36999999999999,
    98.36999999999999,
    98.36999999999999,
    98.36999999999999,
    98.36999999999999,
    98.36999999999999,
    98.36999999999999,
    98.36999999999999,
    98.36999999999999,
    98.36999999999999,
    98.36999999999999,
    98.36999999999999,
    98.36999999999999,
    98.36999999999999,
    98.36999999999999,
    98.36999999999999,
    98.36999999999999,
    98.36999999999999,
    98.36999999999999,
    98.36999999999999
  ],
  "v26_hashrate": [
    40.839999999999996,
    40.839999999999996,
    40.839999999999996,
    40.839999999999996,
    40.839999999999996,
    40.839999999999996,
    40.839999999999996,
    40.839999999999996,
    40.839999999999996,
    40.839999999999996,
    0.0,
    0.0,
    0.0,
    0.0,
    0.0,
    0.0,
    0.0,
    0.0,
    0.0,
    0.0,
    0.0,
    0.0,
    0.0,
    0.0,
    0.0,
    0.0,
    0.0,
    0.0,
    0.0,
    0.0,
    0.0
  ],
  "v27_economic": [
    84.80049258860986,
    84.80049258860986,
    84.80049258860986,
    84.80049258860986,
    84.80049258860986,
    84.80049258860986,
    84.80049258860986,
    84.80049258860986,
    84.80049258860986,
    84.80049258860986,
    84.80049258860986,
    84.80049258860986,
    84.80049258860986,
    84.80049258860986,
    84.80049258860986,
    84.80049258860986,
    84.80049258860986,
    84.80049258860986,
    84.80049258860986,
    84.80049258860986,
    84.83672608805827,
    84.83672608805827,
    84.83672608805827,
    84.83672608805827,
    84.83672608805827,
    84.83672608805827,
    84.83672608805827,
    84.83672608805827,
    84.83672608805827,
    84.83672608805827,
    84.83672608805827
  ],
  "v26_economic": [
    15.199507411390146,
    15.199507411390146,
    15.199507411390146,
    15.199507411390146,
    15.199507411390146,
    15.199507411390146,
    15.199507411390146,
    15.199507411390146,
    15.199507411390146,
    15.199507411390146,
    15.199507411390146,
    15.199507411390146,
    15.199507411390146,
    15.199507411390146,
    15.199507411390146,
    15.199507411390146,
    15.199507411390146,
    15.199507411390146,
    15.199507411390146,
    15.199507411390146,
    15.163273911941735,
    15.163273911941735,
    15.163273911941735,
    15.163273911941735,
    15.163273911941735,
    15.163273911941735,
    15.163273911941735,
    15.163273911941735,
    15.163273911941735,
    15.163273911941735,
    15.163273911941735
  ],
  "v27_blocks": [
    0,
    16,
    36,
    52,
    69,
    85,
    103,
    122,
    141,
    158,
    179,
    206,
    238,
    264,
    290,
    315,
    341,
    369,
    400,
    433,
    461,
    491,
    527,
    546,
    577,
    616,
    649,
    678,
    708,
    739,
    762
  ],
  "v26_blocks": [
    0,
    10,
    25,
    34,
    50,
    61,
    69,
    87,
    99,
    118,
    126,
    126,
    126,
    126,
    126,
    126,
    126,
    126,
    126,
    126,
    126,
    126,
    126,
    126,
    127,
    127,
    127,
    127,
    127,
    127,
    127
  ],
  "v27_difficulty": [
    1.0,
    1.0,
    1.0,
    1.0,
    1.0,
    1.0,
    1.0,
    1.0,
    1.0,
    1.0,
    1.0,
    1.0,
    1.0,
    1.0,
    1.0,
    1.0,
    1.0,
    1.0,
    1.0,
    1.0,
    1.0,
    1.0,
    1.0,
    1.0,
    1.0,
    1.0,
    1.0,
    1.0,
    1.0,
    1.0,
    1.0
  ],
  "v26_difficulty": [
    1.0,
    1.0,
    1.0,
    1.0,
    1.0,
    1.0,
    1.0,
    1.0,
    1.0,
    1.0,
    1.0,
    1.0,
    1.0,
    1.0,
    1.0,
    1.0,
    1.0,
    1.0,
    1.0,
    1.0,
    1.0,
    1.0,
    1.0,
    1.0,
    1.0,
    1.0,
    1.0,
    1.0,
    1.0,
    1.0,
    1.0
  ],
  "v27_chainwork": [
    0.0,
    16.0,
    36.0,
    52.0,
    69.0,
    85.0,
    103.0,
    122.0,
    141.0,
    158.0,
    179.0,
    206.0,
    238.0,
    264.0,
    290.0,
    315.0,
    341.0,
    369.0,
    400.0,
    433.0,
    461.0,
    491.0,
    527.0,
    546.0,
    577.0,
    616.0,
    649.0,
    678.0,
    708.0,
    739.0,
    762.0
  ],
  "v26_chainwork": [
    0.0,
    10.0,
    25.0,
    34.0,
    50.0,
    61.0,
    69.0,
    87.0,
    99.0,
    118.0,
    126.0,
    126.0,
    126.0,
    126.0,
    126.0,
    126.0,
    126.0,
    126.0,
    126.0,
    126.0,
    126.0,
    126.0,
    126.0,
    126.0,
    127.0,
    127.0,
    127.0,
    127.0,
    127.0,
    127.0,
    127.0
  ],
  "v27_fee_rate": [
    1.0,
    1.0,
    0.010278620121765288,
    0.010278620121765288,
    0.010278620121765288,
    0.010278620121765288,
    0.010278620121765288,
    0.010278620121765288,
    0.010278620121765288,
    0.010278620121765288,
    0.010278620121765288,
    0.006011273920963271,
    0.006011273920963271,
    0.006011273920963271,
    0.006011273920963271,
    0.006011273920963271,
    0.006011273920963271,
    0.006011273920963271,
    0.006011273920963271,
    0.006011273920963271,
    0.006011273920963271,
    0.006012150757977741,
    0.006012150757977741,
    0.006012150757977741,
    0.006012150757977741,
    0.006012150757977741,
    0.006012150757977741,
    0.006012150757977741,
    0.006012150757977741,
    0.006012150757977741,
    0.006012150757977741
  ],
  "v26_fee_rate": [
    1.0,
    1.0,
    0.0018447025235433317,
    0.0018447025235433317,
    0.0018447025235433317,
    0.0018447025235433317,
    0.0018447025235433317,
    0.0018447025235433317,
    0.0018447025235433317,
    0.0018447025235433317,
    0.0018447025235433317,
    0.7533765106150966,
    0.7533765106150966,
    0.7533765106150966,
    0.7533765106150966,
    0.7533765106150966,
    0.7533765106150966,
    0.7533765106150966,
    0.7533765106150966,
    0.7533765106150966,
    0.7533765106150966,
    0.7525139660439633,
    0.7525139660439633,
    0.7525139660439633,
    0.7525139660439633,
    0.7525139660439633,
    0.7525139660439633,
    0.7525139660439633,
    0.7525139660439633,
    0.7525139660439633,
    0.7525139660439633
  ],