{
  "blocks_mined": {
    "v27": 153,
    "v26": 80
  },
  "total_blocks": 233,
  "final_hashrate": {
    "v27": 55.099999999999994,
    "v26": 31.299999999999997
  },
  "final_economic": {
    "v27": 57.939778672287666,
    "v26": 42.060221327712334
  },
  "final_prices": {
    "v27": 62423.94706704815,
    "v26": 56923.25293295186
  }
}