{
  "blocks_mined": {
    "v27": 4173,
    "v26": 1498
  },
  "total_blocks": 5671,
  "final_hashrate": {
    "v27": 86.4,
    "v26": 0.0
  },
  "final_economic": {
    "v27": 56.73741253525133,
    "v26": 43.26258746474866
  },
  "final_prices": {
    "v27": 63697.729689285916,
    "v26": 55649.470310714096
  }
}