{
  "blocks_mined": {
    "v27": 6,
    "v26": 528
  },
  "total_blocks": 534,
  "final_hashrate": {
    "v27": 0.0,
    "v26": 86.4
  },
  "final_economic": {
    "v27": 0.0,
    "v26": 100.0
  },
  "final_prices": {
    "v27": 48092.110874200436,
    "v26": 71255.08912579958
  }
}