{
  "blocks_mined": {
    "v27": 179,
    "v26": 5257
  },
  "total_blocks": 5436,
  "final_hashrate": {
    "v27": 0.0,
    "v26": 86.4
  },
  "final_economic": {
    "v27": 56.73664319629601,
    "v26": 43.26335680370397
  },
  "final_prices": {
    "v27": 55115.90749754516,
    "v26": 64231.29250245484
  }
}