{
  "blocks_mined": {
    "v27": 5141,
    "v26": 1030
  },
  "total_blocks": 6171,
  "final_hashrate": {
    "v27": 86.4,
    "v26": 0.0
  },
  "final_economic": {
    "v27": 100.0,
    "v26": 0.0
  },
  "final_prices": {
    "v27": 69850.27853166424,
    "v26": 49496.92146833577
  }
}