{
  "blocks_mined": {
    "v27": 79,
    "v26": 73
  },
  "total_blocks": 152,
  "final_hashrate": {
    "v27": 47.0,
    "v26": 47.0
  },
  "final_economic": {
    "v27": 50.0,
    "v26": 50.0
  },
  "final_prices": {
    "v27": 60001.945945945954,
    "v26": 59710.05405405405
  }
}