{
  "timestamps": [
    0,
    60,
    120,
    180,
    240,
    301,
    361,
    422,
    482,
    542,
    602,
    663,
    723,
    783,
    844,
    904,
    964,
    1025,
    1085,
    1146,
    1206,
    1266,
    1327,
    1387,
    1447,
    1508,
    1568,
    1628,
    1688,
    1749,
    1800
  ],
  "v27_price": [
    60000,
    60000,
    60000,
    60256.0,
    60756.0,
    60000.0,
    59958.857142857145,
    60132.92307692307,
    60346.90909090909,
    60306.00000000001,
    60223.34693877552,
    60195.62264150943,
    60045.47368421053,
    60096.0,
    60306.00000000001,
    60221.21739130435,
    60192.00000000001,
    60035.99999999999,
    60023.441860465115,
    60230.99999999999,
    60100.66019417476,
    60087.192660550456,
    60108.63157894737,
    60155.99999999999,
    60141.71428571429,
    60137.25,
    60149.333333333336,
    60092.496350364956,
    60085.78723404255,
    60029.79310344828,
    60001.945945945954
  ],
  "v26_price": [
    60000,
    60000,
    60000,
    59456.0,
    58956.0,
    59712.0,
    59753.142857142855,
    59579.07692307692,
    59365.090909090904,
    59406.0,
    59488.65306122449,
    59516.377358490565,
    59666.52631578947,
    59616.0,
    59406.0,
    59490.78260869565,
    59520.0,
    59675.99999999999,
    59688.558139534885,
    59481.0,
    59611.33980582525,
    59624.807339449544,
    59603.36842105263,
    59555.99999999999,
    59570.28571428572,
    59574.75,
    59562.666666666664,
    59619.50364963503,
    59626.21276595745,
    59682.206896551725,
    59710.05405405405
  ],
  "v27_hashrate": [
    47.0,
    47.0,
    47.0,
    47.0,
    47.0,
    47.0,
    47.0,
    47.0,
    47.0,
    47.0,
    47.0,
    47.0,
    47.0,
    47.0,
    47.0,
    47.0,
    47.0,
    47.0,
    47.0,
    47.0,
    47.0,
    47.0,
    47.0,
    47.0,
    47.0,
    47.0,
    47.0,
    47.0,
    47.0,
    47.0,
    47.0
  ],
  "v26_hashrate": [
    47.0,
    47.0,
    47.0,
    47.0,
    47.0,
    47.0,
    47.0,
    47.0,
    47.0,
    47.0,
    47.0,
    47.0,
    47.0,
    47.0,
    47.0,
    47.0,
    47.0,
    47.0,
    47.0,
    47.0,
    47.0,
    47.0,
    47.0,
    47.0,
    47.0,
    47.0,
    47.0,
    47.0,
    47.0,
    47.0,
    47.0
  ],
  "v27_economic": [
    50.0,
    50.0,
    50.0,
    50.0,
    50.0,
    50.0,
    50.0,
    50.0,
    50.0,
    50.0,
    50.0,
    50.0,
    50.0,
    50.0,
    50.0,
    50.0,
    50.0,
    50.0,
    50.0,
    50.0,
    50.0,
    50.0,
    50.0,
    50.0,
    50.0,
    50.0,
    50.0,
    50.0,
    50.0,
    50.0,
    50.0
  ],
  "v26_economic": [
    50.0,
    50.0,
    50.0,
    50.0,
    50.0,
    50.0,
    50.0,
    50.0,
    50.0,
    50.0,
    50.0,
    50.0,
    50.0,
    50.0,
    50.0,
    50.0,
    50.0,
    50.0,
    50.0,
    50.0,
    50.0,
    50.0,
    50.0,
    50.0,
    50.0,
    50.0,
    50.0,
    50.0,
    50.0,
    50.0,
    50.0
  ],
  "v27_blocks": [
    0,
    2,
    5,
    10,
    13,
    18,
    21,
    25,
    27,
    27,
    29,
    30,
    32,
    36,
    38,
    41,
    42,
    45,
    53,
    55,
    58,
    61,
    65,
    68,
    69,
    73,
    73,
    75,
    76,
    77,
    79
  ],
  "v26_blocks": [
    0,
    3,
    4,
    6,
    12,
    17,
    18,
    19,
    21,
    22,
    24,
    27,
    28,
    28,
    31,
    34,
    38,
    41,
    43,
    48,
    51,
    53,
    55,
    58,
    59,
    62,
    64,
    66,
    69,
    71,
    73
  ],
  "v27_difficulty": [
    1.0,
    1.0,
    1.0,
    1.0,
    1.0,
    1.0,
    1.0,
    1.0,
    1.0,
    1.0,
    1.0,
    1.0,
    1.0,
    1.0,
    1.0,
    1.0,
    1.0,
    1.0,
    1.0,
    1.0,
    1.0,
    1.0,
    1.0,
    1.0,
    1.0,
    1.0,
    1.0,
    1.0,
    1.0,
    1.0,
    1.0
  ],
  "v26_difficulty": [
    1.0,
    1.0,
    1.0,
    1.0,
    1.0,
    1.0,
    1.0,
    1.0,
    1.0,
    1.0,
    1.0,
    1.0,
    1.0,
    1.0,
    1.0,
    1.0,
    1.0,
    1.0,
    1.0,
    1.0,
    1.0,
    1.0,
    1.0,
    1.0,
    1.0,
    1.0,
    1.0,
    1.0,
    1.0,
    1.0,
    1.0
  ],
  "v27_chainwork": [
    0.0,
    2.0,
    5.0,
    10.0,
    13.0,
    18.0,
    21.0,
    25.0,
    27.0,
    27.0,
    29.0,
    30.0,
    32.0,
    36.0,
    38.0,
    41.0,
    42.0,
    45.0,
    53.0,
    55.0,
    58.0,
    61.0,
    65.0,
    68.0,
    69.0,
    73.0,
    73.0,
    75.0,
    76.0,
    77.0,
    79.0
  ],
  "v26_chainwork": [
    0.0,
    3.0,
    4.0,
    6.0,
    12.0,
    17.0,
    18.0,
    19.0,
    21.0,
    22.0,
    24.0,
    27.0,
    28.0,
    28.0,
    31.0,
    34.0,
    38.0,
    41.0,
    43.0,
    48.0,
    51.0,
    53.0,
    55.0,
    58.0,
    59.0,
    62.0,
    64.0,
    66.0,
    69.0,
    71.0,
    73.0
  ],
  "v27_fee_rate": [
    1.0,
    1.0,
    0.035460992907801414,
    0.035460992907801414,
    0.035460992907801414,
    0.035460992907801414,
    0.035460992907801414,
    0.035460992907801414,
    0.035460992907801414,
    0.035460992907801414,
    0.035460992907801414,
    0.035460992907801414,
    0.035460992907801414,
    0.035460992907801414,
    0.035460992907801414,
    0.035460992907801414,
    0.035460992907801414,
    0.035460992907801414,
    0.035460992907801414,
    0.035460992907801414,
    0.035460992907801414,
    0.035460992907801414,
    0.035460992907801414,
    0.035460992907801414,
    0.035460992907801414,
    0.035460992907801414,
    0.035460992907801414,
    0.035460992907801414,
    0.035460992907801414,
    0.035460992907801414,
    0.035460992907801414
  ],
  "v26_fee_rate": [
    1.0,
    1.0,
    0.035460992907801414,
    0.035460992907801414,
    0.035460992907801414,
    0.035460992907801414,
    0.035460992907801414,
    0.035460992907801414,
    0.035460992907801414,
    0.035460992907801414,
    0.035460992907801414,
    0.035460992907801414,
    0.035460992907801414,
    0.035460992907801414,
    0.035460992907801414,
    0.035460992907801414,
    0.035460992907801414,
    0.035460992907801414,
    0.035460992907801414,
    0.035460992907801414,
    0.035460992907801414,
    0.035460992907801414,
    0.035460992907801414,
    0.035460992907801414,
    0.035460992907801414,
    0.035460992907801414,
    0.035460992907801414,
    0.035460992907801414,
    0.035460992907801414,
    0.035460992907801414,
    0.035460992907801414
  ],
  "v27_fee_revenue_btc": [
    0.01,
    0.01,
    0.00035460992907801415,
    0.00035460992907801415,
    0.00035460992907801415,
    0.00035460992907801415,
    0.00035460992907801415,
    0.00035460992907801415,
    0.00035460992907801415,
    0.00035460992907801415,
    0.00035460992907801415,
    0.00035460992907801415,
    0.00035460992907801415,
    0.00035460992907801415,
    0.00035460992907801415,
    0.00035460992907801415,
    0.00035460992907801415,
    0.00035460992907801415,
    0.00035460992907801415,
    0.00035460992907801415,
    0.00035460992907801415,
    0.00035460992907801415,
    0.00035460992907801415,
    0.00035460992907801415,
    0.00035460992907801415,
    0.00035460992907801415,
    0.00035460992907801415,
    0.00035460992907801415,
    0.00035460992907801415,
    0.00035460992907801415,
    0.00035460992907801415
  ],