{
  "blocks_mined": {
    "v27": 367,
    "v26": 10
  },
  "total_blocks": 377,
  "final_hashrate": {
    "v27": 98.36999999999999,
    "v26": 0.0
  },
  "final_economic": {
    "v27": 55.003229654033994,
    "v26": 44.99677034596602
  },
  "final_prices": {
    "v27": 66326.356838769,
    "v26": 53595.40316123101
  }
}