{
  "blocks_mined": {
    "v27": 68,
    "v26": 45
  },
  "total_blocks": 113,
  "final_hashrate": {
    "v27": 86.4,
    "v26": 0.0
  },
  "final_economic": {
    "v27": 99.96411889708193,
    "v26": 0.03588110291807219
  },
  "final_prices": {
    "v27": 68293.48250294395,
    "v26": 51053.71749705605
  }
}