{
  "timestamps": [
    0,
    60,
    120,
    181,
    241,
    302,
    362,
    423,
    484,
    544,
    605,
    666,
    727,
    788,
    848,
    908,
    969,
    1029,
    1090,
    1151,
    1211,
    1272,
    1332,
    1393,
    1453,
    1514,
    1575,
    1635,
    1696,
    1757,
    1817,
    1878,
    1939,
    1999,
    2060,
    2120,
    2181,
    2241,
    2302,
    2362,
    2423,
    2483,
    2500
  ],
  "v27_price": [
    60000,
    60000,
    57168.980869565225,
    56806.509473684215,
    57199.15373493976,
    57042.071351351355,
    57065.36788732394,
    57015.27089820359,
    57119.90048671413,
    57164.30857884492,
    57208.25164196664,
    55980.79034028541,
    55819.05241935485,
    55667.44287690939,
    55541.9759142327,
    55439.234155902,
    55335.79699369813,
    55258.35336341085,
    55191.7296669414,
    55121.36428571265,
    55057.00345198021,
    57258.84783728119,
    57354.65303187692,
    57441.9779275858,
    57508.80098538332,
    57561.586045199365,
    57683.301962595695,
    57759.13941785264,
    57806.62230329137,
    57862.806301152,
    57920.85106146444,
    58908.07866765447,
    58999.192596265115,
    59108.65792081434,
    59188.630842111845,
    59263.79591514245,
    59340.66301401422,
    59415.43279588827,
    59463.51118281858,
    59515.2029383097,
    59562.569645402364,
    56422.69966013836,
    56365.24154599108
  ],
  "v26_price": [
    60000,
    60000,
    62752.779130434785,
    63115.250526315795,
    62722.60626506024,
    62879.68864864865,
    62856.392112676054,
    62906.48910179641,
    62801.85951328588,
    62757.45142115509,
    62713.50835803335,
    63940.969659714596,
    64102.707580645154,
    64254.31712309062,
    64379.78408576729,
    64482.525844097996,
    64585.96300630187,
    64663.40663658915,
    64730.030333058596,
    64800.395714287355,
    64864.7565480198,
    62662.912162718814,
    62567.10696812308,
    62479.7820724142,
    62412.95901461668,
    62360.17395480064,
    62238.45803740431,
    62162.62058214736,
    62115.13769670863,
    62058.953698848,
    62000.90893853556,
    61013.68133234554,
    60922.56740373488,
    60813.102079185664,
    60733.129157888165,
    60657.96408485756,
    60581.09698598579,
    60506.32720411172,
    60458.24881718142,
    60406.557061690306,
    60359.19035459764,
    63499.06033986165,
    63556.51845400893
  ],
  "v27_hashrate": [
    26.89,
    26.89,
    26.89,
    26.89,
    26.89,
    26.89,
    26.89,
    26.89,
    26.89,
    26.89,
    0.0,
    0.0,
    0.0,
    0.0,
    0.0,
    0.0,
    0.0,
    0.0,
    0.0,
    0.0,
    46.14,
    46.14,
    46.14,
    46.14,
    46.14,
    46.14,
    46.14,
    46.14,
    46.14,
    46.14,
    65.69,
    65.69,
    65.69,
    65.69,
    65.69,
    65.69,
    65.69,
    65.69,
    65.69,
    65.69,
    0.0,
    0.0,
    0.0
  ],
  "v26_hashrate": [
    71.48,
    71.48,
    71.48,
    71.48,
    71.48,
    71.48,
    71.48,
    71.48,
    71.48,
    71.48,
    98.36999999999999,
    98.36999999999999,
    98.36999999999999,
    98.36999999999999,
    98.36999999999999,
    98.36999999999999,
    98.36999999999999,
    98.36999999999999,
    98.36999999999999,
    98.36999999999999,
    52.23,
    52.23,
    52.23,
    52.23,
    52.23,
    52.23,
    52.23,
    52.23,
    52.23,
    52.23,
    32.68,
    32.68,
    32.68,
    32.68,
    32.68,
    32.68,
    32.68,
    32.68,
    32.68,
    32.68,
    98.36999999999999,
    98.36999999999999,
    98.36999999999999
  ],
  "v27_economic": [
    50.0,
    50.0,
    50.0,
    50.0,
    50.0,
    50.0,
    50.0,
    50.0,
    50.0,
    50.0,
    50.0,
    50.0,
    50.0,
    50.0,
    50.0,
    50.0,
    50.0,
    50.0,
    50.0,
    50.0,
    50.0,
    50.0,
    50.0,
    50.0,
    50.0,
    50.0,
    50.0,
    50.0,
    50.0,
    50.0,
    50.0,
    50.0,
    50.0,
    50.0,
    50.0,
    50.0,
    50.0,
    50.0,
    50.0,
    50.0,
    50.0,
    50.0,
    50.0
  ],
  "v26_economic": [
    50.0,
    50.0,
    50.0,
    50.0,
    50.0,
    50.0,
    50.0,
    50.0,
    50.0,
    50.0,
    50.0,
    50.0,
    50.0,
    50.0,
    50.0,
    50.0,
    50.0,
    50.0,
    50.0,
    50.0,
    50.0,
    50.0,
    50.0,
    50.0,
    50.0,
    50.0,
    50.0,
    50.0,
    50.0,
    50.0,
    50.0,
    50.0,
    50.0,
    50.0,
    50.0,
    50.0,
    50.0,
    50.0,
    50.0,
    50.0,
    50.0,
    50.0,
    50.0
  ],
  "v27_blocks": [
    0,
    6,
    12,
    22,
    27,
    35,
    40,
    51,
    60,
    70,
    80,
    80,
    80,
    80,
    80,
    80,
    80,
    80,
    80,
    80,
    84,
    96,
    107,
    117,
    127,
    154,
    208,
    259,
    300,
    331,
    360,
    404,
    449,
    486,
    523,
    562,
    596,
    621,
    647,
    672,
    691,
    691,
    691
  ],
  "v26_blocks": [
    0,
    17,
    45,
    61,
    84,
    107,
    127,
    152,
    181,
    212,
    237,
    273,
    313,
    352,
    389,
    432,
    460,
    487,
    519,
    552,
    584,
    600,
    611,
    625,
    644,
    665,
    680,
    704,
    720,
    748,
    776,
    798,
    807,
    827,
    847,
    867,
    892,
    923,
    950,
    976,
    1023,
    1100,
    1118
  ],
  "v27_difficulty": [
    1.0,
    1.0,
    1.0,
    1.0,
    1.0,
    1.0,
    1.0,
    1.0,
    1.0,
    1.0,
    1.0,
    1.0,
    1.0,
    1.0,
    1.0,
    1.0,
    1.0,
    1.0,
    1.0,
    1.0,
    1.0,
    1.0,
    1.0,
    1.0,
    1.0,
    0.25,
    0.25,
    0.25,
    0.42857142857142855,
    0.42857142857142855,
    0.42857142857142855,
    0.42857142857142855,
    0.5017421602787456,
    0.5017421602787456,
    0.5017421602787456,
    0.5017421602787456,
    0.6282684441751251,
    0.6282684441751251,
    0.6282684441751251,
    0.6282684441751251,
    0.6282684441751251,
    0.6282684441751251,
    0.6282684441751251
  ],
  "v26_difficulty": [
    1.0,
    1.0,
    1.0,
    1.0,
    1.0,
    1.0,
    1.0,
    0.7182044887780549,
    0.7182044887780549,
    0.7182044887780549,
    0.7182044887780549,
    0.7182044887780549,
    0.7207069434427867,
    0.7207069434427867,
    0.7207069434427867,
    0.9477789941165414,
    0.9477789941165414,
    0.9477789941165414,
    0.9477789941165414,
    0.9477789941165414,
    0.9444994820261727,
    0.9444994820261727,
    0.9444994820261727,
    0.9444994820261727,
    0.9444994820261727,
    0.9444994820261727,
    0.9444994820261727,
    0.9444994820261727,
    0.5451219455381519,
    0.5451219455381519,
    0.5451219455381519,
    0.5451219455381519,
    0.5451219455381519,
    0.5451219455381519,
    0.5451219455381519,
    0.37469002461810913,
    0.37469002461810913,
    0.37469002461810913,
    0.37469002461810913,
    0.37469002461810913,
    0.3621165338591122,
    0.3621165338591122,
    0.3621165338591122
  ],
  "v27_chainwork": [
    0.0,
    6.0,
    12.0,
    22.0,
    27.0,
    35.0,
    40.0,
    51.0,
    60.0,
    70.0,
    80.0,
    80.0,
    80.0,
    80.0,
    80.0,
    80.0,
    80.0,
    80.0,
    80.0,
    80.0,
    84.0,
    96.0,
    107.0,
    117.0,
    127.0,
    146.5,
    160.0,
    172.75,
    185.142857142857,
    198.4285714285709,
    210.85714285714198,
    229.7142857142843,
    250.24390243902275,
    268.8083623693366,
    287.3728222996504,
    306.94076655052174,
    326.53052567792724,
    342.23723678230596,
    358.5722163308598,
    374.27892743523853,
    386.21602787456635,
    386.21602787456635,
    386.21602787456635
  ],