{
  "blocks_mined": {
    "v27": 64,
    "v26": 176
  },
  "total_blocks": 240,
  "final_hashrate": {
    "v27": 30.0,
    "v26": 56.39999999999999
  },
  "final_economic": {
    "v27": 70.16741709688209,
    "v26": 29.832582903117906
  },
  "final_prices": {
    "v27": 59394.51628113405,
    "v26": 59952.683718865956
  }
}