{
  "blocks_mined": {
    "v27": 157,
    "v26": 4138
  },
  "total_blocks": 4295,
  "final_hashrate": {
    "v27": 0.0,
    "v26": 86.4
  },
  "final_economic": {
    "v27": 56.73664319629601,
    "v26": 43.26335680370397
  },
  "final_prices": {
    "v27": 55158.56533050923,
    "v26": 64188.63466949078
  }
}