{
  "blocks_mined": {
    "v27": 347,
    "v26": 12
  },
  "total_blocks": 359,
  "final_hashrate": {
    "v27": 86.4,
    "v26": 0.0
  },
  "final_economic": {
    "v27": 100.0,
    "v26": 0.0
  },
  "final_prices": {
    "v27": 71097.35772870663,
    "v26": 48249.84227129338
  }
}