{
  "config": {
    "base_price": 60000,
    "max_divergence": 0.2,
    "coefficients": {
      "chain_weight": 0.3,
      "economic_weight": 0.5,
      "hashrate_weight": 0.2
    }
  },
  "current_prices": {
    "v27": 67696.4654462662,
    "v26": 51650.734553733804
  },
  "timeline": {
    "timestamps": [
      1772661579.8876655,
      1772661640.9592383,
      1772661640.9592547,
      1772661701.9318225,
      1772661701.9318285,
      1772661762.3278413,
      1772661762.327848,
      1772661822.422418,
      1772661822.4224284,
      1772661882.9802814,
      1772661882.9802892,
      1772661943.4618082,
      1772661943.4618163,
      1772662004.1149645,
      1772662004.1149695,
      1772662064.7305436,
      1772662064.730552,
      1772662125.4537547,
      1772662125.4537606,
      1772662185.9915524,
      1772662185.991558,
      1772662246.5973113,
      1772662246.5973198,
      1772662307.1923213,
      1772662307.1923273,
      1772662368.115715,
      1772662368.1157234,
      1772662428.6705854,
      1772662428.6705916,
      1772662489.5232313,
      1772662489.5232365,
      1772662549.7112994,
      1772662549.7113063,
      1772662610.6967604,
      1772662610.6967661,
      1772662670.8524332,
      1772662670.8524384,
      1772662731.0144024,
      1772662731.0144103,
      1772662791.3707669,
      1772662791.3707752,
      1772662851.7110019,
      1772662851.71101,
      1772662912.1148398,
      1772662912.114848,
      1772662972.556014,
      1772662972.5560231,
      1772663032.7260394,
      1772663032.7260504,
      1772663093.2710583,
      1772663093.2710643,
      1772663153.3697472,
      1772663153.3697526,
      1772663214.30432,
      1772663214.3043256,
      1772663274.4874227,
      1772663274.4874299,
      1772663334.5539935,
      1772663334.5540001
    ],
    "v27_prices": [
      60000,
      62223.771697206525,
      62223.771697206525,
      62547.77169720652,
      62547.77169720652,
      62712.343125777945,
      62712.343125777945,
      62706.929591943364,
      62706.929591943364,
      62736.99483770238,
      62736.99483770238,
      62796.4989699338,
      62796.4989699338,
      62811.63296888282,
      62811.63296888282,
      62696.04892492929,
      62696.04892492929,
      62785.31015874497,
      62785.31015874497,
      65122.480577515395,
      65122.480577515395,
      65442.17169720652,
      65442.17169720652,
      65723.51241114979,
      65723.51241114979,
      65983.72622622842,
      65983.72622622842,
      66194.80315482427,
      66194.80315482427,
      66353.4758178883,
      66353.4758178883,
      66511.42765239255,
      66511.42765239255,
      66651.8509519101,
      66651.8509519101,
      66794.39097939293,
      66794.39097939293,
      66921.3858582532,
      66921.3858582532,
      67044.60483897284,
      67044.60483897284,
      67148.0585829322,
      67148.0585829322,
      67246.39983071484,
      67246.39983071484,
      67290.82218177701,
      67290.82218177701,
      67377.8657800896,
      67377.8657800896,
      67465.22266912772,
      67465.22266912772,
      67530.35011383136,
      67530.35011383136,
      67583.08898181371,
      67583.08898181371,
      67644.86391879304,
      67644.86391879304,
      67696.4654462662,
      67696.4654462662
    ],
    "v26_prices": [
      60000,
      60000,
      57123.42830279348,
      57123.42830279348,
      56799.42830279349,
      56799.42830279349,
      56634.85687422206,
      56634.85687422206,
      56640.27040805664,
      56640.27040805664,
      56610.205162297614,
      56610.205162297614,
      56550.70103006621,
      56550.70103006621,
      56535.567031117185,
      56535.567031117185,
      56651.15107507072,
      56651.15107507072,
      56561.889841255026,
      56561.889841255026,
      54224.7194224846,
      54224.7194224846,
      53905.028302793486,
      53905.028302793486,
      53623.687588850225,
      53623.687588850225,
      53363.473773771584,
      53363.473773771584,
      53152.39684517574,
      53152.39684517574,
      52993.7241821117,
      52993.7241821117,
      52835.772347607446,
      52835.772347607446,
      52695.3490480899,
      52695.3490480899,
      52552.80902060707,
      52552.80902060707,
      52425.81414174681,
      52425.81414174681,
      52302.59516102717,
      52302.59516102717,
      52199.14141706781,
      52199.14141706781,
      52100.80016928516,
      52100.80016928516,
      52056.37781822299,
      52056.37781822299,
      51969.33421991041,
      51969.33421991041,
      51881.97733087228,
      51881.97733087228,
      51816.849886168646,
      51816.849886168646,
      51764.111018186304,
      51764.111018186304,
      51702.33608120697,
      51702.33608120697,
      51650.734553733804
    ]
  },
  "history": [
    {
      "timestamp": 1772661579.8876655,
      "chain_id": "v27",
      "price": 60000,
      "metadata": {
        "initial": true
      }
    },
    {
      "timestamp": 1772661579.8876655,
      "chain_id": "v26",
      "price": 60000,
      "metadata": {
        "initial": true
      }
    },
    {
      "timestamp": 1772661640.9592383,
      "chain_id": "v27",
      "price": 62223.771697206525,
      "metadata": {
        "fork_sustained": true,
        "fork_depth": 24
      }
    },
    {
      "timestamp": 1772661640.9592547,
      "chain_id": "v26",
      "price": 57123.42830279348,
      "metadata": {
        "fork_sustained": true,
        "fork_depth": 24
      }
    },
    {
      "timestamp": 1772661701.9318225,
      "chain_id": "v27",
      "price": 62547.77169720652,
      "metadata": {
        "fork_sustained": true,
        "fork_depth": 50
      }
    },
    {
      "timestamp": 1772661701.9318285,
      "chain_id": "v26",
      "price": 56799.42830279349,
      "metadata": {
        "fork_sustained": true,
        "fork_depth": 50
      }
    },
    {
      "timestamp": 1772661762.3278413,
      "chain_id": "v27",
      "price": 62712.343125777945,
      "metadata": {
        "fork_sustained": true,
        "fork_depth": 70
      }
    },
    {
      "timestamp": 1772661762.327848,
      "chain_id": "v26",
      "price": 56634.85687422206,
      "metadata": {
        "fork_sustained": true,
        "fork_depth": 70
      }
    },
    {
      "timestamp": 1772661822.422418,
      "chain_id": "v27",
      "price": 62706.929591943364,
      "metadata": {
        "fork_sustained": true,
        "fork_depth": 95
      }
    },
    {
      "timestamp": 1772661822.4224284,
      "chain_id": "v26",
      "price": 56640.27040805664,
      "metadata": {
        "fork_sustained": true,
        "fork_depth": 95
      }
    },
    {
      "timestamp": 1772661882.9802814,
      "chain_id": "v27",
      "price": 62736.99483770238,
      "metadata": {
        "fork_sustained": true,
        "fork_depth": 121
      }
    },
    {
      "timestamp": 1772661882.9802892,
      "chain_id": "v26",
      "price": 56610.205162297614,
      "metadata": {
        "fork_sustained": true,
        "fork_depth": 121
      }
    },
    {
      "timestamp": 1772661943.4618082,
      "chain_id": "v27",
      "price": 62796.4989699338,
      "metadata": {
        "fork_sustained": true,
        "fork_depth": 143
      }
    },
    {
      "timestamp": 1772661943.4618163,
      "chain_id": "v26",
      "price": 56550.70103006621,
      "metadata": {
        "fork_sustained": true,
        "fork_depth": 143
      }
    },
    {
      "timestamp": 1772662004.1149645,
      "chain_id": "v27",
      "price": 62811.63296888282,
      "metadata": {
        "fork_sustained": true,
        "fork_depth": 173
      }
    },
    {
      "timestamp": 1772662004.1149695,
      "chain_id": "v26",
      "price": 56535.567031117185,
      "metadata": {
        "fork_sustained": true,
        "fork_depth": 173
      }
    },
    {
      "timestamp": 1772662064.7305436,
      "chain_id": "v27",
      "price": 62696.04892492929,