{
  "timestamps": [
    0,
    60,
    121,
    181,
    242,
    302,
    363,
    423,
    484,
    545,
    605,
    666,
    726,
    787,
    848,
    909,
    969,
    1030,
    1090,
    1150,
    1210,
    1271,
    1331,
    1392,
    1452,
    1512,
    1572,
    1633,
    1694,
    1754,
    1800
  ],
  "v27_price": [
    60000,
    60000,
    62223.771697206525,
    62547.77169720652,
    62712.343125777945,
    62706.929591943364,
    62736.99483770238,
    62796.4989699338,
    62811.63296888282,
    62696.04892492929,
    62785.31015874497,
    65122.480577515395,
    65442.17169720652,
    65723.51241114979,
    65983.72622622842,
    66194.80315482427,
    66353.4758178883,
    66511.42765239255,
    66651.8509519101,
    66794.39097939293,
    66921.3858582532,
    67044.60483897284,
    67148.0585829322,
    67246.39983071484,
    67290.82218177701,
    67377.8657800896,
    67465.22266912772,
    67530.35011383136,
    67583.08898181371,
    67644.86391879304,
    67696.4654462662
  ],
  "v26_price": [
    60000,
    60000,
    57123.42830279348,
    56799.42830279349,
    56634.85687422206,
    56640.27040805664,
    56610.205162297614,
    56550.70103006621,
    56535.567031117185,
    56651.15107507072,
    56561.889841255026,
    54224.7194224846,
    53905.028302793486,
    53623.687588850225,
    53363.473773771584,
    53152.39684517574,
    52993.7241821117,
    52835.772347607446,
    52695.3490480899,
    52552.80902060707,
    52425.81414174681,
    52302.59516102717,
    52199.14141706781,
    52100.80016928516,
    52056.37781822299,
    51969.33421991041,
    51881.97733087228,
    51816.849886168646,
    51764.111018186304,
    51702.33608120697,
    51650.734553733804
  ],
  "v27_hashrate": [
    38.1,
    38.1,
    38.1,
    38.1,
    38.1,
    38.1,
    38.1,
    38.1,
    38.1,
    38.1,
    86.4,
    86.4,
    86.4,
    86.4,
    86.4,
    86.4,
    86.4,
    86.4,
    86.4,
    86.4,
    86.4,
    86.4,
    86.4,
    86.4,
    86.4,
    86.4,
    86.4,
    86.4,
    86.4,
    86.4,
    86.4
  ],
  "v26_hashrate": [
    48.3,
    48.3,
    48.3,
    48.3,
    48.3,
    48.3,
    48.3,
    48.3,
    48.3,
    48.3,
    0.0,
    0.0,
    0.0,
    0.0,
    0.0,
    0.0,
    0.0,
    0.0,
    0.0,
    0.0,
    0.0,
    0.0,
    0.0,
    0.0,
    0.0,
    0.0,
    0.0,
    0.0,
    0.0,
    0.0,
    0.0
  ],
  "v27_economic": [
    80.7914308100543,
    80.7914308100543,
    80.7914308100543,
    80.7914308100543,
    80.7914308100543,
    80.7914308100543,
    80.7914308100543,
    80.7914308100543,
    80.7914308100543,
    80.7914308100543,
    80.7914308100543,
    80.7914308100543,
    80.7914308100543,
    80.7914308100543,
    80.7914308100543,
    80.7914308100543,
    80.7914308100543,
    80.7914308100543,
    80.7914308100543,
    80.7914308100543,
    80.82766430950271,
    80.82766430950271,
    80.82766430950271,
    80.82766430950271,
    80.82766430950271,
    80.82766430950271,
    80.82766430950271,
    80.82766430950271,
    80.82766430950271,
    80.82766430950271,
    80.82766430950271
  ],
  "v26_economic": [
    19.208569189945692,
    19.208569189945692,
    19.208569189945692,
    19.208569189945692,
    19.208569189945692,
    19.208569189945692,
    19.208569189945692,
    19.208569189945692,
    19.208569189945692,
    19.208569189945692,
    19.208569189945692,
    19.208569189945692,
    19.208569189945692,
    19.208569189945692,
    19.208569189945692,
    19.208569189945692,
    19.208569189945692,
    19.208569189945692,
    19.208569189945692,
    19.208569189945692,
    19.172335690497288,
    19.172335690497288,
    19.172335690497288,
    19.172335690497288,
    19.172335690497288,
    19.172335690497288,
    19.172335690497288,
    19.172335690497288,
    19.172335690497288,
    19.172335690497288,
    19.172335690497288
  ],
  "v27_blocks": [
    0,
    9,
    21,
    31,
    42,
    54,
    65,
    79,
    89,
    106,
    118,
    141,
    193,
    254,
    300,
    325,
    353,
    381,
    413,
    446,
    482,
    517,
    554,
    576,
    611,
    650,
    682,
    710,
    743,
    772,
    792
  ],
  "v26_blocks": [
    0,
    15,
    29,
    39,
    53,
    67,
    78,
    94,
    113,
    128,
    141,
    141,
    141,
    141,
    141,
    141,
    141,
    141,
    141,
    141,
    141,
    141,
    141,
    142,
    142,
    142,
    142,
    142,
    142,
    142,
    142
  ],
  "v27_difficulty": [
    1.0,
    1.0,
    1.0,
    1.0,
    1.0,
    1.0,
    1.0,
    1.0,
    1.0,
    1.0,
    1.0,
    1.0,
    0.4266666666666667,
    0.4266666666666667,
    0.8416438356164384,
    0.8416438356164384,
    0.8416438356164384,
    0.8416438356164384,
    0.8416438356164384,
    0.789555129177636,
    0.789555129177636,
    0.789555129177636,
    0.789555129177636,
    0.8679079282563328,
    0.8679079282563328,
    0.8679079282563328,
    0.8679079282563328,
    0.8679079282563328,
    0.9613749359147071,
    0.9613749359147071,
    0.9613749359147071
  ],
  "v26_difficulty": [
    1.0,
    1.0,
    1.0,
    1.0,
    1.0,
    1.0,
    1.0,
    1.0,
    1.0,
    1.0,
    1.0,
    1.0,
    1.0,
    1.0,
    1.0,
    1.0,
    1.0,
    1.0,
    1.0,
    1.0,
    1.0,
    1.0,
    1.0,
    1.0,
    1.0,
    1.0,
    1.0,
    1.0,
    1.0,
    1.0,
    1.0
  ],
  "v27_chainwork": [
    0.0,
    9.0,
    21.0,
    31.0,
    42.0,
    54.0,
    65.0,
    79.0,
    89.0,
    106.0,
    118.0,
    141.0,
    164.90666666666715,
    190.93333333333442,
    215.53972602739884,
    236.58082191781014,
    260.14684931507065,
    283.7128767123305,
    310.64547945205607,
    337.6904841372551,
    366.11446878765025,
    393.74889830886775,
    422.96243808844054,
    440.3326509303487,
    470.7094284193202,
    504.55783762131705,
    532.330891325521,
    556.6323133166998,
    587.4230161253018,
    615.3028892668283,
    634.5303879851224
  ],
  "v26_chainwork": [
    0.0,
    15.0,
    29.0,
    39.0,
    53.0,
    67.0,
    78.0,
    94.0,
    113.0,
    128.0,
    141.0,
    141.0,
    141.0,
    141.0,
    141.0,
    141.0,
    141.0,
    141.0,
    141.0,
    141.0,
    141.0,
    141.0,
    141.0,
    142.0,
    142.0,
    142.0,
    142.0,
    142.0,
    142.0,
    142.0,
    142.0
  ],
  "v27_fee_rate": [
    1.0,
    1.0,
    0.014814901970367654,
    0.014814901970367654,
    0.014814901970367654,
    0.014814901970367654,
    0.014814901970367654,
    0.014814901970367654,
    0.014814901970367654,
    0.014814901970367654,
    0.014814901970367654,
    0.006532960243877402,
    0.006532960243877402,
    0.002787396370721025,
    0.002787396370721025,
    0.00549842571758668,
    0.00549842571758668,
    0.00549842571758668,
    0.00549842571758668,
    0.00549842571758668,
    0.005158132269266982,
    0.005158920494371475,
    0.005158920494371475,
    0.005158920494371475,
    0.005670874436561012,
    0.005670874436561012,
    0.005670874436561012,
    0.005670874436561012,
    0.005670874436561012,
    0.006281583991267582,
    0.006281583991267582
  ],
  "v26_fee_rate": [
    1.0,
    1.0,
    0.0021163333663697555,
    0.0021163333663697555,
    0.0021163333663697555,
    0.0021163333663697555,
    0.0021163333663697555,
    0.0021163333663697555,
    0.0021163333663697555,
    0.0021163333663697555,
    0.0021163333663697555,
    1.0221890159565918,
    1.0221890159565918,
    1.0221890159565918,
    1.0221890159565918,
    1.0221890159565918,
    1.0221890159565918,
    1.0221890159565918,
    1.0221890159565918,
    1.0221890159565918,
    1.0221890159565918,
    1.0213264713854584,
    1.0213264713854584,
    1.0213264713854584,
    1.0213264713854584,
    1.0213264713854584,
    1.0213264713854584,
    1.0213264713854584,
    1.0213264713854584,
    1.0213264713854584,
    1.0213264713854584
  ],