{
  "blocks_mined": {
    "v27": 126,
    "v26": 9
  },
  "total_blocks": 135,
  "final_hashrate": {
    "v27": 86.4,
    "v26": 0.0
  },
  "final_economic": {
    "v27": 100.0,
    "v26": 0.0
  },
  "final_prices": {
    "v27": 70958.01081081081,
    "v26": 48389.189189189194
  }
}