{
  "blocks_mined": {
    "v27": 5266,
    "v26": 1547
  },
  "total_blocks": 6813,
  "final_hashrate": {
    "v27": 86.4,
    "v26": 0.0
  },
  "final_economic": {
    "v27": 56.73741253525133,
    "v26": 43.26258746474866
  },
  "final_prices": {
    "v27": 64138.428519942805,
    "v26": 55208.77148005721
  }
}