{
  "blocks_mined": {
    "v27": 4327,
    "v26": 762
  },
  "total_blocks": 5089,
  "final_hashrate": {
    "v27": 86.4,
    "v26": 0.0
  },
  "final_economic": {
    "v27": 100.0,
    "v26": 0.0
  },
  "final_prices": {
    "v27": 69991.98367908214,
    "v26": 49355.21632091786
  }
}