{
  "blocks_mined": {
    "v27": 753,
    "v26": 10
  },
  "total_blocks": 763,
  "final_hashrate": {
    "v27": 86.4,
    "v26": 0.0
  },
  "final_economic": {
    "v27": 100.0,
    "v26": 0.0
  },
  "final_prices": {
    "v27": 71287.36620498615,
    "v26": 48059.83379501385
  }
}