{
  "blocks_mined": {
    "v27": 2565,
    "v26": 1526
  },
  "total_blocks": 4091,
  "final_hashrate": {
    "v27": 86.4,
    "v26": 0.0
  },
  "final_economic": {
    "v27": 56.737060138721,
    "v26": 43.262939861279
  },
  "final_prices": {
    "v27": 63211.93561255435,
    "v26": 56135.26438744565
  }
}