{
  "blocks_mined": {
    "v27": 4,
    "v26": 3676
  },
  "total_blocks": 3680,
  "final_hashrate": {
    "v27": 0.0,
    "v26": 86.4
  },
  "final_economic": {
    "v27": 0.0,
    "v26": 100.0
  },
  "final_prices": {
    "v27": 48004.99496422724,
    "v26": 71342.20503577276
  }
}