{
  "blocks_mined": {
    "v27": 1222,
    "v26": 86
  },
  "total_blocks": 1308,
  "final_hashrate": {
    "v27": 98.36999999999999,
    "v26": 0.0
  },
  "final_economic": {
    "v27": 50.0,
    "v26": 50.0
  },
  "final_prices": {
    "v27": 65400.34386654559,
    "v26": 54521.41613345441
  }
}