{
  "timestamps": [
    0,
    60,
    121,
    181,
    242,
    302,
    363,
    424,
    484,
    545,
    605,
    665,
    726,
    786,
    847,
    907,
    967,
    1028,
    1089,
    1150,
    1210,
    1270,
    1331,
    1391,
    1452,
    1513,
    1573,
    1634,
    1694,
    1754,
    1815,
    1875,
    1935,
    1995,
    2056,
    2117,
    2177,
    2237,
    2298,
    2358,
    2419,
    2479,
    2500
  ],
  "v27_price": [
    60000,
    60000,
    62623.179130434786,
    62859.33473684211,
    62368.10666666667,
    62603.25818181819,
    62584.89323741007,
    62679.217777777776,
    62584.59301391036,
    62521.98380664653,
    62459.45886792453,
    63805.80255319149,
    63965.04578455484,
    64133.44703559799,
    64264.486888580715,
    64383.162452164004,
    64493.137267013815,
    64570.97633591563,
    64645.8427884514,
    64721.84790564793,
    64787.313921428824,
    64853.04840730136,
    64912.65830591741,
    64961.74322976988,
    64983.72187064252,
    65022.14046960862,
    65069.238479786756,
    65107.44574306725,
    65137.427685736824,
    65165.28024090788,
    65192.085342332066,
    65217.744182176204,
    65240.88877148406,
    65261.83574043989,
    65282.21403958036,
    65296.85312104626,
    65313.15124953017,
    65328.25931929617,
    65345.129672604235,
    65359.18267872318,
    65374.83938048241,
    65387.89605879976,
    65400.34386654559
  ],
  "v26_price": [
    60000,
    60000,
    57298.58086956522,
    57062.4252631579,
    57553.653333333335,
    57318.50181818182,
    57336.866762589925,
    57242.542222222226,
    57337.16698608965,
    57399.776193353486,
    57462.30113207548,
    56115.95744680852,
    55956.71421544517,
    55788.31296440201,
    55657.27311141928,
    55538.597547836,
    55428.62273298619,
    55350.78366408438,
    55275.91721154861,
    55199.91209435207,
    55134.44607857118,
    55068.711592698644,
    55009.101694082594,
    54960.01677023012,
    54938.03812935748,
    54899.61953039139,
    54852.52152021324,
    54814.31425693276,
    54784.332314263185,
    54756.479759092115,
    54729.674657667936,
    54704.0158178238,
    54680.871228515934,
    54659.92425956011,
    54639.54596041964,
    54624.90687895375,
    54608.60875046982,
    54593.50068070384,
    54576.63032739577,
    54562.577321276825,
    54546.920619517594,
    54533.86394120025,
    54521.41613345441
  ],
  "v27_hashrate": [
    68.78,
    68.78,
    68.78,
    68.78,
    68.78,
    68.78,
    68.78,
    68.78,
    68.78,
    68.78,
    98.36999999999999,
    98.36999999999999,
    98.36999999999999,
    98.36999999999999,
    98.36999999999999,
    98.36999999999999,
    98.36999999999999,
    98.36999999999999,
    98.36999999999999,
    98.36999999999999,
    98.36999999999999,
    98.36999999999999,
    98.36999999999999,
    98.36999999999999,
    98.36999999999999,
    98.36999999999999,
    98.36999999999999,
    98.36999999999999,
    98.36999999999999,
    98.36999999999999,
    98.36999999999999,
    98.36999999999999,
    98.36999999999999,
    98.36999999999999,
    98.36999999999999,
    98.36999999999999,
    98.36999999999999,
    98.36999999999999,
    98.36999999999999,
    98.36999999999999,
    98.36999999999999,
    98.36999999999999,
    98.36999999999999
  ],
  "v26_hashrate": [
    29.59,
    29.59,
    29.59,
    29.59,
    29.59,
    29.59,
    29.59,
    29.59,
    29.59,
    29.59,
    0.0,
    0.0,
    0.0,
    0.0,
    0.0,
    0.0,
    0.0,
    0.0,
    0.0,
    0.0,
    0.0,
    0.0,
    0.0,
    0.0,
    0.0,
    0.0,
    0.0,
    0.0,
    0.0,
    0.0,
    0.0,
    0.0,
    0.0,
    0.0,
    0.0,
    0.0,
    0.0,
    0.0,
    0.0,
    0.0,
    0.0,
    0.0,
    0.0
  ],
  "v27_economic": [
    50.0,
    50.0,
    50.0,
    50.0,
    50.0,
    50.0,
    50.0,
    50.0,
    50.0,
    50.0,
    50.0,
    50.0,
    50.0,
    50.0,
    50.0,
    50.0,
    50.0,
    50.0,
    50.0,
    50.0,
    50.0,
    50.0,
    50.0,
    50.0,
    50.0,
    50.0,
    50.0,
    50.0,
    50.0,
    50.0,
    50.0,
    50.0,
    50.0,
    50.0,
    50.0,
    50.0,
    50.0,
    50.0,
    50.0,
    50.0,
    50.0,
    50.0,
    50.0
  ],
  "v26_economic": [
    50.0,
    50.0,
    50.0,
    50.0,
    50.0,
    50.0,
    50.0,
    50.0,
    50.0,
    50.0,
    50.0,
    50.0,
    50.0,
    50.0,
    50.0,
    50.0,
    50.0,
    50.0,
    50.0,
    50.0,
    50.0,
    50.0,
    50.0,
    50.0,
    50.0,
    50.0,
    50.0,
    50.0,
    50.0,
    50.0,
    50.0,
    50.0,
    50.0,
    50.0,
    50.0,
    50.0,
    50.0,
    50.0,
    50.0,
    50.0,
    50.0,
    50.0,
    50.0
  ],
  "v27_blocks": [
    0,
    17,
    44,
    57,
    81,
    102,
    121,
    147,
    176,
    206,
    231,
    265,
    307,
    345,
    385,
    428,
    455,
    483,
    515,
    546,
    581,
    617,
    650,
    673,
    703,
    742,
    776,
    805,
    834,
    864,
    894,
    923,
    951,
    980,
    1002,
    1030,
    1058,
    1091,
    1120,
    1154,
    1183,
    1212,
    1222
  ],
  "v26_blocks": [
    0,
    6,
    13,
    24,
    29,
    37,
    41,
    53,
    63,
    74,
    85,
    85,
    85,
    85,
    85,
    85,
    85,
    85,
    85,
    85,
    85,
    85,
    85,
    86,
    86,
    86,
    86,
    86,
    86,
    86,
    86,
    86,
    86,
    86,
    86,
    86,
    86,
    86,
    86,
    86,
    86,
    86,
    86
  ],
  "v27_difficulty": [
    1.0,
    1.0,
    1.0,
    1.0,
    1.0,
    1.0,
    1.0,
    0.6923076923076923,
    0.6923076923076923,
    0.6923076923076923,
    0.6923076923076923,
    0.6923076923076923,
    0.712087912087912,
    0.712087912087912,
    0.712087912087912,
    0.712087912087912,
    0.9494505494505493,
    0.9494505494505493,
    0.9494505494505493,
    0.9494505494505493,
    0.9396623994562138,
    0.9396623994562138,
    0.9396623994562138,
    0.9396623994562138,
    0.9396623994562138,
    1.0023065594199614,
    1.0023065594199614,
    1.0023065594199614,
    1.0023065594199614,
    1.030943889689103,
    1.030943889689103,
    1.030943889689103,
    1.030943889689103,
    1.030943889689103,
    1.030943889689103,
    0.9249590038332139,
    0.9249590038332139,
    0.9249590038332139,
    0.9249590038332139,
    0.9547963910536402,
    0.9547963910536402,
    0.9547963910536402,
    0.9547963910536402
  ],
  "v26_difficulty": [
    1.0,
    1.0,
    1.0,
    1.0,
    1.0,
    1.0,
    1.0,
    1.0,
    1.0,
    1.0,
    1.0,
    1.0,
    1.0,
    1.0,
    1.0,
    1.0,
    1.0,
    1.0,
    1.0,
    1.0,
    1.0,
    1.0,
    1.0,
    1.0,
    1.0,
    1.0,
    1.0,
    1.0,
    1.0,
    1.0,
    1.0,
    1.0,
    1.0,
    1.0,
    1.0,
    1.0,
    1.0,
    1.0,
    1.0,
    1.0,
    1.0,
    1.0,
    1.0
  ],
  "v27_chainwork": [
    0.0,
    17.0,
    44.0,
    57.0,
    81.0,
    102.0,
    121.0,
    146.07692307692304,
    166.15384615384573,
    186.9230769230761,
    204.2307692307681,
    227.76923076922918,
    257.2219780219763,
    284.28131868131635,
    312.76483516483216,
    343.38461538461166,
    368.0703296703258,
    394.6549450549411,
    425.03736263735857,
    454.4703296703255,
    487.65215815112293,
    521.4800045315466,
    552.4888637136015,
    574.1010989010944,
    602.2909708847807,
    640.3159759827748,
    674.3943990030526,
    703.4612892262307,
    732.5281794494089,
    762.5973762320069,
    793.525692922679,
    823.423065723662,
    852.289494634956,
    882.186867435939,
    904.8676330090985,
    931.4023944315642,
    957.3012465388948,
    987.8248936653916,
    1014.6487047765555,
    1046.1569856813262,
    1073.8460810218808,
    1101.5351763624353,
    1111.0831402729714
  ],