{
  "blocks_mined": {
    "v27": 3002,
    "v26": 1517
  },
  "total_blocks": 4519,
  "final_hashrate": {
    "v27": 86.4,
    "v26": 0.0
  },
  "final_economic": {
    "v27": 56.737060138721,
    "v26": 43.262939861279
  },
  "final_prices": {
    "v27": 63348.77179221433,
    "v26": 55998.42820778568
  }
}