{
  "blocks_mined": {
    "v27": 132,
    "v26": 36
  },
  "total_blocks": 168,
  "final_hashrate": {
    "v27": 86.4,
    "v26": 0.0
  },
  "final_economic": {
    "v27": 100.0,
    "v26": 0.0
  },
  "final_prices": {
    "v27": 69653.08235294119,
    "v26": 49694.117647058825
  }
}