{
  "blocks_mined": {
    "v27": 1273,
    "v26": 913
  },
  "total_blocks": 2186,
  "final_hashrate": {
    "v27": 50.5,
    "v26": 35.9
  },
  "final_economic": {
    "v27": 56.737060138721,
    "v26": 43.262939861279
  },
  "final_prices": {
    "v27": 61448.87413079965,
    "v26": 57898.32586920035
  }
}