{
  "timestamps": [
    0,
    60,
    120,
    180,
    241,
    302,
    362,
    422,
    483,
    543,
    604,
    664,
    725,
    785,
    846,
    907,
    968,
    1028,
    1089,
    1149,
    1210,
    1270,
    1330,
    1391,
    1452,
    1513,
    1573,
    1633,
    1694,
    1755,
    1815,
    1876,
    1937,
    1998,
    2058,
    2118,
    2178,
    2239,
    2300,
    2361,
    2422,
    2482,
    2500
  ],
  "v27_price": [
    60000,
    60000,
    61261.439999999995,
    61106.26758620689,
    61098.78939759036,
    61015.98545454546,
    61020.59492957746,
    61090.01142857144,
    60952.48477611941,
    61013.16413793104,
    60978.09816249962,
    62857.08851270503,
    63109.785144706555,
    63341.07798709089,
    63530.44027334353,
    63694.14958223439,
    63843.88725207426,
    63965.54827810918,
    64068.355056217595,
    64173.366589555844,
    64269.884509484764,
    64363.71364771603,
    64448.9850078817,
    64520.582417697784,
    64561.101591957806,
    64618.330458355864,
    64681.074984718485,
    64735.20858947615,
    64777.56785904737,
    64817.00696892323,
    64856.353522720536,
    64894.01108317758,
    64927.584916891225,
    64954.95676341768,
    64984.72445744675,
    65006.33357944553,
    65029.5916342263,
    65054.91084380102,
    65076.64350681982,
    65095.966641355604,
    65118.274602243044,
    65137.176903416286,
    65155.58496532319
  ],
  "v26_price": [
    60000,
    60000,
    58660.32000000001,
    58815.4924137931,
    58822.97060240964,
    58905.774545454544,
    58901.16507042254,
    58831.748571428565,
    58969.27522388059,
    58908.59586206896,
    58943.66183750037,
    57064.671487294974,
    56811.974855293454,
    56580.68201290911,
    56391.31972665648,
    56227.610417765616,
    56077.87274792574,
    55956.21172189083,
    55853.4049437824,
    55748.39341044416,
    55651.875490515245,
    55558.04635228397,
    55472.77499211829,
    55401.17758230221,
    55360.6584080422,
    55303.42954164413,
    55240.68501528151,
    55186.55141052385,
    55144.19214095263,
    55104.753031076776,
    55065.40647727947,
    55027.74891682243,
    54994.17508310877,
    54966.803236582324,
    54937.035542553254,
    54915.42642055448,
    54892.1683657737,
    54866.84915619897,
    54845.11649318019,
    54825.793358644405,
    54803.48539775696,
    54784.58309658371,
    54766.17503467682
  ],
  "v27_hashrate": [
    57.53,
    57.53,
    57.53,
    57.53,
    57.53,
    57.53,
    57.53,
    57.53,
    57.53,
    57.53,
    98.36999999999999,
    98.36999999999999,
    98.36999999999999,
    98.36999999999999,
    98.36999999999999,
    98.36999999999999,
    98.36999999999999,
    98.36999999999999,
    98.36999999999999,
    98.36999999999999,
    98.36999999999999,
    98.36999999999999,
    98.36999999999999,
    98.36999999999999,
    98.36999999999999,
    98.36999999999999,
    98.36999999999999,
    98.36999999999999,
    98.36999999999999,
    98.36999999999999,
    98.36999999999999,
    98.36999999999999,
    98.36999999999999,
    98.36999999999999,
    98.36999999999999,
    98.36999999999999,
    98.36999999999999,
    98.36999999999999,
    98.36999999999999,
    98.36999999999999,
    98.36999999999999,
    98.36999999999999,
    98.36999999999999
  ],
  "v26_hashrate": [
    40.839999999999996,
    40.839999999999996,
    40.839999999999996,
    40.839999999999996,
    40.839999999999996,
    40.839999999999996,
    40.839999999999996,
    40.839999999999996,
    40.839999999999996,
    40.839999999999996,
    0.0,
    0.0,
    0.0,
    0.0,
    0.0,
    0.0,
    0.0,
    0.0,
    0.0,
    0.0,
    0.0,
    0.0,
    0.0,
    0.0,
    0.0,
    0.0,
    0.0,
    0.0,
    0.0,
    0.0,
    0.0,
    0.0,
    0.0,
    0.0,
    0.0,
    0.0,
    0.0,
    0.0,
    0.0,
    0.0,
    0.0,
    0.0,
    0.0
  ],
  "v27_economic": [
    50.0,
    50.0,
    50.0,
    50.0,
    50.0,
    50.0,
    50.0,
    50.0,
    50.0,
    50.0,
    50.0,
    50.0,
    50.0,
    50.0,
    50.0,
    50.0,
    50.0,
    50.0,
    50.0,
    50.0,
    50.0,
    50.0,
    50.0,
    50.0,
    50.0,
    50.0,
    50.0,
    50.0,
    50.0,
    50.0,
    50.0,
    50.0,
    50.0,
    50.0,
    50.0,
    50.0,
    50.0,
    50.0,
    50.0,
    50.0,
    50.0,
    50.0,
    50.0
  ],
  "v26_economic": [
    50.0,
    50.0,
    50.0,
    50.0,
    50.0,
    50.0,
    50.0,
    50.0,
    50.0,
    50.0,
    50.0,
    50.0,
    50.0,
    50.0,
    50.0,
    50.0,
    50.0,
    50.0,
    50.0,
    50.0,
    50.0,
    50.0,
    50.0,
    50.0,
    50.0,
    50.0,
    50.0,
    50.0,
    50.0,
    50.0,
    50.0,
    50.0,
    50.0,
    50.0,
    50.0,
    50.0,
    50.0,
    50.0,
    50.0,
    50.0,
    50.0,
    50.0,
    50.0
  ],
  "v27_blocks": [
    0,
    15,
    35,
    50,
    65,
    84,
    101,
    117,
    137,
    164,
    187,
    233,
    283,
    322,
    360,
    400,
    436,
    464,
    496,
    529,
    565,
    600,
    632,
    656,
    686,
    722,
    755,
    783,
    811,
    841,
    872,
    902,
    928,
    958,
    981,
    1007,
    1040,
    1070,
    1098,
    1132,
    1162,
    1192,
    1200
  ],
  "v26_blocks": [
    0,
    9,
    23,
    33,
    45,
    58,
    67,
    84,
    95,
    110,
    125,
    125,
    125,
    125,
    125,
    125,
    125,
    125,
    125,
    125,
    125,
    125,
    125,
    126,
    126,
    126,
    126,
    126,
    126,
    126,
    126,
    126,
    126,
    126,
    126,
    126,
    126,
    126,
    126,
    126,
    126,
    126,
    126
  ],
  "v27_difficulty": [
    1.0,
    1.0,
    1.0,
    1.0,
    1.0,
    1.0,
    1.0,
    1.0,
    1.0,
    0.5737051792828686,
    0.5737051792828686,
    0.5737051792828686,
    0.5737051792828686,
    0.7278726503676923,
    0.7278726503676923,
    0.7278726503676923,
    0.9114231448082409,
    0.9114231448082409,
    0.9114231448082409,
    0.9114231448082409,
    0.9114231448082409,
    0.9757987572668155,
    0.9757987572668155,
    0.9757987572668155,
    0.9757987572668155,
    1.0108994319886435,
    1.0108994319886435,
    1.0108994319886435,
    1.0108994319886435,
    1.0108994319886435,
    0.9936485884393492,
    0.9936485884393492,
    0.9936485884393492,
    0.9936485884393492,
    0.9936485884393492,
    0.9936485884393492,
    0.8970871268668733,
    0.8970871268668733,
    0.8970871268668733,
    0.8970871268668733,
    0.9260254212819337,
    0.9260254212819337,
    0.9260254212819337
  ],
  "v26_difficulty": [
    1.0,
    1.0,
    1.0,
    1.0,
    1.0,
    1.0,
    1.0,
    1.0,
    1.0,
    1.0,
    1.0,
    1.0,
    1.0,
    1.0,
    1.0,
    1.0,
    1.0,
    1.0,
    1.0,
    1.0,
    1.0,
    1.0,
    1.0,
    1.0,
    1.0,
    1.0,
    1.0,
    1.0,
    1.0,
    1.0,
    1.0,
    1.0,
    1.0,
    1.0,
    1.0,
    1.0,
    1.0,
    1.0,
    1.0,
    1.0,
    1.0,
    1.0,
    1.0
  ],
  "v27_chainwork": [
    0.0,
    15.0,
    35.0,
    50.0,
    65.0,
    84.0,
    101.0,
    117.0,
    137.0,
    155.47410358565764,
    168.66932270916394,
    195.05976095617652,
    223.74501992032063,
    251.36121592923638,
    279.0203766432094,
    308.13528265791797,
    335.07290004891775,
    360.59274810354805,
    389.75828873741125,
    419.8352525160827,
    452.6464857291788,
    486.09131049647317,
    517.3168707290117,
    540.7360409034156,
    570.0100036214205,
    605.20896023247,
    638.5686414880939,
    666.8738255837749,
    695.1790096794558,
    725.505992639114,
    756.7058682823665,
    786.5153259355463,
    812.3501892349689,
    842.1596468881487,
    865.0135644222532,
    890.8484277216758,
    920.5488643698538,
    947.4614781758589,
    972.5799177281303,
    1003.0808800416028,
    1030.2828767917592,
    1058.0636394302198,
    1065.471842800476
  ],