{
  "blocks_mined": {
    "v27": 1,
    "v26": 568
  },
  "total_blocks": 569,
  "final_hashrate": {
    "v27": 0.0,
    "v26": 86.4
  },
  "final_economic": {
    "v27": 0.0,
    "v26": 100.0
  },
  "final_prices": {
    "v27": 48013.846153846156,
    "v26": 71333.35384615386
  }
}