{
  "blocks_mined": {
    "v27": 1657,
    "v26": 794
  },
  "total_blocks": 2451,
  "final_hashrate": {
    "v27": 86.4,
    "v26": 0.0
  },
  "final_economic": {
    "v27": 99.96411889708193,
    "v26": 0.03588110291807219
  },
  "final_prices": {
    "v27": 68597.62779145708,
    "v26": 50749.57220854294
  }
}