{
  "timestamps": [
    0,
    60,
    120,
    180,
    241,
    301,
    362,
    422,
    483,
    544,
    604,
    665,
    725,
    786,
    846,
    906,
    967,
    1027,
    1088,
    1149,
    1209,
    1270,
    1330,
    1390,
    1451,
    1512,
    1572,
    1633,
    1694,
    1754,
    1800
  ],
  "v27_price": [
    60000,
    60000,
    57694.33369979446,
    57933.10920999853,
    58124.76848240315,
    58168.527248181555,
    58201.056388870085,
    58262.41880617743,
    58274.807072575524,
    58194.33369979446,
    58201.32059935777,
    57855.33914726528,
    57790.715480370825,
    57735.07828618723,
    57737.9512604611,
    57686.82944639746,
    57672.967087612255,
    57618.13094311784,
    57588.71532991443,
    57569.34576895664,
    57532.47602432841,
    60283.148470258944,
    60480.48884782979,
    60628.306592218265,
    60827.88287204911,
    60977.91539778804,
    61126.61379537612,
    61245.91846528053,
    61376.86650076142,
    61490.44134859521,
    61602.85725679629
  ],
  "v26_price": [
    60000,
    60000,
    61652.86630020555,
    61414.09079000146,
    61222.43151759684,
    61178.672751818456,
    61146.14361112991,
    61084.78119382258,
    61072.39292742448,
    61152.86630020555,
    61145.87940064221,
    61491.860852734724,
    61556.48451962918,
    61612.12171381277,
    61609.2487395389,
    61660.37055360254,
    61674.23291238775,
    61729.06905688216,
    61758.48467008556,
    61777.85423104336,
    61814.7239756716,
    59064.05152974107,
    58866.71115217022,
    58718.89340778174,
    58519.3171279509,
    58369.28460221196,
    58220.58620462388,
    58101.28153471947,
    57970.33349923858,
    57856.75865140478,
    57744.34274320371
  ],
  "v27_hashrate": [
    38.1,
    38.1,
    38.1,
    38.1,
    38.1,
    38.1,
    38.1,
    38.1,
    38.1,
    38.1,
    30.0,
    30.0,
    30.0,
    30.0,
    30.0,
    30.0,
    30.0,
    30.0,
    30.0,
    30.0,
    86.4,
    86.4,
    86.4,
    86.4,
    86.4,
    86.4,
    86.4,
    86.4,
    86.4,
    86.4,
    86.4
  ],
  "v26_hashrate": [
    48.3,
    48.3,
    48.3,
    48.3,
    48.3,
    48.3,
    48.3,
    48.3,
    48.3,
    48.3,
    56.39999999999999,
    56.39999999999999,
    56.39999999999999,
    56.39999999999999,
    56.39999999999999,
    56.39999999999999,
    56.39999999999999,
    56.39999999999999,
    56.39999999999999,
    56.39999999999999,
    0.0,
    0.0,
    0.0,
    0.0,
    0.0,
    0.0,
    0.0,
    0.0,
    0.0,
    0.0,
    0.0
  ],
  "v27_economic": [
    43.046114164953785,
    43.046114164953785,
    43.046114164953785,
    43.046114164953785,
    43.046114164953785,
    43.046114164953785,
    43.046114164953785,
    43.046114164953785,
    43.046114164953785,
    43.046114164953785,
    43.046114164953785,
    43.046114164953785,
    43.046114164953785,
    43.046114164953785,
    43.046114164953785,
    43.046114164953785,
    43.046114164953785,
    43.046114164953785,
    43.046114164953785,
    43.046114164953785,
    43.046114164953785,
    43.046114164953785,
    43.046114164953785,
    43.046114164953785,
    43.046114164953785,
    43.046114164953785,
    43.046114164953785,
    43.046114164953785,
    43.046114164953785,
    43.046114164953785,
    43.046114164953785
  ],
  "v26_economic": [
    56.9538858350462,
    56.9538858350462,
    56.9538858350462,
    56.9538858350462,
    56.9538858350462,
    56.9538858350462,
    56.9538858350462,
    56.9538858350462,
    56.9538858350462,
    56.9538858350462,
    56.9538858350462,
    56.9538858350462,
    56.9538858350462,
    56.9538858350462,
    56.9538858350462,
    56.9538858350462,
    56.9538858350462,
    56.9538858350462,
    56.9538858350462,
    56.9538858350462,
    56.9538858350462,
    56.9538858350462,
    56.9538858350462,
    56.9538858350462,
    56.9538858350462,
    56.9538858350462,
    56.9538858350462,
    56.9538858350462,
    56.9538858350462,
    56.9538858350462,
    56.9538858350462
  ],
  "v27_blocks": [
    0,
    9,
    20,
    30,
    41,
    53,
    64,
    77,
    88,
    102,
    116,
    125,
    133,
    146,
    168,
    195,
    220,
    244,
    269,
    284,
    332,
    420,
    458,
    503,
    541,
    580,
    607,
    639,
    669,
    701,
    721
  ],
  "v26_blocks": [
    0,
    15,
    29,
    39,
    52,
    66,
    77,
    92,
    110,
    127,
    141,
    173,
    206,
    238,
    273,
    303,
    340,
    371,
    401,
    427,
    451,
    451,
    452,
    452,
    453,
    453,
    453,
    453,
    453,
    453,
    453
  ],
  "v27_difficulty": [
    1.0,
    1.0,
    1.0,
    1.0,
    1.0,
    1.0,
    1.0,
    1.0,
    1.0,
    1.0,
    1.0,
    1.0,
    1.0,
    0.3687580025608195,
    0.3687580025608195,
    0.3687580025608195,
    0.3687580025608195,
    0.3687580025608195,
    0.3687580025608195,
    0.3687580025608195,
    0.28245293813169153,
    0.28245293813169153,
    0.6667741490321898,
    0.6667741490321898,
    0.6667741490321898,
    0.8611253583913482,
    0.8611253583913482,
    0.8611253583913482,
    0.8611253583913482,
    0.8611253583913482,
    0.8435513714854023
  ],
  "v26_difficulty": [
    1.0,
    1.0,
    1.0,
    1.0,
    1.0,
    1.0,
    1.0,
    1.0,
    1.0,
    1.0,
    1.0,
    0.4675324675324675,
    0.4675324675324675,
    0.4675324675324675,
    0.4675324675324675,
    0.5343228200371057,
    0.5343228200371057,
    0.5343228200371057,
    0.5343228200371057,
    0.5343228200371057,
    0.5306378350713326,
    0.5306378350713326,
    0.5306378350713326,
    0.5306378350713326,
    0.5306378350713326,
    0.5306378350713326,
    0.5306378350713326,
    0.5306378350713326,
    0.5306378350713326,
    0.5306378350713326,
    0.5306378350713326
  ],
  "v27_chainwork": [
    0.0,
    9.0,
    20.0,
    30.0,
    41.0,
    53.0,
    64.0,
    77.0,
    88.0,
    102.0,
    116.0,
    125.0,
    133.0,
    144.73751600512162,
    152.85019206145944,
    162.8066581306013,
    172.02560819462155,
    180.875800256081,
    190.09475032010124,
    195.6261203585134,
    209.5290816465507,
    234.38494020213886,
    255.11050333455609,
    285.11534004100355,
    310.4527577042258,
    337.23435435391696,
    360.48473903048335,
    388.0407504990065,
    413.87451125074693,
    441.4305227192701,
    458.63545590019106
  ],
  "v26_chainwork": [
    0.0,
    15.0,
    29.0,
    39.0,
    52.0,
    66.0,
    77.0,
    92.0,
    110.0,
    127.0,
    141.0,
    157.55844155844147,
    172.9870129870128,
    187.94805194805167,
    204.31168831168793,
    219.33951762523168,
    239.10946196660507,
    255.67346938775574,
    271.7031539888693,
    285.5955473098344,
    298.3492802763753,
    298.3492802763753,
    298.8799181114466,
    298.8799181114466,
    299.41055594651795,
    299.41055594651795,
    299.41055594651795,
    299.41055594651795,
    299.41055594651795,
    299.41055594651795,
    299.41055594651795
  ],
  "v27_fee_rate": [
    1.0,
    1.0,
    0.007533103934418018,
    0.007533103934418018,
    0.007533103934418018,
    0.007533103934418018,
    0.007533103934418018,
    0.007533103934418018,
    0.007533103934418018,
    0.007533103934418018,
    0.007533103934418018,
    0.009567041996710882,
    0.009567041996710882,
    0.009567041996710882,
    0.0035279232971225792,
    0.0035279232971225792,
    0.0035279232971225792,
    0.0035279232971225792,
    0.0035279232971225792,
    0.0035279232971225792,
    0.0035279232971225792,
    0.000938277472638984,
    0.000938277472638984,
    0.0022149500993444856,
    0.0022149500993444856,
    0.0022149500993444856,
    0.00286056335700095,
    0.00286056335700095,
    0.00286056335700095,
    0.00286056335700095,
    0.00286056335700095
  ],