{
  "config": {
    "base_price": 60000,
    "max_divergence": 0.2,
    "coefficients": {
      "chain_weight": 0.3,
      "economic_weight": 0.5,
      "hashrate_weight": 0.2
    }
  },
  "current_prices": {
    "v27": 67343.96786817975,
    "v26": 52577.792131820235
  },
  "timeline": {
    "timestamps": [
      1771333716.6649232,
      1771333777.9416878,
      1771333777.9417164,
      1771333838.068448,
      1771333838.0684743,
      1771333899.016239,
      1771333899.016249,
      1771333959.0615773,
      1771333959.061585,
      1771334020.058439,
      1771334020.05846,
      1771334080.5822427,
      1771334080.5822766,
      1771334141.261509,
      1771334141.2615302,
      1771334201.848531,
      1771334201.8485458,
      1771334262.2562826,
      1771334262.2562935,
      1771334322.9163558,
      1771334322.916411,
      1771334383.568351,
      1771334383.568389,
      1771334443.8267229,
      1771334443.8267422,
      1771334503.902215,
      1771334503.9022598,
      1771334564.4523084,
      1771334564.4523551
    ],
    "v27_prices": [
      60000,
      65770.62564595754,
      65770.62564595754,
      66410.62564595755,
      66410.62564595755,
      65854.83617227334,
      65854.83617227334,
      65854.83617227334,
      65854.83617227334,
      66170.62564595754,
      66170.62564595754,
      65930.62564595755,
      65930.62564595755,
      66044.30985648386,
      66044.30985648386,
      66090.62564595754,
      66090.62564595754,
      65958.86094007519,
      65958.86094007519,
      66979.3727646016,
      66979.3727646016,
      67121.74564595753,
      67121.74564595753,
      67173.91955900102,
      67173.91955900102,
      67279.64038279964,
      67279.64038279964,
      67343.96786817975,
      67343.96786817975
    ],
    "v26_prices": [
      60000,
      60000,
      54151.13435404246,
      54151.13435404246,
      53511.13435404246,
      53511.13435404246,
      54066.92382772667,
      54066.92382772667,
      54066.92382772667,
      54066.92382772667,
      53751.13435404246,
      53751.13435404246,
      53991.13435404246,
      53991.13435404246,
      53877.450143516144,
      53877.450143516144,
      53831.134354042464,
      53831.134354042464,
      53962.899059924806,
      53962.899059924806,
      52942.3872353984,
      52942.3872353984,
      52800.01435404246,
      52800.01435404246,
      52747.84044099898,
      52747.84044099898,
      52642.119617200355,
      52642.119617200355,
      52577.792131820235
    ]
  },
  "history": [
    {
      "timestamp": 1771333716.6649232,
      "chain_id": "v27",
      "price": 60000,
      "metadata": {
        "initial": true
      }
    },
    {
      "timestamp": 1771333716.6649232,
      "chain_id": "v26",
      "price": 60000,
      "metadata": {
        "initial": true
      }
    },
    {
      "timestamp": 1771333777.9416878,
      "chain_id": "v27",
      "price": 65770.62564595754,
      "metadata": {
        "fork_sustained": true,
        "fork_depth": 9
      }
    },
    {
      "timestamp": 1771333777.9417164,
      "chain_id": "v26",
      "price": 54151.13435404246,
      "metadata": {
        "fork_sustained": true,
        "fork_depth": 9
      }
    },
    {
      "timestamp": 1771333838.068448,
      "chain_id": "v27",
      "price": 66410.62564595755,
      "metadata": {
        "fork_sustained": true,
        "fork_depth": 15
      }
    },
    {
      "timestamp": 1771333838.0684743,
      "chain_id": "v26",
      "price": 53511.13435404246,
      "metadata": {
        "fork_sustained": true,
        "fork_depth": 15
      }
    },
    {
      "timestamp": 1771333899.016239,
      "chain_id": "v27",
      "price": 65854.83617227334,
      "metadata": {
        "fork_sustained": true,
        "fork_depth": 19
      }
    },
    {
      "timestamp": 1771333899.016249,
      "chain_id": "v26",
      "price": 54066.92382772667,
      "metadata": {
        "fork_sustained": true,
        "fork_depth": 19
      }
    },
    {
      "timestamp": 1771333959.0615773,
      "chain_id": "v27",
      "price": 65854.83617227334,
      "metadata": {
        "fork_sustained": true,
        "fork_depth": 19
      }
    },
    {
      "timestamp": 1771333959.061585,
      "chain_id": "v26",
      "price": 54066.92382772667,
      "metadata": {
        "fork_sustained": true,
        "fork_depth": 19
      }
    },
    {
      "timestamp": 1771334020.058439,
      "chain_id": "v27",
      "price": 66170.62564595754,
      "metadata": {
        "fork_sustained": true,
        "fork_depth": 24
      }
    },
    {
      "timestamp": 1771334020.05846,
      "chain_id": "v26",
      "price": 53751.13435404246,
      "metadata": {
        "fork_sustained": true,
        "fork_depth": 24
      }
    },
    {
      "timestamp": 1771334080.5822427,
      "chain_id": "v27",
      "price": 65930.62564595755,
      "metadata": {
        "fork_sustained": true,
        "fork_depth": 30
      }
    },
    {
      "timestamp": 1771334080.5822766,
      "chain_id": "v26",
      "price": 53991.13435404246,
      "metadata": {
        "fork_sustained": true,
        "fork_depth": 30
      }
    },
    {
      "timestamp": 1771334141.261509,
      "chain_id": "v27",
      "price": 66044.30985648386,
      "metadata": {
        "fork_sustained": true,
        "fork_depth": 38
      }
    },
    {
      "timestamp": 1771334141.2615302,
      "chain_id": "v26",
      "price": 53877.450143516144,
      "metadata": {
        "fork_sustained": true,
        "fork_depth": 38
      }
    },
    {
      "timestamp": 1771334201.848531,
      "chain_id": "v27",
      "price": 66090.62564595754,
      "metadata": {
        "fork_sustained": true,
        "fork_depth": 45
      }
    },
    {
      "timestamp": 1771334201.8485458,
      "chain_id": "v26",
      "price": 53831.134354042464,
      "metadata": {
        "fork_sustained": true,
        "fork_depth": 45
      }
    },
    {
      "timestamp": 1771334262.2562826,
      "chain_id": "v27",
      "price": 65958.86094007519,
      "metadata": {
        "fork_sustained": true,
        "fork_depth": 51
      }
    },
    {
      "timestamp": 1771334262.2562935,
      "chain_id": "v26",
      "price": 53962.899059924806,
      "metadata": {
        "fork_sustained": true,
        "fork_depth": 51
      }
    },
    {
      "timestamp": 1771334322.9163558,
      "chain_id": "v27",
      "price": 66979.3727646016,
      "metadata": {
        "fork_sustained": true,
        "fork_depth": 59
      }
    },
    {
      "timestamp": 1771334322.916411,
      "chain_id": "v26",
      "price": 52942.3872353984,
      "metadata": {
        "fork_sustained": true,
        "fork_depth": 59
      }
    },
    {
      "timestamp": 1771334383.568351,
      "chain_id": "v27",
      "price": 67121.74564595753,
      "metadata": {
        "fork_sustained": true,
        "fork_depth": 66
      }
    },
    {
      "timestamp": 1771334383.568389,
      "chain_id": "v26",
      "price": 52800.01435404246,
      "metadata": {
        "fork_sustained": true,
        "fork_depth": 66
      }
    },
    {
      "timestamp": 1771334443.8267229,
      "chain_id": "v27",
      "price": 67173.91955900102,
      "metadata": {
        "fork_sustained": true,
        "fork_depth": 69
      }
    },
    {
      "timestamp": 1771334443.8267422,
      "chain_id": "v26",
      "price": 52747.84044099898,
      "metadata": {
        "fork_sustained": true,
        "fork_depth": 69
      }
    },
    {
      "timestamp": 1771334503.902215,
      "chain_id": "v27",
      "price": 67279.64038279964,
      "metadata": {
        "fork_sustained": true,
        "fork_depth": 76
      }
    },
    {
      "timestamp": 1771334503.9022598,
      "chain_id": "v26",
      "price": 52642.119617200355,
      "metadata": {
        "fork_sustained": true,
        "fork_depth": 76
      }
    },
    {
      "timestamp": 1771334564.4523084,