{
  "timestamps": [
    0,
    60,
    120,
    181,
    241,
    302,
    363,
    424,
    484,
    545,
    605,
    666,
    726,
    786,
    847,
    900
  ],
  "v27_price": [
    60000,
    60000,
    65770.62564595754,
    66410.62564595755,
    65854.83617227334,
    65854.83617227334,
    66170.62564595754,
    65930.62564595755,
    66044.30985648386,
    66090.62564595754,
    65958.86094007519,
    66979.3727646016,
    67121.74564595753,
    67173.91955900102,
    67279.64038279964,
    67343.96786817975
  ],
  "v26_price": [
    60000,
    60000,
    54151.13435404246,
    53511.13435404246,
    54066.92382772667,
    54066.92382772667,
    53751.13435404246,
    53991.13435404246,
    53877.450143516144,
    53831.134354042464,
    53962.899059924806,
    52942.3872353984,
    52800.01435404246,
    52747.84044099898,
    52642.119617200355,
    52577.792131820235
  ],
  "v27_hashrate": [
    78.55499999999999,
    78.55499999999999,
    78.55499999999999,
    78.55499999999999,
    78.55499999999999,
    78.55499999999999,
    78.55499999999999,
    78.55499999999999,
    78.55499999999999,
    78.55499999999999,
    98.36999999999999,
    98.36999999999999,
    98.36999999999999,
    98.36999999999999,
    98.36999999999999,
    98.36999999999999
  ],
  "v26_hashrate": [
    19.814999999999998,
    19.814999999999998,
    19.814999999999998,
    19.814999999999998,
    19.814999999999998,
    19.814999999999998,
    19.814999999999998,
    19.814999999999998,
    19.814999999999998,
    19.814999999999998,
    0.0,
    0.0,
    0.0,
    0.0,
    0.0,
    0.0
  ],
  "v27_economic": [
    69.99988038297951,
    69.99988038297951,
    69.99988038297951,
    69.99988038297951,
    69.99988038297951,
    69.99988038297951,
    69.99988038297951,
    69.99988038297951,
    69.99988038297951,
    69.99988038297951,
    69.99988038297951,
    69.99988038297951,
    69.99988038297951,
    69.99988038297951,
    69.99988038297951,
    69.99988038297951
  ],
  "v26_economic": [
    30.000119617020477,
    30.000119617020477,
    30.000119617020477,
    30.000119617020477,
    30.000119617020477,
    30.000119617020477,
    30.000119617020477,
    30.000119617020477,
    30.000119617020477,
    30.000119617020477,
    30.000119617020477,
    30.000119617020477,
    30.000119617020477,
    30.000119617020477,
    30.000119617020477,
    30.000119617020477
  ],
  "v27_blocks": [
    0,
    7,
    13,
    15,
    15,
    20,
    24,
    31,
    37,
    41,
    48,
    55,
    58,
    65,
    70,
    76
  ],
  "v26_blocks": [
    0,
    2,
    2,
    4,
    4,
    4,
    6,
    7,
    8,
    10,
    11,
    11,
    11,
    11,
    11,
    11
  ],
  "v27_difficulty": [
    1.0,
    1.0,
    1.0,
    1.0,
    1.0,
    1.0,
    1.0,
    1.0,
    1.0,
    1.0,
    1.0,
    1.0,
    1.0,
    1.0,
    1.0,
    1.0
  ],
  "v26_difficulty": [
    1.0,
    1.0,
    1.0,
    1.0,
    1.0,
    1.0,
    1.0,
    1.0,
    1.0,
    1.0,
    1.0,
    1.0,
    1.0,
    1.0,
    1.0,
    1.0
  ],
  "v27_chainwork": [
    0.0,
    7.0,
    13.0,
    15.0,
    15.0,
    20.0,
    24.0,
    31.0,
    37.0,
    41.0,
    48.0,
    55.0,
    58.0,
    65.0,
    70.0,
    76.0
  ],
  "v26_chainwork": [
    0.0,
    2.0,
    2.0,
    4.0,
    4.0,
    4.0,
    6.0,
    7.0,
    8.0,
    10.0,
    11.0,
    11.0,
    11.0,
    11.0,
    11.0,
    11.0
  ],
  "v27_fee_rate": [
    1.0,
    1.0,
    0.02970316372022138,
    0.02970316372022138,
    0.02970316372022138,
    0.02970316372022138,
    0.02970316372022138,
    0.02970316372022138,
    0.02970316372022138,
    0.02970316372022138,
    0.02970316372022138,
    0.023719955535651017,
    0.023719955535651017,
    0.023719955535651017,
    0.023719955535651017,
    0.023719955535651017
  ],
  "v26_fee_rate": [
    1.0,
    1.0,
    0.050466884041955234,
    0.050466884041955234,
    0.050466884041955234,
    0.050466884041955234,
    0.050466884041955234,
    0.050466884041955234,
    0.050466884041955234,
    0.050466884041955234,
    0.050466884041955234,
    10.00001307291343,
    10.00001307291343,
    10.00001307291343,
    10.00001307291343,
    10.00001307291343
  ],
  "v27_fee_revenue_btc": [
    0.01,
    0.01,
    0.0002970316372022138,
    0.0002970316372022138,
    0.0002970316372022138,
    0.0002970316372022138,
    0.0002970316372022138,
    0.0002970316372022138,
    0.0002970316372022138,
    0.0002970316372022138,
    0.0002970316372022138,
    0.00023719955535651019,
    0.00023719955535651019,
    0.00023719955535651019,
    0.00023719955535651019,
    0.00023719955535651019
  ],
  "v26_fee_revenue_btc": [
    0.01,
    0.01,
    0.0005046688404195523,
    0.0005046688404195523,
    0.0005046688404195523,
    0.0005046688404195523,
    0.0005046688404195523,
    0.0005046688404195523,
    0.0005046688404195523,
    0.0005046688404195523,
    0.0005046688404195523,
    0.10000013072913429,
    0.10000013072913429,
    0.10000013072913429,
    0.10000013072913429,
    0.10000013072913429
  ],
  "v27_congestion": [
    0.02970312960472684,
    0.02970312960472684,
    0.02970312960472684,
    0.02970312960472684,
    0.02970312960472684,
    0.02970312960472684,
    0.02970312960472684,
    0.02970312960472684,
    0.02970312960472684,
    0.02970312960472684,
    0.0237199282921553,
    0.0237199282921553,
    0.0237199282921553,
    0.0237199282921553,
    0.0237199282921553,
    0.0237199282921553
  ],
  "v26_congestion": [
    0.05046701929013455,
    0.05046701929013455,
    0.05046701929013455,
    0.05046701929013455,
    0.05046701929013455,
    0.05046701929013455,
    0.05046701929013455,
    0.05046701929013455,
    0.05046701929013455,
    0.05046701929013455,
    10.00003987234016,
    10.00003987234016,
    10.00003987234016,
    10.00003987234016,
    10.00003987234016,
    10.00003987234016
  ],
  "v27_mempool_mb": [
    0,
    0,
    0,
    0,
    0,
    0,
    0,
    0,
    0,
    0,
    0,
    0,
    0,
    0,
    0,
    0
  ],
  "v26_mempool_mb": [
    0,
    0,
    0,
    0,
    0,
    0,
    0,
    0,
    0,
    0,
    0,
    90.0001307291343,
    90.0001307291343,
    90.0001307291343,
    90.0001307291343,
    90.0001307291343
  ],
  "v27_transactional": [
    69.99996078125972,
    69.99996078125972,
    69.99996078125972,
    69.99996078125972,
    69.99996078125972,
    69.99996078125972,
    69.99996078125972,
    69.99996078125972,
    69.99996078125972,
    69.99996078125972,
    69.99996078125972,
    69.99996078125972,
    69.99996078125972,
    69.99996078125972,
    69.99996078125972,
    69.99996078125972
  ],
  "v26_transactional": [
    30.000039218740287,
    30.000039218740287,
    30.000039218740287,
    30.000039218740287,
    30.000039218740287,
    30.000039218740287,
    30.000039218740287,
    30.000039218740287,
    30.000039218740287,
    30.000039218740287,
    30.000039218740287,
    30.000039218740287,
    30.000039218740287,
    30.000039218740287,
    30.000039218740287,
    30.000039218740287
  ],
  "v27_solo_hashrate": [
    0.0,
    0.0,
    0.0,
    0.0,
    0.0,
    0.0,
    0.0,
    0.0,
    0.0,
    0.0,
    0.0,
    0.0,
    0.0,
    0.0,
    0.0,
    0.0
  ],
  "v26_solo_hashrate": [
    0.0,
    0.0,
    0.0,
    0.0,
    0.0,
    0.0,
    0.0,
    0.0,
    0.0,
    0.0,
    0.0,
    0.0,
    0.0,
    0.0,
    0.0,
    0.0
  ]
}