{
  "blocks_mined": {
    "v27": 51,
    "v26": 201
  },
  "total_blocks": 252,
  "final_hashrate": {
    "v27": 20.5,
    "v26": 65.9
  },
  "final_economic": {
    "v27": 83.79822714397096,
    "v26": 16.201772856029027
  },
  "final_prices": {
    "v27": 60348.87816636742,
    "v26": 58998.32183363257
  }
}