{
  "blocks_mined": {
    "v27": 99,
    "v26": 7
  },
  "total_blocks": 106,
  "final_hashrate": {
    "v27": 86.4,
    "v26": 0.0
  },
  "final_economic": {
    "v27": 100.0,
    "v26": 0.0
  },
  "final_prices": {
    "v27": 70801.74545454545,
    "v26": 48545.45454545455
  }
}