{
  "timestamps": [
    0,
    60,
    120,
    180,
    241,
    301,
    361,
    422,
    482,
    543,
    603,
    663,
    724,
    784,
    845,
    905,
    965,
    1026,
    1086,
    1147,
    1207,
    1268,
    1329,
    1390,
    1451,
    1512,
    1573,
    1633,
    1694,
    1754,
    1800
  ],
  "v27_price": [
    60000,
    60000,
    57694.33369979446,
    57933.10920999853,
    58124.76848240315,
    58168.527248181555,
    58201.056388870085,
    58262.41880617743,
    58274.807072575524,
    58194.33369979446,
    58201.32059935777,
    56415.33914726528,
    56151.24365337397,
    55902.9719443354,
    55701.712011238975,
    55528.94400629566,
    55387.98844155649,
    55267.28122660214,
    55143.335655556846,
    55036.668134542124,
    54929.750573317884,
    54841.28005005916,
    54748.10533989081,
    54664.74036752797,
    54618.27201323689,
    54566.66147356181,
    54489.028262308835,
    54429.75252582359,
    54388.26287401485,
    54340.94941847622,
    54298.53494174631
  ],
  "v26_price": [
    60000,
    60000,
    61652.86630020555,
    61414.09079000146,
    61222.43151759684,
    61178.672751818456,
    61146.14361112991,
    61084.78119382258,
    61072.39292742448,
    61152.86630020555,
    61145.87940064221,
    62931.860852734724,
    63195.95634662604,
    63444.228055664615,
    63645.48798876103,
    63818.25599370435,
    63959.21155844352,
    64079.91877339787,
    64203.864344443165,
    64310.53186545788,
    64417.44942668212,
    64505.91994994084,
    64599.094660109185,
    64682.45963247203,
    64728.9279867631,
    64780.5385264382,
    64858.17173769117,
    64917.44747417642,
    64958.93712598515,
    65006.25058152378,
    65048.6650582537
  ],
  "v27_hashrate": [
    38.1,
    38.1,
    38.1,
    38.1,
    38.1,
    38.1,
    38.1,
    38.1,
    38.1,
    38.1,
    0.0,
    0.0,
    0.0,
    0.0,
    0.0,
    0.0,
    0.0,
    0.0,
    0.0,
    0.0,
    0.0,
    0.0,
    0.0,
    0.0,
    0.0,
    0.0,
    0.0,
    0.0,
    0.0,
    0.0,
    0.0
  ],
  "v26_hashrate": [
    48.3,
    48.3,
    48.3,
    48.3,
    48.3,
    48.3,
    48.3,
    48.3,
    48.3,
    48.3,
    86.4,
    86.4,
    86.4,
    86.4,
    86.4,
    86.4,
    86.4,
    86.4,
    86.4,
    86.4,
    86.4,
    86.4,
    86.4,
    86.4,
    86.4,
    86.4,
    86.4,
    86.4,
    86.4,
    86.4,
    86.4
  ],
  "v27_economic": [
    43.046114164953785,
    43.046114164953785,
    43.046114164953785,
    43.046114164953785,
    43.046114164953785,
    43.046114164953785,
    43.046114164953785,
    43.046114164953785,
    43.046114164953785,
    43.046114164953785,
    43.046114164953785,
    43.046114164953785,
    43.046114164953785,
    43.046114164953785,
    43.046114164953785,
    43.046114164953785,
    43.046114164953785,
    43.046114164953785,
    43.046114164953785,
    43.046114164953785,
    43.03727819279384,
    43.03727819279384,
    43.03727819279384,
    43.03727819279384,
    43.03727819279384,
    43.03727819279384,
    43.03727819279384,
    43.03727819279384,
    43.03727819279384,
    43.03727819279384,
    43.03727819279384
  ],
  "v26_economic": [
    56.9538858350462,
    56.9538858350462,
    56.9538858350462,
    56.9538858350462,
    56.9538858350462,
    56.9538858350462,
    56.9538858350462,
    56.9538858350462,
    56.9538858350462,
    56.9538858350462,
    56.9538858350462,
    56.9538858350462,
    56.9538858350462,
    56.9538858350462,
    56.9538858350462,
    56.9538858350462,
    56.9538858350462,
    56.9538858350462,
    56.9538858350462,
    56.9538858350462,
    56.96272180720615,
    56.96272180720615,
    56.96272180720615,
    56.96272180720615,
    56.96272180720615,
    56.96272180720615,
    56.96272180720615,
    56.96272180720615,
    56.96272180720615,
    56.96272180720615,
    56.96272180720615
  ],
  "v27_blocks": [
    0,
    9,
    20,
    30,
    41,
    53,
    64,
    77,
    88,
    102,
    116,
    116,
    116,
    116,
    116,
    116,
    116,
    116,
    116,
    116,
    116,
    116,
    116,
    116,
    117,
    117,
    117,
    117,
    117,
    117,
    117
  ],
  "v26_blocks": [
    0,
    15,
    29,
    39,
    52,
    66,
    77,
    92,
    110,
    127,
    141,
    186,
    240,
    290,
    319,
    346,
    372,
    402,
    431,
    466,
    498,
    536,
    574,
    594,
    622,
    661,
    694,
    719,
    751,
    782,
    806
  ],
  "v27_difficulty": [
    1.0,
    1.0,
    1.0,
    1.0,
    1.0,
    1.0,
    1.0,
    1.0,
    1.0,
    1.0,
    1.0,
    1.0,
    1.0,
    1.0,
    1.0,
    1.0,
    1.0,
    1.0,
    1.0,
    1.0,
    1.0,
    1.0,
    1.0,
    1.0,
    1.0,
    1.0,
    1.0,
    1.0,
    1.0,
    1.0,
    1.0
  ],
  "v26_difficulty": [
    1.0,
    1.0,
    1.0,
    1.0,
    1.0,
    1.0,
    1.0,
    1.0,
    1.0,
    1.0,
    1.0,
    0.4698205546492659,
    0.4698205546492659,
    0.8301123910367398,
    0.8301123910367398,
    0.8301123910367398,
    0.8301123910367398,
    0.8301123910367398,
    0.8301123910367398,
    0.771201189092197,
    0.771201189092197,
    0.771201189092197,
    0.771201189092197,
    0.9028696847908648,
    0.9028696847908648,
    0.9028696847908648,
    0.9028696847908648,
    0.9028696847908648,
    0.8638753130224887,
    0.8638753130224887,
    0.8638753130224887
  ],
  "v27_chainwork": [
    0.0,
    9.0,
    20.0,
    30.0,
    41.0,
    53.0,
    64.0,
    77.0,
    88.0,
    102.0,
    116.0,
    116.0,
    116.0,
    116.0,
    116.0,
    116.0,
    116.0,
    116.0,
    116.0,
    116.0,
    116.0,
    116.0,
    116.0,
    116.0,
    117.0,
    117.0,
    117.0,
    117.0,
    117.0,
    117.0,
    117.0
  ],
  "v26_chainwork": [
    0.0,
    15.0,
    29.0,
    39.0,
    52.0,
    66.0,
    77.0,
    92.0,
    110.0,
    127.0,
    141.0,
    163.73246329526893,
    189.10277324632898,
    213.31438465156697,
    237.3876439916327,
    259.8006785496248,
    281.38360071657956,
    306.2869724476812,
    330.3602317877461,
    357.41118460791796,
    382.0896226588687,
    411.39526784437265,
    440.70091302987663,
    458.4949697342965,
    483.7753209084405,
    518.987238615284,
    548.7819382133823,
    571.3536803331538,
    599.0366847216422,
    625.8168194253399,
    646.54982693788
  ],
  "v27_fee_rate": [
    1.0,
    1.0,
    0.007533103934418018,
    0.007533103934418018,
    0.007533103934418018,
    0.007533103934418018,
    0.007533103934418018,
    0.007533103934418018,
    0.007533103934418018,
    0.007533103934418018,
    0.007533103934418018,
    2.8701125990132645,
    2.8701125990132645,
    2.8701125990132645,
    2.8701125990132645,
    2.8701125990132645,
    2.8701125990132645,
    2.8701125990132645,
    2.8701125990132645,
    2.8701125990132645,
    2.8701125990132645,
    2.8698342344913215,
    2.8698342344913215,
    2.8698342344913215,
    2.8698342344913215,
    2.8698342344913215,
    2.8698342344913215,
    2.8698342344913215,
    2.8698342344913215,
    2.8698342344913215,
    2.8698342344913215
  ],
  "v26_fee_rate": [
    1.0,
    1.0,
    0.00786036038851636,
    0.00786036038851636,
    0.00786036038851636,
    0.00786036038851636,
    0.00786036038851636,
    0.00786036038851636,
    0.00786036038851636,
    0.00786036038851636,
    0.00786036038851636,
    0.0043941598005247705,
    0.0020644665947000553,
    0.0020644665947000553,
    0.003647646498611141,
    0.003647646498611141,
    0.003647646498611141,
    0.003647646498611141,
    0.003647646498611141,
    0.003647646498611141,
    0.003388781263225834,
    0.003389029729719264,
    0.003389029729719264,
    0.003389029729719264,
    0.003967644561622553,
    0.003967644561622553,
    0.003967644561622553,
    0.003967644561622553,
    0.003967644561622553,
    0.0037962844974993204,
    0.0037962844974993204
  ],