{
  "blocks_mined": {
    "v27": 4,
    "v26": 4362
  },
  "total_blocks": 4366,
  "final_hashrate": {
    "v27": 0.0,
    "v26": 86.4
  },
  "final_economic": {
    "v27": 0.0,
    "v26": 100.0
  },
  "final_prices": {
    "v27": 48006.98091981056,
    "v26": 71340.21908018945
  }
}