{
  "config": {
    "base_price": 60000,
    "max_divergence": 0.2,
    "coefficients": {
      "chain_weight": 0.3,
      "economic_weight": 0.5,
      "hashrate_weight": 0.2
    }
  },
  "current_prices": {
    "v27": 67139.50834990165,
    "v26": 52207.69165009836
  },
  "timeline": {
    "timestamps": [
      1772907618.878949,
      1772907679.9249809,
      1772907679.924989,
      1772907740.9171543,
      1772907740.9171624,
      1772907801.3059456,
      1772907801.305951,
      1772907861.3790274,
      1772907861.3790333,
      1772907921.9370403,
      1772907921.9370477,
      1772907982.3811736,
      1772907982.3811815,
      1772908043.007569,
      1772908043.007578,
      1772908103.5827978,
      1772908103.5828063,
      1772908164.2797112,
      1772908164.2797172,
      1772908224.8085096,
      1772908224.8085191,
      1772908285.3951778,
      1772908285.3951938,
      1772908345.9465966,
      1772908345.9466019,
      1772908406.8401635,
      1772908406.8401728,
      1772908467.3040502,
      1772908467.3040552,
      1772908528.206027,
      1772908528.2060373,
      1772908589.2123027,
      1772908589.212308,
      1772908650.1209981,
      1772908650.121004,
      1772908710.2133086,
      1772908710.2133138,
      1772908770.3712914,
      1772908770.3712971,
      1772908830.6680007,
      1772908830.6680112,
      1772908890.9302607,
      1772908890.9302688,
      1772908951.3576577,
      1772908951.3576632,
      1772909011.844866,
      1772909011.8448756,
      1772909071.9564533,
      1772909071.9564583,
      1772909132.2237616,
      1772909132.223767,
      1772909192.3168533,
      1772909192.3168588,
      1772909253.2680058,
      1772909253.2680128,
      1772909313.3101783,
      1772909313.310184,
      1772909373.5415108,
      1772909373.5415192
    ],
    "v27_prices": [
      60000,
      61670.52117176585,
      61670.52117176585,
      61994.52117176586,
      61994.52117176586,
      62159.09260033729,
      62159.09260033729,
      62153.67906650269,
      62153.67906650269,
      62183.744312261726,
      62183.744312261726,
      62243.248444493125,
      62243.248444493125,
      62258.38244344216,
      62258.38244344216,
      62142.79839948863,
      62142.79839948863,
      62232.059633304314,
      62232.059633304314,
      64569.23005207473,
      64569.23005207473,
      64888.92117176585,
      64888.92117176585,
      65170.26188570911,
      65170.26188570911,
      65430.47570078776,
      65430.47570078776,
      65641.55262938362,
      65641.55262938362,
      65800.22529244765,
      65800.22529244765,
      65963.47574907947,
      65963.47574907947,
      66098.60042646945,
      66098.60042646945,
      66245.32141444286,
      66245.32141444286,
      66371.79850465986,
      66371.79850465986,
      66494.98409681364,
      66494.98409681364,
      66598.39214196458,
      66598.39214196458,
      66694.15352736061,
      66694.15352736061,
      66741.30914081054,
      66741.30914081054,
      66825.89651808728,
      66825.89651808728,
      66913.39290718103,
      66913.39290718103,
      66980.56084085486,
      66980.56084085486,
      67031.41118801344,
      67031.41118801344,
      67088.66009686257,
      67088.66009686257,
      67139.50834990165,
      67139.50834990165
    ],
    "v26_prices": [
      60000,
      60000,
      57676.67882823415,
      57676.67882823415,
      57352.67882823415,
      57352.67882823415,
      57188.107399662724,
      57188.107399662724,
      57193.52093349731,
      57193.52093349731,
      57163.455687738286,
      57163.455687738286,
      57103.95155550688,
      57103.95155550688,
      57088.81755655785,
      57088.81755655785,
      57204.40160051138,
      57204.40160051138,
      57115.14036669569,
      57115.14036669569,
      54777.969947925274,
      54777.969947925274,
      54458.27882823415,
      54458.27882823415,
      54176.9381142909,
      54176.9381142909,
      53916.72429921225,
      53916.72429921225,
      53705.6473706164,
      53705.6473706164,
      53546.97470755236,
      53546.97470755236,
      53383.72425092054,
      53383.72425092054,
      53248.59957353056,
      53248.59957353056,
      53101.87858555715,
      53101.87858555715,
      52975.40149534015,
      52975.40149534015,
      52852.21590318636,
      52852.21590318636,
      52748.80785803544,
      52748.80785803544,
      52653.04647263939,
      52653.04647263939,
      52605.89085918947,
      52605.89085918947,
      52521.30348191274,
      52521.30348191274,
      52433.807092818985,
      52433.807092818985,
      52366.63915914517,
      52366.63915914517,
      52315.788811986575,
      52315.788811986575,
      52258.53990313744,
      52258.53990313744,
      52207.69165009836
    ]
  },
  "history": [
    {
      "timestamp": 1772907618.878949,
      "chain_id": "v27",
      "price": 60000,
      "metadata": {
        "initial": true
      }
    },
    {
      "timestamp": 1772907618.878949,
      "chain_id": "v26",
      "price": 60000,
      "metadata": {
        "initial": true
      }
    },
    {
      "timestamp": 1772907679.9249809,
      "chain_id": "v27",
      "price": 61670.52117176585,
      "metadata": {
        "fork_sustained": true,
        "fork_depth": 24
      }
    },
    {
      "timestamp": 1772907679.924989,
      "chain_id": "v26",
      "price": 57676.67882823415,
      "metadata": {
        "fork_sustained": true,
        "fork_depth": 24
      }
    },
    {
      "timestamp": 1772907740.9171543,
      "chain_id": "v27",
      "price": 61994.52117176586,
      "metadata": {
        "fork_sustained": true,
        "fork_depth": 50
      }
    },
    {
      "timestamp": 1772907740.9171624,
      "chain_id": "v26",
      "price": 57352.67882823415,
      "metadata": {
        "fork_sustained": true,
        "fork_depth": 50
      }
    },
    {
      "timestamp": 1772907801.3059456,
      "chain_id": "v27",
      "price": 62159.09260033729,
      "metadata": {
        "fork_sustained": true,
        "fork_depth": 70
      }
    },
    {
      "timestamp": 1772907801.305951,
      "chain_id": "v26",
      "price": 57188.107399662724,
      "metadata": {
        "fork_sustained": true,
        "fork_depth": 70
      }
    },
    {
      "timestamp": 1772907861.3790274,
      "chain_id": "v27",
      "price": 62153.67906650269,
      "metadata": {
        "fork_sustained": true,
        "fork_depth": 95
      }
    },
    {
      "timestamp": 1772907861.3790333,
      "chain_id": "v26",
      "price": 57193.52093349731,
      "metadata": {
        "fork_sustained": true,
        "fork_depth": 95
      }
    },
    {
      "timestamp": 1772907921.9370403,
      "chain_id": "v27",
      "price": 62183.744312261726,
      "metadata": {
        "fork_sustained": true,
        "fork_depth": 121
      }
    },
    {
      "timestamp": 1772907921.9370477,
      "chain_id": "v26",
      "price": 57163.455687738286,
      "metadata": {
        "fork_sustained": true,
        "fork_depth": 121
      }
    },
    {
      "timestamp": 1772907982.3811736,
      "chain_id": "v27",
      "price": 62243.248444493125,
      "metadata": {
        "fork_sustained": true,
        "fork_depth": 143
      }
    },
    {
      "timestamp": 1772907982.3811815,
      "chain_id": "v26",
      "price": 57103.95155550688,
      "metadata": {
        "fork_sustained": true,
        "fork_depth": 143
      }
    },
    {
      "timestamp": 1772908043.007569,
      "chain_id": "v27",
      "price": 62258.38244344216,
      "metadata": {
        "fork_sustained": true,
        "fork_depth": 173
      }
    },
    {
      "timestamp": 1772908043.007578,
      "chain_id": "v26",
      "price": 57088.81755655785,
      "metadata": {
        "fork_sustained": true,
        "fork_depth": 173
      }
    },
    {
      "timestamp": 1772908103.5827978,
      "chain_id": "v27",
      "price": 62142.79839948863,