{
  "blocks_mined": {
    "v27": 3,
    "v26": 126
  },
  "total_blocks": 129,
  "final_hashrate": {
    "v27": 0.0,
    "v26": 86.4
  },
  "final_economic": {
    "v27": 0.0,
    "v26": 100.0
  },
  "final_prices": {
    "v27": 48163.63636363637,
    "v26": 71183.56363636363
  }
}