{
  "blocks_mined": {
    "v27": 84,
    "v26": 808
  },
  "total_blocks": 892,
  "final_hashrate": {
    "v27": 0.0,
    "v26": 98.36999999999999
  },
  "final_economic": {
    "v27": 50.12210820410434,
    "v26": 49.87789179589566
  },
  "final_prices": {
    "v27": 54711.42717804091,
    "v26": 65210.3328219591
  }
}