{
  "blocks_mined": {
    "v27": 101,
    "v26": 9
  },
  "total_blocks": 110,
  "final_hashrate": {
    "v27": 86.4,
    "v26": 0.0
  },
  "final_economic": {
    "v27": 100.0,
    "v26": 0.0
  },
  "final_prices": {
    "v27": 70908.1756097561,
    "v26": 48439.0243902439
  }
}