{
  "blocks_mined": {
    "v27": 4695,
    "v26": 801
  },
  "total_blocks": 5496,
  "final_hashrate": {
    "v27": 86.4,
    "v26": 0.0
  },
  "final_economic": {
    "v27": 100.0,
    "v26": 0.0
  },
  "final_prices": {
    "v27": 70197.90028451,
    "v26": 49149.299715490015
  }
}