{
  "blocks_mined": {
    "v27": 8,
    "v26": 1009
  },
  "total_blocks": 1017,
  "final_hashrate": {
    "v27": 0.0,
    "v26": 86.4
  },
  "final_economic": {
    "v27": 0.0,
    "v26": 100.0
  },
  "final_prices": {
    "v27": 48043.72469635628,
    "v26": 71303.47530364372
  }
}