{
  "timestamps": [
    0,
    60,
    120,
    181,
    241,
    301,
    362,
    422,
    483,
    544,
    604,
    665,
    726,
    786,
    847,
    907,
    967,
    1028,
    1088,
    1148,
    1209,
    1270,
    1330,
    1391,
    1452,
    1512,
    1572,
    1633,
    1693,
    1753,
    1800
  ],
  "v27_price": [
    60000,
    60000,
    58543.45298449252,
    58867.45298449252,
    58973.887767101216,
    59026.61087922936,
    59056.67612498839,
    59088.52340702774,
    59131.31425616882,
    59031.51268598506,
    59088.08817762557,
    58719.769263562295,
    58681.36221928517,
    58586.78458666067,
    58583.889189753754,
    58535.69564334727,
    58511.450341329255,
    58475.66379000601,
    58433.207010868995,
    58395.501389488185,
    58368.24181385869,
    61106.88105956734,
    61295.864723007304,
    61492.73335501431,
    61644.69858143973,
    61823.78162815691,
    61964.972506420774,
    62093.90196852601,
    62221.322274927064,
    62339.17901202046,
    62441.69555173821
  ],
  "v26_price": [
    60000,
    60000,
    60803.74701550749,
    60479.74701550747,
    60373.31223289878,
    60320.58912077064,
    60290.52387501162,
    60258.676592972275,
    60215.88574383118,
    60315.68731401494,
    60259.11182237444,
    60627.43073643771,
    60665.83778071484,
    60760.415413339324,
    60763.31081024625,
    60811.50435665273,
    60835.74965867075,
    60871.53620999401,
    60913.99298913102,
    60951.69861051182,
    60978.958186141324,
    58240.318940432655,
    58051.3352769927,
    57854.466644985696,
    57702.501418560285,
    57523.41837184309,
    57382.22749357923,
    57253.298031474005,
    57125.87772507295,
    57008.020987979544,
    56905.5044482618
  ],
  "v27_hashrate": [
    38.1,
    38.1,
    38.1,
    38.1,
    38.1,
    38.1,
    38.1,
    38.1,
    38.1,
    38.1,
    30.0,
    30.0,
    30.0,
    30.0,
    30.0,
    30.0,
    30.0,
    30.0,
    30.0,
    30.0,
    86.4,
    86.4,
    86.4,
    86.4,
    86.4,
    86.4,
    86.4,
    86.4,
    86.4,
    86.4,
    86.4
  ],
  "v26_hashrate": [
    48.3,
    48.3,
    48.3,
    48.3,
    48.3,
    48.3,
    48.3,
    48.3,
    48.3,
    48.3,
    56.39999999999999,
    56.39999999999999,
    56.39999999999999,
    56.39999999999999,
    56.39999999999999,
    56.39999999999999,
    56.39999999999999,
    56.39999999999999,
    56.39999999999999,
    56.39999999999999,
    0.0,
    0.0,
    0.0,
    0.0,
    0.0,
    0.0,
    0.0,
    0.0,
    0.0,
    0.0,
    0.0
  ],
  "v27_economic": [
    50.12210820410434,
    50.12210820410434,
    50.12210820410434,
    50.12210820410434,
    50.12210820410434,
    50.12210820410434,
    50.12210820410434,
    50.12210820410434,
    50.12210820410434,
    50.12210820410434,
    50.12210820410434,
    50.12210820410434,
    50.12210820410434,
    50.12210820410434,
    50.12210820410434,
    50.12210820410434,
    50.12210820410434,
    50.12210820410434,
    50.12210820410434,
    50.12210820410434,
    50.12210820410434,
    50.12210820410434,
    50.12210820410434,
    50.12210820410434,
    50.12210820410434,
    50.12210820410434,
    50.12210820410434,
    50.12210820410434,
    50.12210820410434,
    50.12210820410434,
    50.12210820410434
  ],
  "v26_economic": [
    49.87789179589566,
    49.87789179589566,
    49.87789179589566,
    49.87789179589566,
    49.87789179589566,
    49.87789179589566,
    49.87789179589566,
    49.87789179589566,
    49.87789179589566,
    49.87789179589566,
    49.87789179589566,
    49.87789179589566,
    49.87789179589566,
    49.87789179589566,
    49.87789179589566,
    49.87789179589566,
    49.87789179589566,
    49.87789179589566,
    49.87789179589566,
    49.87789179589566,
    49.87789179589566,
    49.87789179589566,
    49.87789179589566,
    49.87789179589566,
    49.87789179589566,
    49.87789179589566,
    49.87789179589566,
    49.87789179589566,
    49.87789179589566,
    49.87789179589566,
    49.87789179589566
  ],
  "v27_blocks": [
    0,
    9,
    21,
    30,
    42,
    54,
    64,
    79,
    89,
    105,
    117,
    130,
    136,
    153,
    178,
    204,
    228,
    250,
    271,
    292,
    341,
    426,
    474,
    512,
    560,
    594,
    623,
    654,
    685,
    714,
    735
  ],
  "v26_blocks": [
    0,
    15,
    29,
    39,
    53,
    67,
    78,
    94,
    112,
    128,
    141,
    178,
    213,
    245,
    283,
    313,
    344,
    376,
    407,
    435,
    462,
    462,
    463,
    464,
    464,
    464,
    464,
    464,
    464,
    464,
    464
  ],
  "v27_difficulty": [
    1.0,
    1.0,
    1.0,
    1.0,
    1.0,
    1.0,
    1.0,
    1.0,
    1.0,
    1.0,
    1.0,
    1.0,
    1.0,
    0.37894736842105264,
    0.37894736842105264,
    0.37894736842105264,
    0.37894736842105264,
    0.37894736842105264,
    0.37894736842105264,
    0.28569853954257374,
    0.28569853954257374,
    0.28569853954257374,
    0.6329321491404711,
    0.6329321491404711,
    0.6329321491404711,
    0.8935512693747828,
    0.8935512693747828,
    0.8935512693747828,
    0.8935512693747828,
    0.8935512693747828,
    0.9061364985209065
  ],
  "v26_difficulty": [
    1.0,
    1.0,
    1.0,
    1.0,
    1.0,
    1.0,
    1.0,
    1.0,
    1.0,
    1.0,
    1.0,
    0.4729064039408867,
    0.4729064039408867,
    0.4729064039408867,
    0.4729064039408867,
    0.5559063034080628,
    0.5559063034080628,
    0.5559063034080628,
    0.5559063034080628,
    0.5539827521851975,
    0.5539827521851975,
    0.5539827521851975,
    0.5539827521851975,
    0.5539827521851975,
    0.5539827521851975,
    0.5539827521851975,
    0.5539827521851975,
    0.5539827521851975,
    0.5539827521851975,
    0.5539827521851975,
    0.5539827521851975
  ],
  "v27_chainwork": [
    0.0,
    9.0,
    21.0,
    30.0,
    42.0,
    54.0,
    64.0,
    79.0,
    89.0,
    105.0,
    117.0,
    130.0,
    136.0,
    147.41052631578947,
    156.88421052631577,
    166.73684210526312,
    175.83157894736837,
    184.16842105263152,
    192.1263157894736,
    199.7112152108018,
    213.7104436483882,
    237.99481950950747,
    266.2921610106622,
    290.3435826779996,
    320.7243258367416,
    346.9351630717348,
    372.84814988360307,
    400.5482392342209,
    428.2483285848387,
    454.161315396707,
    473.1146704907688
  ],
  "v26_chainwork": [
    0.0,
    15.0,
    29.0,
    39.0,
    53.0,
    67.0,
    78.0,
    94.0,
    112.0,
    128.0,
    141.0,
    160.0788177339905,
    176.63054187192188,
    191.76354679803057,
    209.73399014778465,
    225.9961797526904,
    243.22927515834,
    261.0182768673976,
    278.2513722730472,
    293.81097811480413,
    308.7685124238051,
    308.7685124238051,
    309.3224951759903,
    309.8764779281755,
    309.8764779281755,
    309.8764779281755,
    309.8764779281755,
    309.8764779281755,
    309.8764779281755,
    309.8764779281755,
    309.8764779281755
  ],
  "v27_fee_rate": [
    1.0,
    1.0,
    0.009550453551606284,
    0.009550453551606284,
    0.009550453551606284,
    0.009550453551606284,
    0.009550453551606284,
    0.009550453551606284,
    0.009550453551606284,
    0.009550453551606284,
    0.009550453551606284,
    0.012129076010539981,
    0.012129076010539981,
    0.012129076010539981,
    0.004596281435573046,
    0.004596281435573046,
    0.004596281435573046,
    0.004596281435573046,
    0.004596281435573046,
    0.004596281435573046,
    0.003465259302212139,
    0.001203215035490326,
    0.001203215035490326,
    0.0026655840786247225,
    0.0026655840786247225,
    0.0026655840786247225,
    0.003763177522764315,
    0.003763177522764315,
    0.003763177522764315,
    0.003763177522764315,
    0.003763177522764315
  ],