{
  "blocks_mined": {
    "v27": 89,
    "v26": 17
  },
  "total_blocks": 106,
  "final_hashrate": {
    "v27": 98.36999999999999,
    "v26": 0.0
  },
  "final_economic": {
    "v27": 69.99988038297951,
    "v26": 30.000119617020477
  },
  "final_prices": {
    "v27": 67033.32459332596,
    "v26": 52888.43540667404
  }
}