{
  "blocks_mined": {
    "v27": 133,
    "v26": 37
  },
  "total_blocks": 170,
  "final_hashrate": {
    "v27": 86.4,
    "v26": 0.0
  },
  "final_economic": {
    "v27": 100.0,
    "v26": 0.0
  },
  "final_prices": {
    "v27": 69416.76521739131,
    "v26": 49930.434782608696
  }
}