{
  "config": {
    "base_price": 60000,
    "max_divergence": 0.2,
    "coefficients": {
      "chain_weight": 0.3,
      "economic_weight": 0.5,
      "hashrate_weight": 0.2
    }
  },
  "current_prices": {
    "v27": 54302.90842409309,
    "v26": 65044.2915759069
  },
  "timeline": {
    "timestamps": [
      1772690947.6271522,
      1772691009.113301,
      1772691009.1133149,
      1772691069.3078349,
      1772691069.3078482,
      1772691129.4684582,
      1772691129.4684772,
      1772691189.713297,
      1772691189.713319,
      1772691250.040327,
      1772691250.040351,
      1772691310.3009465,
      1772691310.3009987,
      1772691370.981124,
      1772691370.9811323,
      1772691431.851591,
      1772691431.8516138,
      1772691492.7888749,
      1772691492.7888997,
      1772691553.384975,
      1772691553.3850274,
      1772691613.6982722,
      1772691613.6982796,
      1772691674.4495208,
      1772691674.4495542,
      1772691734.8140776,
      1772691734.8141007,
      1772691795.7022994,
      1772691795.702333,
      1772691856.0451536,
      1772691856.0451639,
      1772691916.468987,
      1772691916.4689984,
      1772691977.128892,
      1772691977.1289,
      1772692037.7515872,
      1772692037.751598,
      1772692098.4921992,
      1772692098.492212,
      1772692159.327504,
      1772692159.3275204,
      1772692220.2522256,
      1772692220.2522416,
      1772692280.4910877,
      1772692280.491094,
      1772692341.4434683,
      1772692341.4434905,
      1772692402.171069,
      1772692402.1711113,
      1772692463.0812821,
      1772692463.0813217,
      1772692523.8604443,
      1772692523.8604798,
      1772692584.440189,
      1772692584.4401982,
      1772692644.9657736,
      1772692644.9657872,
      1772692705.5890765,
      1772692705.589092
    ],
    "v27_prices": [
      60000,
      57694.33369979446,
      57694.33369979446,
      57933.10920999853,
      57933.10920999853,
      58124.76848240315,
      58124.76848240315,
      58168.527248181555,
      58168.527248181555,
      58201.056388870085,
      58201.056388870085,
      58262.41880617743,
      58262.41880617743,
      58274.807072575524,
      58274.807072575524,
      58194.33369979446,
      58194.33369979446,
      58201.32059935777,
      58201.32059935777,
      56415.33914726528,
      56415.33914726528,
      56151.586711393655,
      56151.586711393655,
      55903.63117534014,
      55903.63117534014,
      55702.65961073227,
      55702.65961073227,
      55531.01071210082,
      55531.01071210082,
      55390.84082447746,
      55390.84082447746,
      55270.71534037095,
      55270.71534037095,
      55147.279562180374,
      55147.279562180374,
      55040.97967886471,
      55040.97967886471,
      54934.67801668078,
      54934.67801668078,
      54846.64215178391,
      54846.64215178391,
      54753.85341061657,
      54753.85341061657,
      54670.76602899143,
      54670.76602899143,
      54626.864555802706,
      54626.864555802706,
      54569.19674923408,
      54569.19674923408,
      54494.25288722722,
      54494.25288722722,
      54435.370423337925,
      54435.370423337925,
      54389.44779009044,
      54389.44779009044,
      54344.5937303614,
      54344.5937303614,
      54302.90842409309,
      54302.90842409309
    ],
    "v26_prices": [
      60000,
      60000,
      61652.86630020555,
      61652.86630020555,
      61414.09079000146,
      61414.09079000146,
      61222.43151759684,
      61222.43151759684,
      61178.672751818456,
      61178.672751818456,
      61146.14361112991,
      61146.14361112991,
      61084.78119382258,
      61084.78119382258,
      61072.39292742448,
      61072.39292742448,
      61152.86630020555,
      61152.86630020555,
      61145.87940064221,
      61145.87940064221,
      62931.860852734724,
      62931.860852734724,
      63195.61328860636,
      63195.61328860636,
      63443.568824659866,
      63443.568824659866,
      63644.540389267735,
      63644.540389267735,
      63816.189287899186,
      63816.189287899186,
      63956.35917552254,
      63956.35917552254,
      64076.484659629044,
      64076.484659629044,
      64199.92043781963,
      64199.92043781963,
      64306.220321135304,
      64306.220321135304,
      64412.52198331923,
      64412.52198331923,
      64500.5578482161,
      64500.5578482161,
      64593.34658938343,
      64593.34658938343,
      64676.43397100858,
      64676.43397100858,
      64720.3354441973,
      64720.3354441973,
      64778.00325076593,
      64778.00325076593,
      64852.94711277278,
      64852.94711277278,
      64911.82957666209,
      64911.82957666209,
      64957.752209909566,
      64957.752209909566,
      65002.60626963861,
      65002.60626963861,
      65044.2915759069
    ]
  },
  "history": [
    {
      "timestamp": 1772690947.6271522,
      "chain_id": "v27",
      "price": 60000,
      "metadata": {
        "initial": true
      }
    },
    {
      "timestamp": 1772690947.6271522,
      "chain_id": "v26",
      "price": 60000,
      "metadata": {
        "initial": true
      }
    },
    {
      "timestamp": 1772691009.113301,
      "chain_id": "v27",
      "price": 57694.33369979446,
      "metadata": {
        "fork_sustained": true,
        "fork_depth": 24
      }
    },
    {
      "timestamp": 1772691009.1133149,
      "chain_id": "v26",
      "price": 61652.86630020555,
      "metadata": {
        "fork_sustained": true,
        "fork_depth": 24
      }
    },
    {
      "timestamp": 1772691069.3078349,
      "chain_id": "v27",
      "price": 57933.10920999853,
      "metadata": {
        "fork_sustained": true,
        "fork_depth": 49
      }
    },
    {
      "timestamp": 1772691069.3078482,
      "chain_id": "v26",
      "price": 61414.09079000146,
      "metadata": {
        "fork_sustained": true,
        "fork_depth": 49
      }
    },
    {
      "timestamp": 1772691129.4684582,
      "chain_id": "v27",
      "price": 58124.76848240315,
      "metadata": {
        "fork_sustained": true,
        "fork_depth": 69
      }
    },
    {
      "timestamp": 1772691129.4684772,
      "chain_id": "v26",
      "price": 61222.43151759684,
      "metadata": {
        "fork_sustained": true,
        "fork_depth": 69
      }
    },
    {
      "timestamp": 1772691189.713297,
      "chain_id": "v27",
      "price": 58168.527248181555,
      "metadata": {
        "fork_sustained": true,
        "fork_depth": 93
      }
    },
    {
      "timestamp": 1772691189.713319,
      "chain_id": "v26",
      "price": 61178.672751818456,
      "metadata": {
        "fork_sustained": true,
        "fork_depth": 93
      }
    },
    {
      "timestamp": 1772691250.040327,
      "chain_id": "v27",
      "price": 58201.056388870085,
      "metadata": {
        "fork_sustained": true,
        "fork_depth": 119
      }
    },
    {
      "timestamp": 1772691250.040351,
      "chain_id": "v26",
      "price": 61146.14361112991,
      "metadata": {
        "fork_sustained": true,
        "fork_depth": 119
      }
    },
    {
      "timestamp": 1772691310.3009465,
      "chain_id": "v27",
      "price": 58262.41880617743,
      "metadata": {
        "fork_sustained": true,
        "fork_depth": 141
      }
    },
    {
      "timestamp": 1772691310.3009987,
      "chain_id": "v26",
      "price": 61084.78119382258,
      "metadata": {
        "fork_sustained": true,
        "fork_depth": 141
      }
    },
    {
      "timestamp": 1772691370.981124,
      "chain_id": "v27",
      "price": 58274.807072575524,
      "metadata": {
        "fork_sustained": true,
        "fork_depth": 169
      }
    },
    {
      "timestamp": 1772691370.9811323,
      "chain_id": "v26",
      "price": 61072.39292742448,
      "metadata": {
        "fork_sustained": true,
        "fork_depth": 169
      }
    },
    {
      "timestamp": 1772691431.851591,
      "chain_id": "v27",
      "price": 58194.33369979446,