{
  "blocks_mined": {
    "v27": 4879,
    "v26": 1509
  },
  "total_blocks": 6388,
  "final_hashrate": {
    "v27": 86.4,
    "v26": 0.0
  },
  "final_economic": {
    "v27": 56.73741253525133,
    "v26": 43.26258746474866
  },
  "final_prices": {
    "v27": 64060.69792542859,
    "v26": 55286.50207457142
  }
}