{
  "blocks_mined": {
    "v27": 986,
    "v26": 64
  },
  "total_blocks": 1050,
  "final_hashrate": {
    "v27": 86.4,
    "v26": 0.0
  },
  "final_economic": {
    "v27": 100.0,
    "v26": 0.0
  },
  "final_prices": {
    "v27": 69766.67690325537,
    "v26": 49580.52309674463
  }
}