{
  "blocks_mined": {
    "v27": 186,
    "v26": 7
  },
  "total_blocks": 193,
  "final_hashrate": {
    "v27": 86.4,
    "v26": 0.0
  },
  "final_economic": {
    "v27": 100.0,
    "v26": 0.0
  },
  "final_prices": {
    "v27": 71093.67887323945,
    "v26": 48253.52112676056
  }
}