{
  "blocks_mined": {
    "v27": 199,
    "v26": 13
  },
  "total_blocks": 212,
  "final_hashrate": {
    "v27": 86.4,
    "v26": 0.0
  },
  "final_economic": {
    "v27": 100.0,
    "v26": 0.0
  },
  "final_prices": {
    "v27": 70884.04210526317,
    "v26": 48463.15789473685
  }
}