{
  "blocks_mined": {
    "v27": 1898,
    "v26": 1386
  },
  "total_blocks": 3284,
  "final_hashrate": {
    "v27": 50.5,
    "v26": 35.9
  },
  "final_economic": {
    "v27": 56.737060138721,
    "v26": 43.262939861279
  },
  "final_prices": {
    "v27": 61413.73773841251,
    "v26": 57933.462261587505
  }
}