{
  "blocks_mined": {
    "v27": 717,
    "v26": 51
  },
  "total_blocks": 768,
  "final_hashrate": {
    "v27": 86.4,
    "v26": 0.0
  },
  "final_economic": {
    "v27": 100.0,
    "v26": 0.0
  },
  "final_prices": {
    "v27": 70873.12592592594,
    "v26": 48474.07407407408
  }
}