{
  "blocks_mined": {
    "v27": 893,
    "v26": 93
  },
  "total_blocks": 986,
  "final_hashrate": {
    "v27": 86.4,
    "v26": 0.0
  },
  "final_economic": {
    "v27": 100.0,
    "v26": 0.0
  },
  "final_prices": {
    "v27": 69171.8497461929,
    "v26": 50175.350253807104
  }
}