{
  "blocks_mined": {
    "v27": 8,
    "v26": 1078
  },
  "total_blocks": 1086,
  "final_hashrate": {
    "v27": 0.0,
    "v26": 86.4
  },
  "final_economic": {
    "v27": 76.18100976471541,
    "v26": 23.818990235284577
  },
  "final_prices": {
    "v27": 57190.65321060081,
    "v26": 62156.5467893992
  }
}