{
  "blocks_mined": {
    "v27": 3125,
    "v26": 1495
  },
  "total_blocks": 4620,
  "final_hashrate": {
    "v27": 86.4,
    "v26": 0.0
  },
  "final_economic": {
    "v27": 56.737060138721,
    "v26": 43.262939861279
  },
  "final_prices": {
    "v27": 63383.176554850535,
    "v26": 55964.02344514947
  }
}