{
  "blocks_mined": {
    "v27": 1060,
    "v26": 51
  },
  "total_blocks": 1111,
  "final_hashrate": {
    "v27": 86.4,
    "v26": 0.0
  },
  "final_economic": {
    "v27": 100.0,
    "v26": 0.0
  },
  "final_prices": {
    "v27": 69972.46946615815,
    "v26": 49374.730533841874
  }
}