{
  "blocks_mined": {
    "v27": 10,
    "v26": 5572
  },
  "total_blocks": 5582,
  "final_hashrate": {
    "v27": 0.0,
    "v26": 86.4
  },
  "final_economic": {
    "v27": 62.148876597346025,
    "v26": 37.85112340265398
  },
  "final_prices": {
    "v27": 55471.78812104394,
    "v26": 63875.41187895607
  }
}