{
  "blocks_mined": {
    "v27": 3,
    "v26": 970
  },
  "total_blocks": 973,
  "final_hashrate": {
    "v27": 0.0,
    "v26": 86.4
  },
  "final_economic": {
    "v27": 0.0,
    "v26": 100.0
  },
  "final_prices": {
    "v27": 48015.91160220995,
    "v26": 71331.28839779006
  }
}