{
  "blocks_mined": {
    "v27": 58,
    "v26": 131
  },
  "total_blocks": 189,
  "final_hashrate": {
    "v27": 30.0,
    "v26": 56.39999999999999
  },
  "final_economic": {
    "v27": 50.12210820410434,
    "v26": 49.87789179589566
  },
  "final_prices": {
    "v27": 57559.268369107915,
    "v26": 61787.9316308921
  }
}