{
  "config": {
    "base_price": 60000,
    "max_divergence": 0.2,
    "coefficients": {
      "chain_weight": 0.3,
      "economic_weight": 0.5,
      "hashrate_weight": 0.2
    }
  },
  "current_prices": {
    "v27": 67622.71651974395,
    "v26": 52299.043480256056
  },
  "timeline": {
    "timestamps": [
      1771185245.5536325,
      1771185306.3922055,
      1771185306.3922558,
      1771185367.4746673,
      1771185367.4746788,
      1771185428.236146,
      1771185428.236159,
      1771185488.2707407,
      1771185488.2707632,
      1771185548.5044274,
      1771185548.5044367,
      1771185608.8794544,
      1771185608.8794749,
      1771185669.5026546,
      1771185669.502708,
      1771185730.0203195,
      1771185730.020332,
      1771185790.3129425,
      1771185790.3129494,
      1771185851.162893,
      1771185851.1629128,
      1771185912.0358717,
      1771185912.035894,
      1771185972.2362218,
      1771185972.2362661,
      1771186032.6616542,
      1771186032.6616864,
      1771186093.211503,
      1771186093.2115138,
      1771186153.731744,
      1771186153.7317593,
      1771186213.8963556,
      1771186213.8963645,
      1771186274.505119,
      1771186274.5051415,
      1771186334.9222465,
      1771186334.9222648,
      1771186395.1607995,
      1771186395.1608315
    ],
    "v27_prices": [
      60000,
      60000,
      60000,
      66417.04019141209,
      66417.04019141209,
      65631.58564595754,
      65631.58564595754,
      65631.58564595754,
      65631.58564595754,
      65991.58564595754,
      65991.58564595754,
      65686.97026134215,
      65686.97026134215,
      65800.99741066342,
      65800.99741066342,
      65842.31735327462,
      65842.31735327462,
      65819.41173291406,
      65819.41173291406,
      67012.65473686664,
      67012.65473686664,
      67160.4553233769,
      67160.4553233769,
      67214.05333826524,
      67214.05333826524,
      67307.66113891528,
      67307.66113891528,
      67386.68071089262,
      67386.68071089262,
      67454.27576643946,
      67454.27576643946,
      67484.53634363196,
      67484.53634363196,
      67539.13695030537,
      67539.13695030537,
      67579.47760472042,
      67579.47760472042,
      67622.71651974395,
      67622.71651974395
    ],
    "v26_prices": [
      60000,
      60000,
      60000,
      60000,
      53504.71980858791,
      53504.71980858791,
      54290.17435404246,
      54290.17435404246,
      54290.17435404246,
      54290.17435404246,
      53930.17435404246,
      53930.17435404246,
      54234.78973865784,
      54234.78973865784,
      54120.76258933658,
      54120.76258933658,
      54079.44264672539,
      54079.44264672539,
      54102.34826708594,
      54102.34826708594,
      52909.10526313337,
      52909.10526313337,
      52761.304676623105,
      52761.304676623105,
      52707.706661734774,
      52707.706661734774,
      52614.09886108471,
      52614.09886108471,
      52535.079289107394,
      52535.079289107394,
      52467.484233560535,
      52467.484233560535,
      52437.22365636805,
      52437.22365636805,
      52382.62304969463,
      52382.62304969463,
      52342.28239527957,
      52342.28239527957,
      52299.043480256056
    ]
  },
  "history": [
    {
      "timestamp": 1771185245.5536325,
      "chain_id": "v27",
      "price": 60000,
      "metadata": {
        "initial": true
      }
    },
    {
      "timestamp": 1771185245.5536325,
      "chain_id": "v26",
      "price": 60000,
      "metadata": {
        "initial": true
      }
    },
    {
      "timestamp": 1771185306.3922055,
      "chain_id": "v27",
      "price": 60000,
      "metadata": {}
    },
    {
      "timestamp": 1771185306.3922558,
      "chain_id": "v26",
      "price": 60000,
      "metadata": {}
    },
    {
      "timestamp": 1771185367.4746673,
      "chain_id": "v27",
      "price": 66417.04019141209,
      "metadata": {
        "fork_sustained": true,
        "fork_depth": 11
      }
    },
    {
      "timestamp": 1771185367.4746788,
      "chain_id": "v26",
      "price": 53504.71980858791,
      "metadata": {
        "fork_sustained": true,
        "fork_depth": 11
      }
    },
    {
      "timestamp": 1771185428.236146,
      "chain_id": "v27",
      "price": 65631.58564595754,
      "metadata": {
        "fork_sustained": true,
        "fork_depth": 15
      }
    },
    {
      "timestamp": 1771185428.236159,
      "chain_id": "v26",
      "price": 54290.17435404246,
      "metadata": {
        "fork_sustained": true,
        "fork_depth": 15
      }
    },
    {
      "timestamp": 1771185488.2707407,
      "chain_id": "v27",
      "price": 65631.58564595754,
      "metadata": {
        "fork_sustained": true,
        "fork_depth": 15
      }
    },
    {
      "timestamp": 1771185488.2707632,
      "chain_id": "v26",
      "price": 54290.17435404246,
      "metadata": {
        "fork_sustained": true,
        "fork_depth": 15
      }
    },
    {
      "timestamp": 1771185548.5044274,
      "chain_id": "v27",
      "price": 65991.58564595754,
      "metadata": {
        "fork_sustained": true,
        "fork_depth": 20
      }
    },
    {
      "timestamp": 1771185548.5044367,
      "chain_id": "v26",
      "price": 53930.17435404246,
      "metadata": {
        "fork_sustained": true,
        "fork_depth": 20
      }
    },
    {
      "timestamp": 1771185608.8794544,
      "chain_id": "v27",
      "price": 65686.97026134215,
      "metadata": {
        "fork_sustained": true,
        "fork_depth": 26
      }
    },
    {
      "timestamp": 1771185608.8794749,
      "chain_id": "v26",
      "price": 54234.78973865784,
      "metadata": {
        "fork_sustained": true,
        "fork_depth": 26
      }
    },
    {
      "timestamp": 1771185669.5026546,
      "chain_id": "v27",
      "price": 65800.99741066342,
      "metadata": {
        "fork_sustained": true,
        "fork_depth": 34
      }
    },
    {
      "timestamp": 1771185669.502708,
      "chain_id": "v26",
      "price": 54120.76258933658,
      "metadata": {
        "fork_sustained": true,
        "fork_depth": 34
      }
    },
    {
      "timestamp": 1771185730.0203195,
      "chain_id": "v27",
      "price": 65842.31735327462,
      "metadata": {
        "fork_sustained": true,
        "fork_depth": 41
      }
    },
    {
      "timestamp": 1771185730.020332,
      "chain_id": "v26",
      "price": 54079.44264672539,
      "metadata": {
        "fork_sustained": true,
        "fork_depth": 41
      }
    },
    {
      "timestamp": 1771185790.3129425,
      "chain_id": "v27",
      "price": 65819.41173291406,
      "metadata": {
        "fork_sustained": true,
        "fork_depth": 46
      }
    },
    {
      "timestamp": 1771185790.3129494,
      "chain_id": "v26",
      "price": 54102.34826708594,
      "metadata": {
        "fork_sustained": true,
        "fork_depth": 46
      }
    },
    {
      "timestamp": 1771185851.162893,
      "chain_id": "v27",
      "price": 67012.65473686664,
      "metadata": {
        "fork_sustained": true,
        "fork_depth": 55
      }
    },
    {
      "timestamp": 1771185851.1629128,
      "chain_id": "v26",
      "price": 52909.10526313337,
      "metadata": {
        "fork_sustained": true,
        "fork_depth": 55
      }
    },
    {
      "timestamp": 1771185912.0358717,
      "chain_id": "v27",
      "price": 67160.4553233769,
      "metadata": {
        "fork_sustained": true,
        "fork_depth": 62
      }
    },
    {
      "timestamp": 1771185912.035894,
      "chain_id": "v26",
      "price": 52761.304676623105,
      "metadata": {
        "fork_sustained": true,
        "fork_depth": 62
      }
    },
    {
      "timestamp": 1771185972.2362218,
      "chain_id": "v27",
      "price": 67214.05333826524,
      "metadata": {
        "fork_sustained": true,
        "fork_depth": 65
      }
    },
    {
      "timestamp": 1771185972.2362661,
      "chain_id": "v26",