{
  "blocks_mined": {
    "v27": 104,
    "v26": 10
  },
  "total_blocks": 114,
  "final_hashrate": {
    "v27": 98.36999999999999,
    "v26": 0.0
  },
  "final_economic": {
    "v27": 69.99988038297951,
    "v26": 30.000119617020477
  },
  "final_prices": {
    "v27": 67622.71651974395,
    "v26": 52299.043480256056
  }
}