{
  "blocks_mined": {
    "v27": 275,
    "v26": 7
  },
  "total_blocks": 282,
  "final_hashrate": {
    "v27": 86.4,
    "v26": 0.0
  },
  "final_economic": {
    "v27": 100.0,
    "v26": 0.0
  },
  "final_prices": {
    "v27": 71256.82343096235,
    "v26": 48090.37656903766
  }
}