{
  "blocks_mined": {
    "v27": 13,
    "v26": 369
  },
  "total_blocks": 382,
  "final_hashrate": {
    "v27": 0.0,
    "v26": 98.36999999999999
  },
  "final_economic": {
    "v27": 55.003229654033994,
    "v26": 44.99677034596602
  },
  "final_prices": {
    "v27": 54851.11935873938,
    "v26": 65070.640641260616
  }
}