{
  "blocks_mined": {
    "v27": 403,
    "v26": 21
  },
  "total_blocks": 424,
  "final_hashrate": {
    "v27": 86.4,
    "v26": 0.0
  },
  "final_economic": {
    "v27": 100.0,
    "v26": 0.0
  },
  "final_prices": {
    "v27": 71050.29278350515,
    "v26": 48296.90721649485
  }
}