{
  "config": {
    "base_price": 60000,
    "max_divergence": 0.2,
    "coefficients": {
      "chain_weight": 0.3,
      "economic_weight": 0.5,
      "hashrate_weight": 0.2
    }
  },
  "current_prices": {
    "v27": 58222.06218393184,
    "v26": 61125.13781606817
  },
  "timeline": {
    "timestamps": [
      1772602581.3807418,
      1772602642.5165002,
      1772602642.5165102,
      1772602703.4718518,
      1772602703.471858,
      1772602763.8534427,
      1772602763.8534508,
      1772602823.9597993,
      1772602823.9598093,
      1772602884.4947312,
      1772602884.4947393,
      1772602944.9801214,
      1772602944.9801292,
      1772603005.617585,
      1772603005.6175926,
      1772603066.1991878,
      1772603066.1991954,
      1772603127.0130572,
      1772603127.013063,
      1772603187.5552783,
      1772603187.555284,
      1772603248.3994932,
      1772603248.3994985,
      1772603309.23274,
      1772603309.2327483,
      1772603369.664476,
      1772603369.6644819,
      1772603430.2665777,
      1772603430.2665842,
      1772603491.0193884,
      1772603491.0193944,
      1772603551.3745692,
      1772603551.3745782,
      1772603611.5993445,
      1772603611.59935,
      1772603672.0261796,
      1772603672.026186,
      1772603732.3039086,
      1772603732.303914,
      1772603793.2024877,
      1772603793.2024937,
      1772603854.003482,
      1772603854.0034873,
      1772603914.98915,
      1772603914.9891574,
      1772603975.8610954,
      1772603975.8611012,
      1772604036.6500585,
      1772604036.6500657,
      1772604097.1997962,
      1772604097.1998017,
      1772604157.8199224,
      1772604157.8199306,
      1772604218.3704605,
      1772604218.3704686,
      1772604278.9803817,
      1772604278.980389,
      1772604339.5479245,
      1772604339.5479314
    ],
    "v27_prices": [
      60000,
      59986.715224772524,
      59986.715224772524,
      60310.71522477252,
      60310.71522477252,
      60475.28665334395,
      60475.28665334395,
      60469.873119509364,
      60469.873119509364,
      60499.93836526839,
      60499.93836526839,
      60559.442497499804,
      60559.442497499804,
      60574.57649644882,
      60574.57649644882,
      60458.992452495295,
      60458.992452495295,
      60548.25368631098,
      60548.25368631098,
      61551.02410508139,
      61551.02410508139,
      61665.81608932583,
      61665.81608932583,
      61777.68632313724,
      61777.68632313724,
      61859.88832848279,
      61859.88832848279,
      61951.51428470202,
      61951.51428470202,
      62038.070088181405,
      62038.070088181405,
      62124.24873801206,
      62124.24873801206,
      62195.990372885666,
      62195.990372885666,
      62236.07656954535,
      62236.07656954535,
      62292.51081978475,
      62292.51081978475,
      59483.70375486618,
      59483.70375486618,
      59294.68942489479,
      59294.68942489479,
      59108.47512077728,
      59108.47512077728,
      58955.11834222967,
      58955.11834222967,
      58815.27881913075,
      58815.27881913075,
      58682.46787310539,
      58682.46787310539,
      58548.00592308016,
      58548.00592308016,
      58438.7725897853,
      58438.7725897853,
      58323.503288346394,
      58323.503288346394,
      58222.06218393184,
      58222.06218393184
    ],
    "v26_prices": [
      60000,
      60000,
      59360.48477522749,
      59360.48477522749,
      59036.48477522749,
      59036.48477522749,
      58871.91334665606,
      58871.91334665606,
      58877.32688049065,
      58877.32688049065,
      58847.26163473162,
      58847.26163473162,
      58787.757502500215,
      58787.757502500215,
      58772.623503551185,
      58772.623503551185,
      58888.20754750471,
      58888.20754750471,
      58798.946313689026,
      58798.946313689026,
      57796.175894918604,
      57796.175894918604,
      57681.383910674165,
      57681.383910674165,
      57569.51367686276,
      57569.51367686276,
      57487.311671517215,
      57487.311671517215,
      57395.685715297994,
      57395.685715297994,
      57309.12991181859,
      57309.12991181859,
      57222.95126198794,
      57222.95126198794,
      57151.20962711433,
      57151.20962711433,
      57111.12343045465,
      57111.12343045465,
      57054.689180215246,
      57054.689180215246,
      59863.49624513382,
      59863.49624513382,
      60052.51057510522,
      60052.51057510522,
      60238.724879222726,
      60238.724879222726,
      60392.081657770344,
      60392.081657770344,
      60531.92118086925,
      60531.92118086925,
      60664.732126894625,
      60664.732126894625,
      60799.19407691984,
      60799.19407691984,
      60908.42741021471,
      60908.42741021471,
      61023.696711653625,
      61023.696711653625,
      61125.13781606817
    ]
  },
  "history": [
    {
      "timestamp": 1772602581.3807418,
      "chain_id": "v27",
      "price": 60000,
      "metadata": {
        "initial": true
      }
    },
    {
      "timestamp": 1772602581.3807418,
      "chain_id": "v26",
      "price": 60000,
      "metadata": {
        "initial": true
      }
    },
    {
      "timestamp": 1772602642.5165002,
      "chain_id": "v27",
      "price": 59986.715224772524,
      "metadata": {
        "fork_sustained": true,
        "fork_depth": 24
      }
    },
    {
      "timestamp": 1772602642.5165102,
      "chain_id": "v26",
      "price": 59360.48477522749,
      "metadata": {
        "fork_sustained": true,
        "fork_depth": 24
      }
    },
    {
      "timestamp": 1772602703.4718518,
      "chain_id": "v27",
      "price": 60310.71522477252,
      "metadata": {
        "fork_sustained": true,
        "fork_depth": 50
      }
    },
    {
      "timestamp": 1772602703.471858,
      "chain_id": "v26",
      "price": 59036.48477522749,
      "metadata": {
        "fork_sustained": true,
        "fork_depth": 50
      }
    },
    {
      "timestamp": 1772602763.8534427,
      "chain_id": "v27",
      "price": 60475.28665334395,
      "metadata": {
        "fork_sustained": true,
        "fork_depth": 70
      }
    },
    {
      "timestamp": 1772602763.8534508,
      "chain_id": "v26",
      "price": 58871.91334665606,
      "metadata": {
        "fork_sustained": true,
        "fork_depth": 70
      }
    },
    {
      "timestamp": 1772602823.9597993,
      "chain_id": "v27",
      "price": 60469.873119509364,
      "metadata": {
        "fork_sustained": true,
        "fork_depth": 95
      }
    },
    {
      "timestamp": 1772602823.9598093,
      "chain_id": "v26",
      "price": 58877.32688049065,
      "metadata": {
        "fork_sustained": true,
        "fork_depth": 95
      }
    },
    {
      "timestamp": 1772602884.4947312,
      "chain_id": "v27",
      "price": 60499.93836526839,
      "metadata": {
        "fork_sustained": true,
        "fork_depth": 121
      }
    },
    {
      "timestamp": 1772602884.4947393,
      "chain_id": "v26",
      "price": 58847.26163473162,
      "metadata": {
        "fork_sustained": true,
        "fork_depth": 121
      }
    },
    {
      "timestamp": 1772602944.9801214,
      "chain_id": "v27",
      "price": 60559.442497499804,
      "metadata": {
        "fork_sustained": true,
        "fork_depth": 143
      }
    },
    {
      "timestamp": 1772602944.9801292,
      "chain_id": "v26",
      "price": 58787.757502500215,
      "metadata": {
        "fork_sustained": true,
        "fork_depth": 143
      }
    },
    {
      "timestamp": 1772603005.617585,
      "chain_id": "v27",
      "price": 60574.57649644882,
      "metadata": {
        "fork_sustained": true,
        "fork_depth": 173
      }
    },
    {
      "timestamp": 1772603005.6175926,
      "chain_id": "v26",
      "price": 58772.623503551185,
      "metadata": {
        "fork_sustained": true,
        "fork_depth": 173
      }
    },
    {
      "timestamp": 1772603066.1991878,
      "chain_id": "v27",