{
  "config": {
    "base_price": 60000,
    "max_divergence": 0.2,
    "coefficients": {
      "chain_weight": 0.3,
      "economic_weight": 0.5,
      "hashrate_weight": 0.2
    }
  },
  "current_prices": {
    "v27": 59124.050221185615,
    "v26": 60797.70977881439
  },
  "timeline": {
    "timestamps": [
      1772222623.4089065,
      1772222684.2874644,
      1772222684.2874727,
      1772222744.8756487,
      1772222744.8756578,
      1772222805.8472242,
      1772222805.8472304,
      1772222866.0137544,
      1772222866.0137637,
      1772222926.5121956,
      1772222926.5122015,
      1772222987.2413075,
      1772222987.241314,
      1772223048.0564406,
      1772223048.05645,
      1772223108.6996686,
      1772223108.6996748,
      1772223169.3823946,
      1772223169.382403,
      1772223230.0343196,
      1772223230.0343273,
      1772223290.7915735,
      1772223290.7915812,
      1772223351.4629755,
      1772223351.462982,
      1772223412.1122806,
      1772223412.1122892,
      1772223472.6328428,
      1772223472.632849,
      1772223533.425598,
      1772223533.4256053,
      1772223593.9948442,
      1772223593.9948525,
      1772223654.6881764,
      1772223654.6881824,
      1772223715.485071,
      1772223715.4850764,
      1772223776.1655145,
      1772223776.1655204,
      1772223836.8923743,
      1772223836.8923848,
      1772223897.731964,
      1772223897.7319715,
      1772223958.2188628,
      1772223958.2188683,
      1772224018.7977343,
      1772224018.79774,
      1772224079.462175,
      1772224079.4621804,
      1772224140.39893,
      1772224140.3989358,
      1772224201.2191715,
      1772224201.2191775,
      1772224261.7786207,
      1772224261.778627,
      1772224322.4652672,
      1772224322.4652746,
      1772224383.1062925,
      1772224383.1063027
    ],
    "v27_prices": [
      60000,
      57033.372984492526,
      57033.372984492526,
      56919.166087940794,
      56919.166087940794,
      57338.31416096311,
      57338.31416096311,
      57151.52683064637,
      57151.52683064637,
      57117.960397079936,
      57117.960397079936,
      57041.84357272782,
      57041.84357272782,
      57156.80155592109,
      57156.80155592109,
      57217.40617951327,
      57217.40617951327,
      57269.00934812889,
      57269.00934812889,
      58216.385971505515,
      58216.385971505515,
      58460.951931860945,
      58460.951931860945,
      58571.308468363495,
      58571.308468363495,
      58623.417649504925,
      58623.417649504925,
      58668.62532094112,
      58668.62532094112,
      58686.02534500755,
      58686.02534500755,
      58756.71992326803,
      58756.71992326803,
      58841.2731764311,
      58841.2731764311,
      58909.94852406086,
      58909.94852406086,
      58940.105522823025,
      58940.105522823025,
      58986.07734636652,
      58986.07734636652,
      59033.70065064399,
      59033.70065064399,
      59049.10392619656,
      59049.10392619656,
      59057.574423341444,
      59057.574423341444,
      59045.901910112356,
      59045.901910112356,
      59077.41475994944,
      59077.41475994944,
      59114.76624291949,
      59114.76624291949,
      59093.70188412976,
      59093.70188412976,
      59111.0532645392,
      59111.0532645392,
      59124.050221185615,
      59124.050221185615
    ],
    "v26_prices": [
      60000,
      60000,
      62888.387015507484,
      62888.387015507484,
      63002.5939120592,
      63002.5939120592,
      62583.44583903689,
      62583.44583903689,
      62770.23316935364,
      62770.23316935364,
      62803.799602920066,
      62803.799602920066,
      62879.91642727218,
      62879.91642727218,
      62764.958444078904,
      62764.958444078904,
      62704.35382048673,
      62704.35382048673,
      62652.750651871116,
      62652.750651871116,
      61705.37402849449,
      61705.37402849449,
      61460.80806813906,
      61460.80806813906,
      61350.45153163651,
      61350.45153163651,
      61298.34235049508,
      61298.34235049508,
      61253.13467905888,
      61253.13467905888,
      61235.734654992455,
      61235.734654992455,
      61165.04007673197,
      61165.04007673197,
      61080.4868235689,
      61080.4868235689,
      61011.81147593914,
      61011.81147593914,
      60981.65447717699,
      60981.65447717699,
      60935.682653633485,
      60935.682653633485,
      60888.059349356015,
      60888.059349356015,
      60872.65607380344,
      60872.65607380344,
      60864.18557665856,
      60864.18557665856,
      60875.85808988764,
      60875.85808988764,
      60844.34524005056,
      60844.34524005056,
      60806.99375708051,
      60806.99375708051,
      60828.05811587024,
      60828.05811587024,
      60810.70673546081,
      60810.70673546081,
      60797.70977881439
    ]
  },
  "history": [
    {
      "timestamp": 1772222623.4089065,
      "chain_id": "v27",
      "price": 60000,
      "metadata": {
        "initial": true
      }
    },
    {
      "timestamp": 1772222623.4089065,
      "chain_id": "v26",
      "price": 60000,
      "metadata": {
        "initial": true
      }
    },
    {
      "timestamp": 1772222684.2874644,
      "chain_id": "v27",
      "price": 57033.372984492526,
      "metadata": {
        "fork_sustained": true,
        "fork_depth": 25
      }
    },
    {
      "timestamp": 1772222684.2874727,
      "chain_id": "v26",
      "price": 62888.387015507484,
      "metadata": {
        "fork_sustained": true,
        "fork_depth": 25
      }
    },
    {
      "timestamp": 1772222744.8756487,
      "chain_id": "v27",
      "price": 56919.166087940794,
      "metadata": {
        "fork_sustained": true,
        "fork_depth": 58
      }
    },
    {
      "timestamp": 1772222744.8756578,
      "chain_id": "v26",
      "price": 63002.5939120592,
      "metadata": {
        "fork_sustained": true,
        "fork_depth": 58
      }
    },
    {
      "timestamp": 1772222805.8472242,
      "chain_id": "v27",
      "price": 57338.31416096311,
      "metadata": {
        "fork_sustained": true,
        "fork_depth": 85
      }
    },
    {
      "timestamp": 1772222805.8472304,
      "chain_id": "v26",
      "price": 62583.44583903689,
      "metadata": {
        "fork_sustained": true,
        "fork_depth": 85
      }
    },
    {
      "timestamp": 1772222866.0137544,
      "chain_id": "v27",
      "price": 57151.52683064637,
      "metadata": {
        "fork_sustained": true,
        "fork_depth": 117
      }
    },
    {
      "timestamp": 1772222866.0137637,
      "chain_id": "v26",
      "price": 62770.23316935364,
      "metadata": {
        "fork_sustained": true,
        "fork_depth": 117
      }
    },
    {
      "timestamp": 1772222926.5121956,
      "chain_id": "v27",
      "price": 57117.960397079936,
      "metadata": {
        "fork_sustained": true,
        "fork_depth": 143
      }
    },
    {
      "timestamp": 1772222926.5122015,
      "chain_id": "v26",
      "price": 62803.799602920066,
      "metadata": {
        "fork_sustained": true,
        "fork_depth": 143
      }
    },
    {
      "timestamp": 1772222987.2413075,
      "chain_id": "v27",
      "price": 57041.84357272782,
      "metadata": {
        "fork_sustained": true,
        "fork_depth": 170
      }
    },
    {
      "timestamp": 1772222987.241314,
      "chain_id": "v26",
      "price": 62879.91642727218,
      "metadata": {
        "fork_sustained": true,
        "fork_depth": 170
      }
    },
    {
      "timestamp": 1772223048.0564406,
      "chain_id": "v27",
      "price": 57156.80155592109,
      "metadata": {
        "fork_sustained": true,
        "fork_depth": 210
      }
    },
    {
      "timestamp": 1772223048.05645,
      "chain_id": "v26",
      "price": 62764.958444078904,
      "metadata": {
        "fork_sustained": true,
        "fork_depth": 210
      }
    },
    {
      "timestamp": 1772223108.6996686,
      "chain_id": "v27",