{
  "blocks_mined": {
    "v27": 1,
    "v26": 155
  },
  "total_blocks": 156,
  "final_hashrate": {
    "v27": 0.0,
    "v26": 86.4
  },
  "final_economic": {
    "v27": 0.0,
    "v26": 100.0
  },
  "final_prices": {
    "v27": 48063.15789473685,
    "v26": 71284.04210526317
  }
}