{
  "blocks_mined": {
    "v27": 5001,
    "v26": 1522
  },
  "total_blocks": 6523,
  "final_hashrate": {
    "v27": 86.4,
    "v26": 0.0
  },
  "final_economic": {
    "v27": 56.73741253525133,
    "v26": 43.26258746474866
  },
  "final_prices": {
    "v27": 64056.67211893714,
    "v26": 55290.52788106286
  }
}