{
  "config": {
    "base_price": 60000,
    "max_divergence": 0.2,
    "coefficients": {
      "chain_weight": 0.3,
      "economic_weight": 0.5,
      "hashrate_weight": 0.2
    }
  },
  "current_prices": {
    "v27": 62993.66248452337,
    "v26": 56928.097515476635
  },
  "timeline": {
    "timestamps": [
      1772199598.2529252,
      1772199659.217362,
      1772199659.2173698,
      1772199719.370039,
      1772199719.3700483,
      1772199780.2919588,
      1772199780.2919645,
      1772199841.0794857,
      1772199841.0794916,
      1772199901.3119376,
      1772199901.3119435,
      1772199962.0019293,
      1772199962.0019357,
      1772200022.7765443,
      1772200022.7765508,
      1772200083.5951598,
      1772200083.595166,
      1772200144.0403147,
      1772200144.0403228,
      1772200204.081446,
      1772200204.081452,
      1772200264.7190928,
      1772200264.7191,
      1772200325.4977252,
      1772200325.497731,
      1772200386.135051,
      1772200386.1350594,
      1772200446.7624168,
      1772200446.762424,
      1772200507.4421182,
      1772200507.4421253,
      1772200568.09897,
      1772200568.0989778,
      1772200628.776154,
      1772200628.776162,
      1772200689.7610977,
      1772200689.7611058,
      1772200750.6176395,
      1772200750.617648,
      1772200810.8562632,
      1772200810.8562746,
      1772200871.6730468,
      1772200871.6730523,
      1772200932.6337252,
      1772200932.6337333,
      1772200993.2531574,
      1772200993.2531636,
      1772201054.1389678,
      1772201054.1389732,
      1772201114.170299,
      1772201114.1703062,
      1772201175.1806667,
      1772201175.1806757,
      1772201235.317799,
      1772201235.317805,
      1772201296.1831148,
      1772201296.1831205,
      1772201357.014529,
      1772201357.014535
    ],
    "v27_prices": [
      60000,
      61306.86163164492,
      61306.86163164492,
      61484.883609666875,
      61484.883609666875,
      61459.99164769627,
      61459.99164769627,
      61402.49327273108,
      61402.49327273108,
      61344.5759173592,
      61344.5759173592,
      61358.29020307348,
      61358.29020307348,
      61324.00448878775,
      61324.00448878775,
      61275.50274662749,
      61275.50274662749,
      61177.83907525393,
      61177.83907525393,
      62054.05284043611,
      62054.05284043611,
      62171.68388196096,
      62171.68388196096,
      62288.927399838976,
      62288.927399838976,
      62367.33955372282,
      62367.33955372282,
      62436.43910025706,
      62436.43910025706,
      62500.103434137716,
      62500.103434137716,
      62556.76872919852,
      62556.76872919852,
      62609.37591735919,
      62609.37591735919,
      62664.81050382536,
      62664.81050382536,
      62713.954640763455,
      62713.954640763455,
      62753.910150074196,
      62753.910150074196,
      62791.32904737525,
      62791.32904737525,
      62830.6719659914,
      62830.6719659914,
      62842.740623241545,
      62842.740623241545,
      62872.74806925793,
      62872.74806925793,
      62905.30746816132,
      62905.30746816132,
      62933.2747679339,
      62933.2747679339,
      62954.62123755623,
      62954.62123755623,
      62975.1564399245,
      62975.1564399245,
      62993.66248452337,
      62993.66248452337
    ],
    "v26_prices": [
      60000,
      60000,
      58614.8983683551,
      58614.8983683551,
      58436.87639033312,
      58436.87639033312,
      58461.768352303734,
      58461.768352303734,
      58519.26672726891,
      58519.26672726891,
      58577.184082640815,
      58577.184082640815,
      58563.469796926525,
      58563.469796926525,
      58597.75551121224,
      58597.75551121224,
      58646.25725337252,
      58646.25725337252,
      58743.920924746075,
      58743.920924746075,
      57867.707159563884,
      57867.707159563884,
      57750.07611803905,
      57750.07611803905,
      57632.83260016103,
      57632.83260016103,
      57554.420446277174,
      57554.420446277174,
      57485.32089974295,
      57485.32089974295,
      57421.656565862286,
      57421.656565862286,
      57364.99127080149,
      57364.99127080149,
      57312.38408264081,
      57312.38408264081,
      57256.949496174646,
      57256.949496174646,
      57207.805359236554,
      57207.805359236554,
      57167.849849925806,
      57167.849849925806,
      57130.43095262476,
      57130.43095262476,
      57091.08803400859,
      57091.08803400859,
      57079.01937675846,
      57079.01937675846,
      57049.01193074208,
      57049.01193074208,
      57016.45253183867,
      57016.45253183867,
      56988.4852320661,
      56988.4852320661,
      56967.13876244377,
      56967.13876244377,
      56946.60356007549,
      56946.60356007549,
      56928.097515476635
    ]
  },
  "history": [
    {
      "timestamp": 1772199598.2529252,
      "chain_id": "v27",
      "price": 60000,
      "metadata": {
        "initial": true
      }
    },
    {
      "timestamp": 1772199598.2529252,
      "chain_id": "v26",
      "price": 60000,
      "metadata": {
        "initial": true
      }
    },
    {
      "timestamp": 1772199659.217362,
      "chain_id": "v27",
      "price": 61306.86163164492,
      "metadata": {
        "fork_sustained": true,
        "fork_depth": 28
      }
    },
    {
      "timestamp": 1772199659.2173698,
      "chain_id": "v26",
      "price": 58614.8983683551,
      "metadata": {
        "fork_sustained": true,
        "fork_depth": 28
      }
    },
    {
      "timestamp": 1772199719.370039,
      "chain_id": "v27",
      "price": 61484.883609666875,
      "metadata": {
        "fork_sustained": true,
        "fork_depth": 65
      }
    },
    {
      "timestamp": 1772199719.3700483,
      "chain_id": "v26",
      "price": 58436.87639033312,
      "metadata": {
        "fork_sustained": true,
        "fork_depth": 65
      }
    },
    {
      "timestamp": 1772199780.2919588,
      "chain_id": "v27",
      "price": 61459.99164769627,
      "metadata": {
        "fork_sustained": true,
        "fork_depth": 89
      }
    },
    {
      "timestamp": 1772199780.2919645,
      "chain_id": "v26",
      "price": 58461.768352303734,
      "metadata": {
        "fork_sustained": true,
        "fork_depth": 89
      }
    },
    {
      "timestamp": 1772199841.0794857,
      "chain_id": "v27",
      "price": 61402.49327273108,
      "metadata": {
        "fork_sustained": true,
        "fork_depth": 121
      }
    },
    {
      "timestamp": 1772199841.0794916,
      "chain_id": "v26",
      "price": 58519.26672726891,
      "metadata": {
        "fork_sustained": true,
        "fork_depth": 121
      }
    },
    {
      "timestamp": 1772199901.3119376,
      "chain_id": "v27",
      "price": 61344.5759173592,
      "metadata": {
        "fork_sustained": true,
        "fork_depth": 150
      }
    },
    {
      "timestamp": 1772199901.3119435,
      "chain_id": "v26",
      "price": 58577.184082640815,
      "metadata": {
        "fork_sustained": true,
        "fork_depth": 150
      }
    },
    {
      "timestamp": 1772199962.0019293,
      "chain_id": "v27",
      "price": 61358.29020307348,
      "metadata": {
        "fork_sustained": true,
        "fork_depth": 175
      }
    },
    {
      "timestamp": 1772199962.0019357,
      "chain_id": "v26",
      "price": 58563.469796926525,
      "metadata": {
        "fork_sustained": true,
        "fork_depth": 175
      }
    },
    {
      "timestamp": 1772200022.7765443,
      "chain_id": "v27",
      "price": 61324.00448878775,
      "metadata": {
        "fork_sustained": true,
        "fork_depth": 210
      }
    },
    {
      "timestamp": 1772200022.7765508,
      "chain_id": "v26",
      "price": 58597.75551121224,
      "metadata": {
        "fork_sustained": true,
        "fork_depth": 210
      }
    },
    {
      "timestamp": 1772200083.5951598,
      "chain_id": "v27",
      "price": 61275.50274662749,