{
  "timestamps": [
    0,
    60,
    120,
    181,
    242,
    302,
    363,
    423,
    484,
    545,
    605,
    665,
    726,
    787,
    847,
    908,
    969,
    1029,
    1090,
    1151,
    1212,
    1272,
    1333,
    1394,
    1455,
    1515,
    1576,
    1636,
    1697,
    1758,
    1800
  ],
  "v27_price": [
    60000,
    60000,
    61306.86163164492,
    61484.883609666875,
    61459.99164769627,
    61402.49327273108,
    61344.5759173592,
    61358.29020307348,
    61324.00448878775,
    61275.50274662749,
    61177.83907525393,
    62054.05284043611,
    62171.68388196096,
    62288.927399838976,
    62367.33955372282,
    62436.43910025706,
    62500.103434137716,
    62556.76872919852,
    62609.37591735919,
    62664.81050382536,
    62713.954640763455,
    62753.910150074196,
    62791.32904737525,
    62830.6719659914,
    62842.740623241545,
    62872.74806925793,
    62905.30746816132,
    62933.2747679339,
    62954.62123755623,
    62975.1564399245,
    62993.66248452337
  ],
  "v26_price": [
    60000,
    60000,
    58614.8983683551,
    58436.87639033312,
    58461.768352303734,
    58519.26672726891,
    58577.184082640815,
    58563.469796926525,
    58597.75551121224,
    58646.25725337252,
    58743.920924746075,
    57867.707159563884,
    57750.07611803905,
    57632.83260016103,
    57554.420446277174,
    57485.32089974295,
    57421.656565862286,
    57364.99127080149,
    57312.38408264081,
    57256.949496174646,
    57207.805359236554,
    57167.849849925806,
    57130.43095262476,
    57091.08803400859,
    57079.01937675846,
    57049.01193074208,
    57016.45253183867,
    56988.4852320661,
    56967.13876244377,
    56946.60356007549,
    56928.097515476635
  ],
  "v27_hashrate": [
    78.82,
    78.82,
    78.82,
    78.82,
    78.82,
    78.82,
    78.82,
    78.82,
    78.82,
    78.82,
    98.36999999999999,
    98.36999999999999,
    98.36999999999999,
    98.36999999999999,
    98.36999999999999,
    98.36999999999999,
    98.36999999999999,
    98.36999999999999,
    98.36999999999999,
    98.36999999999999,
    98.36999999999999,
    98.36999999999999,
    98.36999999999999,
    98.36999999999999,
    98.36999999999999,
    98.36999999999999,
    98.36999999999999,
    98.36999999999999,
    98.36999999999999,
    98.36999999999999,
    98.36999999999999
  ],
  "v26_hashrate": [
    19.55,
    19.55,
    19.55,
    19.55,
    19.55,
    19.55,
    19.55,
    19.55,
    19.55,
    19.55,
    0.0,
    0.0,
    0.0,
    0.0,
    0.0,
    0.0,
    0.0,
    0.0,
    0.0,
    0.0,
    0.0,
    0.0,
    0.0,
    0.0,
    0.0,
    0.0,
    0.0,
    0.0,
    0.0,
    0.0,
    0.0
  ],
  "v27_economic": [
    30.076799311326575,
    30.076799311326575,
    30.076799311326575,
    30.076799311326575,
    30.076799311326575,
    30.076799311326575,
    30.076799311326575,
    30.076799311326575,
    30.076799311326575,
    30.076799311326575,
    30.076799311326575,
    30.076799311326575,
    30.076799311326575,
    30.076799311326575,
    30.076799311326575,
    30.076799311326575,
    30.076799311326575,
    30.076799311326575,
    30.076799311326575,
    30.076799311326575,
    30.076799311326575,
    30.076799311326575,
    30.076799311326575,
    30.076799311326575,
    30.076799311326575,
    30.076799311326575,
    30.076799311326575,
    30.076799311326575,
    30.076799311326575,
    30.076799311326575,
    30.076799311326575
  ],
  "v26_economic": [
    69.92320068867342,
    69.92320068867342,
    69.92320068867342,
    69.92320068867342,
    69.92320068867342,
    69.92320068867342,
    69.92320068867342,
    69.92320068867342,
    69.92320068867342,
    69.92320068867342,
    69.92320068867342,
    69.92320068867342,
    69.92320068867342,
    69.92320068867342,
    69.92320068867342,
    69.92320068867342,
    69.92320068867342,
    69.92320068867342,
    69.92320068867342,
    69.92320068867342,
    69.92320068867342,
    69.92320068867342,
    69.92320068867342,
    69.92320068867342,
    69.92320068867342,
    69.92320068867342,
    69.92320068867342,
    69.92320068867342,
    69.92320068867342,
    69.92320068867342,
    69.92320068867342
  ],
  "v27_blocks": [
    0,
    23,
    55,
    75,
    101,
    124,
    145,
    173,
    201,
    229,
    248,
    275,
    307,
    332,
    357,
    383,
    409,
    436,
    468,
    500,
    529,
    559,
    594,
    615,
    646,
    683,
    718,
    747,
    777,
    806,
    828
  ],
  "v26_blocks": [
    0,
    5,
    10,
    14,
    20,
    26,
    30,
    37,
    45,
    56,
    64,
    64,
    64,
    64,
    64,
    64,
    64,
    64,
    64,
    64,
    64,
    64,
    64,
    65,
    65,
    65,
    65,
    65,
    65,
    65,
    65
  ],
  "v27_difficulty": [
    1.0,
    1.0,
    1.0,
    1.0,
    1.0,
    1.0,
    1.0,
    1.0,
    1.0,
    1.0,
    1.0,
    1.0,
    1.0,
    1.0,
    1.0,
    1.0,
    1.0,
    1.0,
    1.0,
    1.0,
    1.0,
    1.0,
    1.0,
    1.0,
    1.0,
    1.0,
    1.0,
    1.0,
    1.0,
    1.0,
    1.0
  ],
  "v26_difficulty": [
    1.0,
    1.0,
    1.0,
    1.0,
    1.0,
    1.0,
    1.0,
    1.0,
    1.0,
    1.0,
    1.0,
    1.0,
    1.0,
    1.0,
    1.0,
    1.0,
    1.0,
    1.0,
    1.0,
    1.0,
    1.0,
    1.0,
    1.0,
    1.0,
    1.0,
    1.0,
    1.0,
    1.0,
    1.0,
    1.0,
    1.0
  ],
  "v27_chainwork": [
    0.0,
    23.0,
    55.0,
    75.0,
    101.0,
    124.0,
    145.0,
    173.0,
    201.0,
    229.0,
    248.0,
    275.0,
    307.0,
    332.0,
    357.0,
    383.0,
    409.0,
    436.0,
    468.0,
    500.0,
    529.0,
    559.0,
    594.0,
    615.0,
    646.0,
    683.0,
    718.0,
    747.0,
    777.0,
    806.0,
    828.0
  ],
  "v26_chainwork": [
    0.0,
    5.0,
    10.0,
    14.0,
    20.0,
    26.0,
    30.0,
    37.0,
    45.0,
    56.0,
    64.0,
    64.0,
    64.0,
    64.0,
    64.0,
    64.0,
    64.0,
    64.0,
    64.0,
    64.0,
    64.0,
    64.0,
    64.0,
    65.0,
    65.0,
    65.0,
    65.0,
    65.0,
    65.0,
    65.0,
    65.0
  ],
  "v27_fee_rate": [
    1.0,
    1.0,
    0.002770004844735805,
    0.002770004844735805,
    0.002770004844735805,
    0.002770004844735805,
    0.002770004844735805,
    0.002770004844735805,
    0.002770004844735805,
    0.002770004844735805,
    0.002770004844735805,
    0.002219495596849407,
    0.002219495596849407,
    0.002219495596849407,
    0.002219495596849407,
    0.002219495596849407,
    0.002219495596849407,
    0.002219495596849407,
    0.002219495596849407,
    0.002219495596849407,
    0.002219495596849407,
    0.002219495596849407,
    0.002219495596849407,
    0.002219495596849407,
    0.002219495596849407,
    0.002219495596849407,
    0.002219495596849407,
    0.002219495596849407,
    0.002219495596849407,
    0.002219495596849407,
    0.002219495596849407
  ],
  "v26_fee_rate": [
    1.0,
    1.0,
    0.022932730680541715,
    0.022932730680541715,
    0.022932730680541715,
    0.022932730680541715,
    0.022932730680541715,
    0.022932730680541715,
    0.022932730680541715,
    0.022932730680541715,
    0.022932730680541715,
    4.483348848045905,
    4.483348848045905,
    4.483348848045905,
    4.483348848045905,
    4.483348848045905,
    4.483348848045905,
    4.483348848045905,
    4.483348848045905,
    4.483348848045905,
    4.483348848045905,
    4.483348848045905,
    4.483348848045905,
    4.483348848045905,
    4.483348848045905,
    4.483348848045905,
    4.483348848045905,
    4.483348848045905,
    4.483348848045905,
    4.483348848045905,
    4.483348848045905
  ],