{
  "blocks_mined": {
    "v27": 104,
    "v26": 143
  },
  "total_blocks": 247,
  "final_hashrate": {
    "v27": 50.5,
    "v26": 35.9
  },
  "final_economic": {
    "v27": 58.26738857147157,
    "v26": 41.732611428528436
  },
  "final_prices": {
    "v27": 60808.75678564465,
    "v26": 58538.44321435535
  }
}