{
  "blocks_mined": {
    "v27": 6,
    "v26": 589
  },
  "total_blocks": 595,
  "final_hashrate": {
    "v27": 0.0,
    "v26": 86.4
  },
  "final_economic": {
    "v27": 62.148876597346025,
    "v26": 37.85112340265398
  },
  "final_prices": {
    "v27": 55522.49714859355,
    "v26": 63824.70285140645
  }
}