{
  "blocks_mined": {
    "v27": 211,
    "v26": 44
  },
  "total_blocks": 255,
  "final_hashrate": {
    "v27": 86.4,
    "v26": 0.0
  },
  "final_economic": {
    "v27": 100.0,
    "v26": 0.0
  },
  "final_prices": {
    "v27": 70289.38009478673,
    "v26": 49057.81990521328
  }
}