{
  "blocks_mined": {
    "v27": 128,
    "v26": 53
  },
  "total_blocks": 181,
  "final_hashrate": {
    "v27": 86.4,
    "v26": 0.0
  },
  "final_economic": {
    "v27": 100.0,
    "v26": 0.0
  },
  "final_prices": {
    "v27": 69582.96158940397,
    "v26": 49764.23841059603
  }
}