{
  "blocks_mined": {
    "v27": 819,
    "v26": 5115
  },
  "total_blocks": 5934,
  "final_hashrate": {
    "v27": 0.0,
    "v26": 86.4
  },
  "final_economic": {
    "v27": 56.737060138721,
    "v26": 43.262939861279
  },
  "final_prices": {
    "v27": 55985.00799638097,
    "v26": 63362.192003619035
  }
}