{
  "blocks_mined": {
    "v27": 1686,
    "v26": 1188
  },
  "total_blocks": 2874,
  "final_hashrate": {
    "v27": 50.5,
    "v26": 35.9
  },
  "final_economic": {
    "v27": 56.737060138721,
    "v26": 43.262939861279
  },
  "final_prices": {
    "v27": 61459.87578807509,
    "v26": 57887.324211924904
  }
}