{
  "blocks_mined": {
    "v27": 2025,
    "v26": 1464
  },
  "total_blocks": 3489,
  "final_hashrate": {
    "v27": 50.5,
    "v26": 35.9
  },
  "final_economic": {
    "v27": 56.737060138721,
    "v26": 43.262939861279
  },
  "final_prices": {
    "v27": 61428.62556059557,
    "v26": 57918.57443940443
  }
}