{
  "config": {
    "base_price": 60000,
    "max_divergence": 0.2,
    "coefficients": {
      "chain_weight": 0.3,
      "economic_weight": 0.5,
      "hashrate_weight": 0.2
    }
  },
  "current_prices": {
    "v27": 61226.38384959817,
    "v26": 58120.81615040183
  },
  "timeline": {
    "timestamps": [
      1772608344.8213198,
      1772608405.9294426,
      1772608405.9294503,
      1772608466.9269192,
      1772608466.9269266,
      1772608527.3138435,
      1772608527.313851,
      1772608587.4180238,
      1772608587.4180293,
      1772608647.9497583,
      1772608647.9497633,
      1772608708.4403148,
      1772608708.4403226,
      1772608769.0760145,
      1772608769.07602,
      1772608829.6932359,
      1772608829.6932647,
      1772608890.4001236,
      1772608890.400129,
      1772608950.9150279,
      1772608950.9150357,
      1772609010.9396226,
      1772609010.9396298,
      1772609070.942604,
      1772609070.9426095,
      1772609131.2649121,
      1772609131.264918,
      1772609191.7097313,
      1772609191.7097404,
      1772609252.4554925,
      1772609252.4554985,
      1772609313.0339782,
      1772609313.033988,
      1772609373.5385573,
      1772609373.538565,
      1772609434.255324,
      1772609434.2553313,
      1772609494.7576797,
      1772609494.7576847,
      1772609555.4239633,
      1772609555.423969,
      1772609615.602433,
      1772609615.6024384,
      1772609675.89358,
      1772609675.8935854,
      1772609736.5554435,
      1772609736.5554485,
      1772609796.9703915,
      1772609796.9703987,
      1772609857.7656581,
      1772609857.7656658,
      1772609917.8297966,
      1772609917.8298018,
      1772609978.3496766,
      1772609978.3496816,
      1772610038.6536753,
      1772610038.6536827,
      1772610099.376569,
      1772610099.3765748
    ],
    "v27_prices": [
      60000,
      60948.89005162586,
      60948.89005162586,
      61272.89005162585,
      61272.89005162585,
      61437.46148019728,
      61437.46148019728,
      61432.0479463627,
      61432.0479463627,
      61462.11319212172,
      61462.11319212172,
      61521.61732435313,
      61521.61732435313,
      61536.75132330215,
      61536.75132330215,
      61421.16727934862,
      61421.16727934862,
      61510.428513164305,
      61510.428513164305,
      62096.59970413551,
      62096.59970413551,
      62220.121005703855,
      62220.121005703855,
      62288.73500442795,
      62288.73500442795,
      62323.49193109549,
      62323.49193109549,
      62392.00570785965,
      62392.00570785965,
      62418.94437612188,
      62418.94437612188,
      62480.27892765006,
      62480.27892765006,
      62494.912770468945,
      62494.912770468945,
      62531.51183156996,
      62531.51183156996,
      62537.87936869607,
      62537.87936869607,
      61567.92532521222,
      61567.92532521222,
      61510.69202031735,
      61510.69202031735,
      61443.90601199706,
      61443.90601199706,
      61430.16091831116,
      61430.16091831116,
      61378.73677417936,
      61378.73677417936,
      61325.97341751905,
      61325.97341751905,
      61275.22066809341,
      61275.22066809341,
      61273.81754130613,
      61273.81754130613,
      61262.43445013786,
      61262.43445013786,
      61226.38384959817,
      61226.38384959817
    ],
    "v26_prices": [
      60000,
      60000,
      58398.309948374146,
      58398.309948374146,
      58074.30994837415,
      58074.30994837415,
      57909.738519802726,
      57909.738519802726,
      57915.152053637314,
      57915.152053637314,
      57885.08680787829,
      57885.08680787829,
      57825.58267564688,
      57825.58267564688,
      57810.44867669785,
      57810.44867669785,
      57926.03272065138,
      57926.03272065138,
      57836.77148683569,
      57836.77148683569,
      57250.6002958645,
      57250.6002958645,
      57127.078994296164,
      57127.078994296164,
      57058.46499557205,
      57058.46499557205,
      57023.70806890451,
      57023.70806890451,
      56955.194292140346,
      56955.194292140346,
      56928.25562387814,
      56928.25562387814,
      56866.921072349935,
      56866.921072349935,
      56852.287229531044,
      56852.287229531044,
      56815.68816843004,
      56815.68816843004,
      56809.32063130395,
      56809.32063130395,
      57779.27467478778,
      57779.27467478778,
      57836.50797968265,
      57836.50797968265,
      57903.29398800294,
      57903.29398800294,
      57917.03908168884,
      57917.03908168884,
      57968.46322582065,
      57968.46322582065,
      58021.22658248095,
      58021.22658248095,
      58071.97933190659,
      58071.97933190659,
      58073.382458693864,
      58073.382458693864,
      58084.76554986214,
      58084.76554986214,
      58120.81615040183
    ]
  },
  "history": [
    {
      "timestamp": 1772608344.8213198,
      "chain_id": "v27",
      "price": 60000,
      "metadata": {
        "initial": true
      }
    },
    {
      "timestamp": 1772608344.8213198,
      "chain_id": "v26",
      "price": 60000,
      "metadata": {
        "initial": true
      }
    },
    {
      "timestamp": 1772608405.9294426,
      "chain_id": "v27",
      "price": 60948.89005162586,
      "metadata": {
        "fork_sustained": true,
        "fork_depth": 24
      }
    },
    {
      "timestamp": 1772608405.9294503,
      "chain_id": "v26",
      "price": 58398.309948374146,
      "metadata": {
        "fork_sustained": true,
        "fork_depth": 24
      }
    },
    {
      "timestamp": 1772608466.9269192,
      "chain_id": "v27",
      "price": 61272.89005162585,
      "metadata": {
        "fork_sustained": true,
        "fork_depth": 50
      }
    },
    {
      "timestamp": 1772608466.9269266,
      "chain_id": "v26",
      "price": 58074.30994837415,
      "metadata": {
        "fork_sustained": true,
        "fork_depth": 50
      }
    },
    {
      "timestamp": 1772608527.3138435,
      "chain_id": "v27",
      "price": 61437.46148019728,
      "metadata": {
        "fork_sustained": true,
        "fork_depth": 70
      }
    },
    {
      "timestamp": 1772608527.313851,
      "chain_id": "v26",
      "price": 57909.738519802726,
      "metadata": {
        "fork_sustained": true,
        "fork_depth": 70
      }
    },
    {
      "timestamp": 1772608587.4180238,
      "chain_id": "v27",
      "price": 61432.0479463627,
      "metadata": {
        "fork_sustained": true,
        "fork_depth": 95
      }
    },
    {
      "timestamp": 1772608587.4180293,
      "chain_id": "v26",
      "price": 57915.152053637314,
      "metadata": {
        "fork_sustained": true,
        "fork_depth": 95
      }
    },
    {
      "timestamp": 1772608647.9497583,
      "chain_id": "v27",
      "price": 61462.11319212172,
      "metadata": {
        "fork_sustained": true,
        "fork_depth": 121
      }
    },
    {
      "timestamp": 1772608647.9497633,
      "chain_id": "v26",
      "price": 57885.08680787829,
      "metadata": {
        "fork_sustained": true,
        "fork_depth": 121
      }
    },
    {
      "timestamp": 1772608708.4403148,
      "chain_id": "v27",
      "price": 61521.61732435313,
      "metadata": {
        "fork_sustained": true,
        "fork_depth": 143
      }
    },
    {
      "timestamp": 1772608708.4403226,
      "chain_id": "v26",
      "price": 57825.58267564688,
      "metadata": {
        "fork_sustained": true,
        "fork_depth": 143
      }
    },
    {
      "timestamp": 1772608769.0760145,
      "chain_id": "v27",
      "price": 61536.75132330215,
      "metadata": {
        "fork_sustained": true,
        "fork_depth": 173
      }
    },
    {
      "timestamp": 1772608769.07602,
      "chain_id": "v26",
      "price": 57810.44867669785,
      "metadata": {
        "fork_sustained": true,
        "fork_depth": 173
      }
    },
    {
      "timestamp": 1772608829.6932359,
      "chain_id": "v27",
      "price": 61421.16727934862,