{
  "blocks_mined": {
    "v27": 149,
    "v26": 4745
  },
  "total_blocks": 4894,
  "final_hashrate": {
    "v27": 0.0,
    "v26": 86.4
  },
  "final_economic": {
    "v27": 56.73664319629601,
    "v26": 43.26335680370397
  },
  "final_prices": {
    "v27": 55104.86918679565,
    "v26": 64242.330813204346
  }
}