{
  "blocks_mined": {
    "v27": 6,
    "v26": 687
  },
  "total_blocks": 693,
  "final_hashrate": {
    "v27": 0.0,
    "v26": 86.4
  },
  "final_economic": {
    "v27": 62.148876597346025,
    "v26": 37.85112340265398
  },
  "final_prices": {
    "v27": 55514.02743817138,
    "v26": 63833.17256182862
  }
}