{
  "config": {
    "base_price": 60000,
    "max_divergence": 0.2,
    "coefficients": {
      "chain_weight": 0.3,
      "economic_weight": 0.5,
      "hashrate_weight": 0.2
    }
  },
  "current_prices": {
    "v27": 59147.02418553163,
    "v26": 60200.17581446838
  },
  "timeline": {
    "timestamps": [
      1772764591.0449908,
      1772764652.1777182,
      1772764652.1777258,
      1772764713.1002035,
      1772764713.100209,
      1772764773.6878994,
      1772764773.687905,
      1772764833.826118,
      1772764833.8261235,
      1772764894.3669403,
      1772764894.3669455,
      1772764954.8339386,
      1772764954.833944,
      1772765015.4511032,
      1772765015.451111,
      1772765076.0374413,
      1772765076.0374467,
      1772765136.7473154,
      1772765136.7473214,
      1772765197.2823124,
      1772765197.2823195,
      1772765258.1947079,
      1772765258.194715,
      1772765318.4302807,
      1772765318.4302864,
      1772765378.5090458,
      1772765378.5090513,
      1772765439.0959966,
      1772765439.0960026,
      1772765499.6429832,
      1772765499.642994,
      1772765559.944596,
      1772765559.9446044,
      1772765620.2698827,
      1772765620.2698903,
      1772765681.0274315,
      1772765681.0274363,
      1772765741.547161,
      1772765741.5471685,
      1772765802.3128986,
      1772765802.3129046,
      1772765862.7394495,
      1772765862.7394567,
      1772765922.8300314,
      1772765922.8300364,
      1772765982.9010878,
      1772765982.901093,
      1772766043.661676,
      1772766043.661681,
      1772766104.1921391,
      1772766104.192144,
      1772766164.8019648,
      1772766164.8019712,
      1772766225.589319,
      1772766225.5893261,
      1772766286.217327,
      1772766286.2173343,
      1772766346.7760234,
      1772766346.7760313
    ],
    "v27_prices": [
      60000,
      60948.89005162586,
      60948.89005162586,
      61272.89005162585,
      61272.89005162585,
      61437.46148019728,
      61437.46148019728,
      61432.0479463627,
      61432.0479463627,
      61462.11319212172,
      61462.11319212172,
      61521.61732435313,
      61521.61732435313,
      61536.75132330215,
      61536.75132330215,
      61421.16727934862,
      61421.16727934862,
      61510.428513164305,
      61510.428513164305,
      62345.19893193473,
      62345.19893193473,
      62523.097144835614,
      62523.097144835614,
      62634.81104830998,
      62634.81104830998,
      62704.95587149664,
      62704.95587149664,
      62795.16069617532,
      62795.16069617532,
      62840.06656079514,
      62840.06656079514,
      62909.24801317439,
      62909.24801317439,
      62962.54258433858,
      62962.54258433858,
      62984.32418553586,
      62984.32418553586,
      63034.03007187853,
      63034.03007187853,
      60384.44348589005,
      60384.44348589005,
      60212.07341126078,
      60212.07341126078,
      60047.41839322717,
      60047.41839322717,
      59890.973440437585,
      59890.973440437585,
      59733.29408042997,
      59733.29408042997,
      59607.323828625595,
      59607.323828625595,
      59478.991157553566,
      59478.991157553566,
      59364.154042066206,
      59364.154042066206,
      59246.638090997345,
      59246.638090997345,
      59147.02418553163,
      59147.02418553163
    ],
    "v26_prices": [
      60000,
      60000,
      58398.309948374146,
      58398.309948374146,
      58074.30994837415,
      58074.30994837415,
      57909.738519802726,
      57909.738519802726,
      57915.152053637314,
      57915.152053637314,
      57885.08680787829,
      57885.08680787829,
      57825.58267564688,
      57825.58267564688,
      57810.44867669785,
      57810.44867669785,
      57926.03272065138,
      57926.03272065138,
      57836.77148683569,
      57836.77148683569,
      57002.00106806526,
      57002.00106806526,
      56824.10285516438,
      56824.10285516438,
      56712.388951690016,
      56712.388951690016,
      56642.244128503364,
      56642.244128503364,
      56552.039303824684,
      56552.039303824684,
      56507.13343920487,
      56507.13343920487,
      56437.95198682562,
      56437.95198682562,
      56384.65741566141,
      56384.65741566141,
      56362.87581446415,
      56362.87581446415,
      56313.16992812147,
      56313.16992812147,
      58962.75651410995,
      58962.75651410995,
      59135.12658873922,
      59135.12658873922,
      59299.78160677281,
      59299.78160677281,
      59456.22655956243,
      59456.22655956243,
      59613.90591957004,
      59613.90591957004,
      59739.87617137441,
      59739.87617137441,
      59868.20884244643,
      59868.20884244643,
      59983.0459579338,
      59983.0459579338,
      60100.56190900267,
      60100.56190900267,
      60200.17581446838
    ]
  },
  "history": [
    {
      "timestamp": 1772764591.0449908,
      "chain_id": "v27",
      "price": 60000,
      "metadata": {
        "initial": true
      }
    },
    {
      "timestamp": 1772764591.0449908,
      "chain_id": "v26",
      "price": 60000,
      "metadata": {
        "initial": true
      }
    },
    {
      "timestamp": 1772764652.1777182,
      "chain_id": "v27",
      "price": 60948.89005162586,
      "metadata": {
        "fork_sustained": true,
        "fork_depth": 24
      }
    },
    {
      "timestamp": 1772764652.1777258,
      "chain_id": "v26",
      "price": 58398.309948374146,
      "metadata": {
        "fork_sustained": true,
        "fork_depth": 24
      }
    },
    {
      "timestamp": 1772764713.1002035,
      "chain_id": "v27",
      "price": 61272.89005162585,
      "metadata": {
        "fork_sustained": true,
        "fork_depth": 50
      }
    },
    {
      "timestamp": 1772764713.100209,
      "chain_id": "v26",
      "price": 58074.30994837415,
      "metadata": {
        "fork_sustained": true,
        "fork_depth": 50
      }
    },
    {
      "timestamp": 1772764773.6878994,
      "chain_id": "v27",
      "price": 61437.46148019728,
      "metadata": {
        "fork_sustained": true,
        "fork_depth": 70
      }
    },
    {
      "timestamp": 1772764773.687905,
      "chain_id": "v26",
      "price": 57909.738519802726,
      "metadata": {
        "fork_sustained": true,
        "fork_depth": 70
      }
    },
    {
      "timestamp": 1772764833.826118,
      "chain_id": "v27",
      "price": 61432.0479463627,
      "metadata": {
        "fork_sustained": true,
        "fork_depth": 95
      }
    },
    {
      "timestamp": 1772764833.8261235,
      "chain_id": "v26",
      "price": 57915.152053637314,
      "metadata": {
        "fork_sustained": true,
        "fork_depth": 95
      }
    },
    {
      "timestamp": 1772764894.3669403,
      "chain_id": "v27",
      "price": 61462.11319212172,
      "metadata": {
        "fork_sustained": true,
        "fork_depth": 121
      }
    },
    {
      "timestamp": 1772764894.3669455,
      "chain_id": "v26",
      "price": 57885.08680787829,
      "metadata": {
        "fork_sustained": true,
        "fork_depth": 121
      }
    },
    {
      "timestamp": 1772764954.8339386,
      "chain_id": "v27",
      "price": 61521.61732435313,
      "metadata": {
        "fork_sustained": true,
        "fork_depth": 143
      }
    },
    {
      "timestamp": 1772764954.833944,
      "chain_id": "v26",
      "price": 57825.58267564688,
      "metadata": {
        "fork_sustained": true,
        "fork_depth": 143
      }
    },
    {
      "timestamp": 1772765015.4511032,
      "chain_id": "v27",
      "price": 61536.75132330215,
      "metadata": {
        "fork_sustained": true,
        "fork_depth": 173
      }
    },
    {
      "timestamp": 1772765015.451111,
      "chain_id": "v26",
      "price": 57810.44867669785,
      "metadata": {
        "fork_sustained": true,
        "fork_depth": 173
      }
    },
    {
      "timestamp": 1772765076.0374413,
      "chain_id": "v27",
      "price": 61421.16727934862,