{
  "config": {
    "base_price": 60000,
    "max_divergence": 0.2,
    "coefficients": {
      "chain_weight": 0.3,
      "economic_weight": 0.5,
      "hashrate_weight": 0.2
    }
  },
  "current_prices": {
    "v27": 63015.104508057324,
    "v26": 56332.09549194269
  },
  "timeline": {
    "timestamps": [
      1772926447.9397743,
      1772926509.6445506,
      1772926509.6445637,
      1772926569.8707702,
      1772926569.8707826,
      1772926629.899705,
      1772926629.8997183,
      1772926690.416736,
      1772926690.4167836,
      1772926750.6805878,
      1772926750.6806016,
      1772926810.9209652,
      1772926810.9210403,
      1772926871.517107,
      1772926871.517122,
      1772926932.1356943,
      1772926932.1357138,
      1772926992.836778,
      1772926992.8368015,
      1772927053.4566038,
      1772927053.4566128,
      1772927113.731287,
      1772927113.7313228,
      1772927174.0353374,
      1772927174.035364,
      1772927234.901875,
      1772927234.901896,
      1772927295.4180574,
      1772927295.418068,
      1772927356.297989,
      1772927356.2979968,
      1772927416.8197942,
      1772927416.8198085,
      1772927477.2462811,
      1772927477.2463298,
      1772927537.4189637,
      1772927537.418974,
      1772927597.8469758,
      1772927597.8469844,
      1772927658.7220228,
      1772927658.7220376,
      1772927719.8097904,
      1772927719.809842,
      1772927780.4302177,
      1772927780.4302328,
      1772927841.0733585,
      1772927841.073397,
      1772927901.9403224,
      1772927901.9403338,
      1772927962.986428,
      1772927962.9864366,
      1772928023.9785612,
      1772928023.978579,
      1772928084.7725365,
      1772928084.7725518,
      1772928145.0048172,
      1772928145.0048282,
      1772928205.9042368,
      1772928205.904248
    ],
    "v27_prices": [
      60000,
      59337.24721664652,
      59337.24721664652,
      59576.02272685059,
      59576.02272685059,
      59767.68199925522,
      59767.68199925522,
      59811.44076503362,
      59811.44076503362,
      59843.969905722144,
      59843.969905722144,
      59905.3323230295,
      59905.3323230295,
      59917.72058942758,
      59917.72058942758,
      59837.247216646516,
      59837.247216646516,
      59844.23411620984,
      59844.23411620984,
      59042.25266411734,
      59042.25266411734,
      58903.03626484137,
      58903.03626484137,
      58770.38103398492,
      58770.38103398492,
      58703.86123613602,
      58703.86123613602,
      58622.3802579689,
      58622.3802579689,
      58620.91175367401,
      58620.91175367401,
      58517.81973072474,
      58517.81973072474,
      58458.79395422708,
      58458.79395422708,
      58416.26086643816,
      58416.26086643816,
      58367.866628608215,
      58367.866628608215,
      61531.88527056832,
      61531.88527056832,
      61755.38631765588,
      61755.38631765588,
      61936.45800357268,
      61936.45800357268,
      62129.937398216876,
      62129.937398216876,
      62307.90153213096,
      62307.90153213096,
      62496.22865861015,
      62496.22865861015,
      62643.799646385196,
      62643.799646385196,
      62778.44236828284,
      62778.44236828284,
      62890.67073252058,
      62890.67073252058,
      63015.104508057324,
      63015.104508057324
    ],
    "v26_prices": [
      60000,
      60000,
      60009.952783353474,
      60009.952783353474,
      59771.1772731494,
      59771.1772731494,
      59579.518000744785,
      59579.518000744785,
      59535.75923496639,
      59535.75923496639,
      59503.23009427786,
      59503.23009427786,
      59441.867676970505,
      59441.867676970505,
      59429.47941057242,
      59429.47941057242,
      59509.95278335348,
      59509.95278335348,
      59502.96588379016,
      59502.96588379016,
      60304.947335882665,
      60304.947335882665,
      60444.16373515863,
      60444.16373515863,
      60576.81896601509,
      60576.81896601509,
      60643.338763863976,
      60643.338763863976,
      60724.8197420311,
      60724.8197420311,
      60726.288246325996,
      60726.288246325996,
      60829.380269275265,
      60829.380269275265,
      60888.40604577291,
      60888.40604577291,
      60930.93913356183,
      60930.93913356183,
      60979.33337139179,
      60979.33337139179,
      57815.31472943168,
      57815.31472943168,
      57591.813682344124,
      57591.813682344124,
      57410.74199642733,
      57410.74199642733,
      57217.26260178313,
      57217.26260178313,
      57039.29846786904,
      57039.29846786904,
      56850.97134138986,
      56850.97134138986,
      56703.40035361481,
      56703.40035361481,
      56568.75763171716,
      56568.75763171716,
      56456.529267479425,
      56456.529267479425,
      56332.09549194269
    ]
  },
  "history": [
    {
      "timestamp": 1772926447.9397743,
      "chain_id": "v27",
      "price": 60000,
      "metadata": {
        "initial": true
      }
    },
    {
      "timestamp": 1772926447.9397743,
      "chain_id": "v26",
      "price": 60000,
      "metadata": {
        "initial": true
      }
    },
    {
      "timestamp": 1772926509.6445506,
      "chain_id": "v27",
      "price": 59337.24721664652,
      "metadata": {
        "fork_sustained": true,
        "fork_depth": 24
      }
    },
    {
      "timestamp": 1772926509.6445637,
      "chain_id": "v26",
      "price": 60009.952783353474,
      "metadata": {
        "fork_sustained": true,
        "fork_depth": 24
      }
    },
    {
      "timestamp": 1772926569.8707702,
      "chain_id": "v27",
      "price": 59576.02272685059,
      "metadata": {
        "fork_sustained": true,
        "fork_depth": 49
      }
    },
    {
      "timestamp": 1772926569.8707826,
      "chain_id": "v26",
      "price": 59771.1772731494,
      "metadata": {
        "fork_sustained": true,
        "fork_depth": 49
      }
    },
    {
      "timestamp": 1772926629.899705,
      "chain_id": "v27",
      "price": 59767.68199925522,
      "metadata": {
        "fork_sustained": true,
        "fork_depth": 69
      }
    },
    {
      "timestamp": 1772926629.8997183,
      "chain_id": "v26",
      "price": 59579.518000744785,
      "metadata": {
        "fork_sustained": true,
        "fork_depth": 69
      }
    },
    {
      "timestamp": 1772926690.416736,
      "chain_id": "v27",
      "price": 59811.44076503362,
      "metadata": {
        "fork_sustained": true,
        "fork_depth": 93
      }
    },
    {
      "timestamp": 1772926690.4167836,
      "chain_id": "v26",
      "price": 59535.75923496639,
      "metadata": {
        "fork_sustained": true,
        "fork_depth": 93
      }
    },
    {
      "timestamp": 1772926750.6805878,
      "chain_id": "v27",
      "price": 59843.969905722144,
      "metadata": {
        "fork_sustained": true,
        "fork_depth": 119
      }
    },
    {
      "timestamp": 1772926750.6806016,
      "chain_id": "v26",
      "price": 59503.23009427786,
      "metadata": {
        "fork_sustained": true,
        "fork_depth": 119
      }
    },
    {
      "timestamp": 1772926810.9209652,
      "chain_id": "v27",
      "price": 59905.3323230295,
      "metadata": {
        "fork_sustained": true,
        "fork_depth": 141
      }
    },
    {
      "timestamp": 1772926810.9210403,
      "chain_id": "v26",
      "price": 59441.867676970505,
      "metadata": {
        "fork_sustained": true,
        "fork_depth": 141
      }
    },
    {
      "timestamp": 1772926871.517107,
      "chain_id": "v27",
      "price": 59917.72058942758,
      "metadata": {
        "fork_sustained": true,
        "fork_depth": 169
      }
    },
    {
      "timestamp": 1772926871.517122,
      "chain_id": "v26",
      "price": 59429.47941057242,
      "metadata": {
        "fork_sustained": true,
        "fork_depth": 169
      }
    },
    {
      "timestamp": 1772926932.1356943,
      "chain_id": "v27",
      "price": 59837.247216646516,