{
  "config": {
    "base_price": 60000,
    "max_divergence": 0.2,
    "coefficients": {
      "chain_weight": 0.3,
      "economic_weight": 0.5,
      "hashrate_weight": 0.2
    }
  },
  "current_prices": {
    "v27": 54820.70611358756,
    "v26": 65101.05388641245
  },
  "timeline": {
    "timestamps": [
      1772315736.5109158,
      1772315799.1293125,
      1772315799.1293504,
      1772315859.4087424,
      1772315859.4087672,
      1772315919.6607132,
      1772315919.6607256,
      1772315980.1250958,
      1772315980.1251204,
      1772316040.9938428,
      1772316040.9938521,
      1772316101.2292945,
      1772316101.2293308,
      1772316161.5559978,
      1772316161.5560043,
      1772316221.7911215,
      1772316221.7911437,
      1772316282.5404973,
      1772316282.5405216,
      1772316342.934293,
      1772316342.934302,
      1772316403.2564325,
      1772316403.2564452,
      1772316463.3262925,
      1772316463.326301,
      1772316523.4715953,
      1772316523.471618,
      1772316583.5497386,
      1772316583.5497603,
      1772316643.7924423,
      1772316643.7924483,
      1772316704.245405,
      1772316704.2454114,
      1772316764.5295541,
      1772316764.5295625,
      1772316824.9418461,
      1772316824.941854,
      1772316885.5687745,
      1772316885.5687954,
      1772316945.9729655,
      1772316945.9729757,
      1772317006.2758772,
      1772317006.2758977,
      1772317066.5082088,
      1772317066.5082192,
      1772317126.9731853,
      1772317126.9732072,
      1772317187.315863,
      1772317187.3158686,
      1772317247.5796406,
      1772317247.5796542,
      1772317308.1729958,
      1772317308.1730077,
      1772317368.5999644,
      1772317368.5999868,
      1772317428.9970903,
      1772317428.9971218,
      1772317489.3969076,
      1772317489.3969312
    ],
    "v27_prices": [
      60000,
      58980.253699794455,
      58980.253699794455,
      58980.253699794455,
      58980.253699794455,
      58180.253699794455,
      58180.253699794455,
      58426.40754594831,
      58426.40754594831,
      58399.60853850413,
      58399.60853850413,
      58465.96798550874,
      58465.96798550874,
      58620.253699794455,
      58620.253699794455,
      58740.253699794455,
      58740.253699794455,
      58909.66546450034,
      58909.66546450034,
      57932.11576875997,
      57932.11576875997,
      57718.75369979446,
      57718.75369979446,
      57619.89006343082,
      57619.89006343082,
      57482.3406563162,
      57482.3406563162,
      57397.098770216995,
      57397.098770216995,
      57336.25369979446,
      57336.25369979446,
      57284.82512836588,
      57284.82512836588,
      57176.253699794455,
      57176.253699794455,
      57128.418648248065,
      57128.418648248065,
      57080.55276521502,
      57080.55276521502,
      55648.29232048412,
      55648.29232048412,
      55545.69898905066,
      55545.69898905066,
      55451.24798550875,
      55451.24798550875,
      55314.787431137745,
      55314.787431137745,
      55222.67655693732,
      55222.67655693732,
      55151.740596346186,
      55151.740596346186,
      55035.66356992433,
      55035.66356992433,
      54943.311477572235,
      54943.311477572235,
      54869.67571162878,
      54869.67571162878,
      54820.70611358756,
      54820.70611358756
    ],
    "v26_prices": [
      60000,
      60000,
      60941.50630020555,
      60941.50630020555,
      60941.50630020555,
      60941.50630020555,
      61741.50630020555,
      61741.50630020555,
      61495.352454051696,
      61495.352454051696,
      61522.15146149586,
      61522.15146149586,
      61455.792014491264,
      61455.792014491264,
      61301.50630020555,
      61301.50630020555,
      61181.50630020555,
      61181.50630020555,
      61012.094535499666,
      61012.094535499666,
      61989.644231240025,
      61989.644231240025,
      62203.00630020555,
      62203.00630020555,
      62301.86993656919,
      62301.86993656919,
      62439.41934368381,
      62439.41934368381,
      62524.66122978301,
      62524.66122978301,
      62585.50630020555,
      62585.50630020555,
      62636.93487163412,
      62636.93487163412,
      62745.50630020555,
      62745.50630020555,
      62793.34135175194,
      62793.34135175194,
      62841.20723478498,
      62841.20723478498,
      64273.46767951589,
      64273.46767951589,
      64376.06101094934,
      64376.06101094934,
      64470.51201449126,
      64470.51201449126,
      64606.97256886226,
      64606.97256886226,
      64699.08344306268,
      64699.08344306268,
      64770.01940365382,
      64770.01940365382,
      64886.09643007568,
      64886.09643007568,
      64978.44852242777,
      64978.44852242777,
      65052.08428837122,
      65052.08428837122,
      65101.05388641245
    ]
  },
  "history": [
    {
      "timestamp": 1772315736.5109158,
      "chain_id": "v27",
      "price": 60000,
      "metadata": {
        "initial": true
      }
    },
    {
      "timestamp": 1772315736.5109158,
      "chain_id": "v26",
      "price": 60000,
      "metadata": {
        "initial": true
      }
    },
    {
      "timestamp": 1772315799.1293125,
      "chain_id": "v27",
      "price": 58980.253699794455,
      "metadata": {
        "fork_sustained": true,
        "fork_depth": 6
      }
    },
    {
      "timestamp": 1772315799.1293504,
      "chain_id": "v26",
      "price": 60941.50630020555,
      "metadata": {
        "fork_sustained": true,
        "fork_depth": 6
      }
    },
    {
      "timestamp": 1772315859.4087424,
      "chain_id": "v27",
      "price": 58980.253699794455,
      "metadata": {
        "fork_sustained": true,
        "fork_depth": 14
      }
    },
    {
      "timestamp": 1772315859.4087672,
      "chain_id": "v26",
      "price": 60941.50630020555,
      "metadata": {
        "fork_sustained": true,
        "fork_depth": 14
      }
    },
    {
      "timestamp": 1772315919.6607132,
      "chain_id": "v27",
      "price": 58180.253699794455,
      "metadata": {
        "fork_sustained": true,
        "fork_depth": 18
      }
    },
    {
      "timestamp": 1772315919.6607256,
      "chain_id": "v26",
      "price": 61741.50630020555,
      "metadata": {
        "fork_sustained": true,
        "fork_depth": 18
      }
    },
    {
      "timestamp": 1772315980.1250958,
      "chain_id": "v27",
      "price": 58426.40754594831,
      "metadata": {
        "fork_sustained": true,
        "fork_depth": 26
      }
    },
    {
      "timestamp": 1772315980.1251204,
      "chain_id": "v26",
      "price": 61495.352454051696,
      "metadata": {
        "fork_sustained": true,
        "fork_depth": 26
      }
    },
    {
      "timestamp": 1772316040.9938428,
      "chain_id": "v27",
      "price": 58399.60853850413,
      "metadata": {
        "fork_sustained": true,
        "fork_depth": 31
      }
    },
    {
      "timestamp": 1772316040.9938521,
      "chain_id": "v26",
      "price": 61522.15146149586,
      "metadata": {
        "fork_sustained": true,
        "fork_depth": 31
      }
    },
    {
      "timestamp": 1772316101.2292945,
      "chain_id": "v27",
      "price": 58465.96798550874,
      "metadata": {
        "fork_sustained": true,
        "fork_depth": 35
      }
    },
    {
      "timestamp": 1772316101.2293308,
      "chain_id": "v26",
      "price": 61455.792014491264,
      "metadata": {
        "fork_sustained": true,
        "fork_depth": 35
      }
    },
    {
      "timestamp": 1772316161.5559978,
      "chain_id": "v27",
      "price": 58620.253699794455,
      "metadata": {
        "fork_sustained": true,
        "fork_depth": 40
      }
    },
    {
      "timestamp": 1772316161.5560043,
      "chain_id": "v26",
      "price": 61301.50630020555,
      "metadata": {
        "fork_sustained": true,
        "fork_depth": 40
      }
    },
    {
      "timestamp": 1772316221.7911215,
      "chain_id": "v27",