{
  "blocks_mined": {
    "v27": 47,
    "v26": 103
  },
  "total_blocks": 150,
  "final_hashrate": {
    "v27": 30.0,
    "v26": 56.39999999999999
  },
  "final_economic": {
    "v27": 55.97627339684653,
    "v26": 44.02372660315347
  },
  "final_prices": {
    "v27": 58132.374046559635,
    "v26": 61214.82595344036
  }
}