{
  "blocks_mined": {
    "v27": 32,
    "v26": 1406
  },
  "total_blocks": 1438,
  "final_hashrate": {
    "v27": 0.0,
    "v26": 86.4
  },
  "final_economic": {
    "v27": 62.148876597346025,
    "v26": 37.85112340265398
  },
  "final_prices": {
    "v27": 55620.78489971072,
    "v26": 63726.415100289276
  }
}