{
  "blocks_mined": {
    "v27": 210,
    "v26": 676
  },
  "total_blocks": 886,
  "final_hashrate": {
    "v27": 0.0,
    "v26": 98.36999999999999
  },
  "final_economic": {
    "v27": 0.0,
    "v26": 100.0
  },
  "final_prices": {
    "v27": 49752.02780996524,
    "v26": 70169.73219003477
  }
}