{
  "blocks_mined": {
    "v27": 8,
    "v26": 80
  },
  "total_blocks": 88,
  "final_hashrate": {
    "v27": 0.0,
    "v26": 98.36999999999999
  },
  "final_economic": {
    "v27": 69.99988038297951,
    "v26": 30.000119617020477
  },
  "final_prices": {
    "v27": 57102.424670347784,
    "v26": 62819.33532965222
  }
}