{
  "blocks_mined": {
    "v27": 208,
    "v26": 30
  },
  "total_blocks": 238,
  "final_hashrate": {
    "v27": 86.4,
    "v26": 0.0
  },
  "final_economic": {
    "v27": 100.0,
    "v26": 0.0
  },
  "final_prices": {
    "v27": 70368.55922330098,
    "v26": 48978.64077669903
  }
}