{
  "blocks_mined": {
    "v27": 70,
    "v26": 64
  },
  "total_blocks": 134,
  "final_hashrate": {
    "v27": 57.39999999999999,
    "v26": 29.0
  },
  "final_economic": {
    "v27": 77.98508756506541,
    "v26": 22.014912434934576
  },
  "final_prices": {
    "v27": 63506.51395608372,
    "v26": 55840.68604391629
  }
}