{
  "blocks_mined": {
    "v27": 131,
    "v26": 115
  },
  "total_blocks": 246,
  "final_hashrate": {
    "v27": 50.5,
    "v26": 35.9
  },
  "final_economic": {
    "v27": 77.98508756506541,
    "v26": 22.014912434934576
  },
  "final_prices": {
    "v27": 63420.10524464995,
    "v26": 55927.09475535005
  }
}