{
  "blocks_mined": {
    "v27": 785,
    "v26": 977
  },
  "total_blocks": 1762,
  "final_hashrate": {
    "v27": 0.0,
    "v26": 98.36999999999999
  },
  "final_economic": {
    "v27": 50.0,
    "v26": 50.0
  },
  "final_prices": {
    "v27": 57133.35997536858,
    "v26": 62788.40002463143
  }
}