{
  "blocks_mined": {
    "v27": 4587,
    "v26": 1166
  },
  "total_blocks": 5753,
  "final_hashrate": {
    "v27": 86.4,
    "v26": 0.0
  },
  "final_economic": {
    "v27": 56.73741253525133,
    "v26": 43.26258746474866
  },
  "final_prices": {
    "v27": 64279.046002613824,
    "v26": 55068.15399738618
  }
}