{
  "blocks_mined": {
    "v27": 4401,
    "v26": 782
  },
  "total_blocks": 5183,
  "final_hashrate": {
    "v27": 86.4,
    "v26": 0.0
  },
  "final_economic": {
    "v27": 100.0,
    "v26": 0.0
  },
  "final_prices": {
    "v27": 70111.2991798376,
    "v26": 49235.90082016242
  }
}