{
  "blocks_mined": {
    "v27": 19,
    "v26": 67
  },
  "total_blocks": 86,
  "final_hashrate": {
    "v27": 26.89,
    "v26": 71.48
  },
  "final_economic": {
    "v27": 69.99988038297951,
    "v26": 30.000119617020477
  },
  "final_prices": {
    "v27": 59220.70564595755,
    "v26": 60701.05435404246
  }
}