{
  "timestamps": [
    0,
    60,
    121,
    182,
    242,
    303,
    363,
    423,
    484,
    544,
    605,
    666,
    726,
    787,
    847,
    907,
    968,
    1028,
    1089,
    1150,
    1210,
    1271,
    1332,
    1392,
    1453,
    1513,
    1574,
    1635,
    1695,
    1756,
    1800
  ],
  "v27_price": [
    60000,
    60000,
    54561.47437889765,
    54486.37659532529,
    54909.238242940584,
    54730.44439193547,
    51104.36772924661,
    51018.096106132885,
    51143.20888808776,
    51203.813511679946,
    51255.416680295566,
    49940.259740259746,
    49778.571428571435,
    49623.913043478264,
    49520.6106870229,
    49429.66507177034,
    49345.94594594595,
    49274.20042643923,
    49202.41448692153,
    49129.6786389414,
    49067.14285714286,
    49012.88135593221,
    48963.87096774194,
    48912.36641221375,
    48893.353028064994,
    48854.2372881356,
    48810.72386058982,
    48774.391805377716,
    48747.58961681088,
    48720.0,
    48695.1724137931
  ],
  "v26_price": [
    60000,
    60000,
    65360.28562110235,
    65435.38340467471,
    65012.52175705942,
    65191.31560806454,
    68817.3922707534,
    68903.66389386714,
    68778.55111191224,
    68717.94648832007,
    68666.34331970445,
    69981.50025974028,
    70143.18857142857,
    70297.84695652175,
    70401.14931297711,
    70492.09492822966,
    70575.81405405406,
    70647.55957356078,
    70719.34551307849,
    70792.0813610586,
    70854.61714285715,
    70908.8786440678,
    70957.88903225807,
    71009.39358778627,
    71028.40697193502,
    71067.52271186441,
    71111.0361394102,
    71147.3681946223,
    71174.17038318912,
    71201.76000000001,
    71226.58758620691
  ],
  "v27_hashrate": [
    26.89,
    26.89,
    26.89,
    26.89,
    26.89,
    26.89,
    26.89,
    26.89,
    26.89,
    26.89,
    0.0,
    0.0,
    0.0,
    0.0,
    0.0,
    0.0,
    0.0,
    0.0,
    0.0,
    0.0,
    0.0,
    0.0,
    0.0,
    0.0,
    0.0,
    0.0,
    0.0,
    0.0,
    0.0,
    0.0,
    0.0
  ],
  "v26_hashrate": [
    71.48,
    71.48,
    71.48,
    71.48,
    71.48,
    71.48,
    71.48,
    71.48,
    71.48,
    71.48,
    98.36999999999999,
    98.36999999999999,
    98.36999999999999,
    98.36999999999999,
    98.36999999999999,
    98.36999999999999,
    98.36999999999999,
    98.36999999999999,
    98.36999999999999,
    98.36999999999999,
    98.36999999999999,
    98.36999999999999,
    98.36999999999999,
    98.36999999999999,
    98.36999999999999,
    98.36999999999999,
    98.36999999999999,
    98.36999999999999,
    98.36999999999999,
    98.36999999999999,
    98.36999999999999
  ],
  "v27_economic": [
    30.076799311326575,
    30.076799311326575,
    30.076799311326575,
    30.076799311326575,
    30.076799311326575,
    0.008835972159936437,
    0.008835972159936437,
    0.008835972159936437,
    0.008835972159936437,
    0.008835972159936437,
    0.0,
    0.0,
    0.0,
    0.0,
    0.0,
    0.0,
    0.0,
    0.0,
    0.0,
    0.0,
    0.0,
    0.0,
    0.0,
    0.0,
    0.0,
    0.0,
    0.0,
    0.0,
    0.0,
    0.0,
    0.0
  ],
  "v26_economic": [
    69.92320068867342,
    69.92320068867342,
    69.92320068867342,
    69.92320068867342,
    69.92320068867342,
    99.99116402784006,
    99.99116402784006,
    99.99116402784006,
    99.99116402784006,
    99.99116402784006,
    100.0,
    100.0,
    100.0,
    100.0,
    100.0,
    100.0,
    100.0,
    100.0,
    100.0,
    100.0,
    100.0,
    100.0,
    100.0,
    100.0,
    100.0,
    100.0,
    100.0,
    100.0,
    100.0,
    100.0,
    100.0
  ],
  "v27_blocks": [
    0,
    6,
    13,
    24,
    30,
    36,
    41,
    54,
    64,
    75,
    83,
    83,
    83,
    83,
    83,
    83,
    83,
    83,
    83,
    83,
    83,
    83,
    83,
    84,
    84,
    84,
    84,
    84,
    84,
    84,
    84
  ],
  "v26_blocks": [
    0,
    20,
    46,
    62,
    88,
    107,
    130,
    156,
    177,
    200,
    225,
    253,
    285,
    310,
    335,
    361,
    386,
    414,
    446,
    477,
    507,
    537,
    572,
    593,
    624,
    662,
    697,
    725,
    756,
    786,
    809
  ],
  "v27_difficulty": [
    1.0,
    1.0,
    1.0,
    1.0,
    1.0,
    1.0,
    1.0,
    1.0,
    1.0,
    1.0,
    1.0,
    1.0,
    1.0,
    1.0,
    1.0,
    1.0,
    1.0,
    1.0,
    1.0,
    1.0,
    1.0,
    1.0,
    1.0,
    1.0,
    1.0,
    1.0,
    1.0,
    1.0,
    1.0,
    1.0,
    1.0
  ],
  "v26_difficulty": [
    1.0,
    1.0,
    1.0,
    1.0,
    1.0,
    1.0,
    1.0,
    1.0,
    1.0,
    1.0,
    1.0,
    1.0,
    1.0,
    1.0,
    1.0,
    1.0,
    1.0,
    1.0,
    1.0,
    1.0,
    1.0,
    1.0,
    1.0,
    1.0,
    1.0,
    1.0,
    1.0,
    1.0,
    1.0,
    1.0,
    1.0
  ],
  "v27_chainwork": [
    0.0,
    6.0,
    13.0,
    24.0,
    30.0,
    36.0,
    41.0,
    54.0,
    64.0,
    75.0,
    83.0,
    83.0,
    83.0,
    83.0,
    83.0,
    83.0,
    83.0,
    83.0,
    83.0,
    83.0,
    83.0,
    83.0,
    83.0,
    84.0,
    84.0,
    84.0,
    84.0,
    84.0,
    84.0,
    84.0,
    84.0
  ],
  "v26_chainwork": [
    0.0,
    20.0,
    46.0,
    62.0,
    88.0,
    107.0,
    130.0,
    156.0,
    177.0,
    200.0,
    225.0,
    253.0,
    285.0,
    310.0,
    335.0,
    361.0,
    386.0,
    414.0,
    446.0,
    477.0,
    507.0,
    537.0,
    572.0,
    593.0,
    624.0,
    662.0,
    697.0,
    725.0,
    756.0,
    786.0,
    809.0
  ],
  "v27_fee_rate": [
    1.0,
    1.0,
    0.008119441497288065,
    0.008119441497288065,
    0.008119441497288065,
    0.008119441497288065,
    7.822306021322755e-07,
    7.822306021322755e-07,
    7.822306021322755e-07,
    7.822306021322755e-07,
    7.822306021322755e-07,
    0.0,
    0.0,
    0.0,
    0.0,
    0.0,
    0.0,
    0.0,
    0.0,
    0.0,
    0.0,
    0.0,
    0.0,
    0.0,
    0.0,
    0.0,
    0.0,
    0.0,
    0.0,
    0.0,
    0.0
  ],
  "v26_fee_rate": [
    1.0,
    1.0,
    0.00627217242311962,
    0.00627217242311962,
    0.00627217242311962,
    0.00627217242311962,
    0.009326323901591707,
    0.009326323901591707,
    0.009326323901591707,
    0.009326323901591707,
    0.009326323901591707,
    0.006777133950052523,
    0.006777133950052523,
    0.006777133950052523,
    0.006777133950052523,
    0.006777133950052523,
    0.006777133950052523,
    0.006777133950052523,
    0.006777133950052523,
    0.006777133950052523,
    0.006777133950052523,
    0.006777133950052523,
    0.006777133950052523,
    0.006777133950052523,
    0.006777133950052523,
    0.006777133950052523,
    0.006777133950052523,
    0.006777133950052523,
    0.006777133950052523,
    0.006777133950052523,
    0.006777133950052523
  ],
  "v27_fee_revenue_btc": [
    0.01,
    0.01,
    8.119441497288065e-05,
    8.119441497288065e-05,
    8.119441497288065e-05,
    8.119441497288065e-05,
    7.822306021322755e-09,
    7.822306021322755e-09,
    7.822306021322755e-09,
    7.822306021322755e-09,
    7.822306021322755e-09,
    0.0,
    0.0,
    0.0,
    0.0,
    0.0,
    0.0,
    0.0,
    0.0,
    0.0,
    0.0,
    0.0,
    0.0,
    0.0,
    0.0,
    0.0,
    0.0,
    0.0,
    0.0,
    0.0,
    0.0
  ],