{
  "blocks_mined": {
    "v27": 2,
    "v26": 860
  },
  "total_blocks": 862,
  "final_hashrate": {
    "v27": 0.0,
    "v26": 86.4
  },
  "final_economic": {
    "v27": 62.148876597346025,
    "v26": 37.85112340265398
  },
  "final_prices": {
    "v27": 55476.11614225187,
    "v26": 63871.08385774814
  }
}