{
  "config": {
    "base_price": 60000,
    "max_divergence": 0.2,
    "coefficients": {
      "chain_weight": 0.3,
      "economic_weight": 0.5,
      "hashrate_weight": 0.2
    }
  },
  "current_prices": {
    "v27": 55133.533699794454,
    "v26": 64788.22630020554
  },
  "timeline": {
    "timestamps": [
      1772321436.478165,
      1772321498.3033745,
      1772321498.3034208,
      1772321558.403684,
      1772321558.403693,
      1772321618.7285285,
      1772321618.7285478,
      1772321678.9151127,
      1772321678.9151525,
      1772321739.0665588,
      1772321739.0665739,
      1772321799.3653986,
      1772321799.3654222,
      1772321859.5846648,
      1772321859.5846877,
      1772321920.0304701,
      1772321920.030493,
      1772321980.3220353,
      1772321980.322058,
      1772322040.4287417,
      1772322040.4287648,
      1772322100.585809,
      1772322100.5858545,
      1772322161.207475,
      1772322161.207514,
      1772322221.3999522,
      1772322221.3999639,
      1772322281.743092,
      1772322281.7431035,
      1772322341.891665,
      1772322341.8916836,
      1772322402.0853026,
      1772322402.085334,
      1772322462.2772176,
      1772322462.2772536,
      1772322522.5409467,
      1772322522.5409532,
      1772322582.7687495,
      1772322582.7687593,
      1772322643.105077,
      1772322643.105098,
      1772322703.521277,
      1772322703.5212831,
      1772322763.565187,
      1772322763.5652206,
      1772322824.0056076,
      1772322824.0056293,
      1772322884.077023,
      1772322884.0770347,
      1772322944.3992157,
      1772322944.3992257,
      1772323004.6450088,
      1772323004.6450248,
      1772323064.9194927,
      1772323064.9195325,
      1772323125.15046,
      1772323125.1504972,
      1772323185.4975197,
      1772323185.4975605
    ],
    "v27_prices": [
      60000,
      58980.253699794455,
      58980.253699794455,
      58344.95958214741,
      58344.95958214741,
      58080.25369979446,
      58080.25369979446,
      58465.96798550874,
      58465.96798550874,
      58399.60853850413,
      58399.60853850413,
      58493.767213307976,
      58493.767213307976,
      58620.253699794455,
      58620.253699794455,
      58612.906761018945,
      58612.906761018945,
      58652.980972521735,
      58652.980972521735,
      57879.20451946659,
      57879.20451946659,
      57831.253699794455,
      57831.253699794455,
      57711.0482203424,
      57711.0482203424,
      57772.04317347867,
      57772.04317347867,
      57792.83906564812,
      57792.83906564812,
      57713.39655693731,
      57713.39655693731,
      57683.83990669101,
      57683.83990669101,
      57541.96798550874,
      57541.96798550874,
      57487.83264716288,
      57487.83264716288,
      57395.02920999853,
      57395.02920999853,
      55976.962271223034,
      55976.962271223034,
      55777.92308032543,
      55777.92308032543,
      55755.00738400498,
      55755.00738400498,
      55585.205830942,
      55585.205830942,
      55565.53369979446,
      55565.53369979446,
      55453.90579281772,
      55453.90579281772,
      55368.518774421325,
      55368.518774421325,
      55289.274706988705,
      55289.274706988705,
      55229.86936413012,
      55229.86936413012,
      55133.533699794454,
      55133.533699794454
    ],
    "v26_prices": [
      60000,
      60000,
      60941.50630020555,
      60941.50630020555,
      61576.800417852595,
      61576.800417852595,
      61841.50630020554,
      61841.50630020554,
      61455.792014491264,
      61455.792014491264,
      61522.15146149586,
      61522.15146149586,
      61427.992786692026,
      61427.992786692026,
      61301.50630020555,
      61301.50630020555,
      61308.85323898106,
      61308.85323898106,
      61268.77902747827,
      61268.77902747827,
      62042.55548053341,
      62042.55548053341,
      62090.50630020555,
      62090.50630020555,
      62210.7117796576,
      62210.7117796576,
      62149.71682652134,
      62149.71682652134,
      62128.92093435189,
      62128.92093435189,
      62208.36344306269,
      62208.36344306269,
      62237.920093308996,
      62237.920093308996,
      62379.79201449126,
      62379.79201449126,
      62433.92735283713,
      62433.92735283713,
      62526.730790001464,
      62526.730790001464,
      63944.797728776975,
      63944.797728776975,
      64143.83691967456,
      64143.83691967456,
      64166.75261599503,
      64166.75261599503,
      64336.55416905801,
      64336.55416905801,
      64356.22630020555,
      64356.22630020555,
      64467.85420718229,
      64467.85420718229,
      64553.241225578684,
      64553.241225578684,
      64632.48529301129,
      64632.48529301129,
      64691.89063586988,
      64691.89063586988,
      64788.22630020554
    ]
  },
  "history": [
    {
      "timestamp": 1772321436.478165,
      "chain_id": "v27",
      "price": 60000,
      "metadata": {
        "initial": true
      }
    },
    {
      "timestamp": 1772321436.478165,
      "chain_id": "v26",
      "price": 60000,
      "metadata": {
        "initial": true
      }
    },
    {
      "timestamp": 1772321498.3033745,
      "chain_id": "v27",
      "price": 58980.253699794455,
      "metadata": {
        "fork_sustained": true,
        "fork_depth": 10
      }
    },
    {
      "timestamp": 1772321498.3034208,
      "chain_id": "v26",
      "price": 60941.50630020555,
      "metadata": {
        "fork_sustained": true,
        "fork_depth": 10
      }
    },
    {
      "timestamp": 1772321558.403684,
      "chain_id": "v27",
      "price": 58344.95958214741,
      "metadata": {
        "fork_sustained": true,
        "fork_depth": 17
      }
    },
    {
      "timestamp": 1772321558.403693,
      "chain_id": "v26",
      "price": 61576.800417852595,
      "metadata": {
        "fork_sustained": true,
        "fork_depth": 17
      }
    },
    {
      "timestamp": 1772321618.7285285,
      "chain_id": "v27",
      "price": 58080.25369979446,
      "metadata": {
        "fork_sustained": true,
        "fork_depth": 24
      }
    },
    {
      "timestamp": 1772321618.7285478,
      "chain_id": "v26",
      "price": 61841.50630020554,
      "metadata": {
        "fork_sustained": true,
        "fork_depth": 24
      }
    },
    {
      "timestamp": 1772321678.9151127,
      "chain_id": "v27",
      "price": 58465.96798550874,
      "metadata": {
        "fork_sustained": true,
        "fork_depth": 28
      }
    },
    {
      "timestamp": 1772321678.9151525,
      "chain_id": "v26",
      "price": 61455.792014491264,
      "metadata": {
        "fork_sustained": true,
        "fork_depth": 28
      }
    },
    {
      "timestamp": 1772321739.0665588,
      "chain_id": "v27",
      "price": 58399.60853850413,
      "metadata": {
        "fork_sustained": true,
        "fork_depth": 31
      }
    },
    {
      "timestamp": 1772321739.0665739,
      "chain_id": "v26",
      "price": 61522.15146149586,
      "metadata": {
        "fork_sustained": true,
        "fork_depth": 31
      }
    },
    {
      "timestamp": 1772321799.3653986,
      "chain_id": "v27",
      "price": 58493.767213307976,
      "metadata": {
        "fork_sustained": true,
        "fork_depth": 37
      }
    },
    {
      "timestamp": 1772321799.3654222,
      "chain_id": "v26",
      "price": 61427.992786692026,
      "metadata": {
        "fork_sustained": true,
        "fork_depth": 37
      }
    },
    {
      "timestamp": 1772321859.5846648,
      "chain_id": "v27",
      "price": 58620.253699794455,
      "metadata": {
        "fork_sustained": true,
        "fork_depth": 40
      }
    },
    {
      "timestamp": 1772321859.5846877,
      "chain_id": "v26",
      "price": 61301.50630020555,
      "metadata": {
        "fork_sustained": true,
        "fork_depth": 40
      }
    },
    {
      "timestamp": 1772321920.0304701,
      "chain_id": "v27",
      "price": 58612.906761018945,