{
  "blocks_mined": {
    "v27": 402,
    "v26": 8
  },
  "total_blocks": 410,
  "final_hashrate": {
    "v27": 86.4,
    "v26": 0.0
  },
  "final_economic": {
    "v27": 100.0,
    "v26": 0.0
  },
  "final_prices": {
    "v27": 71194.41485411141,
    "v26": 48152.7851458886
  }
}