{
  "blocks_mined": {
    "v27": 4034,
    "v26": 1506
  },
  "total_blocks": 5540,
  "final_hashrate": {
    "v27": 86.4,
    "v26": 0.0
  },
  "final_economic": {
    "v27": 56.737060138721,
    "v26": 43.262939861279
  },
  "final_prices": {
    "v27": 63605.66375734462,
    "v26": 55741.53624265538
  }
}