{
  "config": {
    "base_price": 60000,
    "max_divergence": 0.2,
    "coefficients": {
      "chain_weight": 0.3,
      "economic_weight": 0.5,
      "hashrate_weight": 0.2
    }
  },
  "current_prices": {
    "v27": 54976.576644579734,
    "v26": 64945.18335542027
  },
  "timeline": {
    "timestamps": [
      1772298640.8979394,
      1772298702.2375724,
      1772298702.2375796,
      1772298762.37712,
      1772298762.3771424,
      1772298822.5073082,
      1772298822.5073178,
      1772298882.9798524,
      1772298882.97986,
      1772298943.3666942,
      1772298943.366716,
      1772299003.7246864,
      1772299003.7246983,
      1772299064.2423086,
      1772299064.2423215,
      1772299124.4467278,
      1772299124.4467497,
      1772299184.933978,
      1772299184.9340022,
      1772299245.111081,
      1772299245.1110923,
      1772299305.2054415,
      1772299305.2054586,
      1772299365.3406205,
      1772299365.340663,
      1772299425.5728476,
      1772299425.5728579,
      1772299485.8052495,
      1772299485.8052619,
      1772299546.0731106,
      1772299546.073133,
      1772299606.4554646,
      1772299606.4554875,
      1772299666.7246795,
      1772299666.7247014,
      1772299727.0123656,
      1772299727.0123978,
      1772299787.3965511,
      1772299787.396558,
      1772299847.8871367,
      1772299847.88716,
      1772299908.4043732,
      1772299908.4044046,
      1772299968.8301883,
      1772299968.8301976,
      1772300028.984425,
      1772300028.9844465,
      1772300089.225251,
      1772300089.2252727,
      1772300149.6104455,
      1772300149.6104684,
      1772300209.7536669,
      1772300209.753694,
      1772300270.0669327,
      1772300270.0669448,
      1772300330.3031304,
      1772300330.3031528,
      1772300390.8140242,
      1772300390.8140454
    ],
    "v27_prices": [
      60000,
      60000,
      60000,
      59257.176776717526,
      59257.176776717526,
      58980.253699794455,
      58980.253699794455,
      58836.25369979446,
      58836.25369979446,
      58652.980972521735,
      58652.980972521735,
      58601.3063313734,
      58601.3063313734,
      58597.2749763902,
      58597.2749763902,
      58548.253699794455,
      58548.253699794455,
      58790.780015583936,
      58790.780015583936,
      57816.25369979446,
      57816.25369979446,
      57823.99563527833,
      57823.99563527833,
      57779.33062287138,
      57779.33062287138,
      57795.38413457707,
      57795.38413457707,
      57856.253699794455,
      57856.253699794455,
      57772.04317347867,
      57772.04317347867,
      57579.14526605952,
      57579.14526605952,
      57483.52642706719,
      57483.52642706719,
      57475.60853850413,
      57475.60853850413,
      57336.25369979446,
      57336.25369979446,
      55898.86703312779,
      55898.86703312779,
      55688.61062287138,
      55688.61062287138,
      55527.13369979446,
      55527.13369979446,
      55471.78369979446,
      55471.78369979446,
      55385.08257197491,
      55385.08257197491,
      55259.150721071055,
      55259.150721071055,
      55215.53369979446,
      55215.53369979446,
      55146.74175348574,
      55146.74175348574,
      55082.41681667758,
      55082.41681667758,
      54976.576644579734,
      54976.576644579734
    ],
    "v26_prices": [
      60000,
      60000,
      60000,
      60000,
      60664.58322328246,
      60664.58322328246,
      60941.50630020555,
      60941.50630020555,
      61085.50630020554,
      61085.50630020554,
      61268.77902747827,
      61268.77902747827,
      61320.4536686266,
      61320.4536686266,
      61324.4850236098,
      61324.4850236098,
      61373.50630020554,
      61373.50630020554,
      61130.979984416066,
      61130.979984416066,
      62105.50630020555,
      62105.50630020555,
      62097.76436472168,
      62097.76436472168,
      62142.42937712862,
      62142.42937712862,
      62126.37586542294,
      62126.37586542294,
      62065.50630020554,
      62065.50630020554,
      62149.71682652134,
      62149.71682652134,
      62342.61473394048,
      62342.61473394048,
      62438.23357293282,
      62438.23357293282,
      62446.151461495865,
      62446.151461495865,
      62585.50630020555,
      62585.50630020555,
      64022.89296687221,
      64022.89296687221,
      64233.14937712862,
      64233.14937712862,
      64394.62630020555,
      64394.62630020555,
      64449.97630020554,
      64449.97630020554,
      64536.6774280251,
      64536.6774280251,
      64662.60927892894,
      64662.60927892894,
      64706.22630020555,
      64706.22630020555,
      64775.01824651427,
      64775.01824651427,
      64839.34318332242,
      64839.34318332242,
      64945.18335542027
    ]
  },
  "history": [
    {
      "timestamp": 1772298640.8979394,
      "chain_id": "v27",
      "price": 60000,
      "metadata": {
        "initial": true
      }
    },
    {
      "timestamp": 1772298640.8979394,
      "chain_id": "v26",
      "price": 60000,
      "metadata": {
        "initial": true
      }
    },
    {
      "timestamp": 1772298702.2375724,
      "chain_id": "v27",
      "price": 60000,
      "metadata": {}
    },
    {
      "timestamp": 1772298702.2375796,
      "chain_id": "v26",
      "price": 60000,
      "metadata": {}
    },
    {
      "timestamp": 1772298762.37712,
      "chain_id": "v27",
      "price": 59257.176776717526,
      "metadata": {
        "fork_sustained": true,
        "fork_depth": 13
      }
    },
    {
      "timestamp": 1772298762.3771424,
      "chain_id": "v26",
      "price": 60664.58322328246,
      "metadata": {
        "fork_sustained": true,
        "fork_depth": 13
      }
    },
    {
      "timestamp": 1772298822.5073082,
      "chain_id": "v27",
      "price": 58980.253699794455,
      "metadata": {
        "fork_sustained": true,
        "fork_depth": 16
      }
    },
    {
      "timestamp": 1772298822.5073178,
      "chain_id": "v26",
      "price": 60941.50630020555,
      "metadata": {
        "fork_sustained": true,
        "fork_depth": 16
      }
    },
    {
      "timestamp": 1772298882.9798524,
      "chain_id": "v27",
      "price": 58836.25369979446,
      "metadata": {
        "fork_sustained": true,
        "fork_depth": 25
      }
    },
    {
      "timestamp": 1772298882.97986,
      "chain_id": "v26",
      "price": 61085.50630020554,
      "metadata": {
        "fork_sustained": true,
        "fork_depth": 25
      }
    },
    {
      "timestamp": 1772298943.3666942,
      "chain_id": "v27",
      "price": 58652.980972521735,
      "metadata": {
        "fork_sustained": true,
        "fork_depth": 33
      }
    },
    {
      "timestamp": 1772298943.366716,
      "chain_id": "v26",
      "price": 61268.77902747827,
      "metadata": {
        "fork_sustained": true,
        "fork_depth": 33
      }
    },
    {
      "timestamp": 1772299003.7246864,
      "chain_id": "v27",
      "price": 58601.3063313734,
      "metadata": {
        "fork_sustained": true,
        "fork_depth": 38
      }
    },
    {
      "timestamp": 1772299003.7246983,
      "chain_id": "v26",
      "price": 61320.4536686266,
      "metadata": {
        "fork_sustained": true,
        "fork_depth": 38
      }
    },
    {
      "timestamp": 1772299064.2423086,
      "chain_id": "v27",
      "price": 58597.2749763902,
      "metadata": {
        "fork_sustained": true,
        "fork_depth": 47
      }
    },
    {
      "timestamp": 1772299064.2423215,
      "chain_id": "v26",
      "price": 61324.4850236098,
      "metadata": {
        "fork_sustained": true,
        "fork_depth": 47
      }
    },
    {
      "timestamp": 1772299124.4467278,
      "chain_id": "v27",
      "price": 58548.253699794455,
      "metadata": {
        "fork_sustained": true,
        "fork_depth": 50
      }
    },
    {
      "timestamp": 1772299124.4467497,
      "chain_id": "v26",
      "price": 61373.50630020554,