{
  "blocks_mined": {
    "v27": 41,
    "v26": 126
  },
  "total_blocks": 167,
  "final_hashrate": {
    "v27": 0.0,
    "v26": 98.36999999999999
  },
  "final_economic": {
    "v27": 43.046114164953785,
    "v26": 56.9538858350462
  },
  "final_prices": {
    "v27": 54976.576644579734,
    "v26": 64945.18335542027
  }
}