{
  "blocks_mined": {
    "v27": 15,
    "v26": 632
  },
  "total_blocks": 647,
  "final_hashrate": {
    "v27": 0.0,
    "v26": 86.4
  },
  "final_economic": {
    "v27": 0.0,
    "v26": 100.0
  },
  "final_prices": {
    "v27": 48183.361629881154,
    "v26": 71163.83837011884
  }
}