{
  "config": {
    "base_price": 60000,
    "max_divergence": 0.2,
    "coefficients": {
      "chain_weight": 0.3,
      "economic_weight": 0.5,
      "hashrate_weight": 0.2
    }
  },
  "current_prices": {
    "v27": 61542.40165403208,
    "v26": 57804.79834596793
  },
  "timeline": {
    "timestamps": [
      1772704254.7944307,
      1772704316.0523152,
      1772704316.0523286,
      1772704376.4741335,
      1772704376.474158,
      1772704436.5956995,
      1772704436.5957115,
      1772704497.1895278,
      1772704497.1895382,
      1772704557.5877407,
      1772704557.5877721,
      1772704617.9329386,
      1772704617.9329612,
      1772704678.751086,
      1772704678.7511218,
      1772704739.351025,
      1772704739.3510568,
      1772704799.9036682,
      1772704799.9036832,
      1772704860.5153265,
      1772704860.5153596,
      1772704920.5514023,
      1772704920.5514312,
      1772704980.6869266,
      1772704980.686964,
      1772705040.9683034,
      1772705040.9683163,
      1772705101.0716252,
      1772705101.0716705,
      1772705161.544354,
      1772705161.5443852,
      1772705222.004772,
      1772705222.0048053,
      1772705282.3827674,
      1772705282.3828082,
      1772705342.5868237,
      1772705342.5868323,
      1772705403.1077914,
      1772705403.107802,
      1772705463.1871564,
      1772705463.1871688,
      1772705523.5816362,
      1772705523.5816455,
      1772705584.2758892,
      1772705584.275911,
      1772705645.306875,
      1772705645.3068876,
      1772705705.8182366,
      1772705705.818272,
      1772705766.7204409,
      1772705766.7204564,
      1772705827.1654892,
      1772705827.1655252,
      1772705887.9225852,
      1772705887.9225955,
      1772705948.7171786,
      1772705948.7172008,
      1772706009.044506,
      1772706009.0445356
    ],
    "v27_prices": [
      60000,
      57694.33369979446,
      57694.33369979446,
      57933.10920999853,
      57933.10920999853,
      58124.76848240315,
      58124.76848240315,
      58168.527248181555,
      58168.527248181555,
      58201.056388870085,
      58201.056388870085,
      58262.41880617743,
      58262.41880617743,
      58274.807072575524,
      58274.807072575524,
      58194.33369979446,
      58194.33369979446,
      58201.32059935777,
      58201.32059935777,
      57855.33914726528,
      57855.33914726528,
      57790.715480370825,
      57790.715480370825,
      57735.07828618723,
      57735.07828618723,
      57737.962820998284,
      57737.962820998284,
      57686.960286177055,
      57686.960286177055,
      57672.97151600309,
      57672.97151600309,
      57621.79842264307,
      57621.79842264307,
      57588.062876938326,
      57588.062876938326,
      57565.0036881421,
      57565.0036881421,
      57537.79182329003,
      57537.79182329003,
      60224.20193835793,
      60224.20193835793,
      60422.56799160337,
      60422.56799160337,
      60577.297478627064,
      60577.297478627064,
      60767.273621289445,
      60767.273621289445,
      60907.15974662756,
      60907.15974662756,
      61060.4624217308,
      61060.4624217308,
      61181.08400000556,
      61181.08400000556,
      61313.56202698658,
      61313.56202698658,
      61428.53560842721,
      61428.53560842721,
      61542.40165403208,
      61542.40165403208
    ],
    "v26_prices": [
      60000,
      60000,
      61652.86630020555,
      61652.86630020555,
      61414.09079000146,
      61414.09079000146,
      61222.43151759684,
      61222.43151759684,
      61178.672751818456,
      61178.672751818456,
      61146.14361112991,
      61146.14361112991,
      61084.78119382258,
      61084.78119382258,
      61072.39292742448,
      61072.39292742448,
      61152.86630020555,
      61152.86630020555,
      61145.87940064221,
      61145.87940064221,
      61491.860852734724,
      61491.860852734724,
      61556.48451962918,
      61556.48451962918,
      61612.12171381277,
      61612.12171381277,
      61609.23717900172,
      61609.23717900172,
      61660.23971382296,
      61660.23971382296,
      61674.228483996914,
      61674.228483996914,
      61725.40157735693,
      61725.40157735693,
      61759.13712306168,
      61759.13712306168,
      61782.19631185791,
      61782.19631185791,
      61809.40817670997,
      61809.40817670997,
      59122.99806164207,
      59122.99806164207,
      58924.63200839663,
      58924.63200839663,
      58769.90252137295,
      58769.90252137295,
      58579.92637871057,
      58579.92637871057,
      58440.040253372434,
      58440.040253372434,
      58286.737578269196,
      58286.737578269196,
      58166.11599999444,
      58166.11599999444,
      58033.63797301342,
      58033.63797301342,
      57918.66439157279,
      57918.66439157279,
      57804.79834596793
    ]
  },
  "history": [
    {
      "timestamp": 1772704254.7944307,
      "chain_id": "v27",
      "price": 60000,
      "metadata": {
        "initial": true
      }
    },
    {
      "timestamp": 1772704254.7944307,
      "chain_id": "v26",
      "price": 60000,
      "metadata": {
        "initial": true
      }
    },
    {
      "timestamp": 1772704316.0523152,
      "chain_id": "v27",
      "price": 57694.33369979446,
      "metadata": {
        "fork_sustained": true,
        "fork_depth": 24
      }
    },
    {
      "timestamp": 1772704316.0523286,
      "chain_id": "v26",
      "price": 61652.86630020555,
      "metadata": {
        "fork_sustained": true,
        "fork_depth": 24
      }
    },
    {
      "timestamp": 1772704376.4741335,
      "chain_id": "v27",
      "price": 57933.10920999853,
      "metadata": {
        "fork_sustained": true,
        "fork_depth": 49
      }
    },
    {
      "timestamp": 1772704376.474158,
      "chain_id": "v26",
      "price": 61414.09079000146,
      "metadata": {
        "fork_sustained": true,
        "fork_depth": 49
      }
    },
    {
      "timestamp": 1772704436.5956995,
      "chain_id": "v27",
      "price": 58124.76848240315,
      "metadata": {
        "fork_sustained": true,
        "fork_depth": 69
      }
    },
    {
      "timestamp": 1772704436.5957115,
      "chain_id": "v26",
      "price": 61222.43151759684,
      "metadata": {
        "fork_sustained": true,
        "fork_depth": 69
      }
    },
    {
      "timestamp": 1772704497.1895278,
      "chain_id": "v27",
      "price": 58168.527248181555,
      "metadata": {
        "fork_sustained": true,
        "fork_depth": 93
      }
    },
    {
      "timestamp": 1772704497.1895382,
      "chain_id": "v26",
      "price": 61178.672751818456,
      "metadata": {
        "fork_sustained": true,
        "fork_depth": 93
      }
    },
    {
      "timestamp": 1772704557.5877407,
      "chain_id": "v27",
      "price": 58201.056388870085,
      "metadata": {
        "fork_sustained": true,
        "fork_depth": 119
      }
    },
    {
      "timestamp": 1772704557.5877721,
      "chain_id": "v26",
      "price": 61146.14361112991,
      "metadata": {
        "fork_sustained": true,
        "fork_depth": 119
      }
    },
    {
      "timestamp": 1772704617.9329386,
      "chain_id": "v27",
      "price": 58262.41880617743,
      "metadata": {
        "fork_sustained": true,
        "fork_depth": 141
      }
    },
    {
      "timestamp": 1772704617.9329612,
      "chain_id": "v26",
      "price": 61084.78119382258,
      "metadata": {
        "fork_sustained": true,
        "fork_depth": 141
      }
    },
    {
      "timestamp": 1772704678.751086,
      "chain_id": "v27",
      "price": 58274.807072575524,
      "metadata": {
        "fork_sustained": true,
        "fork_depth": 169
      }
    },
    {
      "timestamp": 1772704678.7511218,
      "chain_id": "v26",
      "price": 61072.39292742448,
      "metadata": {
        "fork_sustained": true,
        "fork_depth": 169
      }
    },
    {
      "timestamp": 1772704739.351025,
      "chain_id": "v27",