{
  "blocks_mined": {
    "v27": 721,
    "v26": 462
  },
  "total_blocks": 1183,
  "final_hashrate": {
    "v27": 86.4,
    "v26": 0.0
  },
  "final_economic": {
    "v27": 43.046114164953785,
    "v26": 56.9538858350462
  },
  "final_prices": {
    "v27": 61542.40165403208,
    "v26": 57804.79834596793
  }
}