{
  "blocks_mined": {
    "v27": 233,
    "v26": 108
  },
  "total_blocks": 341,
  "final_hashrate": {
    "v27": 86.4,
    "v26": 0.0
  },
  "final_economic": {
    "v27": 100.0,
    "v26": 0.0
  },
  "final_prices": {
    "v27": 68846.87845659164,
    "v26": 50500.32154340837
  }
}