{
  "blocks_mined": {
    "v27": 1472,
    "v26": 1053
  },
  "total_blocks": 2525,
  "final_hashrate": {
    "v27": 50.5,
    "v26": 35.9
  },
  "final_economic": {
    "v27": 56.737060138721,
    "v26": 43.262939861279
  },
  "final_prices": {
    "v27": 61456.758399790764,
    "v26": 57890.44160020923
  }
}