{
  "config": {
    "base_price": 60000,
    "max_divergence": 0.2,
    "coefficients": {
      "chain_weight": 0.3,
      "economic_weight": 0.5,
      "hashrate_weight": 0.2
    }
  },
  "current_prices": {
    "v27": 62423.66915019121,
    "v26": 56923.5308498088
  },
  "timeline": {
    "timestamps": [
      1772774182.7849638,
      1772774243.8561206,
      1772774243.8561308,
      1772774304.780281,
      1772774304.780291,
      1772774365.1709018,
      1772774365.170911,
      1772774425.3180227,
      1772774425.3180294,
      1772774485.9083164,
      1772774485.908322,
      1772774546.36519,
      1772774546.3652,
      1772774607.0225632,
      1772774607.022569,
      1772774667.6253936,
      1772774667.6254013,
      1772774728.32409,
      1772774728.324098,
      1772774788.8505595,
      1772774788.8505676,
      1772774849.8374467,
      1772774849.837453,
      1772774910.6250238,
      1772774910.6250317,
      1772774970.6533113,
      1772774970.6533172,
      1772775030.9748375,
      1772775030.9748452,
      1772775091.177993,
      1772775091.1780002,
      1772775151.3660877,
      1772775151.366095,
      1772775211.5821452,
      1772775211.5821512,
      1772775271.9432716,
      1772775271.9432774,
      1772775332.0933254,
      1772775332.0933332,
      1772775393.0616589,
      1772775393.0616648,
      1772775453.7840176,
      1772775453.784024,
      1772775514.698,
      1772775514.6980052,
      1772775575.151764,
      1772775575.1517692,
      1772775636.0895898,
      1772775636.0895977,
      1772775696.3639066,
      1772775696.3639152,
      1772775756.5474908,
      1772775756.5474985,
      1772775816.760647,
      1772775816.7606554,
      1772775877.005632,
      1772775877.0056374,
      1772775937.1727254,
      1772775937.1727312
    ],
    "v27_prices": [
      60000,
      58543.45298449252,
      58543.45298449252,
      58867.45298449252,
      58867.45298449252,
      59032.02441306395,
      59032.02441306395,
      59026.61087922936,
      59026.61087922936,
      59056.67612498839,
      59056.67612498839,
      59116.18025721979,
      59116.18025721979,
      59131.31425616882,
      59131.31425616882,
      59015.7302122153,
      59015.7302122153,
      59104.99144603099,
      59104.99144603099,
      58707.162637002184,
      58707.162637002184,
      58676.110378273675,
      58676.110378273675,
      58582.05386554978,
      58582.05386554978,
      58584.13356037219,
      58584.13356037219,
      58540.14463456459,
      58540.14463456459,
      58511.323074868626,
      58511.323074868626,
      58475.16245737441,
      58475.16245737441,
      58428.64119778552,
      58428.64119778552,
      58394.38126696481,
      58394.38126696481,
      58366.10839941984,
      58366.10839941984,
      61102.26967112924,
      61102.26967112924,
      61293.459704264664,
      61293.459704264664,
      61482.70345757199,
      61482.70345757199,
      61637.951343353205,
      61637.951343353205,
      61816.06334121281,
      61816.06334121281,
      61951.21221727642,
      61951.21221727642,
      62083.02044086498,
      62083.02044086498,
      62205.01996552764,
      62205.01996552764,
      62325.52796674109,
      62325.52796674109,
      62423.66915019121,
      62423.66915019121
    ],
    "v26_prices": [
      60000,
      60000,
      60803.74701550749,
      60803.74701550749,
      60479.74701550747,
      60479.74701550747,
      60315.17558693606,
      60315.17558693606,
      60320.58912077064,
      60320.58912077064,
      60290.52387501162,
      60290.52387501162,
      60231.019742780205,
      60231.019742780205,
      60215.88574383118,
      60215.88574383118,
      60331.469787784714,
      60331.469787784714,
      60242.208553969016,
      60242.208553969016,
      60640.03736299783,
      60640.03736299783,
      60671.089621726336,
      60671.089621726336,
      60765.146134450224,
      60765.146134450224,
      60763.066439627815,
      60763.066439627815,
      60807.05536543542,
      60807.05536543542,
      60835.876925131386,
      60835.876925131386,
      60872.03754262559,
      60872.03754262559,
      60918.558802214495,
      60918.558802214495,
      60952.818733035194,
      60952.818733035194,
      60981.09160058016,
      60981.09160058016,
      58244.93032887077,
      58244.93032887077,
      58053.74029573535,
      58053.74029573535,
      57864.496542428016,
      57864.496542428016,
      57709.24865664681,
      57709.24865664681,
      57531.13665878719,
      57531.13665878719,
      57395.98778272359,
      57395.98778272359,
      57264.17955913503,
      57264.17955913503,
      57142.180034472374,
      57142.180034472374,
      57021.672033258925,
      57021.672033258925,
      56923.5308498088
    ]
  },
  "history": [
    {
      "timestamp": 1772774182.7849638,
      "chain_id": "v27",
      "price": 60000,
      "metadata": {
        "initial": true
      }
    },
    {
      "timestamp": 1772774182.7849638,
      "chain_id": "v26",
      "price": 60000,
      "metadata": {
        "initial": true
      }
    },
    {
      "timestamp": 1772774243.8561206,
      "chain_id": "v27",
      "price": 58543.45298449252,
      "metadata": {
        "fork_sustained": true,
        "fork_depth": 24
      }
    },
    {
      "timestamp": 1772774243.8561308,
      "chain_id": "v26",
      "price": 60803.74701550749,
      "metadata": {
        "fork_sustained": true,
        "fork_depth": 24
      }
    },
    {
      "timestamp": 1772774304.780281,
      "chain_id": "v27",
      "price": 58867.45298449252,
      "metadata": {
        "fork_sustained": true,
        "fork_depth": 50
      }
    },
    {
      "timestamp": 1772774304.780291,
      "chain_id": "v26",
      "price": 60479.74701550747,
      "metadata": {
        "fork_sustained": true,
        "fork_depth": 50
      }
    },
    {
      "timestamp": 1772774365.1709018,
      "chain_id": "v27",
      "price": 59032.02441306395,
      "metadata": {
        "fork_sustained": true,
        "fork_depth": 70
      }
    },
    {
      "timestamp": 1772774365.170911,
      "chain_id": "v26",
      "price": 60315.17558693606,
      "metadata": {
        "fork_sustained": true,
        "fork_depth": 70
      }
    },
    {
      "timestamp": 1772774425.3180227,
      "chain_id": "v27",
      "price": 59026.61087922936,
      "metadata": {
        "fork_sustained": true,
        "fork_depth": 95
      }
    },
    {
      "timestamp": 1772774425.3180294,
      "chain_id": "v26",
      "price": 60320.58912077064,
      "metadata": {
        "fork_sustained": true,
        "fork_depth": 95
      }
    },
    {
      "timestamp": 1772774485.9083164,
      "chain_id": "v27",
      "price": 59056.67612498839,
      "metadata": {
        "fork_sustained": true,
        "fork_depth": 121
      }
    },
    {
      "timestamp": 1772774485.908322,
      "chain_id": "v26",
      "price": 60290.52387501162,
      "metadata": {
        "fork_sustained": true,
        "fork_depth": 121
      }
    },
    {
      "timestamp": 1772774546.36519,
      "chain_id": "v27",
      "price": 59116.18025721979,
      "metadata": {
        "fork_sustained": true,
        "fork_depth": 143
      }
    },
    {
      "timestamp": 1772774546.3652,
      "chain_id": "v26",
      "price": 60231.019742780205,
      "metadata": {
        "fork_sustained": true,
        "fork_depth": 143
      }
    },
    {
      "timestamp": 1772774607.0225632,
      "chain_id": "v27",
      "price": 59131.31425616882,
      "metadata": {
        "fork_sustained": true,
        "fork_depth": 173
      }
    },
    {
      "timestamp": 1772774607.022569,
      "chain_id": "v26",
      "price": 60215.88574383118,
      "metadata": {
        "fork_sustained": true,
        "fork_depth": 173
      }
    },
    {
      "timestamp": 1772774667.6253936,
      "chain_id": "v27",
      "price": 59015.7302122153,