{
  "blocks_mined": {
    "v27": 261,
    "v26": 33
  },
  "total_blocks": 294,
  "final_hashrate": {
    "v27": 86.4,
    "v26": 0.0
  },
  "final_economic": {
    "v27": 100.0,
    "v26": 0.0
  },
  "final_prices": {
    "v27": 70643.44060150377,
    "v26": 48703.759398496244
  }
}