{
  "timestamps": [
    0,
    60,
    121,
    181,
    242,
    302,
    362,
    423,
    484,
    545,
    606,
    667,
    728,
    789,
    849,
    909,
    970,
    1030,
    1091,
    1152,
    1212,
    1273,
    1333,
    1394,
    1455,
    1515,
    1576,
    1637,
    1697,
    1758,
    1819,
    1879,
    1940,
    2000,
    2060,
    2121,
    2181,
    2242,
    2302,
    2363,
    2423,
    2484,
    2500
  ],
  "v27_price": [
    60000,
    60000,
    57168.980869565225,
    56806.509473684215,
    57199.15373493976,
    57042.071351351355,
    57065.36788732394,
    57015.27089820359,
    57113.379586319585,
    57158.49073360073,
    57197.829290958165,
    55988.88633754306,
    55831.850546351794,
    55680.232783705156,
    55560.74238693016,
    55446.734591615175,
    55341.525185840306,
    55263.24886472867,
    55200.696080367765,
    55122.85490157617,
    55061.8807576342,
    54998.96923491661,
    54943.20691144198,
    54897.293988184574,
    54879.76597796443,
    54839.012475617135,
    54797.834622003116,
    54764.166084512086,
    54736.01806355102,
    54709.0014753745,
    54683.673729437534,
    54658.62780855749,
    54637.53245784607,
    54618.43197460856,
    54604.349285299555,
    54592.14930326426,
    54575.60827751618,
    54559.503012945526,
    54546.07604305693,
    54531.98867210888,
    54517.724301621056,
    54505.95590495261,
    54494.3182530849
  ],
  "v26_price": [
    60000,
    60000,
    62752.779130434785,
    63115.250526315795,
    62722.60626506024,
    62879.68864864865,
    62856.392112676054,
    62906.48910179641,
    62808.38041368042,
    62763.26926639928,
    62723.93070904184,
    63932.873662456936,
    64089.909453648215,
    64241.52721629485,
    64361.017613069846,
    64475.02540838483,
    64580.2348141597,
    64658.51113527133,
    64721.06391963223,
    64798.90509842384,
    64859.8792423658,
    64922.790765083395,
    64978.553088558016,
    65024.466011815435,
    65041.994022035564,
    65082.747524382874,
    65123.925377996886,
    65157.59391548791,
    65185.74193644898,
    65212.7585246255,
    65238.086270562475,
    65263.13219144251,
    65284.22754215394,
    65303.32802539144,
    65317.41071470045,
    65329.61069673575,
    65346.151722483824,
    65362.256987054476,
    65375.68395694307,
    65389.77132789112,
    65404.03569837894,
    65415.804095047395,
    65427.44174691511
  ],
  "v27_hashrate": [
    26.89,
    26.89,
    26.89,
    26.89,
    26.89,
    26.89,
    26.89,
    26.89,
    26.89,
    26.89,
    0.0,
    0.0,
    0.0,
    0.0,
    0.0,
    0.0,
    0.0,
    0.0,
    0.0,
    0.0,
    0.0,
    0.0,
    0.0,
    0.0,
    0.0,
    0.0,
    0.0,
    0.0,
    0.0,
    0.0,
    0.0,
    0.0,
    0.0,
    0.0,
    0.0,
    0.0,
    0.0,
    0.0,
    0.0,
    0.0,
    0.0,
    0.0,
    0.0
  ],
  "v26_hashrate": [
    71.48,
    71.48,
    71.48,
    71.48,
    71.48,
    71.48,
    71.48,
    71.48,
    71.48,
    71.48,
    98.36999999999999,
    98.36999999999999,
    98.36999999999999,
    98.36999999999999,
    98.36999999999999,
    98.36999999999999,
    98.36999999999999,
    98.36999999999999,
    98.36999999999999,
    98.36999999999999,
    98.36999999999999,
    98.36999999999999,
    98.36999999999999,
    98.36999999999999,
    98.36999999999999,
    98.36999999999999,
    98.36999999999999,
    98.36999999999999,
    98.36999999999999,
    98.36999999999999,
    98.36999999999999,
    98.36999999999999,
    98.36999999999999,
    98.36999999999999,
    98.36999999999999,
    98.36999999999999,
    98.36999999999999,
    98.36999999999999,
    98.36999999999999,
    98.36999999999999,
    98.36999999999999,
    98.36999999999999,
    98.36999999999999
  ],
  "v27_economic": [
    50.0,
    50.0,
    50.0,
    50.0,
    50.0,
    50.0,
    50.0,
    50.0,
    50.0,
    50.0,
    50.0,
    50.0,
    50.0,
    50.0,
    50.0,
    50.0,
    50.0,
    50.0,
    50.0,
    50.0,
    50.0,
    50.0,
    50.0,
    50.0,
    50.0,
    50.0,
    50.0,
    50.0,
    50.0,
    50.0,
    50.0,
    50.0,
    50.0,
    50.0,
    50.0,
    50.0,
    50.0,
    50.0,
    50.0,
    50.0,
    50.0,
    50.0,
    50.0
  ],
  "v26_economic": [
    50.0,
    50.0,
    50.0,
    50.0,
    50.0,
    50.0,
    50.0,
    50.0,
    50.0,
    50.0,
    50.0,
    50.0,
    50.0,
    50.0,
    50.0,
    50.0,
    50.0,
    50.0,
    50.0,
    50.0,
    50.0,
    50.0,
    50.0,
    50.0,
    50.0,
    50.0,
    50.0,
    50.0,
    50.0,
    50.0,
    50.0,
    50.0,
    50.0,
    50.0,
    50.0,
    50.0,
    50.0,
    50.0,
    50.0,
    50.0,
    50.0,
    50.0,
    50.0
  ],
  "v27_blocks": [
    0,
    6,
    12,
    22,
    27,
    35,
    40,
    51,
    60,
    70,
    81,
    81,
    81,
    81,
    81,
    81,
    81,
    81,
    81,
    81,
    81,
    81,
    81,
    82,
    82,
    82,
    82,
    82,
    82,
    82,
    82,
    82,
    82,
    82,
    82,
    82,
    82,
    82,
    82,
    82,
    82,
    82,
    82
  ],
  "v26_blocks": [
    0,
    17,
    45,
    61,
    84,
    107,
    127,
    153,
    182,
    214,
    239,
    274,
    314,
    351,
    392,
    435,
    463,
    488,
    523,
    554,
    590,
    626,
    659,
    680,
    714,
    750,
    782,
    811,
    841,
    871,
    902,
    930,
    957,
    978,
    997,
    1027,
    1060,
    1089,
    1121,
    1155,
    1183,
    1212,
    1221
  ],
  "v27_difficulty": [
    1.0,
    1.0,
    1.0,
    1.0,
    1.0,
    1.0,
    1.0,
    1.0,
    1.0,
    1.0,
    1.0,
    1.0,
    1.0,
    1.0,
    1.0,
    1.0,
    1.0,
    1.0,
    1.0,
    1.0,
    1.0,
    1.0,
    1.0,
    1.0,
    1.0,
    1.0,
    1.0,
    1.0,
    1.0,
    1.0,
    1.0,
    1.0,
    1.0,
    1.0,
    1.0,
    1.0,
    1.0,
    1.0,
    1.0,
    1.0,
    1.0,
    1.0,
    1.0
  ],
  "v26_difficulty": [
    1.0,
    1.0,
    1.0,
    1.0,
    1.0,
    1.0,
    1.0,
    0.7182044887780549,
    0.7182044887780549,
    0.7182044887780549,
    0.7182044887780549,
    0.7182044887780549,
    0.7182044887780549,
    0.7182044887780549,
    0.7182044887780549,
    0.9620599663631618,
    0.9620599663631618,
    0.9620599663631618,
    0.9620599663631618,
    0.9620599663631618,
    0.9587310391439121,
    0.9587310391439121,
    0.9587310391439121,
    0.9587310391439121,
    0.9587310391439121,
    1.0188728386474049,
    1.0188728386474049,
    1.0188728386474049,
    1.0188728386474049,
    1.0593334928897205,
    1.0593334928897205,
    1.0593334928897205,
    1.0593334928897205,
    1.0593334928897205,
    1.0593334928897205,
    0.8946863517660982,
    0.8946863517660982,
    0.8946863517660982,
    0.8946863517660982,
    0.9473149606935158,
    0.9473149606935158,
    0.9473149606935158,
    0.9473149606935158
  ],
  "v27_chainwork": [
    0.0,
    6.0,
    12.0,
    22.0,
    27.0,
    35.0,
    40.0,
    51.0,
    60.0,
    70.0,
    81.0,
    81.0,
    81.0,
    81.0,
    81.0,
    81.0,
    81.0,
    81.0,
    81.0,
    81.0,
    81.0,
    81.0,
    81.0,
    82.0,
    82.0,
    82.0,
    82.0,
    82.0,
    82.0,
    82.0,
    82.0,
    82.0,
    82.0,
    82.0,
    82.0,
    82.0,
    82.0,
    82.0,
    82.0,
    82.0,
    82.0,
    82.0,
    82.0
  ],