{
  "blocks_mined": {
    "v27": 370,
    "v26": 12
  },
  "total_blocks": 382,
  "final_hashrate": {
    "v27": 98.36999999999999,
    "v26": 0.0
  },
  "final_economic": {
    "v27": 99.99982911883419,
    "v26": 0.00017088116581966578
  },
  "final_prices": {
    "v27": 71691.58426820886,
    "v26": 48230.175731791154
  }
}