{
  "blocks_mined": {
    "v27": 479,
    "v26": 38
  },
  "total_blocks": 517,
  "final_hashrate": {
    "v27": 86.4,
    "v26": 0.0
  },
  "final_economic": {
    "v27": 100.0,
    "v26": 0.0
  },
  "final_prices": {
    "v27": 70789.87782426778,
    "v26": 48557.32217573222
  }
}