{
  "blocks_mined": {
    "v27": 7,
    "v26": 856
  },
  "total_blocks": 863,
  "final_hashrate": {
    "v27": 0.0,
    "v26": 86.4
  },
  "final_economic": {
    "v27": 0.0,
    "v26": 100.0
  },
  "final_prices": {
    "v27": 48045.801526717565,
    "v26": 71301.39847328245
  }
}