{
  "timestamps": [
    0,
    60,
    121,
    181,
    242,
    302,
    362,
    423,
    483,
    544,
    604,
    665,
    726,
    787,
    848,
    908,
    969,
    1029,
    1090,
    1150,
    1211,
    1272,
    1333,
    1393,
    1454,
    1515,
    1576,
    1636,
    1696,
    1757,
    1817,
    1878,
    1938,
    1998,
    2059,
    2119,
    2180,
    2241,
    2301,
    2362,
    2423,
    2484,
    2500
  ],
  "v27_price": [
    60000,
    60000,
    54000.0,
    54000.0,
    54000.0,
    54000.0,
    54000.0,
    54000.0,
    54000.0,
    54000.0,
    54000.0,
    54000.0,
    54000.0,
    54000.0,
    54000.0,
    54000.0,
    54000.0,
    54000.0,
    54000.0,
    54000.0,
    54000.0,
    54000.0,
    54000.0,
    54000.0,
    54000.0,
    54010.66467474244,
    54010.15284437125,
    54009.66260697952,
    54009.31025512656,
    54008.96095384362,
    54008.658825061335,
    54008.32453575308,
    54008.05372712186,
    54007.80909538947,
    54007.58748982435,
    54007.406975998565,
    54007.20609667923,
    54006.99036684955,
    54006.823238361816,
    54006.658156713784,
    54006.45919403307,
    54006.30492578429,
    54006.14352395238
  ],
  "v26_price": [
    60000,
    60000,
    65921.76000000001,
    65921.76000000001,
    65921.76000000001,
    65921.76000000001,
    65921.76000000001,
    65921.76000000001,
    65921.76000000001,
    65921.76000000001,
    65921.76000000001,
    65921.76000000001,
    65921.76000000001,
    65921.76000000001,
    65921.76000000001,
    65921.76000000001,
    65921.76000000001,
    65921.76000000001,
    65921.76000000001,
    65921.76000000001,
    65921.76000000001,
    65921.76000000001,
    65921.76000000001,
    65921.76000000001,
    65921.76000000001,
    65911.09532525756,
    65911.60715562875,
    65912.0973930205,
    65912.44974487343,
    65912.79904615639,
    65913.10117493867,
    65913.43546424693,
    65913.70627287813,
    65913.95090461052,
    65914.17251017565,
    65914.35302400145,
    65914.55390332079,
    65914.76963315044,
    65914.93676163818,
    65915.10184328622,
    65915.30080596692,
    65915.4550742157,
    65915.61647604762
  ],
  "v27_hashrate": [
    0.0,
    0.0,
    0.0,
    0.0,
    0.0,
    0.0,
    0.0,
    0.0,
    0.0,
    0.0,
    0.0,
    0.0,
    0.0,
    0.0,
    0.0,
    0.0,
    0.0,
    0.0,
    0.0,
    0.0,
    0.0,
    0.0,
    0.0,
    0.0,
    0.0,
    0.0,
    0.0,
    0.0,
    0.0,
    0.0,
    0.0,
    0.0,
    0.0,
    0.0,
    0.0,
    0.0,
    0.0,
    0.0,
    0.0,
    0.0,
    0.0,
    0.0,
    0.0
  ],
  "v26_hashrate": [
    98.36999999999999,
    98.36999999999999,
    98.36999999999999,
    98.36999999999999,
    98.36999999999999,
    98.36999999999999,
    98.36999999999999,
    98.36999999999999,
    98.36999999999999,
    98.36999999999999,
    98.36999999999999,
    98.36999999999999,
    98.36999999999999,
    98.36999999999999,
    98.36999999999999,
    98.36999999999999,
    98.36999999999999,
    98.36999999999999,
    98.36999999999999,
    98.36999999999999,
    98.36999999999999,
    98.36999999999999,
    98.36999999999999,
    98.36999999999999,
    98.36999999999999,
    98.36999999999999,
    98.36999999999999,
    98.36999999999999,
    98.36999999999999,
    98.36999999999999,
    98.36999999999999,
    98.36999999999999,
    98.36999999999999,
    98.36999999999999,
    98.36999999999999,
    98.36999999999999,
    98.36999999999999,
    98.36999999999999,
    98.36999999999999,
    98.36999999999999,
    98.36999999999999,
    98.36999999999999,
    98.36999999999999
  ],
  "v27_economic": [
    50.0,
    50.0,
    50.0,
    50.0,
    50.0,
    50.0,
    50.0,
    50.0,
    50.0,
    50.0,
    50.0,
    50.0,
    50.0,
    50.0,
    50.0,
    50.0,
    50.0,
    50.0,
    50.0,
    50.0,
    50.0,
    50.0,
    50.0,
    50.0,
    50.0,
    50.0,
    50.0,
    50.0,
    50.0,
    50.0,
    50.0,
    50.0,
    50.0,
    50.0,
    50.0,
    50.0,
    50.0,
    50.0,
    50.0,
    50.0,
    50.0,
    50.0,
    50.0
  ],
  "v26_economic": [
    50.0,
    50.0,
    50.0,
    50.0,
    50.0,
    50.0,
    50.0,
    50.0,
    50.0,
    50.0,
    50.0,
    50.0,
    50.0,
    50.0,
    50.0,
    50.0,
    50.0,
    50.0,
    50.0,
    50.0,
    50.0,
    50.0,
    50.0,
    50.0,
    50.0,
    50.0,
    50.0,
    50.0,
    50.0,
    50.0,
    50.0,
    50.0,
    50.0,
    50.0,
    50.0,
    50.0,
    50.0,
    50.0,
    50.0,
    50.0,
    50.0,
    50.0,
    50.0
  ],
  "v27_blocks": [
    0,
    0,
    0,
    0,
    0,
    0,
    0,
    0,
    0,
    0,
    0,
    0,
    0,
    0,
    0,
    0,
    0,
    0,
    0,
    0,
    0,
    0,
    0,
    0,
    1,
    1,
    1,
    1,
    1,
    1,
    1,
    1,
    1,
    1,
    1,
    1,
    1,
    1,
    1,
    1,
    1,
    1,
    1
  ],
  "v26_blocks": [
    0,
    22,
    50,
    85,
    111,
    142,
    163,
    189,
    221,
    259,
    284,
    315,
    350,
    382,
    413,
    442,
    469,
    498,
    525,
    555,
    589,
    627,
    667,
    690,
    722,
    757,
    794,
    823,
    854,
    881,
    912,
    939,
    965,
    990,
    1012,
    1041,
    1074,
    1101,
    1129,
    1165,
    1195,
    1228,
    1236
  ],
  "v27_difficulty": [
    1.0,
    1.0,
    1.0,
    1.0,
    1.0,
    1.0,
    1.0,
    1.0,
    1.0,
    1.0,
    1.0,
    1.0,
    1.0,
    1.0,
    1.0,
    1.0,
    1.0,
    1.0,
    1.0,
    1.0,
    1.0,
    1.0,
    1.0,
    1.0,
    1.0,
    1.0,
    1.0,
    1.0,
    1.0,
    1.0,
    1.0,
    1.0,
    1.0,
    1.0,
    1.0,
    1.0,
    1.0,
    1.0,
    1.0,
    1.0,
    1.0,
    1.0,
    1.0
  ],
  "v26_difficulty": [
    1.0,
    1.0,
    1.0,
    1.0,
    1.0,
    1.0,
    0.9320388349514563,
    0.9320388349514563,
    0.9320388349514563,
    0.9320388349514563,
    0.9320388349514563,
    0.8858982985677208,
    0.8858982985677208,
    0.8858982985677208,
    0.8858982985677208,
    0.9484710408457382,
    0.9484710408457382,
    0.9484710408457382,
    0.9484710408457382,
    0.9484710408457382,
    0.9015170289226818,
    0.9015170289226818,
    0.9015170289226818,
    0.9015170289226818,
    0.9724228626581736,
    0.9724228626581736,
    0.9724228626581736,
    0.9724228626581736,
    0.9724228626581736,
    1.0771453247905922,
    1.0771453247905922,
    1.0771453247905922,
    1.0771453247905922,
    1.0771453247905922,
    0.9343911251195499,
    0.9343911251195499,
    0.9343911251195499,
    0.9343911251195499,
    0.9343911251195499,
    0.9091373109271297,
    0.9091373109271297,
    0.9091373109271297,
    0.9091373109271297
  ],
  "v27_chainwork": [
    0.0,
    0.0,
    0.0,
    0.0,
    0.0,
    0.0,
    0.0,
    0.0,
    0.0,
    0.0,
    0.0,
    0.0,
    0.0,
    0.0,
    0.0,
    0.0,
    0.0,
    0.0,
    0.0,
    0.0,
    0.0,
    0.0,
    0.0,
    0.0,
    1.0,
    1.0,
    1.0,
    1.0,
    1.0,
    1.0,
    1.0,
    1.0,
    1.0,
    1.0,
    1.0,
    1.0,
    1.0,
    1.0,
    1.0,
    1.0,
    1.0,
    1.0,
    1.0
  ],
  "v26_chainwork": [
    0.0,
    22.0,
    50.0,
    85.0,
    111.0,
    142.0,
    161.70873786407793,
    185.94174757281615,
    215.7669902912632,
    251.18446601941906,
    274.4854368932058,
    302.13284629434025,
    333.1392867442106,
    361.4880322983778,
    388.95087955397724,
    415.2676576352213,
    440.8763757380561,
    468.3820359225823,
    493.99075402541706,
    522.4448852507896,
    554.0824984845453,
    588.3401455836051,
    624.4008267405102,
    645.1357184057306,
    674.1260749987257,
    708.1608751917614,
    744.1405211101135,
    772.3407841272002,
    802.4858928696033,
    830.521592017624,
    863.9130970861306,
    892.9960208554751,
    921.001799300029,
    947.9304324197924,
    971.0566127665002,
    998.1539553949666,
    1028.9888625239118,
    1054.2174229021423,
    1080.3803744054924,
    1113.6901553252983,
    1140.9642746531154,
    1170.9658059137141,
    1178.238904401132
  ],