{
  "timestamps": [
    0,
    60,
    121,
    181,
    242,
    302,
    363,
    423,
    484,
    545,
    605,
    666,
    727,
    787,
    848,
    908,
    969,
    1030,
    1090,
    1150,
    1211,
    1272,
    1332,
    1392,
    1453,
    1514,
    1574,
    1635,
    1696,
    1756,
    1800
  ],
  "v27_price": [
    60000,
    60000,
    59986.715224772524,
    60310.71522477252,
    60475.28665334395,
    60469.873119509364,
    60499.93836526839,
    60559.442497499804,
    60574.57649644882,
    60458.992452495295,
    60548.25368631098,
    61134.42487728218,
    61265.68829996388,
    61321.39028882922,
    61365.45616977031,
    61424.771950841096,
    61464.3562244044,
    61526.909442878554,
    61535.6284290928,
    61571.43974504284,
    61580.76322426825,
    59144.1294376965,
    58975.998822064,
    58819.36247117787,
    58662.75810188071,
    58506.974127403286,
    58392.08045763355,
    58274.94879968317,
    58170.06344304981,
    58058.2550819355,
    57968.81465279593
  ],
  "v26_price": [
    60000,
    60000,
    59360.48477522749,
    59036.48477522749,
    58871.91334665606,
    58877.32688049065,
    58847.26163473162,
    58787.757502500215,
    58772.623503551185,
    58888.20754750471,
    58798.946313689026,
    58212.77512271784,
    58081.51170003613,
    58025.809711170776,
    57981.743830229694,
    57922.42804915891,
    57882.843775595604,
    57820.29055712144,
    57811.5715709072,
    57775.760254957175,
    57766.43677573176,
    60203.07056230352,
    60371.20117793601,
    60527.837528822136,
    60684.44189811929,
    60840.22587259672,
    60955.119542366454,
    61072.251200316845,
    61177.13655695021,
    61288.9449180645,
    61378.38534720407
  ],
  "v27_hashrate": [
    38.1,
    38.1,
    38.1,
    38.1,
    38.1,
    38.1,
    38.1,
    38.1,
    38.1,
    38.1,
    50.5,
    50.5,
    50.5,
    50.5,
    50.5,
    50.5,
    50.5,
    50.5,
    50.5,
    50.5,
    0.0,
    0.0,
    0.0,
    0.0,
    0.0,
    0.0,
    0.0,
    0.0,
    0.0,
    0.0,
    0.0
  ],
  "v26_hashrate": [
    48.3,
    48.3,
    48.3,
    48.3,
    48.3,
    48.3,
    48.3,
    48.3,
    48.3,
    48.3,
    35.9,
    35.9,
    35.9,
    35.9,
    35.9,
    35.9,
    35.9,
    35.9,
    35.9,
    35.9,
    86.4,
    86.4,
    86.4,
    86.4,
    86.4,
    86.4,
    86.4,
    86.4,
    86.4,
    86.4,
    86.4
  ],
  "v27_economic": [
    62.14929353977099,
    62.14929353977099,
    62.14929353977099,
    62.14929353977099,
    62.14929353977099,
    62.14929353977099,
    62.14929353977099,
    62.14929353977099,
    62.14929353977099,
    62.14929353977099,
    62.14929353977099,
    62.14929353977099,
    62.14929353977099,
    62.14929353977099,
    62.14929353977099,
    62.14929353977099,
    62.14929353977099,
    62.14929353977099,
    62.14929353977099,
    62.14929353977099,
    62.14929353977099,
    62.14929353977099,
    62.14929353977099,
    62.14929353977099,
    62.14929353977099,
    62.14929353977099,
    62.14929353977099,
    62.14929353977099,
    62.14929353977099,
    62.14929353977099,
    62.14929353977099
  ],
  "v26_economic": [
    37.850706460229006,
    37.850706460229006,
    37.850706460229006,
    37.850706460229006,
    37.850706460229006,
    37.850706460229006,
    37.850706460229006,
    37.850706460229006,
    37.850706460229006,
    37.850706460229006,
    37.850706460229006,
    37.850706460229006,
    37.850706460229006,
    37.850706460229006,
    37.850706460229006,
    37.850706460229006,
    37.850706460229006,
    37.850706460229006,
    37.850706460229006,
    37.850706460229006,
    37.850706460229006,
    37.850706460229006,
    37.850706460229006,
    37.850706460229006,
    37.850706460229006,
    37.850706460229006,
    37.850706460229006,
    37.850706460229006,
    37.850706460229006,
    37.850706460229006,
    37.850706460229006
  ],
  "v27_blocks": [
    0,
    9,
    21,
    31,
    42,
    54,
    65,
    79,
    89,
    106,
    117,
    136,
    157,
    192,
    230,
    266,
    304,
    334,
    361,
    389,
    416,
    416,
    416,
    416,
    416,
    416,
    416,
    416,
    416,
    416,
    416
  ],
  "v26_blocks": [
    0,
    15,
    29,
    39,
    53,
    67,
    78,
    94,
    113,
    128,
    142,
    164,
    185,
    209,
    231,
    254,
    275,
    309,
    333,
    367,
    408,
    470,
    529,
    585,
    621,
    650,
    682,
    713,
    747,
    776,
    795
  ],
  "v27_difficulty": [
    1.0,
    1.0,
    1.0,
    1.0,
    1.0,
    1.0,
    1.0,
    1.0,
    1.0,
    1.0,
    1.0,
    1.0,
    0.4073550212164074,
    0.4073550212164074,
    0.4073550212164074,
    0.4073550212164074,
    0.4992265791928737,
    0.4992265791928737,
    0.4992265791928737,
    0.4992265791928737,
    0.4992265791928737,
    0.4992265791928737,
    0.4992265791928737,
    0.4992265791928737,
    0.4992265791928737,
    0.4992265791928737,
    0.4992265791928737,
    0.4992265791928737,
    0.4992265791928737,
    0.4992265791928737,
    0.4992265791928737
  ],
  "v26_difficulty": [
    1.0,
    1.0,
    1.0,
    1.0,
    1.0,
    1.0,
    1.0,
    1.0,
    1.0,
    1.0,
    1.0,
    0.46905537459283386,
    0.46905537459283386,
    0.46905537459283386,
    0.46905537459283386,
    0.46905537459283386,
    0.46905537459283386,
    0.3545615429993075,
    0.3545615429993075,
    0.3545615429993075,
    0.3545615429993075,
    0.4308595965561205,
    0.4308595965561205,
    0.849914820603854,
    0.849914820603854,
    0.849914820603854,
    0.849914820603854,
    0.849914820603854,
    0.9065758086441109,
    0.9065758086441109,
    0.9065758086441109
  ],
  "v27_chainwork": [
    0.0,
    9.0,
    21.0,
    31.0,
    42.0,
    54.0,
    65.0,
    79.0,
    89.0,
    106.0,
    117.0,
    136.0,
    149.29561527581325,
    163.55304101838738,
    179.03253182461071,
    193.69731258840125,
    210.6467483222482,
    225.62354569803455,
    239.10266333624227,
    253.08100755364288,
    266.56012519185,
    266.56012519185,
    266.56012519185,
    266.56012519185,
    266.56012519185,
    266.56012519185,
    266.56012519185,
    266.56012519185,
    266.56012519185,
    266.56012519185,
    266.56012519185
  ],
  "v26_chainwork": [
    0.0,
    15.0,
    29.0,
    39.0,
    53.0,
    67.0,
    78.0,
    94.0,
    113.0,
    128.0,
    142.0,
    153.38110749185682,
    163.2312703583065,
    174.48859934853468,
    184.80781758957718,
    195.59609120521253,
    205.4462540716622,
    218.98976634435456,
    227.49924337633792,
    239.55433583831433,
    254.0913591012859,
    278.9735008024012,
    304.3942169992113,
    332.29385142278267,
    362.8907849645205,
    387.5383147620315,
    414.73558902135403,
    441.0829484600727,
    471.5098990376904,
    497.8005974883695,
    515.0255378526075
  ],
  "v27_fee_rate": [
    1.0,
    1.0,
    0.011842429905214525,
    0.011842429905214525,
    0.011842429905214525,
    0.011842429905214525,
    0.011842429905214525,
    0.011842429905214525,
    0.011842429905214525,
    0.011842429905214525,
    0.011842429905214525,
    0.00893458573046878,
    0.00893458573046878,
    0.00363954835979492,
    0.00363954835979492,
    0.00363954835979492,
    0.00363954835979492,
    0.004460382670727391,
    0.004460382670727391,
    0.004460382670727391,
    0.004460382670727391,
    2.252493248717333,
    2.252493248717333,
    2.252493248717333,
    2.252493248717333,
    2.252493248717333,
    2.252493248717333,
    2.252493248717333,
    2.252493248717333,
    2.252493248717333,
    2.252493248717333
  ],