{
  "config": {
    "base_price": 60000,
    "max_divergence": 0.2,
    "coefficients": {
      "chain_weight": 0.3,
      "economic_weight": 0.5,
      "hashrate_weight": 0.2
    }
  },
  "current_prices": {
    "v27": 66107.286472835,
    "v26": 53814.473527165006
  },
  "timeline": {
    "timestamps": [
      1772027110.497555,
      1772027171.0640085,
      1772027171.064015,
      1772027231.1855667,
      1772027231.1855767,
      1772027291.9526038,
      1772027291.9526114,
      1772027351.9594567,
      1772027351.9594626,
      1772027412.078242,
      1772027412.0782535,
      1772027472.780155,
      1772027472.7801623,
      1772027532.9827464,
      1772027532.9827528,
      1772027593.7470882,
      1772027593.7470968,
      1772027654.4715998,
      1772027654.471607,
      1772027715.1833212,
      1772027715.1833282,
      1772027775.7675357,
      1772027775.767541,
      1772027835.8507314,
      1772027835.8507364,
      1772027895.9137816,
      1772027895.9137871,
      1772027956.03664,
      1772027956.0366457,
      1772028016.1930337,
      1772028016.1930413,
      1772028076.2743652,
      1772028076.274371,
      1772028136.4319115,
      1772028136.4319186,
      1772028196.572262,
      1772028196.5722673,
      1772028257.1606495,
      1772028257.1606555,
      1772028317.467304,
      1772028317.4673097,
      1772028377.549809,
      1772028377.5498147,
      1772028437.767296,
      1772028437.767302,
      1772028497.919425,
      1772028497.9194307,
      1772028558.055841,
      1772028558.0558465,
      1772028618.1716113,
      1772028618.1716168,
      1772028678.3717234,
      1772028678.3717296,
      1772028738.521545,
      1772028738.5215535,
      1772028798.7534275,
      1772028798.7534337,
      1772028859.6593232,
      1772028859.659331
    ],
    "v27_prices": [
      60000,
      60000,
      60000,
      64447.302609678525,
      64447.302609678525,
      63661.84806422398,
      63661.84806422398,
      63661.84806422398,
      63661.84806422398,
      64021.84806422398,
      64021.84806422398,
      63717.232679608605,
      63717.232679608605,
      64043.024534812226,
      64043.024534812226,
      64048.18952763862,
      64048.18952763862,
      63876.31614933037,
      63876.31614933037,
      65280.78875387915,
      65280.78875387915,
      65397.16806422397,
      65397.16806422397,
      65447.54119855234,
      65447.54119855234,
      65549.19509125101,
      65549.19509125101,
      65610.7756591607,
      65610.7756591607,
      65675.10924069457,
      65675.10924069457,
      65703.98624604216,
      65703.98624604216,
      65756.21061741548,
      65756.21061741548,
      65794.89533695126,
      65794.89533695126,
      65836.45377850969,
      65836.45377850969,
      65906.78344883937,
      65906.78344883937,
      65922.16806422398,
      65922.16806422398,
      65959.66806422398,
      65959.66806422398,
      65984.85463138815,
      65984.85463138815,
      66004.18245271318,
      66004.18245271318,
      66018.67156072747,
      66018.67156072747,
      66042.16806422398,
      66042.16806422398,
      66057.31706412043,
      66057.31706412043,
      66077.71007965466,
      66077.71007965466,
      66107.286472835,
      66107.286472835
    ],
    "v26_prices": [
      60000,
      60000,
      60000,
      60000,
      55474.457390321484,
      55474.457390321484,
      56259.911935776036,
      56259.911935776036,
      56259.911935776036,
      56259.911935776036,
      55899.911935776036,
      55899.911935776036,
      56204.52732039141,
      56204.52732039141,
      55878.73546518779,
      55878.73546518779,
      55873.570472361396,
      55873.570472361396,
      56045.443850669646,
      56045.443850669646,
      54640.97124612086,
      54640.97124612086,
      54524.59193577603,
      54524.59193577603,
      54474.21880144767,
      54474.21880144767,
      54372.564908749,
      54372.564908749,
      54310.98434083932,
      54310.98434083932,
      54246.65075930544,
      54246.65075930544,
      54217.773753957845,
      54217.773753957845,
      54165.54938258453,
      54165.54938258453,
      54126.86466304876,
      54126.86466304876,
      54085.30622149031,
      54085.30622149031,
      54014.976551160646,
      54014.976551160646,
      53999.59193577603,
      53999.59193577603,
      53962.09193577602,
      53962.09193577602,
      53936.90536861185,
      53936.90536861185,
      53917.57754728682,
      53917.57754728682,
      53903.08843927253,
      53903.08843927253,
      53879.59193577603,
      53879.59193577603,
      53864.44293587958,
      53864.44293587958,
      53844.049920345366,
      53844.049920345366,
      53814.473527165006
    ]
  },
  "history": [
    {
      "timestamp": 1772027110.497555,
      "chain_id": "v27",
      "price": 60000,
      "metadata": {
        "initial": true
      }
    },
    {
      "timestamp": 1772027110.497555,
      "chain_id": "v26",
      "price": 60000,
      "metadata": {
        "initial": true
      }
    },
    {
      "timestamp": 1772027171.0640085,
      "chain_id": "v27",
      "price": 60000,
      "metadata": {}
    },
    {
      "timestamp": 1772027171.064015,
      "chain_id": "v26",
      "price": 60000,
      "metadata": {}
    },
    {
      "timestamp": 1772027231.1855667,
      "chain_id": "v27",
      "price": 64447.302609678525,
      "metadata": {
        "fork_sustained": true,
        "fork_depth": 11
      }
    },
    {
      "timestamp": 1772027231.1855767,
      "chain_id": "v26",
      "price": 55474.457390321484,
      "metadata": {
        "fork_sustained": true,
        "fork_depth": 11
      }
    },
    {
      "timestamp": 1772027291.9526038,
      "chain_id": "v27",
      "price": 63661.84806422398,
      "metadata": {
        "fork_sustained": true,
        "fork_depth": 15
      }
    },
    {
      "timestamp": 1772027291.9526114,
      "chain_id": "v26",
      "price": 56259.911935776036,
      "metadata": {
        "fork_sustained": true,
        "fork_depth": 15
      }
    },
    {
      "timestamp": 1772027351.9594567,
      "chain_id": "v27",
      "price": 63661.84806422398,
      "metadata": {
        "fork_sustained": true,
        "fork_depth": 15
      }
    },
    {
      "timestamp": 1772027351.9594626,
      "chain_id": "v26",
      "price": 56259.911935776036,
      "metadata": {
        "fork_sustained": true,
        "fork_depth": 15
      }
    },
    {
      "timestamp": 1772027412.078242,
      "chain_id": "v27",
      "price": 64021.84806422398,
      "metadata": {
        "fork_sustained": true,
        "fork_depth": 20
      }
    },
    {
      "timestamp": 1772027412.0782535,
      "chain_id": "v26",
      "price": 55899.911935776036,
      "metadata": {
        "fork_sustained": true,
        "fork_depth": 20
      }
    },
    {
      "timestamp": 1772027472.780155,
      "chain_id": "v27",
      "price": 63717.232679608605,
      "metadata": {
        "fork_sustained": true,
        "fork_depth": 26
      }
    },
    {
      "timestamp": 1772027472.7801623,
      "chain_id": "v26",
      "price": 56204.52732039141,
      "metadata": {
        "fork_sustained": true,
        "fork_depth": 26
      }
    },
    {
      "timestamp": 1772027532.9827464,
      "chain_id": "v27",
      "price": 64043.024534812226,
      "metadata": {
        "fork_sustained": true,
        "fork_depth": 34
      }
    },
    {
      "timestamp": 1772027532.9827528,
      "chain_id": "v26",
      "price": 55878.73546518779,
      "metadata": {
        "fork_sustained": true,
        "fork_depth": 34
      }
    },
    {
      "timestamp": 1772027593.7470882,
      "chain_id": "v27",
      "price": 64048.18952763862,
      "metadata": {
        "fork_sustained": true,
        "fork_depth": 41
      }
    },
    {
      "timestamp": 1772027593.7470968,
      "chain_id": "v26",
      "price": 55873.570472361396,