{
  "blocks_mined": {
    "v27": 5,
    "v26": 691
  },
  "total_blocks": 696,
  "final_hashrate": {
    "v27": 0.0,
    "v26": 86.4
  },
  "final_economic": {
    "v27": 0.0,
    "v26": 100.0
  },
  "final_prices": {
    "v27": 48033.02752293578,
    "v26": 71314.17247706422
  }
}