{
  "config": {
    "base_price": 60000,
    "max_divergence": 0.2,
    "coefficients": {
      "chain_weight": 0.3,
      "economic_weight": 0.5,
      "hashrate_weight": 0.2
    }
  },
  "current_prices": {
    "v27": 62443.11855455114,
    "v26": 56904.081445448865
  },
  "timeline": {
    "timestamps": [
      1772722968.882105,
      1772723030.0767152,
      1772723030.0767255,
      1772723091.0491683,
      1772723091.0491743,
      1772723151.4643273,
      1772723151.4643335,
      1772723212.1023438,
      1772723212.1023505,
      1772723272.6500425,
      1772723272.6500485,
      1772723333.124635,
      1772723333.1246407,
      1772723393.7725112,
      1772723393.7725172,
      1772723454.3501353,
      1772723454.350144,
      1772723515.0643458,
      1772723515.0643513,
      1772723575.603881,
      1772723575.6038878,
      1772723636.604162,
      1772723636.6041682,
      1772723697.3846858,
      1772723697.384692,
      1772723758.0567536,
      1772723758.0567617,
      1772723818.4136338,
      1772723818.4136424,
      1772723878.655522,
      1772723878.65553,
      1772723938.9099567,
      1772723938.9099622,
      1772723999.105338,
      1772723999.105346,
      1772724059.2694168,
      1772724059.269422,
      1772724119.455608,
      1772724119.455613,
      1772724180.408833,
      1772724180.408839,
      1772724241.4714603,
      1772724241.4714673,
      1772724301.5616999,
      1772724301.5617075,
      1772724362.125428,
      1772724362.1254332,
      1772724423.1130874,
      1772724423.1130931,
      1772724483.5425673,
      1772724483.5425725,
      1772724543.8633356,
      1772724543.863342,
      1772724604.283136,
      1772724604.2831428,
      1772724664.6588635,
      1772724664.6588686,
      1772724725.054527,
      1772724725.054535
    ],
    "v27_prices": [
      60000,
      58543.45298449252,
      58543.45298449252,
      58867.45298449252,
      58867.45298449252,
      59032.02441306395,
      59032.02441306395,
      59026.61087922936,
      59026.61087922936,
      59056.67612498839,
      59056.67612498839,
      59116.18025721979,
      59116.18025721979,
      59131.31425616882,
      59131.31425616882,
      59015.7302122153,
      59015.7302122153,
      59104.99144603099,
      59104.99144603099,
      58707.162637002184,
      58707.162637002184,
      58676.41125105386,
      58676.41125105386,
      58582.59600920975,
      58582.59600920975,
      58584.80173636563,
      58584.80173636563,
      58540.854918152094,
      58540.854918152094,
      58512.49694362807,
      58512.49694362807,
      58476.8369406568,
      58476.8369406568,
      58430.77923125706,
      58430.77923125706,
      58396.87802215938,
      58396.87802215938,
      58368.86182522939,
      58368.86182522939,
      61115.863881511184,
      61115.863881511184,
      61306.63595572632,
      61306.63595572632,
      61500.03096343012,
      61500.03096343012,
      61650.641585161815,
      61650.641585161815,
      61828.28636905407,
      61828.28636905407,
      61969.762644718234,
      61969.762644718234,
      62097.695212369596,
      62097.695212369596,
      62224.19309836108,
      62224.19309836108,
      62341.25226997175,
      62341.25226997175,
      62443.11855455114,
      62443.11855455114
    ],
    "v26_prices": [
      60000,
      60000,
      60803.74701550749,
      60803.74701550749,
      60479.74701550747,
      60479.74701550747,
      60315.17558693606,
      60315.17558693606,
      60320.58912077064,
      60320.58912077064,
      60290.52387501162,
      60290.52387501162,
      60231.019742780205,
      60231.019742780205,
      60215.88574383118,
      60215.88574383118,
      60331.469787784714,
      60331.469787784714,
      60242.208553969016,
      60242.208553969016,
      60640.03736299783,
      60640.03736299783,
      60670.78874894615,
      60670.78874894615,
      60764.60399079026,
      60764.60399079026,
      60762.39826363437,
      60762.39826363437,
      60806.34508184792,
      60806.34508184792,
      60834.70305637194,
      60834.70305637194,
      60870.36305934321,
      60870.36305934321,
      60916.420768742944,
      60916.420768742944,
      60950.321977840635,
      60950.321977840635,
      60978.338174770615,
      60978.338174770615,
      58231.33611848882,
      58231.33611848882,
      58040.564044273684,
      58040.564044273684,
      57847.16903656989,
      57847.16903656989,
      57696.55841483819,
      57696.55841483819,
      57518.913630945935,
      57518.913630945935,
      57377.43735528178,
      57377.43735528178,
      57249.50478763041,
      57249.50478763041,
      57123.00690163893,
      57123.00690163893,
      57005.94773002826,
      57005.94773002826,
      56904.081445448865
    ]
  },
  "history": [
    {
      "timestamp": 1772722968.882105,
      "chain_id": "v27",
      "price": 60000,
      "metadata": {
        "initial": true
      }
    },
    {
      "timestamp": 1772722968.882105,
      "chain_id": "v26",
      "price": 60000,
      "metadata": {
        "initial": true
      }
    },
    {
      "timestamp": 1772723030.0767152,
      "chain_id": "v27",
      "price": 58543.45298449252,
      "metadata": {
        "fork_sustained": true,
        "fork_depth": 24
      }
    },
    {
      "timestamp": 1772723030.0767255,
      "chain_id": "v26",
      "price": 60803.74701550749,
      "metadata": {
        "fork_sustained": true,
        "fork_depth": 24
      }
    },
    {
      "timestamp": 1772723091.0491683,
      "chain_id": "v27",
      "price": 58867.45298449252,
      "metadata": {
        "fork_sustained": true,
        "fork_depth": 50
      }
    },
    {
      "timestamp": 1772723091.0491743,
      "chain_id": "v26",
      "price": 60479.74701550747,
      "metadata": {
        "fork_sustained": true,
        "fork_depth": 50
      }
    },
    {
      "timestamp": 1772723151.4643273,
      "chain_id": "v27",
      "price": 59032.02441306395,
      "metadata": {
        "fork_sustained": true,
        "fork_depth": 70
      }
    },
    {
      "timestamp": 1772723151.4643335,
      "chain_id": "v26",
      "price": 60315.17558693606,
      "metadata": {
        "fork_sustained": true,
        "fork_depth": 70
      }
    },
    {
      "timestamp": 1772723212.1023438,
      "chain_id": "v27",
      "price": 59026.61087922936,
      "metadata": {
        "fork_sustained": true,
        "fork_depth": 95
      }
    },
    {
      "timestamp": 1772723212.1023505,
      "chain_id": "v26",
      "price": 60320.58912077064,
      "metadata": {
        "fork_sustained": true,
        "fork_depth": 95
      }
    },
    {
      "timestamp": 1772723272.6500425,
      "chain_id": "v27",
      "price": 59056.67612498839,
      "metadata": {
        "fork_sustained": true,
        "fork_depth": 121
      }
    },
    {
      "timestamp": 1772723272.6500485,
      "chain_id": "v26",
      "price": 60290.52387501162,
      "metadata": {
        "fork_sustained": true,
        "fork_depth": 121
      }
    },
    {
      "timestamp": 1772723333.124635,
      "chain_id": "v27",
      "price": 59116.18025721979,
      "metadata": {
        "fork_sustained": true,
        "fork_depth": 143
      }
    },
    {
      "timestamp": 1772723333.1246407,
      "chain_id": "v26",
      "price": 60231.019742780205,
      "metadata": {
        "fork_sustained": true,
        "fork_depth": 143
      }
    },
    {
      "timestamp": 1772723393.7725112,
      "chain_id": "v27",
      "price": 59131.31425616882,
      "metadata": {
        "fork_sustained": true,
        "fork_depth": 173
      }
    },
    {
      "timestamp": 1772723393.7725172,
      "chain_id": "v26",
      "price": 60215.88574383118,
      "metadata": {
        "fork_sustained": true,
        "fork_depth": 173
      }
    },
    {
      "timestamp": 1772723454.3501353,
      "chain_id": "v27",
      "price": 59015.7302122153,