{
  "timestamps": [
    0,
    60,
    121,
    182,
    242,
    303,
    363,
    424,
    484,
    545,
    606,
    667,
    728,
    788,
    849,
    909,
    969,
    1029,
    1089,
    1150,
    1211,
    1272,
    1332,
    1392,
    1453,
    1514,
    1574,
    1634,
    1695,
    1755,
    1800
  ],
  "v27_price": [
    60000,
    60000,
    58543.45298449252,
    58867.45298449252,
    59032.02441306395,
    59026.61087922936,
    59056.67612498839,
    59116.18025721979,
    59131.31425616882,
    59015.7302122153,
    59104.99144603099,
    58707.162637002184,
    58676.41125105386,
    58582.59600920975,
    58584.80173636563,
    58540.854918152094,
    58512.49694362807,
    58476.8369406568,
    58430.77923125706,
    58396.87802215938,
    58368.86182522939,
    61115.863881511184,
    61306.63595572632,
    61500.03096343012,
    61650.641585161815,
    61828.28636905407,
    61969.762644718234,
    62097.695212369596,
    62224.19309836108,
    62341.25226997175,
    62443.11855455114
  ],
  "v26_price": [
    60000,
    60000,
    60803.74701550749,
    60479.74701550747,
    60315.17558693606,
    60320.58912077064,
    60290.52387501162,
    60231.019742780205,
    60215.88574383118,
    60331.469787784714,
    60242.208553969016,
    60640.03736299783,
    60670.78874894615,
    60764.60399079026,
    60762.39826363437,
    60806.34508184792,
    60834.70305637194,
    60870.36305934321,
    60916.420768742944,
    60950.321977840635,
    60978.338174770615,
    58231.33611848882,
    58040.564044273684,
    57847.16903656989,
    57696.55841483819,
    57518.913630945935,
    57377.43735528178,
    57249.50478763041,
    57123.00690163893,
    57005.94773002826,
    56904.081445448865
  ],
  "v27_hashrate": [
    38.1,
    38.1,
    38.1,
    38.1,
    38.1,
    38.1,
    38.1,
    38.1,
    38.1,
    38.1,
    30.0,
    30.0,
    30.0,
    30.0,
    30.0,
    30.0,
    30.0,
    30.0,
    30.0,
    30.0,
    86.4,
    86.4,
    86.4,
    86.4,
    86.4,
    86.4,
    86.4,
    86.4,
    86.4,
    86.4,
    86.4
  ],
  "v26_hashrate": [
    48.3,
    48.3,
    48.3,
    48.3,
    48.3,
    48.3,
    48.3,
    48.3,
    48.3,
    48.3,
    56.39999999999999,
    56.39999999999999,
    56.39999999999999,
    56.39999999999999,
    56.39999999999999,
    56.39999999999999,
    56.39999999999999,
    56.39999999999999,
    56.39999999999999,
    56.39999999999999,
    0.0,
    0.0,
    0.0,
    0.0,
    0.0,
    0.0,
    0.0,
    0.0,
    0.0,
    0.0,
    0.0
  ],
  "v27_economic": [
    50.12210820410434,
    50.12210820410434,
    50.12210820410434,
    50.12210820410434,
    50.12210820410434,
    50.12210820410434,
    50.12210820410434,
    50.12210820410434,
    50.12210820410434,
    50.12210820410434,
    50.12210820410434,
    50.12210820410434,
    50.12210820410434,
    50.12210820410434,
    50.12210820410434,
    50.12210820410434,
    50.12210820410434,
    50.12210820410434,
    50.12210820410434,
    50.12210820410434,
    50.12210820410434,
    50.12210820410434,
    50.12210820410434,
    50.12210820410434,
    50.12210820410434,
    50.12210820410434,
    50.12210820410434,
    50.12210820410434,
    50.12210820410434,
    50.12210820410434,
    50.12210820410434
  ],
  "v26_economic": [
    49.87789179589566,
    49.87789179589566,
    49.87789179589566,
    49.87789179589566,
    49.87789179589566,
    49.87789179589566,
    49.87789179589566,
    49.87789179589566,
    49.87789179589566,
    49.87789179589566,
    49.87789179589566,
    49.87789179589566,
    49.87789179589566,
    49.87789179589566,
    49.87789179589566,
    49.87789179589566,
    49.87789179589566,
    49.87789179589566,
    49.87789179589566,
    49.87789179589566,
    49.87789179589566,
    49.87789179589566,
    49.87789179589566,
    49.87789179589566,
    49.87789179589566,
    49.87789179589566,
    49.87789179589566,
    49.87789179589566,
    49.87789179589566,
    49.87789179589566,
    49.87789179589566
  ],
  "v27_blocks": [
    0,
    9,
    21,
    31,
    42,
    54,
    65,
    79,
    89,
    106,
    117,
    130,
    136,
    154,
    179,
    204,
    228,
    250,
    271,
    293,
    343,
    429,
    475,
    513,
    561,
    595,
    624,
    655,
    686,
    715,
    736
  ],
  "v26_blocks": [
    0,
    15,
    29,
    39,
    53,
    67,
    78,
    94,
    113,
    128,
    142,
    179,
    214,
    246,
    283,
    313,
    344,
    377,
    407,
    436,
    461,
    461,
    462,
    463,
    463,
    463,
    463,
    463,
    463,
    463,
    463
  ],
  "v27_difficulty": [
    1.0,
    1.0,
    1.0,
    1.0,
    1.0,
    1.0,
    1.0,
    1.0,
    1.0,
    1.0,
    1.0,
    1.0,
    1.0,
    0.37894736842105264,
    0.37894736842105264,
    0.37894736842105264,
    0.37894736842105264,
    0.37894736842105264,
    0.37894736842105264,
    0.28569853954257374,
    0.28569853954257374,
    0.28569853954257374,
    0.6281006060172614,
    0.6281006060172614,
    0.6281006060172614,
    0.8867302673184867,
    0.8867302673184867,
    0.8867302673184867,
    0.8867302673184867,
    0.8867302673184867,
    0.8992194260131132
  ],
  "v26_difficulty": [
    1.0,
    1.0,
    1.0,
    1.0,
    1.0,
    1.0,
    1.0,
    1.0,
    1.0,
    1.0,
    1.0,
    0.4721311475409836,
    0.4721311475409836,
    0.4721311475409836,
    0.4721311475409836,
    0.5549949815991971,
    0.5549949815991971,
    0.5549949815991971,
    0.5549949815991971,
    0.5549949815991971,
    0.5549949815991971,
    0.5549949815991971,
    0.5549949815991971,
    0.5549949815991971,
    0.5549949815991971,
    0.5549949815991971,
    0.5549949815991971,
    0.5549949815991971,
    0.5549949815991971,
    0.5549949815991971,
    0.5549949815991971
  ],
  "v27_chainwork": [
    0.0,
    9.0,
    21.0,
    31.0,
    42.0,
    54.0,
    65.0,
    79.0,
    89.0,
    106.0,
    117.0,
    130.0,
    136.0,
    147.78947368421052,
    157.26315789473682,
    166.73684210526312,
    175.83157894736837,
    184.16842105263152,
    192.1263157894736,
    199.9969137503444,
    214.28184072747337,
    238.8519151281352,
    266.71733680550494,
    290.58515983416066,
    320.73398892298894,
    347.0033730922995,
    372.71855084453637,
    400.20718913141025,
    427.6958274182841,
    453.411005170521,
    472.23216732332367
  ],
  "v26_chainwork": [
    0.0,
    15.0,
    29.0,
    39.0,
    53.0,
    67.0,
    78.0,
    94.0,
    113.0,
    128.0,
    142.0,
    160.52459016393422,
    177.04918032786844,
    192.15737704917973,
    209.6262295081959,
    225.861759785881,
    243.06660421545644,
    261.38143860823004,
    278.0312880562054,
    294.12614252258163,
    308.0010170625611,
    308.0010170625611,
    308.5560120441603,
    309.1110070257595,
    309.1110070257595,
    309.1110070257595,
    309.1110070257595,
    309.1110070257595,
    309.1110070257595,
    309.1110070257595,
    309.1110070257595
  ],
  "v27_fee_rate": [
    1.0,
    1.0,
    0.009550453551606284,
    0.009550453551606284,
    0.009550453551606284,
    0.009550453551606284,
    0.009550453551606284,
    0.009550453551606284,
    0.009550453551606284,
    0.009550453551606284,
    0.009550453551606284,
    0.012129076010539981,
    0.012129076010539981,
    0.012129076010539981,
    0.004596281435573046,
    0.004596281435573046,
    0.004596281435573046,
    0.004596281435573046,
    0.004596281435573046,
    0.004596281435573046,
    0.003465259302212139,
    0.001203215035490326,
    0.001203215035490326,
    0.0026452361085588846,
    0.0026452361085588846,
    0.0026452361085588846,
    0.0037344509767890132,
    0.0037344509767890132,
    0.0037344509767890132,
    0.0037344509767890132,
    0.0037344509767890132
  ],