{
  "blocks_mined": {
    "v27": 71,
    "v26": 10
  },
  "total_blocks": 81,
  "final_hashrate": {
    "v27": 86.4,
    "v26": 0.0
  },
  "final_economic": {
    "v27": 100.0,
    "v26": 0.0
  },
  "final_prices": {
    "v27": 70516.43076923078,
    "v26": 48830.76923076924
  }
}