{
  "blocks_mined": {
    "v27": 5570,
    "v26": 1074
  },
  "total_blocks": 6644,
  "final_hashrate": {
    "v27": 86.4,
    "v26": 0.0
  },
  "final_economic": {
    "v27": 100.0,
    "v26": 0.0
  },
  "final_prices": {
    "v27": 69935.77005903637,
    "v26": 49411.42994096364
  }
}