{
  "blocks_mined": {
    "v27": 3,
    "v26": 3831
  },
  "total_blocks": 3834,
  "final_hashrate": {
    "v27": 0.0,
    "v26": 86.4
  },
  "final_economic": {
    "v27": 0.0,
    "v26": 100.0
  },
  "final_prices": {
    "v27": 48002.7457477064,
    "v26": 71344.45425229361
  }
}