{
  "blocks_mined": {
    "v27": 8,
    "v26": 188
  },
  "total_blocks": 196,
  "final_hashrate": {
    "v27": 0.0,
    "v26": 86.4
  },
  "final_economic": {
    "v27": 0.0,
    "v26": 100.0
  },
  "final_prices": {
    "v27": 48353.37423312884,
    "v26": 70993.82576687117
  }
}