{
  "blocks_mined": {
    "v27": 3317,
    "v26": 4758
  },
  "total_blocks": 8075,
  "final_hashrate": {
    "v27": 86.4,
    "v26": 0.0
  },
  "final_economic": {
    "v27": 56.737060138721,
    "v26": 43.262939861279
  },
  "final_prices": {
    "v27": 62237.089815401625,
    "v26": 57110.11018459839
  }
}