{
  "config": {
    "base_price": 60000,
    "max_divergence": 0.2,
    "coefficients": {
      "chain_weight": 0.3,
      "economic_weight": 0.5,
      "hashrate_weight": 0.2
    }
  },
  "current_prices": {
    "v27": 57981.63152860795,
    "v26": 61365.56847139206
  },
  "timeline": {
    "timestamps": [
      1772838377.2971892,
      1772838438.4191132,
      1772838438.4191208,
      1772838498.6964526,
      1772838498.6964607,
      1772838559.0689683,
      1772838559.068976,
      1772838619.2206693,
      1772838619.220676,
      1772838679.78652,
      1772838679.7865257,
      1772838740.235933,
      1772838740.235941,
      1772838800.8846889,
      1772838800.884694,
      1772838861.445548,
      1772838861.4455538,
      1772838922.1317165,
      1772838922.131722,
      1772838982.6546798,
      1772838982.654688,
      1772839043.4911835,
      1772839043.4911888,
      1772839103.707326,
      1772839103.7073321,
      1772839163.9690816,
      1772839163.9690876,
      1772839224.3953278,
      1772839224.3953357,
      1772839284.5220366,
      1772839284.5220423,
      1772839345.0690875,
      1772839345.0690928,
      1772839405.4952412,
      1772839405.4952528,
      1772839465.8625898,
      1772839465.8625953,
      1772839526.2958405,
      1772839526.2958465,
      1772839586.9523692,
      1772839586.952376,
      1772839647.0693192,
      1772839647.0693245,
      1772839707.1519883,
      1772839707.1519935,
      1772839768.158773,
      1772839768.1587782,
      1772839828.8037755,
      1772839828.8037825,
      1772839889.3155715,
      1772839889.3155766,
      1772839949.9020936,
      1772839949.9021025,
      1772840010.5724921,
      1772840010.5724974,
      1772840071.1384656,
      1772840071.138471,
      1772840131.9115527,
      1772840131.9115582
    ],
    "v27_prices": [
      60000,
      59986.715224772524,
      59986.715224772524,
      60310.71522477252,
      60310.71522477252,
      60417.15000738122,
      60417.15000738122,
      60469.873119509364,
      60469.873119509364,
      60499.93836526839,
      60499.93836526839,
      60531.78564730773,
      60531.78564730773,
      60574.57649644882,
      60574.57649644882,
      60474.77492626506,
      60474.77492626506,
      60531.350417905574,
      60531.350417905574,
      61147.031503842285,
      61147.031503842285,
      61257.94617885052,
      61257.94617885052,
      61326.56017757462,
      61326.56017757462,
      61361.31710424216,
      61361.31710424216,
      61429.830881006324,
      61429.830881006324,
      61452.964266202835,
      61452.964266202835,
      61518.104100796736,
      61518.104100796736,
      61535.66351180372,
      61535.66351180372,
      61565.582657491505,
      61565.582657491505,
      61574.822186092686,
      61574.822186092686,
      59154.03223324946,
      59154.03223324946,
      58986.016180039696,
      58986.016180039696,
      58828.277939069,
      58828.277939069,
      58670.81881505561,
      58670.81881505561,
      58510.94653614662,
      58510.94653614662,
      58400.154199170705,
      58400.154199170705,
      58279.47734254554,
      58279.47734254554,
      58178.0525361073,
      58178.0525361073,
      58075.44240008459,
      58075.44240008459,
      57981.63152860795,
      57981.63152860795
    ],
    "v26_prices": [
      60000,
      60000,
      59360.48477522749,
      59360.48477522749,
      59036.48477522749,
      59036.48477522749,
      58930.04999261879,
      58930.04999261879,
      58877.32688049065,
      58877.32688049065,
      58847.26163473162,
      58847.26163473162,
      58815.41435269228,
      58815.41435269228,
      58772.623503551185,
      58772.623503551185,
      58872.42507373495,
      58872.42507373495,
      58815.84958209444,
      58815.84958209444,
      58200.16849615771,
      58200.16849615771,
      58089.25382114949,
      58089.25382114949,
      58020.63982242538,
      58020.63982242538,
      57985.88289575784,
      57985.88289575784,
      57917.36911899367,
      57917.36911899367,
      57894.235733797184,
      57894.235733797184,
      57829.09589920326,
      57829.09589920326,
      57811.53648819627,
      57811.53648819627,
      57781.617342508514,
      57781.617342508514,
      57772.37781390732,
      57772.37781390732,
      60193.16776675054,
      60193.16776675054,
      60361.183819960315,
      60361.183819960315,
      60518.922060931014,
      60518.922060931014,
      60676.3811849444,
      60676.3811849444,
      60836.25346385338,
      60836.25346385338,
      60947.0458008293,
      60947.0458008293,
      61067.72265745446,
      61067.72265745446,
      61169.14746389271,
      61169.14746389271,
      61271.757599915414,
      61271.757599915414,
      61365.56847139206
    ]
  },
  "history": [
    {
      "timestamp": 1772838377.2971892,
      "chain_id": "v27",
      "price": 60000,
      "metadata": {
        "initial": true
      }
    },
    {
      "timestamp": 1772838377.2971892,
      "chain_id": "v26",
      "price": 60000,
      "metadata": {
        "initial": true
      }
    },
    {
      "timestamp": 1772838438.4191132,
      "chain_id": "v27",
      "price": 59986.715224772524,
      "metadata": {
        "fork_sustained": true,
        "fork_depth": 24
      }
    },
    {
      "timestamp": 1772838438.4191208,
      "chain_id": "v26",
      "price": 59360.48477522749,
      "metadata": {
        "fork_sustained": true,
        "fork_depth": 24
      }
    },
    {
      "timestamp": 1772838498.6964526,
      "chain_id": "v27",
      "price": 60310.71522477252,
      "metadata": {
        "fork_sustained": true,
        "fork_depth": 50
      }
    },
    {
      "timestamp": 1772838498.6964607,
      "chain_id": "v26",
      "price": 59036.48477522749,
      "metadata": {
        "fork_sustained": true,
        "fork_depth": 50
      }
    },
    {
      "timestamp": 1772838559.0689683,
      "chain_id": "v27",
      "price": 60417.15000738122,
      "metadata": {
        "fork_sustained": true,
        "fork_depth": 69
      }
    },
    {
      "timestamp": 1772838559.068976,
      "chain_id": "v26",
      "price": 58930.04999261879,
      "metadata": {
        "fork_sustained": true,
        "fork_depth": 69
      }
    },
    {
      "timestamp": 1772838619.2206693,
      "chain_id": "v27",
      "price": 60469.873119509364,
      "metadata": {
        "fork_sustained": true,
        "fork_depth": 95
      }
    },
    {
      "timestamp": 1772838619.220676,
      "chain_id": "v26",
      "price": 58877.32688049065,
      "metadata": {
        "fork_sustained": true,
        "fork_depth": 95
      }
    },
    {
      "timestamp": 1772838679.78652,
      "chain_id": "v27",
      "price": 60499.93836526839,
      "metadata": {
        "fork_sustained": true,
        "fork_depth": 121
      }
    },
    {
      "timestamp": 1772838679.7865257,
      "chain_id": "v26",
      "price": 58847.26163473162,
      "metadata": {
        "fork_sustained": true,
        "fork_depth": 121
      }
    },
    {
      "timestamp": 1772838740.235933,
      "chain_id": "v27",
      "price": 60531.78564730773,
      "metadata": {
        "fork_sustained": true,
        "fork_depth": 142
      }
    },
    {
      "timestamp": 1772838740.235941,
      "chain_id": "v26",
      "price": 58815.41435269228,
      "metadata": {
        "fork_sustained": true,
        "fork_depth": 142
      }
    },
    {
      "timestamp": 1772838800.8846889,
      "chain_id": "v27",
      "price": 60574.57649644882,
      "metadata": {
        "fork_sustained": true,
        "fork_depth": 173
      }
    },
    {
      "timestamp": 1772838800.884694,
      "chain_id": "v26",
      "price": 58772.623503551185,
      "metadata": {
        "fork_sustained": true,
        "fork_depth": 173
      }
    },
    {
      "timestamp": 1772838861.445548,
      "chain_id": "v27",
      "price": 60474.77492626506,