{
  "blocks_mined": {
    "v27": 27,
    "v26": 985
  },
  "total_blocks": 1012,
  "final_hashrate": {
    "v27": 0.0,
    "v26": 86.4
  },
  "final_economic": {
    "v27": 62.148876597346025,
    "v26": 37.85112340265398
  },
  "final_prices": {
    "v27": 55653.8861340899,
    "v26": 63693.3138659101
  }
}