{
  "timestamps": [
    0,
    60,
    120,
    181,
    241,
    302,
    362,
    423,
    483,
    544,
    605,
    666,
    726,
    787,
    848,
    908,
    968,
    1028,
    1089,
    1150,
    1210,
    1271,
    1332,
    1392,
    1453,
    1514,
    1575,
    1635,
    1696,
    1757,
    1817,
    1878,
    1939,
    1999,
    2059,
    2120,
    2180,
    2241,
    2301,
    2362,
    2422,
    2483,
    2500
  ],
  "v27_price": [
    60000,
    60000,
    57090.72,
    56904.51310344828,
    57262.14857142857,
    57074.790796460176,
    57065.36788732394,
    56994.86201183432,
    57106.090786516856,
    57144.07413416537,
    57168.013026451394,
    55978.168362627206,
    55820.94805563441,
    55669.968169846994,
    55554.24893607424,
    55445.72044033516,
    55341.67013569119,
    55264.31624679963,
    55202.41861031425,
    55127.35686317872,
    55064.79631028088,
    55002.29541669292,
    54948.30353628795,
    54901.147276054755,
    54883.763324522726,
    54843.146461861914,
    54804.6134961157,
    54769.031628998775,
    54741.07885437794,
    54715.952752440884,
    54691.62419712973,
    54665.30285819508,
    54643.05475118992,
    54622.91836402041,
    54607.18336535692,
    54592.83230368275,
    54576.56659716905,
    54561.32416369527,
    54546.86688815649,
    54532.24468619421,
    54517.39146223242,
    54505.439773900645,
    54493.62973626111
  ],
  "v26_price": [
    60000,
    60000,
    62831.04000000001,
    63017.24689655173,
    62659.611428571436,
    62846.96920353983,
    62856.392112676054,
    62926.89798816568,
    62815.669213483154,
    62777.685865834625,
    62753.74697354861,
    63943.591637372796,
    64100.811944365596,
    64251.79183015301,
    64367.511063925755,
    64476.03955966484,
    64580.08986430882,
    64657.44375320037,
    64719.34138968575,
    64794.40313682129,
    64856.963689719116,
    64919.46458330709,
    64973.45646371205,
    65020.61272394524,
    65037.99667547728,
    65078.613538138095,
    65117.14650388431,
    65152.72837100123,
    65180.68114562207,
    65205.807247559125,
    65230.13580287028,
    65256.45714180492,
    65278.70524881009,
    65298.841635979596,
    65314.57663464309,
    65328.92769631726,
    65345.193402830955,
    65360.435836304736,
    65374.89311184353,
    65389.51531380579,
    65404.36853776757,
    65416.320226099364,
    65428.1302637389
  ],
  "v27_hashrate": [
    26.89,
    26.89,
    26.89,
    26.89,
    26.89,
    26.89,
    26.89,
    26.89,
    26.89,
    26.89,
    0.0,
    0.0,
    0.0,
    0.0,
    0.0,
    0.0,
    0.0,
    0.0,
    0.0,
    0.0,
    0.0,
    0.0,
    0.0,
    0.0,
    0.0,
    0.0,
    0.0,
    0.0,
    0.0,
    0.0,
    0.0,
    0.0,
    0.0,
    0.0,
    0.0,
    0.0,
    0.0,
    0.0,
    0.0,
    0.0,
    0.0,
    0.0,
    0.0
  ],
  "v26_hashrate": [
    71.48,
    71.48,
    71.48,
    71.48,
    71.48,
    71.48,
    71.48,
    71.48,
    71.48,
    71.48,
    98.36999999999999,
    98.36999999999999,
    98.36999999999999,
    98.36999999999999,
    98.36999999999999,
    98.36999999999999,
    98.36999999999999,
    98.36999999999999,
    98.36999999999999,
    98.36999999999999,
    98.36999999999999,
    98.36999999999999,
    98.36999999999999,
    98.36999999999999,
    98.36999999999999,
    98.36999999999999,
    98.36999999999999,
    98.36999999999999,
    98.36999999999999,
    98.36999999999999,
    98.36999999999999,
    98.36999999999999,
    98.36999999999999,
    98.36999999999999,
    98.36999999999999,
    98.36999999999999,
    98.36999999999999,
    98.36999999999999,
    98.36999999999999,
    98.36999999999999,
    98.36999999999999,
    98.36999999999999,
    98.36999999999999
  ],
  "v27_economic": [
    50.0,
    50.0,
    50.0,
    50.0,
    50.0,
    50.0,
    50.0,
    50.0,
    50.0,
    50.0,
    50.0,
    50.0,
    50.0,
    50.0,
    50.0,
    50.0,
    50.0,
    50.0,
    50.0,
    50.0,
    50.0,
    50.0,
    50.0,
    50.0,
    50.0,
    50.0,
    50.0,
    50.0,
    50.0,
    50.0,
    50.0,
    50.0,
    50.0,
    50.0,
    50.0,
    50.0,
    50.0,
    50.0,
    50.0,
    50.0,
    50.0,
    50.0,
    50.0
  ],
  "v26_economic": [
    50.0,
    50.0,
    50.0,
    50.0,
    50.0,
    50.0,
    50.0,
    50.0,
    50.0,
    50.0,
    50.0,
    50.0,
    50.0,
    50.0,
    50.0,
    50.0,
    50.0,
    50.0,
    50.0,
    50.0,
    50.0,
    50.0,
    50.0,
    50.0,
    50.0,
    50.0,
    50.0,
    50.0,
    50.0,
    50.0,
    50.0,
    50.0,
    50.0,
    50.0,
    50.0,
    50.0,
    50.0,
    50.0,
    50.0,
    50.0,
    50.0,
    50.0,
    50.0
  ],
  "v27_blocks": [
    0,
    6,
    13,
    23,
    28,
    35,
    40,
    51,
    60,
    69,
    81,
    81,
    81,
    81,
    81,
    81,
    81,
    81,
    81,
    81,
    81,
    81,
    81,
    82,
    82,
    82,
    82,
    82,
    82,
    82,
    82,
    82,
    82,
    82,
    82,
    82,
    82,
    82,
    82,
    82,
    82,
    82,
    82
  ],
  "v26_blocks": [
    0,
    18,
    45,
    61,
    85,
    107,
    129,
    154,
    184,
    215,
    240,
    275,
    315,
    351,
    390,
    433,
    461,
    486,
    520,
    552,
    588,
    623,
    657,
    678,
    712,
    746,
    780,
    809,
    837,
    866,
    899,
    929,
    958,
    982,
    1005,
    1035,
    1065,
    1095,
    1127,
    1161,
    1189,
    1218,
    1227
  ],
  "v27_difficulty": [
    1.0,
    1.0,
    1.0,
    1.0,
    1.0,
    1.0,
    1.0,
    1.0,
    1.0,
    1.0,
    1.0,
    1.0,
    1.0,
    1.0,
    1.0,
    1.0,
    1.0,
    1.0,
    1.0,
    1.0,
    1.0,
    1.0,
    1.0,
    1.0,
    1.0,
    1.0,
    1.0,
    1.0,
    1.0,
    1.0,
    1.0,
    1.0,
    1.0,
    1.0,
    1.0,
    1.0,
    1.0,
    1.0,
    1.0,
    1.0,
    1.0,
    1.0,
    1.0
  ],
  "v26_difficulty": [
    1.0,
    1.0,
    1.0,
    1.0,
    1.0,
    1.0,
    1.0,
    0.7272727272727273,
    0.7272727272727273,
    0.7272727272727273,
    0.7272727272727273,
    0.7272727272727273,
    0.7222570532915361,
    0.7222570532915361,
    0.7222570532915361,
    0.9498174947395542,
    0.9498174947395542,
    0.9498174947395542,
    0.9498174947395542,
    0.9498174947395542,
    0.9465309290138118,
    0.9465309290138118,
    0.9465309290138118,
    0.9465309290138118,
    0.9465309290138118,
    0.9985381229156696,
    0.9985381229156696,
    0.9985381229156696,
    0.9985381229156696,
    1.02341273807727,
    1.02341273807727,
    1.02341273807727,
    1.02341273807727,
    1.02341273807727,
    1.02341273807727,
    0.9268643665605464,
    0.9268643665605464,
    0.9268643665605464,
    0.9268643665605464,
    0.9636712547633116,
    0.9636712547633116,
    0.9636712547633116,
    0.9636712547633116
  ],
  "v27_chainwork": [
    0.0,
    6.0,
    13.0,
    23.0,
    28.0,
    35.0,
    40.0,
    51.0,
    60.0,
    69.0,
    81.0,
    81.0,
    81.0,
    81.0,
    81.0,
    81.0,
    81.0,
    81.0,
    81.0,
    81.0,
    81.0,
    81.0,
    81.0,
    82.0,
    82.0,
    82.0,
    82.0,
    82.0,
    82.0,
    82.0,
    82.0,
    82.0,
    82.0,
    82.0,
    82.0,
    82.0,
    82.0,
    82.0,
    82.0,
    82.0,
    82.0,
    82.0,
    82.0
  ],