{
  "config": {
    "base_price": 60000,
    "max_divergence": 0.2,
    "coefficients": {
      "chain_weight": 0.3,
      "economic_weight": 0.5,
      "hashrate_weight": 0.2
    }
  },
  "current_prices": {
    "v27": 61548.099598518485,
    "v26": 57799.10040148151
  },
  "timeline": {
    "timestamps": [
      1772763807.5962722,
      1772763868.7628648,
      1772763868.7628884,
      1772763929.231846,
      1772763929.2318826,
      1772763989.451136,
      1772763989.4511585,
      1772764049.9576244,
      1772764049.9576468,
      1772764110.530538,
      1772764110.5305595,
      1772764170.859092,
      1772764170.8591347,
      1772764231.5302532,
      1772764231.5302858,
      1772764292.2322261,
      1772764292.2322488,
      1772764352.2346466,
      1772764352.2346857,
      1772764412.9563005,
      1772764412.9563246,
      1772764473.259265,
      1772764473.2592862,
      1772764533.794385,
      1772764533.7943907,
      1772764594.2216184,
      1772764594.2216425,
      1772764654.8379188,
      1772764654.837943,
      1772764715.4684455,
      1772764715.4684665,
      1772764776.3747854,
      1772764776.3748145,
      1772764836.8326533,
      1772764836.8326614,
      1772764897.1404738,
      1772764897.1404965,
      1772764957.8475862,
      1772764957.8476279,
      1772765018.4717999,
      1772765018.4718342,
      1772765079.2637188,
      1772765079.2637532,
      1772765139.4147975,
      1772765139.4148285,
      1772765199.8155472,
      1772765199.8155794,
      1772765260.5985124,
      1772765260.598533,
      1772765321.0722425,
      1772765321.072251,
      1772765381.6325796,
      1772765381.6326258,
      1772765441.8951223,
      1772765441.8951304,
      1772765501.9610283,
      1772765501.9611006,
      1772765562.4246724,
      1772765562.4246821
    ],
    "v27_prices": [
      60000,
      57694.33369979446,
      57694.33369979446,
      57933.10920999853,
      57933.10920999853,
      58124.76848240315,
      58124.76848240315,
      58168.527248181555,
      58168.527248181555,
      58201.056388870085,
      58201.056388870085,
      58262.41880617743,
      58262.41880617743,
      58274.807072575524,
      58274.807072575524,
      58194.33369979446,
      58194.33369979446,
      58215.386331373404,
      58215.386331373404,
      57855.33914726528,
      57855.33914726528,
      57781.7303362757,
      57781.7303362757,
      57739.86738736088,
      57739.86738736088,
      57737.838664716786,
      57737.838664716786,
      57690.73765827865,
      57690.73765827865,
      57677.239854504944,
      57677.239854504944,
      57622.47759514884,
      57622.47759514884,
      57589.458075119575,
      57589.458075119575,
      57566.9548759988,
      57566.9548759988,
      57540.172263292116,
      57540.172263292116,
      60236.678013570265,
      60236.678013570265,
      60435.12026058912,
      60435.12026058912,
      60591.90152665985,
      60591.90152665985,
      60776.27095448137,
      60776.27095448137,
      60918.970768168074,
      60918.970768168074,
      61078.097012620805,
      61078.097012620805,
      61188.80375136469,
      61188.80375136469,
      61320.50713413622,
      61320.50713413622,
      61434.83971337402,
      61434.83971337402,
      61548.099598518485,
      61548.099598518485
    ],
    "v26_prices": [
      60000,
      60000,
      61652.86630020555,
      61652.86630020555,
      61414.09079000146,
      61414.09079000146,
      61222.43151759684,
      61222.43151759684,
      61178.672751818456,
      61178.672751818456,
      61146.14361112991,
      61146.14361112991,
      61084.78119382258,
      61084.78119382258,
      61072.39292742448,
      61072.39292742448,
      61152.86630020555,
      61152.86630020555,
      61131.8136686266,
      61131.8136686266,
      61491.860852734724,
      61491.860852734724,
      61565.4696637243,
      61565.4696637243,
      61607.332612639126,
      61607.332612639126,
      61609.3613352832,
      61609.3613352832,
      61656.46234172135,
      61656.46234172135,
      61669.96014549507,
      61669.96014549507,
      61724.72240485116,
      61724.72240485116,
      61757.74192488042,
      61757.74192488042,
      61780.245124001194,
      61780.245124001194,
      61807.02773670788,
      61807.02773670788,
      59110.52198642973,
      59110.52198642973,
      58912.07973941088,
      58912.07973941088,
      58755.298473340146,
      58755.298473340146,
      58570.92904551864,
      58570.92904551864,
      58428.22923183194,
      58428.22923183194,
      58269.10298737919,
      58269.10298737919,
      58158.39624863531,
      58158.39624863531,
      58026.69286586378,
      58026.69286586378,
      57912.36028662598,
      57912.36028662598,
      57799.10040148151
    ]
  },
  "history": [
    {
      "timestamp": 1772763807.5962722,
      "chain_id": "v27",
      "price": 60000,
      "metadata": {
        "initial": true
      }
    },
    {
      "timestamp": 1772763807.5962722,
      "chain_id": "v26",
      "price": 60000,
      "metadata": {
        "initial": true
      }
    },
    {
      "timestamp": 1772763868.7628648,
      "chain_id": "v27",
      "price": 57694.33369979446,
      "metadata": {
        "fork_sustained": true,
        "fork_depth": 24
      }
    },
    {
      "timestamp": 1772763868.7628884,
      "chain_id": "v26",
      "price": 61652.86630020555,
      "metadata": {
        "fork_sustained": true,
        "fork_depth": 24
      }
    },
    {
      "timestamp": 1772763929.231846,
      "chain_id": "v27",
      "price": 57933.10920999853,
      "metadata": {
        "fork_sustained": true,
        "fork_depth": 49
      }
    },
    {
      "timestamp": 1772763929.2318826,
      "chain_id": "v26",
      "price": 61414.09079000146,
      "metadata": {
        "fork_sustained": true,
        "fork_depth": 49
      }
    },
    {
      "timestamp": 1772763989.451136,
      "chain_id": "v27",
      "price": 58124.76848240315,
      "metadata": {
        "fork_sustained": true,
        "fork_depth": 69
      }
    },
    {
      "timestamp": 1772763989.4511585,
      "chain_id": "v26",
      "price": 61222.43151759684,
      "metadata": {
        "fork_sustained": true,
        "fork_depth": 69
      }
    },
    {
      "timestamp": 1772764049.9576244,
      "chain_id": "v27",
      "price": 58168.527248181555,
      "metadata": {
        "fork_sustained": true,
        "fork_depth": 93
      }
    },
    {
      "timestamp": 1772764049.9576468,
      "chain_id": "v26",
      "price": 61178.672751818456,
      "metadata": {
        "fork_sustained": true,
        "fork_depth": 93
      }
    },
    {
      "timestamp": 1772764110.530538,
      "chain_id": "v27",
      "price": 58201.056388870085,
      "metadata": {
        "fork_sustained": true,
        "fork_depth": 119
      }
    },
    {
      "timestamp": 1772764110.5305595,
      "chain_id": "v26",
      "price": 61146.14361112991,
      "metadata": {
        "fork_sustained": true,
        "fork_depth": 119
      }
    },
    {
      "timestamp": 1772764170.859092,
      "chain_id": "v27",
      "price": 58262.41880617743,
      "metadata": {
        "fork_sustained": true,
        "fork_depth": 141
      }
    },
    {
      "timestamp": 1772764170.8591347,
      "chain_id": "v26",
      "price": 61084.78119382258,
      "metadata": {
        "fork_sustained": true,
        "fork_depth": 141
      }
    },
    {
      "timestamp": 1772764231.5302532,
      "chain_id": "v27",
      "price": 58274.807072575524,
      "metadata": {
        "fork_sustained": true,
        "fork_depth": 169
      }
    },
    {
      "timestamp": 1772764231.5302858,
      "chain_id": "v26",
      "price": 61072.39292742448,
      "metadata": {
        "fork_sustained": true,
        "fork_depth": 169
      }
    },
    {
      "timestamp": 1772764292.2322261,
      "chain_id": "v27",