{
  "timestamps": [
    0,
    60,
    120,
    181,
    241,
    302,
    362,
    423,
    483,
    543,
    604,
    664,
    725,
    785,
    846,
    907,
    967,
    1028,
    1088,
    1149,
    1210,
    1270,
    1330,
    1391,
    1452,
    1512,
    1573,
    1633,
    1693,
    1754,
    1800
  ],
  "v27_price": [
    60000,
    60000,
    57694.33369979446,
    57933.10920999853,
    58124.76848240315,
    58168.527248181555,
    58201.056388870085,
    58262.41880617743,
    58274.807072575524,
    58194.33369979446,
    58215.386331373404,
    57855.33914726528,
    57781.7303362757,
    57739.86738736088,
    57737.838664716786,
    57690.73765827865,
    57677.239854504944,
    57622.47759514884,
    57589.458075119575,
    57566.9548759988,
    57540.172263292116,
    60236.678013570265,
    60435.12026058912,
    60591.90152665985,
    60776.27095448137,
    60918.970768168074,
    61078.097012620805,
    61188.80375136469,
    61320.50713413622,
    61434.83971337402,
    61548.099598518485
  ],
  "v26_price": [
    60000,
    60000,
    61652.86630020555,
    61414.09079000146,
    61222.43151759684,
    61178.672751818456,
    61146.14361112991,
    61084.78119382258,
    61072.39292742448,
    61152.86630020555,
    61131.8136686266,
    61491.860852734724,
    61565.4696637243,
    61607.332612639126,
    61609.3613352832,
    61656.46234172135,
    61669.96014549507,
    61724.72240485116,
    61757.74192488042,
    61780.245124001194,
    61807.02773670788,
    59110.52198642973,
    58912.07973941088,
    58755.298473340146,
    58570.92904551864,
    58428.22923183194,
    58269.10298737919,
    58158.39624863531,
    58026.69286586378,
    57912.36028662598,
    57799.10040148151
  ],
  "v27_hashrate": [
    38.1,
    38.1,
    38.1,
    38.1,
    38.1,
    38.1,
    38.1,
    38.1,
    38.1,
    38.1,
    30.0,
    30.0,
    30.0,
    30.0,
    30.0,
    30.0,
    30.0,
    30.0,
    30.0,
    30.0,
    86.4,
    86.4,
    86.4,
    86.4,
    86.4,
    86.4,
    86.4,
    86.4,
    86.4,
    86.4,
    86.4
  ],
  "v26_hashrate": [
    48.3,
    48.3,
    48.3,
    48.3,
    48.3,
    48.3,
    48.3,
    48.3,
    48.3,
    48.3,
    56.39999999999999,
    56.39999999999999,
    56.39999999999999,
    56.39999999999999,
    56.39999999999999,
    56.39999999999999,
    56.39999999999999,
    56.39999999999999,
    56.39999999999999,
    56.39999999999999,
    0.0,
    0.0,
    0.0,
    0.0,
    0.0,
    0.0,
    0.0,
    0.0,
    0.0,
    0.0,
    0.0
  ],
  "v27_economic": [
    43.046114164953785,
    43.046114164953785,
    43.046114164953785,
    43.046114164953785,
    43.046114164953785,
    43.046114164953785,
    43.046114164953785,
    43.046114164953785,
    43.046114164953785,
    43.046114164953785,
    43.046114164953785,
    43.046114164953785,
    43.046114164953785,
    43.046114164953785,
    43.046114164953785,
    43.046114164953785,
    43.046114164953785,
    43.046114164953785,
    43.046114164953785,
    43.046114164953785,
    43.046114164953785,
    43.046114164953785,
    43.046114164953785,
    43.046114164953785,
    43.046114164953785,
    43.046114164953785,
    43.046114164953785,
    43.046114164953785,
    43.046114164953785,
    43.046114164953785,
    43.046114164953785
  ],
  "v26_economic": [
    56.9538858350462,
    56.9538858350462,
    56.9538858350462,
    56.9538858350462,
    56.9538858350462,
    56.9538858350462,
    56.9538858350462,
    56.9538858350462,
    56.9538858350462,
    56.9538858350462,
    56.9538858350462,
    56.9538858350462,
    56.9538858350462,
    56.9538858350462,
    56.9538858350462,
    56.9538858350462,
    56.9538858350462,
    56.9538858350462,
    56.9538858350462,
    56.9538858350462,
    56.9538858350462,
    56.9538858350462,
    56.9538858350462,
    56.9538858350462,
    56.9538858350462,
    56.9538858350462,
    56.9538858350462,
    56.9538858350462,
    56.9538858350462,
    56.9538858350462,
    56.9538858350462
  ],
  "v27_blocks": [
    0,
    9,
    20,
    30,
    41,
    53,
    64,
    77,
    88,
    102,
    116,
    124,
    133,
    145,
    168,
    195,
    220,
    244,
    268,
    284,
    322,
    410,
    457,
    501,
    539,
    582,
    607,
    639,
    669,
    701,
    721
  ],
  "v26_blocks": [
    0,
    15,
    29,
    39,
    52,
    66,
    77,
    92,
    110,
    126,
    141,
    172,
    205,
    237,
    272,
    302,
    339,
    371,
    401,
    425,
    459,
    459,
    460,
    460,
    461,
    461,
    461,
    461,
    461,
    461,
    461
  ],
  "v27_difficulty": [
    1.0,
    1.0,
    1.0,
    1.0,
    1.0,
    1.0,
    1.0,
    1.0,
    1.0,
    1.0,
    1.0,
    1.0,
    1.0,
    0.36828644501278773,
    0.36828644501278773,
    0.36828644501278773,
    0.36828644501278773,
    0.36828644501278773,
    0.36828644501278773,
    0.36828644501278773,
    0.2813434911503524,
    0.2813434911503524,
    0.6232840419330884,
    0.6232840419330884,
    0.6232840419330884,
    0.8467254909279691,
    0.8467254909279691,
    0.8467254909279691,
    0.8467254909279691,
    0.8467254909279691,
    0.8294453788682147
  ],
  "v26_difficulty": [
    1.0,
    1.0,
    1.0,
    1.0,
    1.0,
    1.0,
    1.0,
    1.0,
    1.0,
    1.0,
    1.0,
    0.4675324675324675,
    0.4675324675324675,
    0.4675324675324675,
    0.4675324675324675,
    0.5322108721318207,
    0.5322108721318207,
    0.5322108721318207,
    0.5322108721318207,
    0.5322108721318207,
    0.524920312239604,
    0.524920312239604,
    0.524920312239604,
    0.524920312239604,
    0.524920312239604,
    0.524920312239604,
    0.524920312239604,
    0.524920312239604,
    0.524920312239604,
    0.524920312239604,
    0.524920312239604
  ],
  "v27_chainwork": [
    0.0,
    9.0,
    20.0,
    30.0,
    41.0,
    53.0,
    64.0,
    77.0,
    88.0,
    102.0,
    116.0,
    124.0,
    133.0,
    144.36828644501279,
    152.83887468030684,
    162.78260869565204,
    171.98976982097167,
    180.82864450127852,
    189.66751918158536,
    195.56010230178993,
    206.59892678095304,
    231.35715400218402,
    253.128811855819,
    280.55330970087385,
    304.2381032943302,
    332.37996579142117,
    353.54810306461997,
    380.6433187743144,
    406.045083502153,
    433.14029921184743,
    450.05752891834675
  ],
  "v26_chainwork": [
    0.0,
    15.0,
    29.0,
    39.0,
    52.0,
    66.0,
    77.0,
    92.0,
    110.0,
    126.0,
    141.0,
    157.090909090909,
    172.51948051948034,
    187.4805194805192,
    203.84415584415547,
    218.77562753452048,
    238.4674298033981,
    255.49817771161656,
    271.4645038755714,
    284.23756480673524,
    302.13588934212726,
    302.13588934212726,
    302.66080965436686,
    302.66080965436686,
    303.18572996660646,
    303.18572996660646,
    303.18572996660646,
    303.18572996660646,
    303.18572996660646,
    303.18572996660646,
    303.18572996660646
  ],
  "v27_fee_rate": [
    1.0,
    1.0,
    0.007533103934418018,
    0.007533103934418018,
    0.007533103934418018,
    0.007533103934418018,
    0.007533103934418018,
    0.007533103934418018,
    0.007533103934418018,
    0.007533103934418018,
    0.007533103934418018,
    0.009567041996710882,
    0.009567041996710882,
    0.009567041996710882,
    0.003523411886256693,
    0.003523411886256693,
    0.003523411886256693,
    0.003523411886256693,
    0.003523411886256693,
    0.003523411886256693,
    0.003523411886256693,
    0.0009345920122696797,
    0.0009345920122696797,
    0.0020704807656435984,
    0.0020704807656435984,
    0.0020704807656435984,
    0.0028127285872894163,
    0.0028127285872894163,
    0.0028127285872894163,
    0.0028127285872894163,
    0.0028127285872894163
  ],