{
  "blocks_mined": {
    "v27": 197,
    "v26": 6076
  },
  "total_blocks": 6273,
  "final_hashrate": {
    "v27": 0.0,
    "v26": 86.4
  },
  "final_economic": {
    "v27": 56.73664319629601,
    "v26": 43.26335680370397
  },
  "final_prices": {
    "v27": 55066.87352838196,
    "v26": 64280.32647161804
  }
}