{
  "timestamps": [
    0,
    60,
    120,
    181,
    241,
    301,
    361,
    421,
    482,
    542,
    603,
    663,
    724,
    784,
    844,
    905,
    965,
    1025,
    1086,
    1147,
    1200
  ],
  "v27_price": [
    60000,
    60000,
    60000,
    62485.905645957544,
    62697.67035183989,
    62697.67035183989,
    62813.17837323027,
    63257.334217386124,
    62710.905645957544,
    62675.37933016807,
    62737.06843665522,
    65153.74564595754,
    65542.7982775365,
    65725.02433448214,
    65957.56654147993,
    66121.74564595753,
    66316.6823548183,
    66366.19009040199,
    66479.88518084126,
    66618.51983950593,
    66721.74564595753
  ],
  "v26_price": [
    60000,
    60000,
    60000,
    57435.85435404246,
    57224.0896481601,
    57224.0896481601,
    57108.58162676973,
    56664.425782613886,
    57210.85435404246,
    57246.38066983193,
    57184.691563344786,
    54768.01435404246,
    54378.96172246352,
    54196.73566551787,
    53964.19345852007,
    53800.01435404246,
    53605.0776451817,
    53555.569909598016,
    53441.874819158744,
    53303.24016049407,
    53200.014354042454
  ],
  "v27_hashrate": [
    51.79,
    51.79,
    51.79,
    51.79,
    51.79,
    51.79,
    51.79,
    51.79,
    51.79,
    51.79,
    98.36999999999999,
    98.36999999999999,
    98.36999999999999,
    98.36999999999999,
    98.36999999999999,
    98.36999999999999,
    98.36999999999999,
    98.36999999999999,
    98.36999999999999,
    98.36999999999999,
    98.36999999999999
  ],
  "v26_hashrate": [
    46.580000000000005,
    46.580000000000005,
    46.580000000000005,
    46.580000000000005,
    46.580000000000005,
    46.580000000000005,
    46.580000000000005,
    46.580000000000005,
    46.580000000000005,
    46.580000000000005,
    0.0,
    0.0,
    0.0,
    0.0,
    0.0,
    0.0,
    0.0,
    0.0,
    0.0,
    0.0,
    0.0
  ],
  "v27_economic": [
    69.99988038297951,
    69.99988038297951,
    69.99988038297951,
    69.99988038297951,
    69.99988038297951,
    69.99988038297951,
    69.99988038297951,
    69.99988038297951,
    69.99988038297951,
    69.99988038297951,
    69.99988038297951,
    69.99988038297951,
    69.99988038297951,
    69.99988038297951,
    69.99988038297951,
    69.99988038297951,
    69.99988038297951,
    69.99988038297951,
    69.99988038297951,
    69.99988038297951,
    69.99988038297951
  ],
  "v26_economic": [
    30.000119617020477,
    30.000119617020477,
    30.000119617020477,
    30.000119617020477,
    30.000119617020477,
    30.000119617020477,
    30.000119617020477,
    30.000119617020477,
    30.000119617020477,
    30.000119617020477,
    30.000119617020477,
    30.000119617020477,
    30.000119617020477,
    30.000119617020477,
    30.000119617020477,
    30.000119617020477,
    30.000119617020477,
    30.000119617020477,
    30.000119617020477,
    30.000119617020477,
    30.000119617020477
  ],
  "v27_blocks": [
    0,
    3,
    6,
    9,
    9,
    12,
    17,
    17,
    20,
    23,
    28,
    35,
    39,
    45,
    50,
    57,
    59,
    64,
    71,
    77,
    88
  ],
  "v26_blocks": [
    0,
    2,
    6,
    8,
    8,
    10,
    11,
    15,
    18,
    20,
    22,
    22,
    22,
    22,
    22,
    22,
    22,
    22,
    22,
    22,
    22
  ],
  "v27_difficulty": [
    1.0,
    1.0,
    1.0,
    1.0,
    1.0,
    1.0,
    1.0,
    1.0,
    1.0,
    1.0,
    1.0,
    1.0,
    1.0,
    1.0,
    1.0,
    1.0,
    1.0,
    1.0,
    1.0,
    1.0,
    1.0
  ],
  "v26_difficulty": [
    1.0,
    1.0,
    1.0,
    1.0,
    1.0,
    1.0,
    1.0,
    1.0,
    1.0,
    1.0,
    1.0,
    1.0,
    1.0,
    1.0,
    1.0,
    1.0,
    1.0,
    1.0,
    1.0,
    1.0,
    1.0
  ],
  "v27_chainwork": [
    0.0,
    3.0,
    6.0,
    9.0,
    9.0,
    12.0,
    17.0,
    17.0,
    20.0,
    23.0,
    28.0,
    35.0,
    39.0,
    45.0,
    50.0,
    57.0,
    59.0,
    64.0,
    71.0,
    77.0,
    88.0
  ],
  "v26_chainwork": [
    0.0,
    2.0,
    6.0,
    8.0,
    8.0,
    10.0,
    11.0,
    15.0,
    18.0,
    20.0,
    22.0,
    22.0,
    22.0,
    22.0,
    22.0,
    22.0,
    22.0,
    22.0,
    22.0,
    22.0,
    22.0
  ],
  "v27_fee_rate": [
    1.0,
    1.0,
    0.04505371743660919,
    0.04505371743660919,
    0.04505371743660919,
    0.04505371743660919,
    0.04505371743660919,
    0.04505371743660919,
    0.04505371743660919,
    0.04505371743660919,
    0.04505371743660919,
    0.023719955535651017,
    0.023719955535651017,
    0.023719955535651017,
    0.023719955535651017,
    0.023719955535651017,
    0.023719955535651017,
    0.023719955535651017,
    0.023719955535651017,
    0.023719955535651017,
    0.023719955535651017
  ],
  "v26_fee_rate": [
    1.0,
    1.0,
    0.02146846945666258,
    0.02146846945666258,
    0.02146846945666258,
    0.02146846945666258,
    0.02146846945666258,
    0.02146846945666258,
    0.02146846945666258,
    0.02146846945666258,
    0.02146846945666258,
    10.00001307291343,
    10.00001307291343,
    10.00001307291343,
    10.00001307291343,
    10.00001307291343,
    10.00001307291343,
    10.00001307291343,
    10.00001307291343,
    10.00001307291343,
    10.00001307291343
  ],
  "v27_fee_revenue_btc": [
    0.01,
    0.01,
    0.0004505371743660919,
    0.0004505371743660919,
    0.0004505371743660919,
    0.0004505371743660919,
    0.0004505371743660919,
    0.0004505371743660919,
    0.0004505371743660919,
    0.0004505371743660919,
    0.0004505371743660919,
    0.00023719955535651019,
    0.00023719955535651019,
    0.00023719955535651019,
    0.00023719955535651019,
    0.00023719955535651019,
    0.00023719955535651019,
    0.00023719955535651019,
    0.00023719955535651019,
    0.00023719955535651019,
    0.00023719955535651019
  ],
  "v26_fee_revenue_btc": [
    0.01,
    0.01,
    0.0002146846945666258,
    0.0002146846945666258,
    0.0002146846945666258,
    0.0002146846945666258,
    0.0002146846945666258,
    0.0002146846945666258,
    0.0002146846945666258,
    0.0002146846945666258,
    0.0002146846945666258,
    0.10000013072913429,
    0.10000013072913429,
    0.10000013072913429,
    0.10000013072913429,
    0.10000013072913429,
    0.10000013072913429,
    0.10000013072913429,
    0.10000013072913429,
    0.10000013072913429,
    0.10000013072913429
  ],
  "v27_congestion": [
    0.045053665690274504,
    0.045053665690274504,
    0.045053665690274504,
    0.045053665690274504,
    0.045053665690274504,
    0.045053665690274504,
    0.045053665690274504,
    0.045053665690274504,
    0.045053665690274504,
    0.045053665690274504,
    0.0237199282921553,
    0.0237199282921553,
    0.0237199282921553,
    0.0237199282921553,
    0.0237199282921553,
    0.0237199282921553,
    0.0237199282921553,
    0.0237199282921553,
    0.0237199282921553,
    0.0237199282921553,
    0.0237199282921553
  ],
  "v26_congestion": [
    0.02146852699085479,
    0.02146852699085479,
    0.02146852699085479,
    0.02146852699085479,
    0.02146852699085479,
    0.02146852699085479,
    0.02146852699085479,
    0.02146852699085479,
    0.02146852699085479,
    0.02146852699085479,
    10.00003987234016,
    10.00003987234016,
    10.00003987234016,
    10.00003987234016,
    10.00003987234016,
    10.00003987234016,
    10.00003987234016,
    10.00003987234016,
    10.00003987234016,
    10.00003987234016,
    10.00003987234016
  ],
  "v27_mempool_mb": [
    0,
    0,
    0,
    0,
    0,
    0,
    0,
    0,
    0,
    0,
    0,
    0,
    0,
    0,
    0,
    0,
    0,
    0,
    0,
    0,
    0
  ],
  "v26_mempool_mb": [
    0,
    0,
    0,
    0,
    0,
    0,
    0,
    0,
    0,
    0,
    0,
    90.0001307291343,
    90.0001307291343,
    90.0001307291343,
    90.0001307291343,
    90.0001307291343,
    90.0001307291343,
    90.0001307291343,
    90.0001307291343,
    90.0001307291343,
    90.0001307291343
  ],