{
  "config": {
    "base_price": 60000,
    "max_divergence": 0.2,
    "coefficients": {
      "chain_weight": 0.3,
      "economic_weight": 0.5,
      "hashrate_weight": 0.2
    }
  },
  "current_prices": {
    "v27": 61041.56854615169,
    "v26": 58880.19145384832
  },
  "timeline": {
    "timestamps": [
      1772059729.997371,
      1772059791.2552648,
      1772059791.2552762,
      1772059852.048692,
      1772059852.0486987,
      1772059912.7404478,
      1772059912.7404535,
      1772059972.7468674,
      1772059972.7468724,
      1772060032.869144,
      1772060032.869152,
      1772060093.237665,
      1772060093.2376723,
      1772060153.335858,
      1772060153.3358653,
      1772060213.473445,
      1772060213.47345,
      1772060273.5834875,
      1772060273.5834932,
      1772060334.3715584,
      1772060334.3715637,
      1772060394.532475,
      1772060394.5324829,
      1772060455.1201792,
      1772060455.1201873,
      1772060515.222536,
      1772060515.2225435,
      1772060575.2981622,
      1772060575.2981672,
      1772060635.4105296,
      1772060635.4105372,
      1772060695.4840815,
      1772060695.4840877,
      1772060755.6501548,
      1772060755.650162,
      1772060815.7825742,
      1772060815.7825797,
      1772060875.8959444,
      1772060875.895955,
      1772060936.1661944,
      1772060936.1662,
      1772060996.2483208,
      1772060996.2483282,
      1772061056.3772721,
      1772061056.3772771,
      1772061116.5335126,
      1772061116.5335183,
      1772061177.2293968,
      1772061177.2294023,
      1772061237.3220935,
      1772061237.3221002,
      1772061297.8826437,
      1772061297.8826494,
      1772061358.0495017,
      1772061358.0495093,
      1772061418.189549,
      1772061418.189554,
      1772061478.5460513,
      1772061478.546059
    ],
    "v27_prices": [
      60000,
      61615.12806422397,
      61615.12806422397,
      61245.89729499321,
      61245.89729499321,
      60815.12806422398,
      60815.12806422398,
      60815.12806422398,
      60815.12806422398,
      60571.64980335441,
      60571.64980335441,
      60042.71427112052,
      60042.71427112052,
      60524.21897331489,
      60524.21897331489,
      60507.435756531675,
      60507.435756531675,
      60415.12806422397,
      60415.12806422397,
      60644.78139755731,
      60644.78139755731,
      60911.44806422398,
      60911.44806422398,
      60911.44806422398,
      60911.44806422398,
      61014.305207081125,
      61014.305207081125,
      61059.393269703425,
      61059.393269703425,
      60911.44806422398,
      60911.44806422398,
      60867.003619779534,
      60867.003619779534,
      60911.44806422398,
      60911.44806422398,
      60911.44806422398,
      60911.44806422398,
      60947.81170058762,
      60947.81170058762,
      60879.015631791546,
      60879.015631791546,
      60974.60595896082,
      60974.60595896082,
      60911.44806422398,
      60911.44806422398,
      61025.73377850969,
      61025.73377850969,
      61044.781397557315,
      61044.781397557315,
      61092.74302825275,
      61092.74302825275,
      61087.67184044776,
      61087.67184044776,
      61180.83581932602,
      61180.83581932602,
      61148.29016948714,
      61148.29016948714,
      61041.56854615169,
      61041.56854615169
    ],
    "v26_prices": [
      60000,
      60000,
      58306.63193577603,
      58306.63193577603,
      58675.862705006795,
      58675.862705006795,
      59106.63193577602,
      59106.63193577602,
      59106.63193577602,
      59106.63193577602,
      59350.11019664559,
      59350.11019664559,
      59879.04572887948,
      59879.04572887948,
      59397.54102668511,
      59397.54102668511,
      59414.32424346833,
      59414.32424346833,
      59506.63193577603,
      59506.63193577603,
      59276.978602442694,
      59276.978602442694,
      59010.31193577602,
      59010.31193577602,
      59010.31193577602,
      59010.31193577602,
      58907.454792918885,
      58907.454792918885,
      58862.36673029657,
      58862.36673029657,
      59010.31193577602,
      59010.31193577602,
      59054.756380220475,
      59054.756380220475,
      59010.31193577602,
      59010.31193577602,
      59010.31193577602,
      59010.31193577602,
      58973.94829941239,
      58973.94829941239,
      59042.744368208456,
      59042.744368208456,
      58947.15404103919,
      58947.15404103919,
      59010.31193577602,
      59010.31193577602,
      58896.026221490305,
      58896.026221490305,
      58876.978602442694,
      58876.978602442694,
      58829.01697174725,
      58829.01697174725,
      58834.088159552244,
      58834.088159552244,
      58740.92418067399,
      58740.92418067399,
      58773.46983051287,
      58773.46983051287,
      58880.19145384832
    ]
  },
  "history": [
    {
      "timestamp": 1772059729.997371,
      "chain_id": "v27",
      "price": 60000,
      "metadata": {
        "initial": true
      }
    },
    {
      "timestamp": 1772059729.997371,
      "chain_id": "v26",
      "price": 60000,
      "metadata": {
        "initial": true
      }
    },
    {
      "timestamp": 1772059791.2552648,
      "chain_id": "v27",
      "price": 61615.12806422397,
      "metadata": {
        "fork_sustained": true,
        "fork_depth": 6
      }
    },
    {
      "timestamp": 1772059791.2552762,
      "chain_id": "v26",
      "price": 58306.63193577603,
      "metadata": {
        "fork_sustained": true,
        "fork_depth": 6
      }
    },
    {
      "timestamp": 1772059852.048692,
      "chain_id": "v27",
      "price": 61245.89729499321,
      "metadata": {
        "fork_sustained": true,
        "fork_depth": 13
      }
    },
    {
      "timestamp": 1772059852.0486987,
      "chain_id": "v26",
      "price": 58675.862705006795,
      "metadata": {
        "fork_sustained": true,
        "fork_depth": 13
      }
    },
    {
      "timestamp": 1772059912.7404478,
      "chain_id": "v27",
      "price": 60815.12806422398,
      "metadata": {
        "fork_sustained": true,
        "fork_depth": 18
      }
    },
    {
      "timestamp": 1772059912.7404535,
      "chain_id": "v26",
      "price": 59106.63193577602,
      "metadata": {
        "fork_sustained": true,
        "fork_depth": 18
      }
    },
    {
      "timestamp": 1772059972.7468674,
      "chain_id": "v27",
      "price": 60815.12806422398,
      "metadata": {
        "fork_sustained": true,
        "fork_depth": 18
      }
    },
    {
      "timestamp": 1772059972.7468724,
      "chain_id": "v26",
      "price": 59106.63193577602,
      "metadata": {
        "fork_sustained": true,
        "fork_depth": 18
      }
    },
    {
      "timestamp": 1772060032.869144,
      "chain_id": "v27",
      "price": 60571.64980335441,
      "metadata": {
        "fork_sustained": true,
        "fork_depth": 23
      }
    },
    {
      "timestamp": 1772060032.869152,
      "chain_id": "v26",
      "price": 59350.11019664559,
      "metadata": {
        "fork_sustained": true,
        "fork_depth": 23
      }
    },
    {
      "timestamp": 1772060093.237665,
      "chain_id": "v27",
      "price": 60042.71427112052,
      "metadata": {
        "fork_sustained": true,
        "fork_depth": 29
      }
    },
    {
      "timestamp": 1772060093.2376723,
      "chain_id": "v26",
      "price": 59879.04572887948,
      "metadata": {
        "fork_sustained": true,
        "fork_depth": 29
      }
    },
    {
      "timestamp": 1772060153.335858,
      "chain_id": "v27",
      "price": 60524.21897331489,
      "metadata": {
        "fork_sustained": true,
        "fork_depth": 33
      }
    },
    {
      "timestamp": 1772060153.3358653,
      "chain_id": "v26",
      "price": 59397.54102668511,
      "metadata": {
        "fork_sustained": true,
        "fork_depth": 33
      }
    },
    {
      "timestamp": 1772060213.473445,
      "chain_id": "v27",
      "price": 60507.435756531675,