{
  "blocks_mined": {
    "v27": 2,
    "v26": 1009
  },
  "total_blocks": 1011,
  "final_hashrate": {
    "v27": 0.0,
    "v26": 86.4
  },
  "final_economic": {
    "v27": 0.0,
    "v26": 100.0
  },
  "final_prices": {
    "v27": 48007.55508919203,
    "v26": 71339.64491080798
  }
}