{
  "blocks_mined": {
    "v27": 178,
    "v26": 714
  },
  "total_blocks": 892,
  "final_hashrate": {
    "v27": 0.0,
    "v26": 98.36999999999999
  },
  "final_economic": {
    "v27": 0.0,
    "v26": 100.0
  },
  "final_prices": {
    "v27": 49478.20069204152,
    "v26": 70443.55930795848
  }
}