{
  "blocks_mined": {
    "v27": 14,
    "v26": 712
  },
  "total_blocks": 726,
  "final_hashrate": {
    "v27": 0.0,
    "v26": 86.4
  },
  "final_economic": {
    "v27": 0.0,
    "v26": 100.0
  },
  "final_prices": {
    "v27": 48127.245949926364,
    "v26": 71219.95405007365
  }
}