{
  "config": {
    "base_price": 60000,
    "max_divergence": 0.2,
    "coefficients": {
      "chain_weight": 0.3,
      "economic_weight": 0.5,
      "hashrate_weight": 0.2
    }
  },
  "current_prices": {
    "v27": 57969.895266350075,
    "v26": 61377.30473364993
  },
  "timeline": {
    "timestamps": [
      1772592990.710667,
      1772593051.7782817,
      1772593051.77829,
      1772593112.7498806,
      1772593112.7498927,
      1772593173.1571171,
      1772593173.1571274,
      1772593233.251178,
      1772593233.2511835,
      1772593293.804786,
      1772593293.8047938,
      1772593354.2731142,
      1772593354.2731225,
      1772593414.9144921,
      1772593414.9144979,
      1772593475.4943228,
      1772593475.4943278,
      1772593536.238334,
      1772593536.2383423,
      1772593596.9542956,
      1772593596.9543009,
      1772593657.857093,
      1772593657.8570986,
      1772593718.8053374,
      1772593718.8053455,
      1772593779.200413,
      1772593779.2004197,
      1772593839.6639519,
      1772593839.6639569,
      1772593900.3010483,
      1772593900.3010538,
      1772593960.9300563,
      1772593960.9300616,
      1772594021.4769855,
      1772594021.4769928,
      1772594082.090627,
      1772594082.090635,
      1772594142.5622938,
      1772594142.5623038,
      1772594203.272193,
      1772594203.2721992,
      1772594263.5037909,
      1772594263.5037982,
      1772594323.695007,
      1772594323.6950126,
      1772594383.8107994,
      1772594383.8108068,
      1772594444.5249047,
      1772594444.52491,
      1772594505.101045,
      1772594505.1010504,
      1772594565.7765307,
      1772594565.7765388,
      1772594626.4109287,
      1772594626.4109342,
      1772594687.2376525,
      1772594687.237661,
      1772594747.8216383,
      1772594747.8216484
    ],
    "v27_prices": [
      60000,
      59986.715224772524,
      59986.715224772524,
      60310.71522477252,
      60310.71522477252,
      60475.28665334395,
      60475.28665334395,
      60469.873119509364,
      60469.873119509364,
      60499.93836526839,
      60499.93836526839,
      60559.442497499804,
      60559.442497499804,
      60574.57649644882,
      60574.57649644882,
      60458.992452495295,
      60458.992452495295,
      60548.25368631098,
      60548.25368631098,
      61134.42487728218,
      61134.42487728218,
      61265.68829996388,
      61265.68829996388,
      61321.39028882922,
      61321.39028882922,
      61365.45616977031,
      61365.45616977031,
      61424.771950841096,
      61424.771950841096,
      61464.3562244044,
      61464.3562244044,
      61526.909442878554,
      61526.909442878554,
      61535.6284290928,
      61535.6284290928,
      61571.43974504284,
      61571.43974504284,
      61580.76322426825,
      61580.76322426825,
      59138.24831386794,
      59138.24831386794,
      58969.39174213862,
      58969.39174213862,
      58812.41748640026,
      58812.41748640026,
      58653.59928221798,
      58653.59928221798,
      58498.78945987624,
      58498.78945987624,
      58384.579727622506,
      58384.579727622506,
      58268.11515081849,
      58268.11515081849,
      58163.8012634345,
      58163.8012634345,
      58060.740850942224,
      58060.740850942224,
      57969.895266350075,
      57969.895266350075
    ],
    "v26_prices": [
      60000,
      60000,
      59360.48477522749,
      59360.48477522749,
      59036.48477522749,
      59036.48477522749,
      58871.91334665606,
      58871.91334665606,
      58877.32688049065,
      58877.32688049065,
      58847.26163473162,
      58847.26163473162,
      58787.757502500215,
      58787.757502500215,
      58772.623503551185,
      58772.623503551185,
      58888.20754750471,
      58888.20754750471,
      58798.946313689026,
      58798.946313689026,
      58212.77512271784,
      58212.77512271784,
      58081.51170003613,
      58081.51170003613,
      58025.809711170776,
      58025.809711170776,
      57981.743830229694,
      57981.743830229694,
      57922.42804915891,
      57922.42804915891,
      57882.843775595604,
      57882.843775595604,
      57820.29055712144,
      57820.29055712144,
      57811.5715709072,
      57811.5715709072,
      57775.760254957175,
      57775.760254957175,
      57766.43677573176,
      57766.43677573176,
      60208.951686132066,
      60208.951686132066,
      60377.80825786139,
      60377.80825786139,
      60534.78251359974,
      60534.78251359974,
      60693.60071778202,
      60693.60071778202,
      60848.41054012376,
      60848.41054012376,
      60962.6202723775,
      60962.6202723775,
      61079.08484918151,
      61079.08484918151,
      61183.39873656551,
      61183.39873656551,
      61286.45914905778,
      61286.45914905778,
      61377.30473364993
    ]
  },
  "history": [
    {
      "timestamp": 1772592990.710667,
      "chain_id": "v27",
      "price": 60000,
      "metadata": {
        "initial": true
      }
    },
    {
      "timestamp": 1772592990.710667,
      "chain_id": "v26",
      "price": 60000,
      "metadata": {
        "initial": true
      }
    },
    {
      "timestamp": 1772593051.7782817,
      "chain_id": "v27",
      "price": 59986.715224772524,
      "metadata": {
        "fork_sustained": true,
        "fork_depth": 24
      }
    },
    {
      "timestamp": 1772593051.77829,
      "chain_id": "v26",
      "price": 59360.48477522749,
      "metadata": {
        "fork_sustained": true,
        "fork_depth": 24
      }
    },
    {
      "timestamp": 1772593112.7498806,
      "chain_id": "v27",
      "price": 60310.71522477252,
      "metadata": {
        "fork_sustained": true,
        "fork_depth": 50
      }
    },
    {
      "timestamp": 1772593112.7498927,
      "chain_id": "v26",
      "price": 59036.48477522749,
      "metadata": {
        "fork_sustained": true,
        "fork_depth": 50
      }
    },
    {
      "timestamp": 1772593173.1571171,
      "chain_id": "v27",
      "price": 60475.28665334395,
      "metadata": {
        "fork_sustained": true,
        "fork_depth": 70
      }
    },
    {
      "timestamp": 1772593173.1571274,
      "chain_id": "v26",
      "price": 58871.91334665606,
      "metadata": {
        "fork_sustained": true,
        "fork_depth": 70
      }
    },
    {
      "timestamp": 1772593233.251178,
      "chain_id": "v27",
      "price": 60469.873119509364,
      "metadata": {
        "fork_sustained": true,
        "fork_depth": 95
      }
    },
    {
      "timestamp": 1772593233.2511835,
      "chain_id": "v26",
      "price": 58877.32688049065,
      "metadata": {
        "fork_sustained": true,
        "fork_depth": 95
      }
    },
    {
      "timestamp": 1772593293.804786,
      "chain_id": "v27",
      "price": 60499.93836526839,
      "metadata": {
        "fork_sustained": true,
        "fork_depth": 121
      }
    },
    {
      "timestamp": 1772593293.8047938,
      "chain_id": "v26",
      "price": 58847.26163473162,
      "metadata": {
        "fork_sustained": true,
        "fork_depth": 121
      }
    },
    {
      "timestamp": 1772593354.2731142,
      "chain_id": "v27",
      "price": 60559.442497499804,
      "metadata": {
        "fork_sustained": true,
        "fork_depth": 143
      }
    },
    {
      "timestamp": 1772593354.2731225,
      "chain_id": "v26",
      "price": 58787.757502500215,
      "metadata": {
        "fork_sustained": true,
        "fork_depth": 143
      }
    },
    {
      "timestamp": 1772593414.9144921,
      "chain_id": "v27",
      "price": 60574.57649644882,
      "metadata": {
        "fork_sustained": true,
        "fork_depth": 173
      }
    },
    {
      "timestamp": 1772593414.9144979,
      "chain_id": "v26",
      "price": 58772.623503551185,
      "metadata": {
        "fork_sustained": true,
        "fork_depth": 173
      }
    },
    {
      "timestamp": 1772593475.4943228,
      "chain_id": "v27",
      "price": 60458.992452495295,