{
  "blocks_mined": {
    "v27": 2751,
    "v26": 1545
  },
  "total_blocks": 4296,
  "final_hashrate": {
    "v27": 86.4,
    "v26": 0.0
  },
  "final_economic": {
    "v27": 56.737060138721,
    "v26": 43.262939861279
  },
  "final_prices": {
    "v27": 63231.884800785505,
    "v26": 56115.31519921451
  }
}