{
  "blocks_mined": {
    "v27": 5264,
    "v26": 1546
  },
  "total_blocks": 6810,
  "final_hashrate": {
    "v27": 86.4,
    "v26": 0.0
  },
  "final_economic": {
    "v27": 56.73741253525133,
    "v26": 43.26258746474866
  },
  "final_prices": {
    "v27": 64136.84057953773,
    "v26": 55210.35942046228
  }
}