{
  "blocks_mined": {
    "v27": 15,
    "v26": 1211
  },
  "total_blocks": 1226,
  "final_hashrate": {
    "v27": 0.0,
    "v26": 86.4
  },
  "final_economic": {
    "v27": 0.0,
    "v26": 100.0
  },
  "final_prices": {
    "v27": 48073.53191489362,
    "v26": 71273.66808510639
  }
}