{
  "blocks_mined": {
    "v27": 212,
    "v26": 18
  },
  "total_blocks": 230,
  "final_hashrate": {
    "v27": 86.4,
    "v26": 0.0
  },
  "final_economic": {
    "v27": 100.0,
    "v26": 0.0
  },
  "final_prices": {
    "v27": 70750.51491712708,
    "v26": 48596.68508287294
  }
}