{
  "blocks_mined": {
    "v27": 416,
    "v26": 797
  },
  "total_blocks": 1213,
  "final_hashrate": {
    "v27": 0.0,
    "v26": 86.4
  },
  "final_economic": {
    "v27": 62.14929353977099,
    "v26": 37.850706460229006
  },
  "final_prices": {
    "v27": 57972.584613525025,
    "v26": 61374.61538647497
  }
}