{
  "blocks_mined": {
    "v27": 5,
    "v26": 831
  },
  "total_blocks": 836,
  "final_hashrate": {
    "v27": 0.0,
    "v26": 86.4
  },
  "final_economic": {
    "v27": 0.0,
    "v26": 100.0
  },
  "final_prices": {
    "v27": 48018.461538461546,
    "v26": 71328.73846153847
  }
}