{
  "blocks_mined": {
    "v27": 161,
    "v26": 47
  },
  "total_blocks": 208,
  "final_hashrate": {
    "v27": 86.4,
    "v26": 0.0
  },
  "final_economic": {
    "v27": 100.0,
    "v26": 0.0
  },
  "final_prices": {
    "v27": 69810.61463414635,
    "v26": 49536.585365853665
  }
}