{
  "timestamps": [
    0,
    60,
    121,
    181,
    242,
    302,
    363,
    423,
    484,
    545,
    605,
    666,
    727,
    787,
    847,
    908,
    968,
    1028,
    1088,
    1148,
    1209,
    1270,
    1331,
    1391,
    1452,
    1512,
    1573,
    1633,
    1693,
    1753,
    1800
  ],
  "v27_price": [
    60000,
    60000,
    58543.45298449252,
    58867.45298449252,
    59032.02441306395,
    59026.61087922936,
    59056.67612498839,
    59116.18025721979,
    59131.31425616882,
    59015.7302122153,
    59104.99144603099,
    58707.162637002184,
    58676.110378273675,
    58582.05386554978,
    58584.13356037219,
    58540.14463456459,
    58511.323074868626,
    58475.16245737441,
    58428.64119778552,
    58394.38126696481,
    58366.10839941984,
    61102.26967112924,
    61293.459704264664,
    61482.70345757199,
    61637.951343353205,
    61816.06334121281,
    61951.21221727642,
    62083.02044086498,
    62205.01996552764,
    62325.52796674109,
    62423.66915019121
  ],
  "v26_price": [
    60000,
    60000,
    60803.74701550749,
    60479.74701550747,
    60315.17558693606,
    60320.58912077064,
    60290.52387501162,
    60231.019742780205,
    60215.88574383118,
    60331.469787784714,
    60242.208553969016,
    60640.03736299783,
    60671.089621726336,
    60765.146134450224,
    60763.066439627815,
    60807.05536543542,
    60835.876925131386,
    60872.03754262559,
    60918.558802214495,
    60952.818733035194,
    60981.09160058016,
    58244.93032887077,
    58053.74029573535,
    57864.496542428016,
    57709.24865664681,
    57531.13665878719,
    57395.98778272359,
    57264.17955913503,
    57142.180034472374,
    57021.672033258925,
    56923.5308498088
  ],
  "v27_hashrate": [
    38.1,
    38.1,
    38.1,
    38.1,
    38.1,
    38.1,
    38.1,
    38.1,
    38.1,
    38.1,
    30.0,
    30.0,
    30.0,
    30.0,
    30.0,
    30.0,
    30.0,
    30.0,
    30.0,
    30.0,
    86.4,
    86.4,
    86.4,
    86.4,
    86.4,
    86.4,
    86.4,
    86.4,
    86.4,
    86.4,
    86.4
  ],
  "v26_hashrate": [
    48.3,
    48.3,
    48.3,
    48.3,
    48.3,
    48.3,
    48.3,
    48.3,
    48.3,
    48.3,
    56.39999999999999,
    56.39999999999999,
    56.39999999999999,
    56.39999999999999,
    56.39999999999999,
    56.39999999999999,
    56.39999999999999,
    56.39999999999999,
    56.39999999999999,
    56.39999999999999,
    0.0,
    0.0,
    0.0,
    0.0,
    0.0,
    0.0,
    0.0,
    0.0,
    0.0,
    0.0,
    0.0
  ],
  "v27_economic": [
    50.12210820410434,
    50.12210820410434,
    50.12210820410434,
    50.12210820410434,
    50.12210820410434,
    50.12210820410434,
    50.12210820410434,
    50.12210820410434,
    50.12210820410434,
    50.12210820410434,
    50.12210820410434,
    50.12210820410434,
    50.12210820410434,
    50.12210820410434,
    50.12210820410434,
    50.12210820410434,
    50.12210820410434,
    50.12210820410434,
    50.12210820410434,
    50.12210820410434,
    50.12210820410434,
    50.12210820410434,
    50.12210820410434,
    50.12210820410434,
    50.12210820410434,
    50.12210820410434,
    50.12210820410434,
    50.12210820410434,
    50.12210820410434,
    50.12210820410434,
    50.12210820410434
  ],
  "v26_economic": [
    49.87789179589566,
    49.87789179589566,
    49.87789179589566,
    49.87789179589566,
    49.87789179589566,
    49.87789179589566,
    49.87789179589566,
    49.87789179589566,
    49.87789179589566,
    49.87789179589566,
    49.87789179589566,
    49.87789179589566,
    49.87789179589566,
    49.87789179589566,
    49.87789179589566,
    49.87789179589566,
    49.87789179589566,
    49.87789179589566,
    49.87789179589566,
    49.87789179589566,
    49.87789179589566,
    49.87789179589566,
    49.87789179589566,
    49.87789179589566,
    49.87789179589566,
    49.87789179589566,
    49.87789179589566,
    49.87789179589566,
    49.87789179589566,
    49.87789179589566,
    49.87789179589566
  ],
  "v27_blocks": [
    0,
    9,
    21,
    31,
    42,
    54,
    65,
    79,
    89,
    106,
    117,
    130,
    136,
    154,
    179,
    204,
    228,
    250,
    271,
    293,
    341,
    427,
    473,
    512,
    560,
    593,
    623,
    653,
    685,
    713,
    735
  ],
  "v26_blocks": [
    0,
    15,
    29,
    39,
    53,
    67,
    78,
    94,
    113,
    128,
    142,
    179,
    214,
    246,
    283,
    313,
    344,
    377,
    407,
    436,
    463,
    463,
    464,
    465,
    465,
    465,
    465,
    465,
    465,
    465,
    465
  ],
  "v27_difficulty": [
    1.0,
    1.0,
    1.0,
    1.0,
    1.0,
    1.0,
    1.0,
    1.0,
    1.0,
    1.0,
    1.0,
    1.0,
    1.0,
    0.3794466403162055,
    0.3794466403162055,
    0.3794466403162055,
    0.3794466403162055,
    0.3794466403162055,
    0.3794466403162055,
    0.2860749539556733,
    0.2860749539556733,
    0.2860749539556733,
    0.6289281430475872,
    0.6289281430475872,
    0.6289281430475872,
    0.879278180571384,
    0.879278180571384,
    0.879278180571384,
    0.879278180571384,
    0.879278180571384,
    0.8854269790369182
  ],
  "v26_difficulty": [
    1.0,
    1.0,
    1.0,
    1.0,
    1.0,
    1.0,
    1.0,
    1.0,
    1.0,
    1.0,
    1.0,
    0.4729064039408867,
    0.4729064039408867,
    0.4729064039408867,
    0.4729064039408867,
    0.5581846079302268,
    0.5581846079302268,
    0.5581846079302268,
    0.5581846079302268,
    0.5562531733007104,
    0.5562531733007104,
    0.5562531733007104,
    0.5562531733007104,
    0.5562531733007104,
    0.5562531733007104,
    0.5562531733007104,
    0.5562531733007104,
    0.5562531733007104,
    0.5562531733007104,
    0.5562531733007104,
    0.5562531733007104
  ],
  "v27_chainwork": [
    0.0,
    9.0,
    21.0,
    31.0,
    42.0,
    54.0,
    65.0,
    79.0,
    89.0,
    106.0,
    117.0,
    130.0,
    136.0,
    147.79446640316218,
    157.28063241106761,
    166.76679841897305,
    175.87351778656227,
    184.22134387351906,
    192.18972332015963,
    200.0706909753137,
    213.80228876518618,
    238.40473480537435,
    265.62116344010326,
    290.14936101895864,
    320.3379118852422,
    345.3484912437165,
    371.7268366608574,
    398.1051820779982,
    426.2420838562818,
    450.8618729122799,
    470.2982248618335
  ],
  "v26_chainwork": [
    0.0,
    15.0,
    29.0,
    39.0,
    53.0,
    67.0,
    78.0,
    94.0,
    113.0,
    128.0,
    142.0,
    160.5517241379314,
    177.10344827586277,
    192.23645320197147,
    209.73399014778465,
    226.05313736574487,
    243.356860211582,
    261.77695227327956,
    278.52249051118645,
    294.70211840264506,
    309.72095408176443,
    309.72095408176443,
    310.27720725506515,
    310.83346042836587,
    310.83346042836587,
    310.83346042836587,
    310.83346042836587,
    310.83346042836587,
    310.83346042836587,
    310.83346042836587,
    310.83346042836587
  ],
  "v27_fee_rate": [
    1.0,
    1.0,
    0.009550453551606284,
    0.009550453551606284,
    0.009550453551606284,
    0.009550453551606284,
    0.009550453551606284,
    0.009550453551606284,
    0.009550453551606284,
    0.009550453551606284,
    0.009550453551606284,
    0.012129076010539981,
    0.012129076010539981,
    0.012129076010539981,
    0.004602337142339281,
    0.004602337142339281,
    0.004602337142339281,
    0.004602337142339281,
    0.004602337142339281,
    0.004602337142339281,
    0.0034698248612400865,
    0.0012048002990416966,
    0.0012048002990416966,
    0.002648721268122203,
    0.002648721268122203,
    0.002648721268122203,
    0.0037030666272776435,
    0.0037030666272776435,
    0.0037030666272776435,
    0.0037030666272776435,
    0.0037030666272776435
  ],