{
  "blocks_mined": {
    "v27": 9,
    "v26": 458
  },
  "total_blocks": 467,
  "final_hashrate": {
    "v27": 0.0,
    "v26": 86.4
  },
  "final_economic": {
    "v27": 0.0,
    "v26": 100.0
  },
  "final_prices": {
    "v27": 48088.23529411765,
    "v26": 71258.96470588236
  }
}