{
  "blocks_mined": {
    "v27": 2021,
    "v26": 1417
  },
  "total_blocks": 3438,
  "final_hashrate": {
    "v27": 50.5,
    "v26": 35.9
  },
  "final_economic": {
    "v27": 56.737060138721,
    "v26": 43.262939861279
  },
  "final_prices": {
    "v27": 61474.32404949109,
    "v26": 57872.87595050891
  }
}