{
  "blocks_mined": {
    "v27": 763,
    "v26": 444
  },
  "total_blocks": 1207,
  "final_hashrate": {
    "v27": 86.4,
    "v26": 0.0
  },
  "final_economic": {
    "v27": 50.12210820410434,
    "v26": 49.87789179589566
  },
  "final_prices": {
    "v27": 62597.91574973648,
    "v26": 56749.284250263525
  }
}