{
  "timestamps": [
    0,
    60,
    120,
    181,
    241,
    301,
    362,
    423,
    483,
    544,
    604,
    665,
    726,
    786,
    846,
    907,
    967,
    1028,
    1088,
    1149,
    1210,
    1270,
    1330,
    1391,
    1451,
    1511,
    1572,
    1632,
    1693,
    1753,
    1800
  ],
  "v27_price": [
    60000,
    60000,
    58543.45298449252,
    58867.45298449252,
    58973.887767101216,
    59026.61087922936,
    59056.67612498839,
    59088.52340702774,
    59131.31425616882,
    59031.51268598506,
    59088.08817762557,
    59108.56926356229,
    59133.219041489545,
    59110.32371677413,
    59085.77119137,
    59032.05807191955,
    59017.68570699692,
    59055.754869372744,
    59046.15992019954,
    59038.88232258,
    59018.92433198406,
    61362.99869415996,
    61542.97383504306,
    61716.538121229336,
    61863.72392559375,
    62027.39705081512,
    62149.57518539246,
    62278.684539100956,
    62394.233114840645,
    62501.433672754894,
    62597.91574973648
  ],
  "v26_price": [
    60000,
    60000,
    60803.74701550749,
    60479.74701550747,
    60373.31223289878,
    60320.58912077064,
    60290.52387501162,
    60258.676592972275,
    60215.88574383118,
    60315.68731401494,
    60259.11182237444,
    60238.630736437706,
    60213.98095851046,
    60236.87628322587,
    60261.42880862999,
    60315.14192808045,
    60329.514293003085,
    60291.44513062727,
    60301.04007980046,
    60308.317677420004,
    60328.27566801595,
    57984.20130584004,
    57804.22616495695,
    57630.661878770676,
    57483.47607440625,
    57319.802949184894,
    57197.624814607545,
    57068.515460899056,
    56952.96688515937,
    56845.76632724512,
    56749.284250263525
  ],
  "v27_hashrate": [
    38.1,
    38.1,
    38.1,
    38.1,
    38.1,
    38.1,
    38.1,
    38.1,
    38.1,
    38.1,
    38.1,
    38.1,
    38.1,
    38.1,
    38.1,
    38.1,
    38.1,
    38.1,
    38.1,
    38.1,
    86.4,
    86.4,
    86.4,
    86.4,
    86.4,
    86.4,
    86.4,
    86.4,
    86.4,
    86.4,
    86.4
  ],
  "v26_hashrate": [
    48.3,
    48.3,
    48.3,
    48.3,
    48.3,
    48.3,
    48.3,
    48.3,
    48.3,
    48.3,
    48.3,
    48.3,
    48.3,
    48.3,
    48.3,
    48.3,
    48.3,
    48.3,
    48.3,
    48.3,
    0.0,
    0.0,
    0.0,
    0.0,
    0.0,
    0.0,
    0.0,
    0.0,
    0.0,
    0.0,
    0.0
  ],
  "v27_economic": [
    50.12210820410434,
    50.12210820410434,
    50.12210820410434,
    50.12210820410434,
    50.12210820410434,
    50.12210820410434,
    50.12210820410434,
    50.12210820410434,
    50.12210820410434,
    50.12210820410434,
    50.12210820410434,
    50.12210820410434,
    50.12210820410434,
    50.12210820410434,
    50.12210820410434,
    50.12210820410434,
    50.12210820410434,
    50.12210820410434,
    50.12210820410434,
    50.12210820410434,
    50.12210820410434,
    50.12210820410434,
    50.12210820410434,
    50.12210820410434,
    50.12210820410434,
    50.12210820410434,
    50.12210820410434,
    50.12210820410434,
    50.12210820410434,
    50.12210820410434,
    50.12210820410434
  ],
  "v26_economic": [
    49.87789179589566,
    49.87789179589566,
    49.87789179589566,
    49.87789179589566,
    49.87789179589566,
    49.87789179589566,
    49.87789179589566,
    49.87789179589566,
    49.87789179589566,
    49.87789179589566,
    49.87789179589566,
    49.87789179589566,
    49.87789179589566,
    49.87789179589566,
    49.87789179589566,
    49.87789179589566,
    49.87789179589566,
    49.87789179589566,
    49.87789179589566,
    49.87789179589566,
    49.87789179589566,
    49.87789179589566,
    49.87789179589566,
    49.87789179589566,
    49.87789179589566,
    49.87789179589566,
    49.87789179589566,
    49.87789179589566,
    49.87789179589566,
    49.87789179589566,
    49.87789179589566
  ],
  "v27_blocks": [
    0,
    9,
    21,
    30,
    42,
    54,
    64,
    79,
    89,
    105,
    117,
    131,
    141,
    159,
    184,
    216,
    253,
    285,
    309,
    335,
    371,
    434,
    490,
    541,
    591,
    619,
    651,
    682,
    713,
    742,
    763
  ],
  "v26_blocks": [
    0,
    15,
    29,
    39,
    53,
    67,
    78,
    94,
    112,
    128,
    141,
    169,
    199,
    227,
    265,
    301,
    327,
    360,
    385,
    416,
    443,
    443,
    444,
    444,
    444,
    444,
    444,
    444,
    444,
    444,
    444
  ],
  "v27_difficulty": [
    1.0,
    1.0,
    1.0,
    1.0,
    1.0,
    1.0,
    1.0,
    1.0,
    1.0,
    1.0,
    1.0,
    1.0,
    1.0,
    0.3876177658142665,
    0.3876177658142665,
    0.3876177658142665,
    0.3876177658142665,
    0.3876177658142665,
    0.3876177658142665,
    0.3876177658142665,
    0.3876177658142665,
    0.4730250701462235,
    0.4730250701462235,
    0.4730250701462235,
    0.8514451262632023,
    0.8514451262632023,
    0.8514451262632023,
    0.8514451262632023,
    0.8514451262632023,
    0.8884644795789938,
    0.8884644795789938
  ],
  "v26_difficulty": [
    1.0,
    1.0,
    1.0,
    1.0,
    1.0,
    1.0,
    1.0,
    1.0,
    1.0,
    1.0,
    1.0,
    0.4682926829268293,
    0.4682926829268293,
    0.4682926829268293,
    0.4682926829268293,
    0.5070236567027324,
    0.5070236567027324,
    0.5070236567027324,
    0.5070236567027324,
    0.5070236567027324,
    0.4867427104346231,
    0.4867427104346231,
    0.4867427104346231,
    0.4867427104346231,
    0.4867427104346231,
    0.4867427104346231,
    0.4867427104346231,
    0.4867427104346231,
    0.4867427104346231,
    0.4867427104346231,
    0.4867427104346231
  ],
  "v27_chainwork": [
    0.0,
    9.0,
    21.0,
    30.0,
    42.0,
    54.0,
    64.0,
    79.0,
    89.0,
    105.0,
    117.0,
    131.0,
    141.0,
    149.81426648721404,
    159.50471063257078,
    171.9084791386274,
    186.25033647375537,
    198.654104979812,
    207.95693135935446,
    218.03499327052546,
    231.98923283983916,
    256.579966694802,
    283.0693706229896,
    307.19364920044615,
    336.5212035495118,
    360.36166708488224,
    387.6079111253056,
    414.0027100394657,
    440.3975089536258,
    465.9038433882064,
    484.5615974593654
  ],
  "v26_chainwork": [
    0.0,
    15.0,
    29.0,
    39.0,
    53.0,
    67.0,
    78.0,
    94.0,
    112.0,
    128.0,
    141.0,
    155.70731707317074,
    169.75609756097563,
    182.86829268292686,
    200.6634146341464,
    218.02545387859894,
    231.20806895286987,
    247.9398496240599,
    260.61544104162834,
    276.3331743994138,
    289.7997227214386,
    289.7997227214386,
    290.28646543187324,
    290.28646543187324,
    290.28646543187324,
    290.28646543187324,
    290.28646543187324,
    290.28646543187324,
    290.28646543187324,
    290.28646543187324,
    290.28646543187324
  ],
  "v27_fee_rate": [
    1.0,
    1.0,
    0.009550453551606284,
    0.009550453551606284,
    0.009550453551606284,
    0.009550453551606284,
    0.009550453551606284,
    0.009550453551606284,
    0.009550453551606284,
    0.009550453551606284,
    0.009550453551606284,
    0.009550453551606284,
    0.009550453551606284,
    0.009550453551606284,
    0.0037019254681865538,
    0.0037019254681865538,
    0.0037019254681865538,
    0.0037019254681865538,
    0.0037019254681865538,
    0.0037019254681865538,
    0.0037019254681865538,
    0.001632446300207265,
    0.0019921378578800523,
    0.0019921378578800523,
    0.0019921378578800523,
    0.003585848144184094,
    0.003585848144184094,
    0.003585848144184094,
    0.003585848144184094,
    0.003585848144184094,
    0.0037417545852355765
  ],