{
  "blocks_mined": {
    "v27": 332,
    "v26": 74
  },
  "total_blocks": 406,
  "final_hashrate": {
    "v27": 98.36999999999999,
    "v26": 0.0
  },
  "final_economic": {
    "v27": 55.00340053519982,
    "v26": 44.99659946480019
  },
  "final_prices": {
    "v27": 64981.52245402638,
    "v26": 54940.23754597363
  }
}