{
  "blocks_mined": {
    "v27": 734,
    "v26": 465
  },
  "total_blocks": 1199,
  "final_hashrate": {
    "v27": 86.4,
    "v26": 0.0
  },
  "final_economic": {
    "v27": 50.12210820410434,
    "v26": 49.87789179589566
  },
  "final_prices": {
    "v27": 62425.56968434926,
    "v26": 56921.63031565075
  }
}