{
  "blocks_mined": {
    "v27": 111,
    "v26": 4
  },
  "total_blocks": 115,
  "final_hashrate": {
    "v27": 86.4,
    "v26": 0.0
  },
  "final_economic": {
    "v27": 100.0,
    "v26": 0.0
  },
  "final_prices": {
    "v27": 71254.89230769232,
    "v26": 48092.307692307695
  }
}