{
  "timestamps": [
    0,
    60,
    120,
    181,
    241,
    301,
    362,
    423,
    483,
    544,
    605,
    665,
    725,
    786,
    846,
    906,
    967,
    1027,
    1087,
    1147,
    1208,
    1268,
    1329,
    1389,
    1450,
    1510,
    1571,
    1631,
    1692,
    1753,
    1800
  ],
  "v27_price": [
    60000,
    60000,
    57694.33369979446,
    57933.10920999853,
    58124.76848240315,
    58168.527248181555,
    58201.056388870085,
    58262.41880617743,
    58255.510170382695,
    58194.33369979446,
    58201.32059935777,
    57870.649978864225,
    57785.19763775224,
    57747.85520212995,
    57732.88897788753,
    57686.33339802155,
    57671.9443143196,
    57617.52365644253,
    57588.02076447253,
    57565.20692667897,
    57534.9009166258,
    60229.247836293056,
    60427.193406146485,
    60582.0579416099,
    60767.60552114532,
    60907.488377915404,
    61060.72529826187,
    61176.505289378925,
    61312.729051150505,
    61427.26086395233,
    61540.723921643206
  ],
  "v26_price": [
    60000,
    60000,
    61652.86630020555,
    61414.09079000146,
    61222.43151759684,
    61178.672751818456,
    61146.14361112991,
    61084.78119382258,
    61091.6898296173,
    61152.86630020555,
    61145.87940064221,
    61476.550021135765,
    61562.002362247775,
    61599.34479787006,
    61614.31102211246,
    61660.86660197846,
    61675.25568568041,
    61729.67634355747,
    61759.179235527474,
    61781.99307332103,
    61812.2990833742,
    59117.95216370695,
    58920.00659385352,
    58765.142058390105,
    58579.594478854684,
    58439.71162208461,
    58286.47470173814,
    58170.69471062108,
    58034.4709488495,
    57919.93913604768,
    57806.4760783568
  ],
  "v27_hashrate": [
    38.1,
    38.1,
    38.1,
    38.1,
    38.1,
    38.1,
    38.1,
    38.1,
    38.1,
    38.1,
    30.0,
    30.0,
    30.0,
    30.0,
    30.0,
    30.0,
    30.0,
    30.0,
    30.0,
    30.0,
    86.4,
    86.4,
    86.4,
    86.4,
    86.4,
    86.4,
    86.4,
    86.4,
    86.4,
    86.4,
    86.4
  ],
  "v26_hashrate": [
    48.3,
    48.3,
    48.3,
    48.3,
    48.3,
    48.3,
    48.3,
    48.3,
    48.3,
    48.3,
    56.39999999999999,
    56.39999999999999,
    56.39999999999999,
    56.39999999999999,
    56.39999999999999,
    56.39999999999999,
    56.39999999999999,
    56.39999999999999,
    56.39999999999999,
    56.39999999999999,
    0.0,
    0.0,
    0.0,
    0.0,
    0.0,
    0.0,
    0.0,
    0.0,
    0.0,
    0.0,
    0.0
  ],
  "v27_economic": [
    43.046114164953785,
    43.046114164953785,
    43.046114164953785,
    43.046114164953785,
    43.046114164953785,
    43.046114164953785,
    43.046114164953785,
    43.046114164953785,
    43.046114164953785,
    43.046114164953785,
    43.046114164953785,
    43.046114164953785,
    43.046114164953785,
    43.046114164953785,
    43.046114164953785,
    43.046114164953785,
    43.046114164953785,
    43.046114164953785,
    43.046114164953785,
    43.046114164953785,
    43.046114164953785,
    43.046114164953785,
    43.046114164953785,
    43.046114164953785,
    43.046114164953785,
    43.046114164953785,
    43.046114164953785,
    43.046114164953785,
    43.046114164953785,
    43.046114164953785,
    43.046114164953785
  ],
  "v26_economic": [
    56.9538858350462,
    56.9538858350462,
    56.9538858350462,
    56.9538858350462,
    56.9538858350462,
    56.9538858350462,
    56.9538858350462,
    56.9538858350462,
    56.9538858350462,
    56.9538858350462,
    56.9538858350462,
    56.9538858350462,
    56.9538858350462,
    56.9538858350462,
    56.9538858350462,
    56.9538858350462,
    56.9538858350462,
    56.9538858350462,
    56.9538858350462,
    56.9538858350462,
    56.9538858350462,
    56.9538858350462,
    56.9538858350462,
    56.9538858350462,
    56.9538858350462,
    56.9538858350462,
    56.9538858350462,
    56.9538858350462,
    56.9538858350462,
    56.9538858350462,
    56.9538858350462
  ],
  "v27_blocks": [
    0,
    9,
    20,
    30,
    41,
    53,
    64,
    77,
    88,
    102,
    117,
    125,
    134,
    146,
    169,
    196,
    219,
    243,
    267,
    283,
    321,
    409,
    456,
    500,
    537,
    579,
    605,
    638,
    668,
    700,
    720
  ],
  "v26_blocks": [
    0,
    15,
    29,
    39,
    52,
    66,
    77,
    93,
    110,
    127,
    141,
    174,
    206,
    239,
    274,
    304,
    339,
    370,
    400,
    425,
    460,
    460,
    461,
    461,
    462,
    462,
    462,
    462,
    462,
    462,
    462
  ],
  "v27_difficulty": [
    1.0,
    1.0,
    1.0,
    1.0,
    1.0,
    1.0,
    1.0,
    1.0,
    1.0,
    1.0,
    1.0,
    1.0,
    1.0,
    0.36923076923076925,
    0.36923076923076925,
    0.36923076923076925,
    0.36923076923076925,
    0.36923076923076925,
    0.36923076923076925,
    0.36923076923076925,
    0.28057641566876396,
    0.28057641566876396,
    0.6264031605628219,
    0.6264031605628219,
    0.6264031605628219,
    0.846967653718745,
    0.846967653718745,
    0.846967653718745,
    0.846967653718745,
    0.846967653718745,
    0.8213019672424194
  ],
  "v26_difficulty": [
    1.0,
    1.0,
    1.0,
    1.0,
    1.0,
    1.0,
    1.0,
    1.0,
    1.0,
    1.0,
    1.0,
    0.4682926829268293,
    0.4682926829268293,
    0.4682926829268293,
    0.4682926829268293,
    0.535191637630662,
    0.535191637630662,
    0.535191637630662,
    0.535191637630662,
    0.535191637630662,
    0.524269359311669,
    0.524269359311669,
    0.524269359311669,
    0.524269359311669,
    0.524269359311669,
    0.524269359311669,
    0.524269359311669,
    0.524269359311669,
    0.524269359311669,
    0.524269359311669,
    0.524269359311669
  ],
  "v27_chainwork": [
    0.0,
    9.0,
    20.0,
    30.0,
    41.0,
    53.0,
    64.0,
    77.0,
    88.0,
    102.0,
    117.0,
    125.0,
    134.0,
    144.73846153846154,
    153.2307692307692,
    163.19999999999993,
    171.6923076923076,
    180.55384615384602,
    189.41538461538445,
    195.32307692307674,
    206.42825248630018,
    231.11897706515245,
    252.60591047904222,
    280.1676495438057,
    303.34456648462935,
    330.3151927077349,
    352.3363517044228,
    380.286284277142,
    405.6953138887049,
    432.79827880770534,
    449.7376318820806
  ],
  "v26_chainwork": [
    0.0,
    15.0,
    29.0,
    39.0,
    52.0,
    66.0,
    77.0,
    93.0,
    110.0,
    127.0,
    141.0,
    158.0487804878049,
    173.03414634146344,
    188.48780487804882,
    204.87804878048786,
    219.99721254355427,
    238.72891986062788,
    255.3198606271788,
    271.37560975609824,
    284.7554006968644,
    303.1812842210062,
    303.1812842210062,
    303.7055535803179,
    303.7055535803179,
    304.22982293962957,
    304.22982293962957,
    304.22982293962957,
    304.22982293962957,
    304.22982293962957,
    304.22982293962957,
    304.22982293962957
  ],
  "v27_fee_rate": [
    1.0,
    1.0,
    0.007533103934418018,
    0.007533103934418018,
    0.007533103934418018,
    0.007533103934418018,
    0.007533103934418018,
    0.007533103934418018,
    0.007533103934418018,
    0.007533103934418018,
    0.007533103934418018,
    0.009567041996710882,
    0.009567041996710882,
    0.009567041996710882,
    0.0035324462757086337,
    0.0035324462757086337,
    0.0035324462757086337,
    0.0035324462757086337,
    0.0035324462757086337,
    0.0035324462757086337,
    0.0035324462757086337,
    0.0009320438722186367,
    0.0009320438722186367,
    0.0020808421333253285,
    0.0020808421333253285,
    0.0020808421333253285,
    0.0028135330253412894,
    0.0028135330253412894,
    0.0028135330253412894,
    0.0028135330253412894,
    0.0028135330253412894
  ],