{
  "config": {
    "base_price": 60000,
    "max_divergence": 0.2,
    "coefficients": {
      "chain_weight": 0.3,
      "economic_weight": 0.5,
      "hashrate_weight": 0.2
    }
  },
  "current_prices": {
    "v27": 70858.7842214533,
    "v26": 49062.975778546715
  },
  "timeline": {
    "timestamps": [
      1772220711.056949,
      1772220772.1372561,
      1772220772.137266,
      1772220832.861437,
      1772220832.8614454,
      1772220892.971777,
      1772220892.971783,
      1772220953.0331728,
      1772220953.03318,
      1772221013.6114535,
      1772221013.611461,
      1772221074.214219,
      1772221074.2142267,
      1772221135.0356205,
      1772221135.035628,
      1772221195.71771,
      1772221195.7177155,
      1772221256.522678,
      1772221256.5226862,
      1772221317.690739,
      1772221317.6907449,
      1772221378.323546,
      1772221378.3235536,
      1772221438.4215922,
      1772221438.4216003,
      1772221499.0804598,
      1772221499.0804675,
      1772221559.2427156,
      1772221559.242721,
      1772221619.367253,
      1772221619.367265,
      1772221680.0470507,
      1772221680.047056,
      1772221740.7614079,
      1772221740.7614143,
      1772221801.5839298,
      1772221801.5839355,
      1772221862.4836872,
      1772221862.483692,
      1772221923.2687597,
      1772221923.2687697,
      1772221984.1232586,
      1772221984.1232643,
      1772222044.1603208,
      1772222044.1603262,
      1772222105.0327103,
      1772222105.0327158,
      1772222165.5661047,
      1772222165.5661125,
      1772222225.7112072,
      1772222225.711215,
      1772222286.6723578,
      1772222286.672363,
      1772222347.522523,
      1772222347.5225306,
      1772222408.414288,
      1772222408.4142954,
      1772222469.3742983,
      1772222469.3743043
    ],
    "v27_prices": [
      60000,
      65825.30138415775,
      65825.30138415775,
      65643.71248125736,
      65643.71248125736,
      65748.02052548154,
      65748.02052548154,
      65543.6846957614,
      65543.6846957614,
      65615.22180856093,
      65615.22180856093,
      65706.16006036526,
      65706.16006036526,
      65597.40296678565,
      65597.40296678565,
      65624.53215338853,
      65624.53215338853,
      65516.271283823306,
      65516.271283823306,
      67580.69854465785,
      67580.69854465785,
      67829.64793451635,
      67829.64793451635,
      68060.83951758461,
      68060.83951758461,
      68220.58124749112,
      68220.58124749112,
      68361.12325024541,
      68361.12325024541,
      68485.73078556723,
      68485.73078556723,
      68601.1701947356,
      68601.1701947356,
      68711.92744604961,
      68711.92744604961,
      68820.79713149724,
      68820.79713149724,
      68923.42199800926,
      68923.42199800926,
      69001.4488956392,
      69001.4488956392,
      69077.19044884907,
      69077.19044884907,
      69158.8938946087,
      69158.8938946087,
      69198.48588760804,
      69198.48588760804,
      69250.10926423142,
      69250.10926423142,
      70681.38314939434,
      70681.38314939434,
      70735.65961389962,
      70735.65961389962,
      70778.33568238214,
      70778.33568238214,
      70819.36765550238,
      70819.36765550238,
      70858.7842214533,
      70858.7842214533
    ],
    "v26_prices": [
      60000,
      60000,
      54096.45861584226,
      54096.45861584226,
      54278.047518742635,
      54278.047518742635,
      54173.739474518465,
      54173.739474518465,
      54378.07530423861,
      54378.07530423861,
      54306.53819143907,
      54306.53819143907,
      54215.59993963475,
      54215.59993963475,
      54324.35703321435,
      54324.35703321435,
      54297.227846611495,
      54297.227846611495,
      54405.48871617671,
      54405.48871617671,
      52341.06145534217,
      52341.06145534217,
      52092.11206548365,
      52092.11206548365,
      51860.92048241538,
      51860.92048241538,
      51701.17875250888,
      51701.17875250888,
      51560.6367497546,
      51560.6367497546,
      51436.02921443278,
      51436.02921443278,
      51320.589805264404,
      51320.589805264404,
      51209.8325539504,
      51209.8325539504,
      51100.96286850277,
      51100.96286850277,
      50998.33800199074,
      50998.33800199074,
      50920.311104360815,
      50920.311104360815,
      50844.56955115094,
      50844.56955115094,
      50762.86610539131,
      50762.86610539131,
      50723.27411239197,
      50723.27411239197,
      50671.65073576859,
      50671.65073576859,
      49240.37685060566,
      49240.37685060566,
      49186.10038610039,
      49186.10038610039,
      49143.424317617864,
      49143.424317617864,
      49102.39234449761,
      49102.39234449761,
      49062.975778546715
    ]
  },
  "history": [
    {
      "timestamp": 1772220711.056949,
      "chain_id": "v27",
      "price": 60000,
      "metadata": {
        "initial": true
      }
    },
    {
      "timestamp": 1772220711.056949,
      "chain_id": "v26",
      "price": 60000,
      "metadata": {
        "initial": true
      }
    },
    {
      "timestamp": 1772220772.1372561,
      "chain_id": "v27",
      "price": 65825.30138415775,
      "metadata": {
        "fork_sustained": true,
        "fork_depth": 26
      }
    },
    {
      "timestamp": 1772220772.137266,
      "chain_id": "v26",
      "price": 54096.45861584226,
      "metadata": {
        "fork_sustained": true,
        "fork_depth": 26
      }
    },
    {
      "timestamp": 1772220832.861437,
      "chain_id": "v27",
      "price": 65643.71248125736,
      "metadata": {
        "fork_sustained": true,
        "fork_depth": 61
      }
    },
    {
      "timestamp": 1772220832.8614454,
      "chain_id": "v26",
      "price": 54278.047518742635,
      "metadata": {
        "fork_sustained": true,
        "fork_depth": 61
      }
    },
    {
      "timestamp": 1772220892.971777,
      "chain_id": "v27",
      "price": 65748.02052548154,
      "metadata": {
        "fork_sustained": true,
        "fork_depth": 86
      }
    },
    {
      "timestamp": 1772220892.971783,
      "chain_id": "v26",
      "price": 54173.739474518465,
      "metadata": {
        "fork_sustained": true,
        "fork_depth": 86
      }
    },
    {
      "timestamp": 1772220953.0331728,
      "chain_id": "v27",
      "price": 65543.6846957614,
      "metadata": {
        "fork_sustained": true,
        "fork_depth": 118
      }
    },
    {
      "timestamp": 1772220953.03318,
      "chain_id": "v26",
      "price": 54378.07530423861,
      "metadata": {
        "fork_sustained": true,
        "fork_depth": 118
      }
    },
    {
      "timestamp": 1772221013.6114535,
      "chain_id": "v27",
      "price": 65615.22180856093,
      "metadata": {
        "fork_sustained": true,
        "fork_depth": 145
      }
    },
    {
      "timestamp": 1772221013.611461,
      "chain_id": "v26",
      "price": 54306.53819143907,
      "metadata": {
        "fork_sustained": true,
        "fork_depth": 145
      }
    },
    {
      "timestamp": 1772221074.214219,
      "chain_id": "v27",
      "price": 65706.16006036526,
      "metadata": {
        "fork_sustained": true,
        "fork_depth": 172
      }
    },
    {
      "timestamp": 1772221074.2142267,
      "chain_id": "v26",
      "price": 54215.59993963475,
      "metadata": {
        "fork_sustained": true,
        "fork_depth": 172
      }
    },
    {
      "timestamp": 1772221135.0356205,
      "chain_id": "v27",
      "price": 65597.40296678565,
      "metadata": {
        "fork_sustained": true,
        "fork_depth": 209
      }
    },
    {
      "timestamp": 1772221135.035628,
      "chain_id": "v26",
      "price": 54324.35703321435,
      "metadata": {
        "fork_sustained": true,
        "fork_depth": 209
      }
    },
    {
      "timestamp": 1772221195.71771,
      "chain_id": "v27",
      "price": 65624.53215338853,