{
  "blocks_mined": {
    "v27": 152,
    "v26": 18
  },
  "total_blocks": 170,
  "final_hashrate": {
    "v27": 86.4,
    "v26": 0.0
  },
  "final_economic": {
    "v27": 100.0,
    "v26": 0.0
  },
  "final_prices": {
    "v27": 70476.23225806451,
    "v26": 48870.967741935485
  }
}