{
  "blocks_mined": {
    "v27": 4970,
    "v26": 1500
  },
  "total_blocks": 6470,
  "final_hashrate": {
    "v27": 86.4,
    "v26": 0.0
  },
  "final_economic": {
    "v27": 56.73741253525133,
    "v26": 43.26258746474866
  },
  "final_prices": {
    "v27": 64057.857949851496,
    "v26": 55289.34205014851
  }
}