{
  "config": {
    "base_price": 60000,
    "max_divergence": 0.2,
    "coefficients": {
      "chain_weight": 0.3,
      "economic_weight": 0.5,
      "hashrate_weight": 0.2
    }
  },
  "current_prices": {
    "v27": 53086.35629274152,
    "v26": 66835.40370725849
  },
  "timeline": {
    "timestamps": [
      1772163231.1283994,
      1772163291.7794647,
      1772163291.7794716,
      1772163352.4823258,
      1772163352.4823344,
      1772163412.558388,
      1772163412.5583992,
      1772163472.8369598,
      1772163472.8369706,
      1772163532.886042,
      1772163532.8860507,
      1772163593.788814,
      1772163593.7888196,
      1772163654.5675156,
      1772163654.5675218,
      1772163714.8282104,
      1772163714.8282197,
      1772163775.6012712,
      1772163775.6012769,
      1772163835.9144704,
      1772163835.914476,
      1772163896.3876348,
      1772163896.38764,
      1772163956.9743028,
      1772163956.9743106,
      1772164017.4222133,
      1772164017.422219,
      1772164077.8999217,
      1772164077.8999276,
      1772164138.36646,
      1772164138.3664658,
      1772164198.8249967,
      1772164198.8250024,
      1772164259.3995886,
      1772164259.3995976,
      1772164320.0423675,
      1772164320.042373,
      1772164380.632939,
      1772164380.632947,
      1772164441.1536007,
      1772164441.1536071,
      1772164501.7114112,
      1772164501.711419,
      1772164562.3668478,
      1772164562.3668532,
      1772164622.7488277,
      1772164622.7488348,
      1772164683.338424,
      1772164683.3384292,
      1772164744.0322247,
      1772164744.0322323,
      1772164804.7008436,
      1772164804.7008483,
      1772164865.2252264,
      1772164865.225232,
      1772164925.7910864,
      1772164925.7910972,
      1772164986.3430896,
      1772164986.343098
    ],
    "v27_prices": [
      60000,
      58801.425148128415,
      58801.425148128415,
      58667.430110907575,
      58667.430110907575,
      58724.144289452204,
      58724.144289452204,
      58545.44583332557,
      58545.44583332557,
      58562.43673927699,
      58562.43673927699,
      58682.28382433594,
      58682.28382433594,
      58573.52673075632,
      58573.52673075632,
      58600.655917359196,
      58600.655917359196,
      58492.39504779398,
      58492.39504779398,
      55773.92179971213,
      55773.92179971213,
      55436.24294438622,
      55436.24294438622,
      55100.722766674255,
      55100.722766674255,
      54876.9082250515,
      54876.9082250515,
      54672.677455820725,
      54672.677455820725,
      54499.01183572654,
      54499.01183572654,
      54343.97986585705,
      54343.97986585705,
      54183.76137190464,
      54183.76137190464,
      54032.02960557212,
      54032.02960557212,
      53893.086885101126,
      53893.086885101126,
      53779.1947829828,
      53779.1947829828,
      53673.633720635175,
      53673.633720635175,
      53559.76356394655,
      53559.76356394655,
      53509.63928022522,
      53509.63928022522,
      53426.02794112553,
      53426.02794112553,
      53333.054658573485,
      53333.054658573485,
      53255.45637190823,
      53255.45637190823,
      53196.25968991933,
      53196.25968991933,
      53137.511209291886,
      53137.511209291886,
      53086.35629274152,
      53086.35629274152
    ],
    "v26_prices": [
      60000,
      60000,
      61120.33485187157,
      61120.33485187157,
      61254.32988909243,
      61254.32988909243,
      61197.61571054778,
      61197.61571054778,
      61376.314166674434,
      61376.314166674434,
      61359.32326072301,
      61359.32326072301,
      61239.476175664066,
      61239.476175664066,
      61348.233269243676,
      61348.233269243676,
      61321.104082640806,
      61321.104082640806,
      61429.36495220602,
      61429.36495220602,
      64147.83820028787,
      64147.83820028787,
      64485.51705561378,
      64485.51705561378,
      64821.03723332574,
      64821.03723332574,
      65044.851774948496,
      65044.851774948496,
      65249.08254417928,
      65249.08254417928,
      65422.74816427347,
      65422.74816427347,
      65577.78013414296,
      65577.78013414296,
      65737.99862809536,
      65737.99862809536,
      65889.73039442788,
      65889.73039442788,
      66028.67311489888,
      66028.67311489888,
      66142.56521701723,
      66142.56521701723,
      66248.12627936483,
      66248.12627936483,
      66361.99643605345,
      66361.99643605345,
      66412.12071977479,
      66412.12071977479,
      66495.73205887448,
      66495.73205887448,
      66588.70534142651,
      66588.70534142651,
      66666.30362809177,
      66666.30362809177,
      66725.50031008068,
      66725.50031008068,
      66784.24879070812,
      66784.24879070812,
      66835.40370725849
    ]
  },
  "history": [
    {
      "timestamp": 1772163231.1283994,
      "chain_id": "v27",
      "price": 60000,
      "metadata": {
        "initial": true
      }
    },
    {
      "timestamp": 1772163231.1283994,
      "chain_id": "v26",
      "price": 60000,
      "metadata": {
        "initial": true
      }
    },
    {
      "timestamp": 1772163291.7794647,
      "chain_id": "v27",
      "price": 58801.425148128415,
      "metadata": {
        "fork_sustained": true,
        "fork_depth": 26
      }
    },
    {
      "timestamp": 1772163291.7794716,
      "chain_id": "v26",
      "price": 61120.33485187157,
      "metadata": {
        "fork_sustained": true,
        "fork_depth": 26
      }
    },
    {
      "timestamp": 1772163352.4823258,
      "chain_id": "v27",
      "price": 58667.430110907575,
      "metadata": {
        "fork_sustained": true,
        "fork_depth": 62
      }
    },
    {
      "timestamp": 1772163352.4823344,
      "chain_id": "v26",
      "price": 61254.32988909243,
      "metadata": {
        "fork_sustained": true,
        "fork_depth": 62
      }
    },
    {
      "timestamp": 1772163412.558388,
      "chain_id": "v27",
      "price": 58724.144289452204,
      "metadata": {
        "fork_sustained": true,
        "fork_depth": 86
      }
    },
    {
      "timestamp": 1772163412.5583992,
      "chain_id": "v26",
      "price": 61197.61571054778,
      "metadata": {
        "fork_sustained": true,
        "fork_depth": 86
      }
    },
    {
      "timestamp": 1772163472.8369598,
      "chain_id": "v27",
      "price": 58545.44583332557,
      "metadata": {
        "fork_sustained": true,
        "fork_depth": 119
      }
    },
    {
      "timestamp": 1772163472.8369706,
      "chain_id": "v26",
      "price": 61376.314166674434,
      "metadata": {
        "fork_sustained": true,
        "fork_depth": 119
      }
    },
    {
      "timestamp": 1772163532.886042,
      "chain_id": "v27",
      "price": 58562.43673927699,
      "metadata": {
        "fork_sustained": true,
        "fork_depth": 146
      }
    },
    {
      "timestamp": 1772163532.8860507,
      "chain_id": "v26",
      "price": 61359.32326072301,
      "metadata": {
        "fork_sustained": true,
        "fork_depth": 146
      }
    },
    {
      "timestamp": 1772163593.788814,
      "chain_id": "v27",
      "price": 58682.28382433594,
      "metadata": {
        "fork_sustained": true,
        "fork_depth": 172
      }
    },
    {
      "timestamp": 1772163593.7888196,
      "chain_id": "v26",
      "price": 61239.476175664066,
      "metadata": {
        "fork_sustained": true,
        "fork_depth": 172
      }
    },
    {
      "timestamp": 1772163654.5675156,
      "chain_id": "v27",
      "price": 58573.52673075632,
      "metadata": {
        "fork_sustained": true,
        "fork_depth": 209
      }
    },
    {
      "timestamp": 1772163654.5675218,
      "chain_id": "v26",
      "price": 61348.233269243676,
      "metadata": {
        "fork_sustained": true,
        "fork_depth": 209
      }
    },
    {
      "timestamp": 1772163714.8282104,
      "chain_id": "v27",