{
  "config": {
    "base_price": 60000,
    "max_divergence": 0.2,
    "coefficients": {
      "chain_weight": 0.3,
      "economic_weight": 0.5,
      "hashrate_weight": 0.2
    }
  },
  "current_prices": {
    "v27": 71170.01986078886,
    "v26": 48751.74013921114
  },
  "timeline": {
    "timestamps": [
      1772205346.449286,
      1772205407.5818505,
      1772205407.5818605,
      1772205467.7383273,
      1772205467.7383337,
      1772205528.2448938,
      1772205528.2449036,
      1772205588.4577873,
      1772205588.457793,
      1772205649.0630257,
      1772205649.0630338,
      1772205709.6537704,
      1772205709.6537783,
      1772205770.488559,
      1772205770.4885643,
      1772205831.2639117,
      1772205831.2639167,
      1772205892.029412,
      1772205892.0294175,
      1772205952.8641276,
      1772205952.864135,
      1772206013.5541458,
      1772206013.5541542,
      1772206074.4309473,
      1772206074.430953,
      1772206134.6086562,
      1772206134.608664,
      1772206195.3023174,
      1772206195.302325,
      1772206255.9815204,
      1772206255.9815276,
      1772206316.6736307,
      1772206316.6736372,
      1772206377.622439,
      1772206377.6224468,
      1772206438.4875472,
      1772206438.4875553,
      1772206499.3865304,
      1772206499.3865354,
      1772206560.1663692,
      1772206560.166375,
      1772206620.9992578,
      1772206620.9992652,
      1772206681.2938085,
      1772206681.293814,
      1772206741.8584805,
      1772206741.8584857,
      1772206802.4694085,
      1772206802.4694166,
      1772206862.6471932,
      1772206862.647201,
      1772206923.6724432,
      1772206923.6724508,
      1772206984.5450103,
      1772206984.5450153,
      1772207045.4449887,
      1772207045.4449959,
      1772207105.9997852,
      1772207105.9997904
    ],
    "v27_prices": [
      60000,
      68056.16327352852,
      68056.16327352852,
      68214.05801037063,
      68214.05801037063,
      67661.04132230901,
      67661.04132230901,
      67880.94203459047,
      67880.94203459047,
      68542.80626578048,
      68542.80626578048,
      68664.36470733891,
      68664.36470733891,
      68546.35306381005,
      68546.35306381005,
      68453.02418345603,
      68453.02418345603,
      68329.06224028925,
      68329.06224028925,
      69792.85634551496,
      69792.85634551496,
      69974.03963525836,
      69974.03963525836,
      70146.69074792245,
      70146.69074792245,
      70261.65637305699,
      70261.65637305699,
      70366.42019417476,
      70366.42019417476,
      70455.39844393593,
      70455.39844393593,
      70537.7427213823,
      70537.7427213823,
      70616.6683503055,
      70616.6683503055,
      70694.17379310346,
      70694.17379310346,
      70767.16540540541,
      70767.16540540541,
      70822.6176329331,
      70822.6176329331,
      70876.4092659054,
      70876.4092659054,
      70934.39482280433,
      70934.39482280433,
      70962.47856287425,
      70962.47856287425,
      70996.04571428572,
      70996.04571428572,
      71044.89937753721,
      71044.89937753721,
      71083.46763260027,
      71083.46763260027,
      71113.77995012469,
      71113.77995012469,
      71142.91384615385,
      71142.91384615385,
      71170.01986078886,
      71170.01986078886
    ],
    "v26_prices": [
      60000,
      60000,
      51865.59672647149,
      51865.59672647149,
      51707.701989629386,
      51707.701989629386,
      52260.718677691,
      52260.718677691,
      52040.817965409544,
      52040.817965409544,
      51378.953734219525,
      51378.953734219525,
      51257.39529266108,
      51257.39529266108,
      51375.40693618997,
      51375.40693618997,
      51468.73581654398,
      51468.73581654398,
      51592.69775971076,
      51592.69775971076,
      50128.90365448505,
      50128.90365448505,
      49947.720364741646,
      49947.720364741646,
      49775.06925207756,
      49775.06925207756,
      49660.10362694301,
      49660.10362694301,
      49555.33980582524,
      49555.33980582524,
      49466.361556064076,
      49466.361556064076,
      49384.01727861771,
      49384.01727861771,
      49305.09164969451,
      49305.09164969451,
      49227.58620689656,
      49227.58620689656,
      49154.5945945946,
      49154.5945945946,
      49099.142367066896,
      49099.142367066896,
      49045.35073409462,
      49045.35073409462,
      48987.36517719569,
      48987.36517719569,
      48959.281437125755,
      48959.281437125755,
      48925.71428571429,
      48925.71428571429,
      48876.860622462795,
      48876.860622462795,
      48838.29236739974,
      48838.29236739974,
      48807.98004987532,
      48807.98004987532,
      48778.846153846156,
      48778.846153846156,
      48751.74013921114
    ]
  },
  "history": [
    {
      "timestamp": 1772205346.449286,
      "chain_id": "v27",
      "price": 60000,
      "metadata": {
        "initial": true
      }
    },
    {
      "timestamp": 1772205346.449286,
      "chain_id": "v26",
      "price": 60000,
      "metadata": {
        "initial": true
      }
    },
    {
      "timestamp": 1772205407.5818505,
      "chain_id": "v27",
      "price": 68056.16327352852,
      "metadata": {
        "fork_sustained": true,
        "fork_depth": 24
      }
    },
    {
      "timestamp": 1772205407.5818605,
      "chain_id": "v26",
      "price": 51865.59672647149,
      "metadata": {
        "fork_sustained": true,
        "fork_depth": 24
      }
    },
    {
      "timestamp": 1772205467.7383273,
      "chain_id": "v27",
      "price": 68214.05801037063,
      "metadata": {
        "fork_sustained": true,
        "fork_depth": 57
      }
    },
    {
      "timestamp": 1772205467.7383337,
      "chain_id": "v26",
      "price": 51707.701989629386,
      "metadata": {
        "fork_sustained": true,
        "fork_depth": 57
      }
    },
    {
      "timestamp": 1772205528.2448938,
      "chain_id": "v27",
      "price": 67661.04132230901,
      "metadata": {
        "fork_sustained": true,
        "fork_depth": 82
      }
    },
    {
      "timestamp": 1772205528.2449036,
      "chain_id": "v26",
      "price": 52260.718677691,
      "metadata": {
        "fork_sustained": true,
        "fork_depth": 82
      }
    },
    {
      "timestamp": 1772205588.4577873,
      "chain_id": "v27",
      "price": 67880.94203459047,
      "metadata": {
        "fork_sustained": true,
        "fork_depth": 113
      }
    },
    {
      "timestamp": 1772205588.457793,
      "chain_id": "v26",
      "price": 52040.817965409544,
      "metadata": {
        "fork_sustained": true,
        "fork_depth": 113
      }
    },
    {
      "timestamp": 1772205649.0630257,
      "chain_id": "v27",
      "price": 68542.80626578048,
      "metadata": {
        "fork_sustained": true,
        "fork_depth": 140
      }
    },
    {
      "timestamp": 1772205649.0630338,
      "chain_id": "v26",
      "price": 51378.953734219525,
      "metadata": {
        "fork_sustained": true,
        "fork_depth": 140
      }
    },
    {
      "timestamp": 1772205709.6537704,
      "chain_id": "v27",
      "price": 68664.36470733891,
      "metadata": {
        "fork_sustained": true,
        "fork_depth": 165
      }
    },
    {
      "timestamp": 1772205709.6537783,
      "chain_id": "v26",
      "price": 51257.39529266108,
      "metadata": {
        "fork_sustained": true,
        "fork_depth": 165
      }
    },
    {
      "timestamp": 1772205770.488559,
      "chain_id": "v27",
      "price": 68546.35306381005,
      "metadata": {
        "fork_sustained": true,
        "fork_depth": 203
      }
    },
    {
      "timestamp": 1772205770.4885643,
      "chain_id": "v26",
      "price": 51375.40693618997,
      "metadata": {
        "fork_sustained": true,
        "fork_depth": 203
      }
    },
    {
      "timestamp": 1772205831.2639117,
      "chain_id": "v27",
      "price": 68453.02418345603,