{
  "blocks_mined": {
    "v27": 793,
    "v26": 90
  },
  "total_blocks": 883,
  "final_hashrate": {
    "v27": 98.36999999999999,
    "v26": 0.0
  },
  "final_economic": {
    "v27": 100.0,
    "v26": 0.0
  },
  "final_prices": {
    "v27": 71170.01986078886,
    "v26": 48751.74013921114
  }
}