{
  "config": {
    "base_price": 60000,
    "max_divergence": 0.2,
    "coefficients": {
      "chain_weight": 0.3,
      "economic_weight": 0.5,
      "hashrate_weight": 0.2
    }
  },
  "current_prices": {
    "v27": 55018.16527874182,
    "v26": 64903.594721258174
  },
  "timeline": {
    "timestamps": [
      1772344268.1343498,
      1772344329.964457,
      1772344329.964475,
      1772344390.4415555,
      1772344390.4415677,
      1772344450.7978306,
      1772344450.7978647,
      1772344511.0182486,
      1772344511.018261,
      1772344571.8602371,
      1772344571.8602865,
      1772344632.2744482,
      1772344632.2744625,
      1772344692.4571292,
      1772344692.4571362,
      1772344752.9203172,
      1772344752.9203398,
      1772344813.1325188,
      1772344813.1325412,
      1772344873.4814093,
      1772344873.4814205,
      1772344933.920757,
      1772344933.9207659,
      1772344994.380359,
      1772344994.3803885,
      1772345054.4607825,
      1772345054.4608142,
      1772345114.7816832,
      1772345114.7817087,
      1772345175.1121984,
      1772345175.1122067,
      1772345235.2508588,
      1772345235.2508702,
      1772345295.4575737,
      1772345295.457595,
      1772345355.7113173,
      1772345355.7113254,
      1772345416.1287766,
      1772345416.1287978,
      1772345476.3827367,
      1772345476.3827531,
      1772345536.8668234,
      1772345536.8668664,
      1772345597.1185124,
      1772345597.118533,
      1772345657.5098057,
      1772345657.5098453,
      1772345717.6887617,
      1772345717.6887836,
      1772345778.0122383,
      1772345778.012253,
      1772345838.4954205,
      1772345838.4954348,
      1772345898.749159,
      1772345898.749203,
      1772345959.1291187,
      1772345959.1291401,
      1772346019.3927193,
      1772346019.3927298
    ],
    "v27_prices": [
      60000,
      60180.25369979446,
      60180.25369979446,
      59257.176776717526,
      59257.176776717526,
      59380.253699794455,
      59380.253699794455,
      58510.68848240316,
      58510.68848240316,
      58580.25369979446,
      58580.25369979446,
      59089.34460888536,
      59089.34460888536,
      59180.25369979445,
      59180.25369979445,
      58900.253699794455,
      58900.253699794455,
      59053.72308754956,
      59053.72308754956,
      57990.79915433991,
      57990.79915433991,
      57668.56139210215,
      57668.56139210215,
      57624.253699794455,
      57624.253699794455,
      57752.63924196313,
      57752.63924196313,
      57496.253699794455,
      57496.253699794455,
      57487.83264716288,
      57487.83264716288,
      57425.32586474291,
      57425.32586474291,
      57379.02597702218,
      57379.02597702218,
      57377.00841677559,
      57377.00841677559,
      57235.201068215516,
      57235.201068215516,
      55827.71857374404,
      55827.71857374404,
      55621.34765328283,
      55621.34765328283,
      55529.71280427207,
      55529.71280427207,
      55494.94546450034,
      55494.94546450034,
      55444.67039044194,
      55444.67039044194,
      55350.36128600135,
      55350.36128600135,
      55222.67655693732,
      55222.67655693732,
      55170.5969909337,
      55170.5969909337,
      55073.96743473422,
      55073.96743473422,
      55018.16527874182,
      55018.16527874182
    ],
    "v26_prices": [
      60000,
      60000,
      59741.50630020554,
      59741.50630020554,
      60664.58322328246,
      60664.58322328246,
      60541.50630020555,
      60541.50630020555,
      61411.07151759684,
      61411.07151759684,
      61341.50630020554,
      61341.50630020554,
      60832.41539111464,
      60832.41539111464,
      60741.50630020554,
      60741.50630020554,
      61021.50630020555,
      61021.50630020555,
      60868.03691245044,
      60868.03691245044,
      61930.96084566009,
      61930.96084566009,
      62253.19860789786,
      62253.19860789786,
      62297.50630020554,
      62297.50630020554,
      62169.12075803687,
      62169.12075803687,
      62425.50630020554,
      62425.50630020554,
      62433.92735283713,
      62433.92735283713,
      62496.43413525709,
      62496.43413525709,
      62542.73402297783,
      62542.73402297783,
      62544.75158322442,
      62544.75158322442,
      62686.55893178449,
      62686.55893178449,
      64094.041426255964,
      64094.041426255964,
      64300.412346717174,
      64300.412346717174,
      64392.04719572794,
      64392.04719572794,
      64426.81453549967,
      64426.81453549967,
      64477.08960955806,
      64477.08960955806,
      64571.39871399864,
      64571.39871399864,
      64699.08344306268,
      64699.08344306268,
      64751.1630090663,
      64751.1630090663,
      64847.79256526578,
      64847.79256526578,
      64903.594721258174
    ]
  },
  "history": [
    {
      "timestamp": 1772344268.1343498,
      "chain_id": "v27",
      "price": 60000,
      "metadata": {
        "initial": true
      }
    },
    {
      "timestamp": 1772344268.1343498,
      "chain_id": "v26",
      "price": 60000,
      "metadata": {
        "initial": true
      }
    },
    {
      "timestamp": 1772344329.964457,
      "chain_id": "v27",
      "price": 60180.25369979446,
      "metadata": {
        "fork_sustained": true,
        "fork_depth": 6
      }
    },
    {
      "timestamp": 1772344329.964475,
      "chain_id": "v26",
      "price": 59741.50630020554,
      "metadata": {
        "fork_sustained": true,
        "fork_depth": 6
      }
    },
    {
      "timestamp": 1772344390.4415555,
      "chain_id": "v27",
      "price": 59257.176776717526,
      "metadata": {
        "fork_sustained": true,
        "fork_depth": 13
      }
    },
    {
      "timestamp": 1772344390.4415677,
      "chain_id": "v26",
      "price": 60664.58322328246,
      "metadata": {
        "fork_sustained": true,
        "fork_depth": 13
      }
    },
    {
      "timestamp": 1772344450.7978306,
      "chain_id": "v27",
      "price": 59380.253699794455,
      "metadata": {
        "fork_sustained": true,
        "fork_depth": 18
      }
    },
    {
      "timestamp": 1772344450.7978647,
      "chain_id": "v26",
      "price": 60541.50630020555,
      "metadata": {
        "fork_sustained": true,
        "fork_depth": 18
      }
    },
    {
      "timestamp": 1772344511.0182486,
      "chain_id": "v27",
      "price": 58510.68848240316,
      "metadata": {
        "fork_sustained": true,
        "fork_depth": 23
      }
    },
    {
      "timestamp": 1772344511.018261,
      "chain_id": "v26",
      "price": 61411.07151759684,
      "metadata": {
        "fork_sustained": true,
        "fork_depth": 23
      }
    },
    {
      "timestamp": 1772344571.8602371,
      "chain_id": "v27",
      "price": 58580.25369979446,
      "metadata": {
        "fork_sustained": true,
        "fork_depth": 27
      }
    },
    {
      "timestamp": 1772344571.8602865,
      "chain_id": "v26",
      "price": 61341.50630020554,
      "metadata": {
        "fork_sustained": true,
        "fork_depth": 27
      }
    },
    {
      "timestamp": 1772344632.2744482,
      "chain_id": "v27",
      "price": 59089.34460888536,
      "metadata": {
        "fork_sustained": true,
        "fork_depth": 33
      }
    },
    {
      "timestamp": 1772344632.2744625,
      "chain_id": "v26",
      "price": 60832.41539111464,
      "metadata": {
        "fork_sustained": true,
        "fork_depth": 33
      }
    },
    {
      "timestamp": 1772344692.4571292,
      "chain_id": "v27",
      "price": 59180.25369979445,
      "metadata": {
        "fork_sustained": true,
        "fork_depth": 36
      }
    },
    {
      "timestamp": 1772344692.4571362,
      "chain_id": "v26",
      "price": 60741.50630020554,
      "metadata": {
        "fork_sustained": true,
        "fork_depth": 36
      }
    },
    {
      "timestamp": 1772344752.9203172,
      "chain_id": "v27",
      "price": 58900.253699794455,