{
  "config": {
    "base_price": 60000,
    "max_divergence": 0.2,
    "coefficients": {
      "chain_weight": 0.3,
      "economic_weight": 0.5,
      "hashrate_weight": 0.2
    }
  },
  "current_prices": {
    "v27": 60789.10564595754,
    "v26": 59132.65435404246
  },
  "timeline": {
    "timestamps": [
      1771340633.971354,
      1771340695.019513,
      1771340695.0195441,
      1771340755.3992934,
      1771340755.3993187,
      1771340815.685426,
      1771340815.6854405,
      1771340875.710103,
      1771340875.7101095,
      1771340935.9055018,
      1771340935.9055226,
      1771340997.9666536,
      1771340997.966673,
      1771341058.2412677,
      1771341058.2413054,
      1771341118.559561,
      1771341118.5595677,
      1771341178.797067,
      1771341178.7970762,
      1771341239.2910578,
      1771341239.291089,
      1771341299.9054925,
      1771341299.9055247,
      1771341360.0987067,
      1771341360.0987396,
      1771341420.3366559,
      1771341420.3366663,
      1771341480.5422826,
      1771341480.5422912
    ],
    "v27_prices": [
      60000,
      61759.905645957544,
      61759.905645957544,
      60123.542009593904,
      60123.542009593904,
      60409.90564595755,
      60409.90564595755,
      60409.90564595755,
      60409.90564595755,
      60812.53722490491,
      60812.53722490491,
      60751.90564595754,
      60751.90564595754,
      60319.905645957544,
      60319.905645957544,
      60359.905645957544,
      60359.905645957544,
      60267.22271912828,
      60267.22271912828,
      60645.10564595754,
      60645.10564595754,
      60549.10564595754,
      60549.10564595754,
      60686.248503100396,
      60686.248503100396,
      60670.89669073366,
      60670.89669073366,
      60789.10564595754,
      60789.10564595754
    ],
    "v26_prices": [
      60000,
      60000,
      58161.85435404246,
      58161.85435404246,
      59798.217990406105,
      59798.217990406105,
      59511.85435404246,
      59511.85435404246,
      59511.85435404246,
      59511.85435404246,
      59109.2227750951,
      59109.2227750951,
      59169.85435404246,
      59169.85435404246,
      59601.854354042465,
      59601.854354042465,
      59561.85435404246,
      59561.85435404246,
      59654.53728087173,
      59654.53728087173,
      59276.65435404246,
      59276.65435404246,
      59372.65435404246,
      59372.65435404246,
      59235.511496899606,
      59235.511496899606,
      59250.863309266344,
      59250.863309266344,
      59132.65435404246
    ]
  },
  "history": [
    {
      "timestamp": 1771340633.971354,
      "chain_id": "v27",
      "price": 60000,
      "metadata": {
        "initial": true
      }
    },
    {
      "timestamp": 1771340633.971354,
      "chain_id": "v26",
      "price": 60000,
      "metadata": {
        "initial": true
      }
    },
    {
      "timestamp": 1771340695.019513,
      "chain_id": "v27",
      "price": 61759.905645957544,
      "metadata": {
        "fork_sustained": true,
        "fork_depth": 6
      }
    },
    {
      "timestamp": 1771340695.0195441,
      "chain_id": "v26",
      "price": 58161.85435404246,
      "metadata": {
        "fork_sustained": true,
        "fork_depth": 6
      }
    },
    {
      "timestamp": 1771340755.3992934,
      "chain_id": "v27",
      "price": 60123.542009593904,
      "metadata": {
        "fork_sustained": true,
        "fork_depth": 11
      }
    },
    {
      "timestamp": 1771340755.3993187,
      "chain_id": "v26",
      "price": 59798.217990406105,
      "metadata": {
        "fork_sustained": true,
        "fork_depth": 11
      }
    },
    {
      "timestamp": 1771340815.685426,
      "chain_id": "v27",
      "price": 60409.90564595755,
      "metadata": {
        "fork_sustained": true,
        "fork_depth": 16
      }
    },
    {
      "timestamp": 1771340815.6854405,
      "chain_id": "v26",
      "price": 59511.85435404246,
      "metadata": {
        "fork_sustained": true,
        "fork_depth": 16
      }
    },
    {
      "timestamp": 1771340875.710103,
      "chain_id": "v27",
      "price": 60409.90564595755,
      "metadata": {
        "fork_sustained": true,
        "fork_depth": 16
      }
    },
    {
      "timestamp": 1771340875.7101095,
      "chain_id": "v26",
      "price": 59511.85435404246,
      "metadata": {
        "fork_sustained": true,
        "fork_depth": 16
      }
    },
    {
      "timestamp": 1771340935.9055018,
      "chain_id": "v27",
      "price": 60812.53722490491,
      "metadata": {
        "fork_sustained": true,
        "fork_depth": 19
      }
    },
    {
      "timestamp": 1771340935.9055226,
      "chain_id": "v26",
      "price": 59109.2227750951,
      "metadata": {
        "fork_sustained": true,
        "fork_depth": 19
      }
    },
    {
      "timestamp": 1771340997.9666536,
      "chain_id": "v27",
      "price": 60751.90564595754,
      "metadata": {
        "fork_sustained": true,
        "fork_depth": 25
      }
    },
    {
      "timestamp": 1771340997.966673,
      "chain_id": "v26",
      "price": 59169.85435404246,
      "metadata": {
        "fork_sustained": true,
        "fork_depth": 25
      }
    },
    {
      "timestamp": 1771341058.2412677,
      "chain_id": "v27",
      "price": 60319.905645957544,
      "metadata": {
        "fork_sustained": true,
        "fork_depth": 30
      }
    },
    {
      "timestamp": 1771341058.2413054,
      "chain_id": "v26",
      "price": 59601.854354042465,
      "metadata": {
        "fork_sustained": true,
        "fork_depth": 30
      }
    },
    {
      "timestamp": 1771341118.559561,
      "chain_id": "v27",
      "price": 60359.905645957544,
      "metadata": {
        "fork_sustained": true,
        "fork_depth": 36
      }
    },
    {
      "timestamp": 1771341118.5595677,
      "chain_id": "v26",
      "price": 59561.85435404246,
      "metadata": {
        "fork_sustained": true,
        "fork_depth": 36
      }
    },
    {
      "timestamp": 1771341178.797067,
      "chain_id": "v27",
      "price": 60267.22271912828,
      "metadata": {
        "fork_sustained": true,
        "fork_depth": 41
      }
    },
    {
      "timestamp": 1771341178.7970762,
      "chain_id": "v26",
      "price": 59654.53728087173,
      "metadata": {
        "fork_sustained": true,
        "fork_depth": 41
      }
    },
    {
      "timestamp": 1771341239.2910578,
      "chain_id": "v27",
      "price": 60645.10564595754,
      "metadata": {
        "fork_sustained": true,
        "fork_depth": 50
      }
    },
    {
      "timestamp": 1771341239.291089,
      "chain_id": "v26",
      "price": 59276.65435404246,
      "metadata": {
        "fork_sustained": true,
        "fork_depth": 50
      }
    },
    {
      "timestamp": 1771341299.9054925,
      "chain_id": "v27",
      "price": 60549.10564595754,
      "metadata": {
        "fork_sustained": true,
        "fork_depth": 60
      }
    },
    {
      "timestamp": 1771341299.9055247,
      "chain_id": "v26",
      "price": 59372.65435404246,
      "metadata": {
        "fork_sustained": true,
        "fork_depth": 60
      }
    },
    {
      "timestamp": 1771341360.0987067,
      "chain_id": "v27",
      "price": 60686.248503100396,
      "metadata": {
        "fork_sustained": true,
        "fork_depth": 63
      }
    },
    {
      "timestamp": 1771341360.0987396,
      "chain_id": "v26",
      "price": 59235.511496899606,
      "metadata": {
        "fork_sustained": true,
        "fork_depth": 63
      }
    },
    {
      "timestamp": 1771341420.3366559,
      "chain_id": "v27",
      "price": 60670.89669073366,
      "metadata": {
        "fork_sustained": true,
        "fork_depth": 67
      }
    },
    {
      "timestamp": 1771341420.3366663,
      "chain_id": "v26",
      "price": 59250.863309266344,
      "metadata": {
        "fork_sustained": true,