{
  "blocks_mined": {
    "v27": 23,
    "v26": 52
  },
  "total_blocks": 75,
  "final_hashrate": {
    "v27": 46.44,
    "v26": 51.93
  },
  "final_economic": {
    "v27": 69.99988038297951,
    "v26": 30.000119617020477
  },
  "final_prices": {
    "v27": 60789.10564595754,
    "v26": 59132.65435404246
  }
}