{
  "timestamps": [
    0,
    60,
    121,
    181,
    242,
    302,
    363,
    423,
    484,
    545,
    605,
    666,
    727,
    787,
    848,
    908,
    969,
    1029,
    1090,
    1150,
    1211,
    1271,
    1331,
    1392,
    1453,
    1513,
    1574,
    1634,
    1695,
    1756,
    1800
  ],
  "v27_price": [
    60000,
    60000,
    59986.715224772524,
    60310.71522477252,
    60475.28665334395,
    60469.873119509364,
    60499.93836526839,
    60559.442497499804,
    60574.57649644882,
    60458.992452495295,
    60548.25368631098,
    61134.42487728218,
    61265.68829996388,
    61321.39028882922,
    61365.45616977031,
    61424.771950841096,
    61460.566860327184,
    61522.367267965994,
    61533.79706523142,
    61569.33700471663,
    61576.58384761481,
    59149.005137201326,
    58980.427736337806,
    58823.17767205907,
    58661.75021354145,
    58510.94653614662,
    58396.34585774978,
    58279.47734254554,
    58171.549522954796,
    58068.97190253451,
    57978.62016824573
  ],
  "v26_price": [
    60000,
    60000,
    59360.48477522749,
    59036.48477522749,
    58871.91334665606,
    58877.32688049065,
    58847.26163473162,
    58787.757502500215,
    58772.623503551185,
    58888.20754750471,
    58798.946313689026,
    58212.77512271784,
    58081.51170003613,
    58025.809711170776,
    57981.743830229694,
    57922.42804915891,
    57886.63313967281,
    57824.83273203401,
    57813.4029347686,
    57777.862995283365,
    57770.616152385184,
    60198.19486279868,
    60366.772263662206,
    60524.02232794093,
    60685.44978645857,
    60836.25346385338,
    60950.854142250224,
    61067.72265745446,
    61175.65047704521,
    61278.22809746549,
    61368.57983175427
  ],
  "v27_hashrate": [
    38.1,
    38.1,
    38.1,
    38.1,
    38.1,
    38.1,
    38.1,
    38.1,
    38.1,
    38.1,
    50.5,
    50.5,
    50.5,
    50.5,
    50.5,
    50.5,
    50.5,
    50.5,
    50.5,
    50.5,
    0.0,
    0.0,
    0.0,
    0.0,
    0.0,
    0.0,
    0.0,
    0.0,
    0.0,
    0.0,
    0.0
  ],
  "v26_hashrate": [
    48.3,
    48.3,
    48.3,
    48.3,
    48.3,
    48.3,
    48.3,
    48.3,
    48.3,
    48.3,
    35.9,
    35.9,
    35.9,
    35.9,
    35.9,
    35.9,
    35.9,
    35.9,
    35.9,
    35.9,
    86.4,
    86.4,
    86.4,
    86.4,
    86.4,
    86.4,
    86.4,
    86.4,
    86.4,
    86.4,
    86.4
  ],
  "v27_economic": [
    62.14929353977099,
    62.14929353977099,
    62.14929353977099,
    62.14929353977099,
    62.14929353977099,
    62.14929353977099,
    62.14929353977099,
    62.14929353977099,
    62.14929353977099,
    62.14929353977099,
    62.14929353977099,
    62.14929353977099,
    62.14929353977099,
    62.14929353977099,
    62.14929353977099,
    62.14929353977099,
    62.14929353977099,
    62.14929353977099,
    62.14929353977099,
    62.14929353977099,
    62.14929353977099,
    62.14929353977099,
    62.14929353977099,
    62.14929353977099,
    62.14929353977099,
    62.14929353977099,
    62.14929353977099,
    62.14929353977099,
    62.14929353977099,
    62.14929353977099,
    62.14929353977099
  ],
  "v26_economic": [
    37.850706460229006,
    37.850706460229006,
    37.850706460229006,
    37.850706460229006,
    37.850706460229006,
    37.850706460229006,
    37.850706460229006,
    37.850706460229006,
    37.850706460229006,
    37.850706460229006,
    37.850706460229006,
    37.850706460229006,
    37.850706460229006,
    37.850706460229006,
    37.850706460229006,
    37.850706460229006,
    37.850706460229006,
    37.850706460229006,
    37.850706460229006,
    37.850706460229006,
    37.850706460229006,
    37.850706460229006,
    37.850706460229006,
    37.850706460229006,
    37.850706460229006,
    37.850706460229006,
    37.850706460229006,
    37.850706460229006,
    37.850706460229006,
    37.850706460229006,
    37.850706460229006
  ],
  "v27_blocks": [
    0,
    9,
    21,
    31,
    42,
    54,
    65,
    79,
    89,
    106,
    117,
    136,
    157,
    192,
    230,
    265,
    303,
    333,
    360,
    389,
    418,
    418,
    418,
    418,
    418,
    418,
    418,
    418,
    418,
    418,
    418
  ],
  "v26_blocks": [
    0,
    15,
    29,
    39,
    53,
    67,
    78,
    94,
    113,
    128,
    142,
    164,
    185,
    209,
    231,
    254,
    275,
    308,
    332,
    368,
    408,
    470,
    529,
    586,
    621,
    650,
    682,
    714,
    745,
    774,
    794
  ],
  "v27_difficulty": [
    1.0,
    1.0,
    1.0,
    1.0,
    1.0,
    1.0,
    1.0,
    1.0,
    1.0,
    1.0,
    1.0,
    1.0,
    0.4073550212164074,
    0.4073550212164074,
    0.4073550212164074,
    0.4073550212164074,
    0.497111212331887,
    0.497111212331887,
    0.497111212331887,
    0.497111212331887,
    0.497111212331887,
    0.497111212331887,
    0.497111212331887,
    0.497111212331887,
    0.497111212331887,
    0.497111212331887,
    0.497111212331887,
    0.497111212331887,
    0.497111212331887,
    0.497111212331887,
    0.497111212331887
  ],
  "v26_difficulty": [
    1.0,
    1.0,
    1.0,
    1.0,
    1.0,
    1.0,
    1.0,
    1.0,
    1.0,
    1.0,
    1.0,
    0.46905537459283386,
    0.46905537459283386,
    0.46905537459283386,
    0.46905537459283386,
    0.46905537459283386,
    0.46905537459283386,
    0.3545615429993075,
    0.3545615429993075,
    0.3545615429993075,
    0.3545615429993075,
    0.43268527281271424,
    0.43268527281271424,
    0.8477099222453177,
    0.8477099222453177,
    0.8477099222453177,
    0.8477099222453177,
    0.8477099222453177,
    0.9109718567412369,
    0.9109718567412369,
    0.9109718567412369
  ],
  "v27_chainwork": [
    0.0,
    9.0,
    21.0,
    31.0,
    42.0,
    54.0,
    65.0,
    79.0,
    89.0,
    106.0,
    117.0,
    136.0,
    149.29561527581325,
    163.55304101838738,
    179.03253182461071,
    193.28995756718484,
    210.11579124014023,
    225.02912761009642,
    238.451130343057,
    252.86735550068133,
    267.2835806583063,
    267.2835806583063,
    267.2835806583063,
    267.2835806583063,
    267.2835806583063,
    267.2835806583063,
    267.2835806583063,
    267.2835806583063,
    267.2835806583063,
    267.2835806583063,
    267.2835806583063
  ],
  "v26_chainwork": [
    0.0,
    15.0,
    29.0,
    39.0,
    53.0,
    67.0,
    78.0,
    94.0,
    113.0,
    128.0,
    142.0,
    153.38110749185682,
    163.2312703583065,
    174.48859934853468,
    184.80781758957718,
    195.59609120521253,
    205.4462540716622,
    218.63520480135526,
    227.1446818333386,
    239.90889738131364,
    254.0913591012859,
    279.04287650015203,
    304.57130759610163,
    333.3846146407519,
    363.05446191933794,
    387.63804966445207,
    414.76476717630214,
    441.8914846881522,
    469.75204064015514,
    496.17022448565115,
    514.3896616204759
  ],
  "v27_fee_rate": [
    1.0,
    1.0,
    0.011842429905214525,
    0.011842429905214525,
    0.011842429905214525,
    0.011842429905214525,
    0.011842429905214525,
    0.011842429905214525,
    0.011842429905214525,
    0.011842429905214525,
    0.011842429905214525,
    0.00893458573046878,
    0.00893458573046878,
    0.00363954835979492,
    0.00363954835979492,
    0.00363954835979492,
    0.00363954835979492,
    0.0044414827441565125,
    0.0044414827441565125,
    0.0044414827441565125,
    0.0044414827441565125,
    2.242948785799039,
    2.242948785799039,
    2.242948785799039,
    2.242948785799039,
    2.242948785799039,
    2.242948785799039,
    2.242948785799039,
    2.242948785799039,
    2.242948785799039,
    2.242948785799039
  ],