{
  "blocks_mined": {
    "v27": 96,
    "v26": 10
  },
  "total_blocks": 106,
  "final_hashrate": {
    "v27": 86.4,
    "v26": 0.0
  },
  "final_economic": {
    "v27": 100.0,
    "v26": 0.0
  },
  "final_prices": {
    "v27": 70656.7890410959,
    "v26": 48690.41095890411
  }
}