{
  "blocks_mined": {
    "v27": 4038,
    "v26": 1523
  },
  "total_blocks": 5561,
  "final_hashrate": {
    "v27": 86.4,
    "v26": 0.0
  },
  "final_economic": {
    "v27": 56.737060138721,
    "v26": 43.262939861279
  },
  "final_prices": {
    "v27": 63592.282937973265,
    "v26": 55754.91706202674
  }
}