{
  "blocks_mined": {
    "v27": 4,
    "v26": 499
  },
  "total_blocks": 503,
  "final_hashrate": {
    "v27": 0.0,
    "v26": 86.4
  },
  "final_economic": {
    "v27": 0.0,
    "v26": 100.0
  },
  "final_prices": {
    "v27": 48032.579185520364,
    "v26": 71314.62081447964
  }
}