{
  "config": {
    "base_price": 60000,
    "max_divergence": 0.2,
    "coefficients": {
      "chain_weight": 0.3,
      "economic_weight": 0.5,
      "hashrate_weight": 0.2
    }
  },
  "current_prices": {
    "v27": 67139.50834990165,
    "v26": 52207.69165009836
  },
  "timeline": {
    "timestamps": [
      1772915278.6791096,
      1772915339.6699271,
      1772915339.6699343,
      1772915400.636759,
      1772915400.636769,
      1772915461.027893,
      1772915461.0278988,
      1772915521.151091,
      1772915521.1510992,
      1772915581.662615,
      1772915581.6626208,
      1772915642.1188693,
      1772915642.118875,
      1772915702.729894,
      1772915702.7299044,
      1772915763.315329,
      1772915763.3153367,
      1772915823.9983118,
      1772915823.9983172,
      1772915884.5286226,
      1772915884.5286279,
      1772915945.1873336,
      1772915945.1873393,
      1772916005.7631905,
      1772916005.7631981,
      1772916066.63457,
      1772916066.6345782,
      1772916127.0627306,
      1772916127.0627367,
      1772916187.8917007,
      1772916187.8917086,
      1772916248.8853955,
      1772916248.8854012,
      1772916309.83211,
      1772916309.8321168,
      1772916370.0747879,
      1772916370.0747957,
      1772916430.2480428,
      1772916430.2480485,
      1772916490.5374541,
      1772916490.5374606,
      1772916550.80693,
      1772916550.8069358,
      1772916611.174526,
      1772916611.174534,
      1772916671.6106284,
      1772916671.6106367,
      1772916731.6820548,
      1772916731.6820602,
      1772916791.9651308,
      1772916791.9651375,
      1772916852.2069876,
      1772916852.2069933,
      1772916913.1269183,
      1772916913.1269236,
      1772916973.1846805,
      1772916973.184687,
      1772917034.136939,
      1772917034.136947
    ],
    "v27_prices": [
      60000,
      61670.52117176585,
      61670.52117176585,
      61994.52117176586,
      61994.52117176586,
      62159.09260033729,
      62159.09260033729,
      62153.67906650269,
      62153.67906650269,
      62183.744312261726,
      62183.744312261726,
      62243.248444493125,
      62243.248444493125,
      62258.38244344216,
      62258.38244344216,
      62142.79839948863,
      62142.79839948863,
      62232.059633304314,
      62232.059633304314,
      64569.23005207473,
      64569.23005207473,
      64888.92117176585,
      64888.92117176585,
      65170.26188570911,
      65170.26188570911,
      65430.47570078776,
      65430.47570078776,
      65641.55262938362,
      65641.55262938362,
      65800.22529244765,
      65800.22529244765,
      65963.47574907947,
      65963.47574907947,
      66098.60042646945,
      66098.60042646945,
      66245.32141444286,
      66245.32141444286,
      66371.79850465986,
      66371.79850465986,
      66494.98409681364,
      66494.98409681364,
      66598.39214196458,
      66598.39214196458,
      66694.15352736061,
      66694.15352736061,
      66741.30914081054,
      66741.30914081054,
      66825.89651808728,
      66825.89651808728,
      66913.39290718103,
      66913.39290718103,
      66980.56084085486,
      66980.56084085486,
      67031.41118801344,
      67031.41118801344,
      67088.66009686257,
      67088.66009686257,
      67139.50834990165,
      67139.50834990165
    ],
    "v26_prices": [
      60000,
      60000,
      57676.67882823415,
      57676.67882823415,
      57352.67882823415,
      57352.67882823415,
      57188.107399662724,
      57188.107399662724,
      57193.52093349731,
      57193.52093349731,
      57163.455687738286,
      57163.455687738286,
      57103.95155550688,
      57103.95155550688,
      57088.81755655785,
      57088.81755655785,
      57204.40160051138,
      57204.40160051138,
      57115.14036669569,
      57115.14036669569,
      54777.969947925274,
      54777.969947925274,
      54458.27882823415,
      54458.27882823415,
      54176.9381142909,
      54176.9381142909,
      53916.72429921225,
      53916.72429921225,
      53705.6473706164,
      53705.6473706164,
      53546.97470755236,
      53546.97470755236,
      53383.72425092054,
      53383.72425092054,
      53248.59957353056,
      53248.59957353056,
      53101.87858555715,
      53101.87858555715,
      52975.40149534015,
      52975.40149534015,
      52852.21590318636,
      52852.21590318636,
      52748.80785803544,
      52748.80785803544,
      52653.04647263939,
      52653.04647263939,
      52605.89085918947,
      52605.89085918947,
      52521.30348191274,
      52521.30348191274,
      52433.807092818985,
      52433.807092818985,
      52366.63915914517,
      52366.63915914517,
      52315.788811986575,
      52315.788811986575,
      52258.53990313744,
      52258.53990313744,
      52207.69165009836
    ]
  },
  "history": [
    {
      "timestamp": 1772915278.6791096,
      "chain_id": "v27",
      "price": 60000,
      "metadata": {
        "initial": true
      }
    },
    {
      "timestamp": 1772915278.6791096,
      "chain_id": "v26",
      "price": 60000,
      "metadata": {
        "initial": true
      }
    },
    {
      "timestamp": 1772915339.6699271,
      "chain_id": "v27",
      "price": 61670.52117176585,
      "metadata": {
        "fork_sustained": true,
        "fork_depth": 24
      }
    },
    {
      "timestamp": 1772915339.6699343,
      "chain_id": "v26",
      "price": 57676.67882823415,
      "metadata": {
        "fork_sustained": true,
        "fork_depth": 24
      }
    },
    {
      "timestamp": 1772915400.636759,
      "chain_id": "v27",
      "price": 61994.52117176586,
      "metadata": {
        "fork_sustained": true,
        "fork_depth": 50
      }
    },
    {
      "timestamp": 1772915400.636769,
      "chain_id": "v26",
      "price": 57352.67882823415,
      "metadata": {
        "fork_sustained": true,
        "fork_depth": 50
      }
    },
    {
      "timestamp": 1772915461.027893,
      "chain_id": "v27",
      "price": 62159.09260033729,
      "metadata": {
        "fork_sustained": true,
        "fork_depth": 70
      }
    },
    {
      "timestamp": 1772915461.0278988,
      "chain_id": "v26",
      "price": 57188.107399662724,
      "metadata": {
        "fork_sustained": true,
        "fork_depth": 70
      }
    },
    {
      "timestamp": 1772915521.151091,
      "chain_id": "v27",
      "price": 62153.67906650269,
      "metadata": {
        "fork_sustained": true,
        "fork_depth": 95
      }
    },
    {
      "timestamp": 1772915521.1510992,
      "chain_id": "v26",
      "price": 57193.52093349731,
      "metadata": {
        "fork_sustained": true,
        "fork_depth": 95
      }
    },
    {
      "timestamp": 1772915581.662615,
      "chain_id": "v27",
      "price": 62183.744312261726,
      "metadata": {
        "fork_sustained": true,
        "fork_depth": 121
      }
    },
    {
      "timestamp": 1772915581.6626208,
      "chain_id": "v26",
      "price": 57163.455687738286,
      "metadata": {
        "fork_sustained": true,
        "fork_depth": 121
      }
    },
    {
      "timestamp": 1772915642.1188693,
      "chain_id": "v27",
      "price": 62243.248444493125,
      "metadata": {
        "fork_sustained": true,
        "fork_depth": 143
      }
    },
    {
      "timestamp": 1772915642.118875,
      "chain_id": "v26",
      "price": 57103.95155550688,
      "metadata": {
        "fork_sustained": true,
        "fork_depth": 143
      }
    },
    {
      "timestamp": 1772915702.729894,
      "chain_id": "v27",
      "price": 62258.38244344216,
      "metadata": {
        "fork_sustained": true,
        "fork_depth": 173
      }
    },
    {
      "timestamp": 1772915702.7299044,
      "chain_id": "v26",
      "price": 57088.81755655785,
      "metadata": {
        "fork_sustained": true,
        "fork_depth": 173
      }
    },
    {
      "timestamp": 1772915763.315329,
      "chain_id": "v27",
      "price": 62142.79839948863,