{
  "blocks_mined": {
    "v27": 134,
    "v26": 19
  },
  "total_blocks": 153,
  "final_hashrate": {
    "v27": 86.4,
    "v26": 0.0
  },
  "final_economic": {
    "v27": 100.0,
    "v26": 0.0
  },
  "final_prices": {
    "v27": 70374.22702702704,
    "v26": 48972.97297297297
  }
}