{
  "blocks_mined": {
    "v27": 0,
    "v26": 189
  },
  "total_blocks": 189,
  "final_hashrate": {
    "v27": 0.0,
    "v26": 98.36999999999999
  },
  "final_economic": {
    "v27": 55.00340053519982,
    "v26": 44.99659946480019
  },
  "final_prices": {
    "v27": 54600.40806422398,
    "v26": 65321.35193577602
  }
}