{
  "timestamps": [
    0,
    60,
    120,
    181,
    242,
    302,
    362,
    423,
    484,
    545,
    605,
    665,
    726,
    786,
    847,
    907,
    967,
    1028,
    1089,
    1149,
    1210,
    1271,
    1331,
    1392,
    1452,
    1513,
    1574,
    1635,
    1696,
    1757,
    1800
  ],
  "v27_price": [
    60000,
    60000,
    57694.33369979446,
    57933.10920999853,
    58124.76848240315,
    58168.527248181555,
    58207.55684029032,
    58262.41880617743,
    58255.510170382695,
    58194.33369979446,
    58201.32059935777,
    57870.649978864225,
    57785.19763775224,
    57747.85520212995,
    57732.87742167879,
    57686.19744179908,
    57671.94996883582,
    57613.90358961874,
    57592.23325956106,
    57566.12945302764,
    57529.62452718647,
    60293.084388693904,
    60489.57897022152,
    60639.27867483333,
    60839.37369078086,
    60985.85523220294,
    61136.154982517524,
    61255.78285994803,
    61390.961150896816,
    61504.4672914543,
    61616.78237418416
  ],
  "v26_price": [
    60000,
    60000,
    61652.86630020555,
    61414.09079000146,
    61222.43151759684,
    61178.672751818456,
    61139.643159709674,
    61084.78119382258,
    61091.6898296173,
    61152.86630020555,
    61145.87940064221,
    61476.550021135765,
    61562.002362247775,
    61599.34479787006,
    61614.32257832121,
    61661.002558200926,
    61675.250031164185,
    61733.29641038127,
    61754.96674043895,
    61781.070546972354,
    61817.57547281353,
    59054.11561130611,
    58857.62102977848,
    58707.92132516666,
    58507.82630921914,
    58361.34476779707,
    58211.04501748249,
    58091.41714005198,
    57956.23884910318,
    57842.73270854569,
    57730.417625815855
  ],
  "v27_hashrate": [
    38.1,
    38.1,
    38.1,
    38.1,
    38.1,
    38.1,
    38.1,
    38.1,
    38.1,
    38.1,
    30.0,
    30.0,
    30.0,
    30.0,
    30.0,
    30.0,
    30.0,
    30.0,
    30.0,
    30.0,
    86.4,
    86.4,
    86.4,
    86.4,
    86.4,
    86.4,
    86.4,
    86.4,
    86.4,
    86.4,
    86.4
  ],
  "v26_hashrate": [
    48.3,
    48.3,
    48.3,
    48.3,
    48.3,
    48.3,
    48.3,
    48.3,
    48.3,
    48.3,
    56.39999999999999,
    56.39999999999999,
    56.39999999999999,
    56.39999999999999,
    56.39999999999999,
    56.39999999999999,
    56.39999999999999,
    56.39999999999999,
    56.39999999999999,
    56.39999999999999,
    0.0,
    0.0,
    0.0,
    0.0,
    0.0,
    0.0,
    0.0,
    0.0,
    0.0,
    0.0,
    0.0
  ],
  "v27_economic": [
    43.046114164953785,
    43.046114164953785,
    43.046114164953785,
    43.046114164953785,
    43.046114164953785,
    43.046114164953785,
    43.046114164953785,
    43.046114164953785,
    43.046114164953785,
    43.046114164953785,
    43.046114164953785,
    43.046114164953785,
    43.046114164953785,
    43.046114164953785,
    43.046114164953785,
    43.046114164953785,
    43.046114164953785,
    43.046114164953785,
    43.046114164953785,
    43.046114164953785,
    43.046114164953785,
    43.046114164953785,
    43.046114164953785,
    43.046114164953785,
    43.046114164953785,
    43.046114164953785,
    43.046114164953785,
    43.046114164953785,
    43.046114164953785,
    43.046114164953785,
    43.046114164953785
  ],
  "v26_economic": [
    56.9538858350462,
    56.9538858350462,
    56.9538858350462,
    56.9538858350462,
    56.9538858350462,
    56.9538858350462,
    56.9538858350462,
    56.9538858350462,
    56.9538858350462,
    56.9538858350462,
    56.9538858350462,
    56.9538858350462,
    56.9538858350462,
    56.9538858350462,
    56.9538858350462,
    56.9538858350462,
    56.9538858350462,
    56.9538858350462,
    56.9538858350462,
    56.9538858350462,
    56.9538858350462,
    56.9538858350462,
    56.9538858350462,
    56.9538858350462,
    56.9538858350462,
    56.9538858350462,
    56.9538858350462,
    56.9538858350462,
    56.9538858350462,
    56.9538858350462,
    56.9538858350462
  ],
  "v27_blocks": [
    0,
    9,
    20,
    30,
    41,
    54,
    64,
    77,
    88,
    102,
    117,
    125,
    134,
    146,
    169,
    196,
    220,
    245,
    269,
    284,
    336,
    424,
    460,
    505,
    542,
    581,
    608,
    641,
    671,
    703,
    722
  ],
  "v26_blocks": [
    0,
    15,
    29,
    39,
    52,
    67,
    77,
    93,
    110,
    127,
    141,
    174,
    206,
    239,
    274,
    304,
    341,
    371,
    402,
    428,
    451,
    451,
    452,
    452,
    453,
    453,
    453,
    453,
    453,
    453,
    453
  ],
  "v27_difficulty": [
    1.0,
    1.0,
    1.0,
    1.0,
    1.0,
    1.0,
    1.0,
    1.0,
    1.0,
    1.0,
    1.0,
    1.0,
    1.0,
    0.3687580025608195,
    0.3687580025608195,
    0.3687580025608195,
    0.3687580025608195,
    0.3687580025608195,
    0.3687580025608195,
    0.3687580025608195,
    0.28245293813169153,
    0.28245293813169153,
    0.6722846791894806,
    0.6722846791894806,
    0.6722846791894806,
    0.8682420968904503,
    0.8682420968904503,
    0.8682420968904503,
    0.8682420968904503,
    0.8682420968904503,
    0.8563483695357865
  ],
  "v26_difficulty": [
    1.0,
    1.0,
    1.0,
    1.0,
    1.0,
    1.0,
    1.0,
    1.0,
    1.0,
    1.0,
    1.0,
    0.4682926829268293,
    0.4682926829268293,
    0.4682926829268293,
    0.4682926829268293,
    0.5330762556637425,
    0.5330762556637425,
    0.5330762556637425,
    0.5330762556637425,
    0.5330762556637425,
    0.5293998676936478,
    0.5293998676936478,
    0.5293998676936478,
    0.5293998676936478,
    0.5293998676936478,
    0.5293998676936478,
    0.5293998676936478,
    0.5293998676936478,
    0.5293998676936478,
    0.5293998676936478,
    0.5293998676936478
  ],
  "v27_chainwork": [
    0.0,
    9.0,
    20.0,
    30.0,
    41.0,
    54.0,
    64.0,
    77.0,
    88.0,
    102.0,
    117.0,
    125.0,
    134.0,
    144.73751600512162,
    153.21895006402025,
    163.17541613316212,
    172.02560819462155,
    181.2445582586418,
    190.09475032010124,
    195.6261203585134,
    210.65889339907744,
    235.5147519546656,
    256.59834647702473,
    286.8511570405517,
    311.72569017056276,
    338.9245797474577,
    362.3671163635004,
    391.01910556088586,
    417.06636846759994,
    444.85011556809496,
    461.32292795430453
  ],
  "v26_chainwork": [
    0.0,
    15.0,
    29.0,
    39.0,
    52.0,
    67.0,
    77.0,
    93.0,
    110.0,
    127.0,
    141.0,
    158.0487804878049,
    173.03414634146344,
    188.48780487804882,
    204.87804878048786,
    219.96336643208315,
    239.68718789164114,
    255.67947556155303,
    272.20483948712865,
    286.0648221343856,
    298.25572464322,
    298.25572464322,
    298.78512451091365,
    298.78512451091365,
    299.3145243786073,
    299.3145243786073,
    299.3145243786073,
    299.3145243786073,
    299.3145243786073,
    299.3145243786073,
    299.3145243786073
  ],
  "v27_fee_rate": [
    1.0,
    1.0,
    0.007533103934418018,
    0.007533103934418018,
    0.007533103934418018,
    0.007533103934418018,
    0.007533103934418018,
    0.007533103934418018,
    0.007533103934418018,
    0.007533103934418018,
    0.007533103934418018,
    0.009567041996710882,
    0.009567041996710882,
    0.009567041996710882,
    0.0035279232971225792,
    0.0035279232971225792,
    0.0035279232971225792,
    0.0035279232971225792,
    0.0035279232971225792,
    0.0035279232971225792,
    0.0035279232971225792,
    0.000938277472638984,
    0.000938277472638984,
    0.0022332554720663417,
    0.0022332554720663417,
    0.0022332554720663417,
    0.002884204376480297,
    0.002884204376480297,
    0.002884204376480297,
    0.002884204376480297,
    0.002884204376480297
  ],