{
  "blocks_mined": {
    "v27": 1233,
    "v26": 28
  },
  "total_blocks": 1261,
  "final_hashrate": {
    "v27": 98.36999999999999,
    "v26": 0.0
  },
  "final_economic": {
    "v27": 50.0,
    "v26": 50.0
  },
  "final_prices": {
    "v27": 65749.05055676338,
    "v26": 54172.709443236636
  }
}