{
  "blocks_mined": {
    "v27": 2343,
    "v26": 4189
  },
  "total_blocks": 6532,
  "final_hashrate": {
    "v27": 30.0,
    "v26": 56.39999999999999
  },
  "final_economic": {
    "v27": 56.737060138721,
    "v26": 43.262939861279
  },
  "final_prices": {
    "v27": 58750.122973584126,
    "v26": 60597.07702641588
  }
}