{
  "config": {
    "base_price": 60000,
    "max_divergence": 0.2,
    "coefficients": {
      "chain_weight": 0.3,
      "economic_weight": 0.5,
      "hashrate_weight": 0.2
    }
  },
  "current_prices": {
    "v27": 60179.35329341318,
    "v26": 59532.64670658683
  },
  "timeline": {
    "timestamps": [
      1772398784.7135491,
      1772398846.6638463,
      1772398846.6638544,
      1772398906.8006692,
      1772398906.8006861,
      1772398966.9882288,
      1772398966.9882443,
      1772399027.164924,
      1772399027.1649578,
      1772399087.7656717,
      1772399087.765712,
      1772399148.266432,
      1772399148.2664416,
      1772399208.6526508,
      1772399208.6526742,
      1772399268.8599722,
      1772399268.86001,
      1772399329.2426498,
      1772399329.2426622,
      1772399389.8822165,
      1772399389.88224,
      1772399450.543841,
      1772399450.543877,
      1772399510.641345,
      1772399510.641368,
      1772399570.7764616,
      1772399570.7764912,
      1772399631.2249584,
      1772399631.2249682,
      1772399691.3534987,
      1772399691.353549,
      1772399751.5137022,
      1772399751.513746,
      1772399811.8335936,
      1772399811.8336136,
      1772399872.1962395,
      1772399872.1962507,
      1772399932.7495935,
      1772399932.7496161,
      1772399992.9131618,
      1772399992.9131703,
      1772400053.2288356,
      1772400053.228857,
      1772400113.7335548,
      1772400113.733589,
      1772400174.2210665,
      1772400174.2210732,
      1772400234.6494522,
      1772400234.6494884,
      1772400295.1172993,
      1772400295.1173072,
      1772400355.2533817,
      1772400355.253418,
      1772400415.6375422,
      1772400415.6375487,
      1772400476.011638,
      1772400476.0116599,
      1772400536.2837708,
      1772400536.2837934
    ],
    "v27_prices": [
      60000,
      60000,
      60000,
      60837.818181818184,
      60837.818181818184,
      60370.285714285725,
      60370.285714285725,
      60756.0,
      60756.0,
      60686.769230769234,
      60686.769230769234,
      60456.0,
      60456.0,
      60510.54545454546,
      60510.54545454546,
      60392.17021276596,
      60392.17021276596,
      60271.384615384624,
      60271.384615384624,
      60269.11475409836,
      60269.11475409836,
      60456.0,
      60456.0,
      60537.08108108108,
      60537.08108108108,
      60463.79220779221,
      60463.79220779221,
      60506.60240963856,
      60506.60240963856,
      60491.294117647056,
      60491.294117647056,
      60510.54545454546,
      60510.54545454546,
      60514.06451612904,
      60514.06451612904,
      60546.90909090909,
      60546.90909090909,
      60562.542056074766,
      60562.542056074766,
      60615.63302752294,
      60615.63302752294,
      60613.8947368421,
      60613.8947368421,
      60353.56097560976,
      60353.56097560976,
      60378.13740458015,
      60378.13740458015,
      60325.565217391304,
      60325.565217391304,
      60327.72413793103,
      60327.72413793103,
      60321.30612244899,
      60321.30612244899,
      60204.3870967742,
      60204.3870967742,
      60211.555555555555,
      60211.555555555555,
      60179.35329341318,
      60179.35329341318
    ],
    "v26_prices": [
      60000,
      60000,
      60000,
      60000,
      58874.18181818182,
      58874.18181818182,
      59341.71428571428,
      59341.71428571428,
      58956.0,
      58956.0,
      59025.23076923077,
      59025.23076923077,
      59256.0,
      59256.0,
      59201.454545454544,
      59201.454545454544,
      59319.82978723405,
      59319.82978723405,
      59440.61538461538,
      59440.61538461538,
      59442.88524590164,
      59442.88524590164,
      59256.0,
      59256.0,
      59174.91891891891,
      59174.91891891891,
      59248.20779220779,
      59248.20779220779,
      59205.39759036145,
      59205.39759036145,
      59220.705882352944,
      59220.705882352944,
      59201.454545454544,
      59201.454545454544,
      59197.93548387097,
      59197.93548387097,
      59165.09090909091,
      59165.09090909091,
      59149.457943925234,
      59149.457943925234,
      59096.366972477066,
      59096.366972477066,
      59098.10526315789,
      59098.10526315789,
      59358.439024390245,
      59358.439024390245,
      59333.86259541984,
      59333.86259541984,
      59386.434782608696,
      59386.434782608696,
      59384.275862068964,
      59384.275862068964,
      59390.69387755102,
      59390.69387755102,
      59507.6129032258,
      59507.6129032258,
      59500.44444444445,
      59500.44444444445,
      59532.64670658683
    ]
  },
  "history": [
    {
      "timestamp": 1772398784.7135491,
      "chain_id": "v27",
      "price": 60000,
      "metadata": {
        "initial": true
      }
    },
    {
      "timestamp": 1772398784.7135491,
      "chain_id": "v26",
      "price": 60000,
      "metadata": {
        "initial": true
      }
    },
    {
      "timestamp": 1772398846.6638463,
      "chain_id": "v27",
      "price": 60000,
      "metadata": {}
    },
    {
      "timestamp": 1772398846.6638544,
      "chain_id": "v26",
      "price": 60000,
      "metadata": {}
    },
    {
      "timestamp": 1772398906.8006692,
      "chain_id": "v27",
      "price": 60837.818181818184,
      "metadata": {
        "fork_sustained": true,
        "fork_depth": 11
      }
    },
    {
      "timestamp": 1772398906.8006861,
      "chain_id": "v26",
      "price": 58874.18181818182,
      "metadata": {
        "fork_sustained": true,
        "fork_depth": 11
      }
    },
    {
      "timestamp": 1772398966.9882288,
      "chain_id": "v27",
      "price": 60370.285714285725,
      "metadata": {
        "fork_sustained": true,
        "fork_depth": 14
      }
    },
    {
      "timestamp": 1772398966.9882443,
      "chain_id": "v26",
      "price": 59341.71428571428,
      "metadata": {
        "fork_sustained": true,
        "fork_depth": 14
      }
    },
    {
      "timestamp": 1772399027.164924,
      "chain_id": "v27",
      "price": 60756.0,
      "metadata": {
        "fork_sustained": true,
        "fork_depth": 16
      }
    },
    {
      "timestamp": 1772399027.1649578,
      "chain_id": "v26",
      "price": 58956.0,
      "metadata": {
        "fork_sustained": true,
        "fork_depth": 16
      }
    },
    {
      "timestamp": 1772399087.7656717,
      "chain_id": "v27",
      "price": 60686.769230769234,
      "metadata": {
        "fork_sustained": true,
        "fork_depth": 26
      }
    },
    {
      "timestamp": 1772399087.765712,
      "chain_id": "v26",
      "price": 59025.23076923077,
      "metadata": {
        "fork_sustained": true,
        "fork_depth": 26
      }
    },
    {
      "timestamp": 1772399148.266432,
      "chain_id": "v27",
      "price": 60456.0,
      "metadata": {
        "fork_sustained": true,
        "fork_depth": 36
      }
    },
    {
      "timestamp": 1772399148.2664416,
      "chain_id": "v26",
      "price": 59256.0,
      "metadata": {
        "fork_sustained": true,
        "fork_depth": 36
      }
    },
    {
      "timestamp": 1772399208.6526508,
      "chain_id": "v27",
      "price": 60510.54545454546,
      "metadata": {
        "fork_sustained": true,
        "fork_depth": 44
      }
    },
    {
      "timestamp": 1772399208.6526742,
      "chain_id": "v26",
      "price": 59201.454545454544,
      "metadata": {
        "fork_sustained": true,
        "fork_depth": 44
      }
    },
    {
      "timestamp": 1772399268.8599722,
      "chain_id": "v27",
      "price": 60392.17021276596,
      "metadata": {
        "fork_sustained": true,
        "fork_depth": 47
      }
    },
    {
      "timestamp": 1772399268.86001,
      "chain_id": "v26",
      "price": 59319.82978723405,
      "metadata": {
        "fork_sustained": true,
        "fork_depth": 47
      }
    },
    {
      "timestamp": 1772399329.2426498,
      "chain_id": "v27",