{
  "blocks_mined": {
    "v27": 251,
    "v26": 17
  },
  "total_blocks": 268,
  "final_hashrate": {
    "v27": 86.4,
    "v26": 0.0
  },
  "final_economic": {
    "v27": 100.0,
    "v26": 0.0
  },
  "final_prices": {
    "v27": 70856.98723404256,
    "v26": 48490.21276595745
  }
}