{
  "blocks_mined": {
    "v27": 4,
    "v26": 209
  },
  "total_blocks": 213,
  "final_hashrate": {
    "v27": 0.0,
    "v26": 86.4
  },
  "final_economic": {
    "v27": 0.0,
    "v26": 100.0
  },
  "final_prices": {
    "v27": 48130.909090909096,
    "v26": 71216.29090909091
  }
}