{
  "config": {
    "base_price": 60000,
    "max_divergence": 0.2,
    "coefficients": {
      "chain_weight": 0.3,
      "economic_weight": 0.5,
      "hashrate_weight": 0.2
    }
  },
  "current_prices": {
    "v27": 56488.21294227276,
    "v26": 63433.54705772725
  },
  "timeline": {
    "timestamps": [
      1772013634.0228128,
      1772013694.612736,
      1772013694.6127422,
      1772013755.3147898,
      1772013755.3147972,
      1772013815.5591583,
      1772013815.5591657,
      1772013875.565466,
      1772013875.565475,
      1772013936.2666783,
      1772013936.2666838,
      1772013996.4267328,
      1772013996.4267387,
      1772014056.573057,
      1772014056.573066,
      1772014117.2869055,
      1772014117.2869117,
      1772014177.3745506,
      1772014177.3745582,
      1772014237.5798407,
      1772014237.5798488,
      1772014298.135011,
      1772014298.1350162,
      1772014358.1981363,
      1772014358.198146,
      1772014418.3259382,
      1772014418.325943,
      1772014478.4194279,
      1772014478.419433,
      1772014538.565109,
      1772014538.565116,
      1772014598.606476,
      1772014598.6064835,
      1772014658.7681415,
      1772014658.76815,
      1772014718.827967,
      1772014718.8279743,
      1772014778.9011807,
      1772014778.9011877,
      1772014839.0846336,
      1772014839.0846431,
      1772014899.144054,
      1772014899.1440609,
      1772014959.2894819,
      1772014959.289487,
      1772015019.4121833,
      1772015019.412191,
      1772015079.5115213,
      1772015079.511527,
      1772015139.5943954,
      1772015139.5944004,
      1772015200.397447,
      1772015200.397453,
      1772015260.4948845,
      1772015260.4948897,
      1772015320.6178098,
      1772015320.617815,
      1772015380.846444,
      1772015380.846449
    ],
    "v27_prices": [
      60000,
      60000,
      60000,
      62401.848064223974,
      62401.848064223974,
      62161.848064223974,
      62161.848064223974,
      62161.848064223974,
      62161.848064223974,
      62041.848064223974,
      62041.848064223974,
      62346.463448839364,
      62346.463448839364,
      62761.848064223974,
      62761.848064223974,
      62615.902118278034,
      62615.902118278034,
      62278.921234955684,
      62278.921234955684,
      60182.80806422398,
      60182.80806422398,
      59780.096199817206,
      59780.096199817206,
      59555.711290030435,
      59555.711290030435,
      59108.02545552833,
      59108.02545552833,
      58840.10536152127,
      58840.10536152127,
      58698.363619779535,
      58698.363619779535,
      58612.68758229627,
      58612.68758229627,
      58465.88498730091,
      58465.88498730091,
      58359.82934081973,
      58359.82934081973,
      58228.52234993827,
      58228.52234993827,
      57467.07473089065,
      57467.07473089065,
      57389.59725341317,
      57389.59725341317,
      57202.088736492886,
      57202.088736492886,
      57077.20806422398,
      57077.20806422398,
      56981.94652576244,
      56981.94652576244,
      56910.85582541802,
      56910.85582541802,
      56796.152745075044,
      56796.152745075044,
      56720.956009429465,
      56720.956009429465,
      56637.25016948714,
      56637.25016948714,
      56488.21294227276,
      56488.21294227276
    ],
    "v26_prices": [
      60000,
      60000,
      60000,
      60000,
      57519.91193577603,
      57519.91193577603,
      57759.91193577603,
      57759.91193577603,
      57759.91193577603,
      57759.91193577603,
      57879.91193577603,
      57879.91193577603,
      57575.29655116064,
      57575.29655116064,
      57159.91193577603,
      57159.91193577603,
      57305.85788172197,
      57305.85788172197,
      57642.83876504432,
      57642.83876504432,
      59738.95193577603,
      59738.95193577603,
      60141.66380018281,
      60141.66380018281,
      60366.048709969575,
      60366.048709969575,
      60813.734544471685,
      60813.734544471685,
      61081.65463847873,
      61081.65463847873,
      61223.39638022048,
      61223.39638022048,
      61309.072417703734,
      61309.072417703734,
      61455.87501269911,
      61455.87501269911,
      61561.93065918029,
      61561.93065918029,
      61693.23765006175,
      61693.23765006175,
      62454.68526910936,
      62454.68526910936,
      62532.16274658684,
      62532.16274658684,
      62719.671263507116,
      62719.671263507116,
      62844.55193577602,
      62844.55193577602,
      62939.81347423756,
      62939.81347423756,
      63010.90417458199,
      63010.90417458199,
      63125.607254924966,
      63125.607254924966,
      63200.80399057054,
      63200.80399057054,
      63284.50983051287,
      63284.50983051287,
      63433.54705772725
    ]
  },
  "history": [
    {
      "timestamp": 1772013634.0228128,
      "chain_id": "v27",
      "price": 60000,
      "metadata": {
        "initial": true
      }
    },
    {
      "timestamp": 1772013634.0228128,
      "chain_id": "v26",
      "price": 60000,
      "metadata": {
        "initial": true
      }
    },
    {
      "timestamp": 1772013694.612736,
      "chain_id": "v27",
      "price": 60000,
      "metadata": {}
    },
    {
      "timestamp": 1772013694.6127422,
      "chain_id": "v26",
      "price": 60000,
      "metadata": {}
    },
    {
      "timestamp": 1772013755.3147898,
      "chain_id": "v27",
      "price": 62401.848064223974,
      "metadata": {
        "fork_sustained": true,
        "fork_depth": 10
      }
    },
    {
      "timestamp": 1772013755.3147972,
      "chain_id": "v26",
      "price": 57519.91193577603,
      "metadata": {
        "fork_sustained": true,
        "fork_depth": 10
      }
    },
    {
      "timestamp": 1772013815.5591583,
      "chain_id": "v27",
      "price": 62161.848064223974,
      "metadata": {
        "fork_sustained": true,
        "fork_depth": 15
      }
    },
    {
      "timestamp": 1772013815.5591657,
      "chain_id": "v26",
      "price": 57759.91193577603,
      "metadata": {
        "fork_sustained": true,
        "fork_depth": 15
      }
    },
    {
      "timestamp": 1772013875.565466,
      "chain_id": "v27",
      "price": 62161.848064223974,
      "metadata": {
        "fork_sustained": true,
        "fork_depth": 15
      }
    },
    {
      "timestamp": 1772013875.565475,
      "chain_id": "v26",
      "price": 57759.91193577603,
      "metadata": {
        "fork_sustained": true,
        "fork_depth": 15
      }
    },
    {
      "timestamp": 1772013936.2666783,
      "chain_id": "v27",
      "price": 62041.848064223974,
      "metadata": {
        "fork_sustained": true,
        "fork_depth": 20
      }
    },
    {
      "timestamp": 1772013936.2666838,
      "chain_id": "v26",
      "price": 57879.91193577603,
      "metadata": {
        "fork_sustained": true,
        "fork_depth": 20
      }
    },
    {
      "timestamp": 1772013996.4267328,
      "chain_id": "v27",
      "price": 62346.463448839364,
      "metadata": {
        "fork_sustained": true,
        "fork_depth": 26
      }
    },
    {
      "timestamp": 1772013996.4267387,
      "chain_id": "v26",
      "price": 57575.29655116064,
      "metadata": {
        "fork_sustained": true,
        "fork_depth": 26
      }
    },
    {
      "timestamp": 1772014056.573057,
      "chain_id": "v27",
      "price": 62761.848064223974,
      "metadata": {
        "fork_sustained": true,
        "fork_depth": 32
      }
    },
    {
      "timestamp": 1772014056.573066,
      "chain_id": "v26",
      "price": 57159.91193577603,
      "metadata": {
        "fork_sustained": true,
        "fork_depth": 32
      }
    },
    {
      "timestamp": 1772014117.2869055,
      "chain_id": "v27",
      "price": 62615.902118278034,
      "metadata": {
        "fork_sustained": true,
        "fork_depth": 37
      }
    },
    {
      "timestamp": 1772014117.2869117,
      "chain_id": "v26",
      "price": 57305.85788172197,