{
  "timestamps": [
    0,
    60,
    120,
    181,
    241,
    301,
    361,
    422,
    482,
    542,
    603,
    663,
    723,
    783,
    843,
    904,
    964,
    1024,
    1084,
    1144,
    1204,
    1264,
    1324,
    1384,
    1444,
    1505,
    1565,
    1625,
    1686,
    1746,
    1800
  ],
  "v27_price": [
    60000,
    60000,
    60000,
    62401.848064223974,
    62161.848064223974,
    62161.848064223974,
    62041.848064223974,
    62346.463448839364,
    62761.848064223974,
    62615.902118278034,
    62278.921234955684,
    60182.80806422398,
    59780.096199817206,
    59555.711290030435,
    59108.02545552833,
    58840.10536152127,
    58698.363619779535,
    58612.68758229627,
    58465.88498730091,
    58359.82934081973,
    58228.52234993827,
    57467.07473089065,
    57389.59725341317,
    57202.088736492886,
    57077.20806422398,
    56981.94652576244,
    56910.85582541802,
    56796.152745075044,
    56720.956009429465,
    56637.25016948714,
    56488.21294227276
  ],
  "v26_price": [
    60000,
    60000,
    60000,
    57519.91193577603,
    57759.91193577603,
    57759.91193577603,
    57879.91193577603,
    57575.29655116064,
    57159.91193577603,
    57305.85788172197,
    57642.83876504432,
    59738.95193577603,
    60141.66380018281,
    60366.048709969575,
    60813.734544471685,
    61081.65463847873,
    61223.39638022048,
    61309.072417703734,
    61455.87501269911,
    61561.93065918029,
    61693.23765006175,
    62454.68526910936,
    62532.16274658684,
    62719.671263507116,
    62844.55193577602,
    62939.81347423756,
    63010.90417458199,
    63125.607254924966,
    63200.80399057054,
    63284.50983051287,
    63433.54705772725
  ],
  "v27_hashrate": [
    57.53,
    57.53,
    57.53,
    57.53,
    57.53,
    57.53,
    57.53,
    57.53,
    57.53,
    57.53,
    11.3,
    11.3,
    11.3,
    11.3,
    11.3,
    11.3,
    11.3,
    11.3,
    11.3,
    11.3,
    0.0,
    0.0,
    0.0,
    0.0,
    0.0,
    0.0,
    0.0,
    0.0,
    0.0,
    0.0,
    0.0
  ],
  "v26_hashrate": [
    40.839999999999996,
    40.839999999999996,
    40.839999999999996,
    40.839999999999996,
    40.839999999999996,
    40.839999999999996,
    40.839999999999996,
    40.839999999999996,
    40.839999999999996,
    40.839999999999996,
    87.07,
    87.07,
    87.07,
    87.07,
    87.07,
    87.07,
    87.07,
    87.07,
    87.07,
    87.07,
    98.36999999999999,
    98.36999999999999,
    98.36999999999999,
    98.36999999999999,
    98.36999999999999,
    98.36999999999999,
    98.36999999999999,
    98.36999999999999,
    98.36999999999999,
    98.36999999999999,
    98.36999999999999
  ],
  "v27_economic": [
    55.00340053519982,
    55.00340053519982,
    55.00340053519982,
    55.00340053519982,
    55.00340053519982,
    55.00340053519982,
    55.00340053519982,
    55.00340053519982,
    55.00340053519982,
    55.00340053519982,
    55.00340053519982,
    55.00340053519982,
    55.00340053519982,
    55.00340053519982,
    55.00340053519982,
    55.00340053519982,
    55.00340053519982,
    55.00340053519982,
    55.00340053519982,
    55.00340053519982,
    55.00340053519982,
    55.00340053519982,
    55.00340053519982,
    55.00340053519982,
    55.00340053519982,
    55.00340053519982,
    55.00340053519982,
    55.00340053519982,
    55.00340053519982,
    55.00340053519982,
    55.00340053519982
  ],
  "v26_economic": [
    44.99659946480019,
    44.99659946480019,
    44.99659946480019,
    44.99659946480019,
    44.99659946480019,
    44.99659946480019,
    44.99659946480019,
    44.99659946480019,
    44.99659946480019,
    44.99659946480019,
    44.99659946480019,
    44.99659946480019,
    44.99659946480019,
    44.99659946480019,
    44.99659946480019,
    44.99659946480019,
    44.99659946480019,
    44.99659946480019,
    44.99659946480019,
    44.99659946480019,
    44.99659946480019,
    44.99659946480019,
    44.99659946480019,
    44.99659946480019,
    44.99659946480019,
    44.99659946480019,
    44.99659946480019,
    44.99659946480019,
    44.99659946480019,
    44.99659946480019,
    44.99659946480019
  ],
  "v27_blocks": [
    0,
    4,
    7,
    10,
    10,
    13,
    18,
    24,
    27,
    28,
    35,
    38,
    38,
    38,
    38,
    40,
    40,
    42,
    42,
    42,
    43,
    43,
    43,
    43,
    43,
    43,
    43,
    43,
    43,
    43,
    43
  ],
  "v26_blocks": [
    0,
    1,
    3,
    5,
    5,
    7,
    8,
    8,
    10,
    13,
    15,
    21,
    24,
    31,
    36,
    41,
    43,
    49,
    52,
    56,
    65,
    68,
    76,
    82,
    87,
    91,
    98,
    103,
    109,
    121,
    129
  ],
  "v27_difficulty": [
    1.0,
    1.0,
    1.0,
    1.0,
    1.0,
    1.0,
    1.0,
    1.0,
    1.0,
    1.0,
    1.0,
    1.0,
    1.0,
    1.0,
    1.0,
    1.0,
    1.0,
    1.0,
    1.0,
    1.0,
    1.0,
    1.0,
    1.0,
    1.0,
    1.0,
    1.0,
    1.0,
    1.0,
    1.0,
    1.0,
    1.0
  ],
  "v26_difficulty": [
    1.0,
    1.0,
    1.0,
    1.0,
    1.0,
    1.0,
    1.0,
    1.0,
    1.0,
    1.0,
    1.0,
    1.0,
    1.0,
    1.0,
    1.0,
    1.0,
    1.0,
    1.0,
    1.0,
    1.0,
    1.0,
    1.0,
    1.0,
    1.0,
    1.0,
    1.0,
    1.0,
    1.0,
    1.0,
    1.0,
    1.0
  ],
  "v27_chainwork": [
    0.0,
    4.0,
    7.0,
    10.0,
    10.0,
    13.0,
    18.0,
    24.0,
    27.0,
    28.0,
    35.0,
    38.0,
    38.0,
    38.0,
    38.0,
    40.0,
    40.0,
    42.0,
    42.0,
    42.0,
    43.0,
    43.0,
    43.0,
    43.0,
    43.0,
    43.0,
    43.0,
    43.0,
    43.0,
    43.0,
    43.0
  ],
  "v26_chainwork": [
    0.0,
    1.0,
    3.0,
    5.0,
    5.0,
    7.0,
    8.0,
    8.0,
    10.0,
    13.0,
    15.0,
    21.0,
    24.0,
    31.0,
    36.0,
    41.0,
    43.0,
    49.0,
    52.0,
    56.0,
    65.0,
    68.0,
    76.0,
    82.0,
    87.0,
    91.0,
    98.0,
    103.0,
    109.0,
    121.0,
    129.0
  ],
  "v27_fee_rate": [
    1.0,
    1.0,
    0.03186940844109912,
    0.03186940844109912,
    0.03186940844109912,
    0.03186940844109912,
    0.03186940844109912,
    0.03186940844109912,
    0.03186940844109912,
    0.03186940844109912,
    0.03186940844109912,
    0.16225195288640995,
    0.16225195288640995,
    0.16225195288640995,
    0.16225195288640995,
    0.16225195288640995,
    0.16225195288640995,
    0.16225195288640995,
    0.16225195288640995,
    0.16225195288640995,
    0.16225195288640995,
    18.334470676164326,
    18.334470676164326,
    18.334470676164326,
    18.334470676164326,
    18.334470676164326,
    18.334470676164326,
    18.334470676164326,
    18.334470676164326,
    18.334470676164326,
    18.334470676164326
  ],
  "v26_fee_rate": [
    1.0,
    1.0,
    0.03672591248082519,
    0.03672591248082519,
    0.03672591248082519,
    0.03672591248082519,
    0.03672591248082519,
    0.03672591248082519,
    0.03672591248082519,
    0.03672591248082519,
    0.03672591248082519,
    0.017226211849281046,
    0.017226211849281046,
    0.017226211849281046,
    0.017226211849281046,
    0.017226211849281046,
    0.017226211849281046,
    0.017226211849281046,
    0.017226211849281046,
    0.017226211849281046,
    0.017226211849281046,
    0.015247395198911263,
    0.015247395198911263,
    0.015247395198911263,
    0.015247395198911263,
    0.015247395198911263,
    0.015247395198911263,
    0.015247395198911263,
    0.015247395198911263,
    0.015247395198911263,
    0.015247395198911263
  ],