{
  "blocks_mined": {
    "v27": 695,
    "v26": 5971
  },
  "total_blocks": 6666,
  "final_hashrate": {
    "v27": 0.0,
    "v26": 86.4
  },
  "final_economic": {
    "v27": 56.73664319629601,
    "v26": 43.26335680370397
  },
  "final_prices": {
    "v27": 55564.07813274481,
    "v26": 63783.1218672552
  }
}