{
  "blocks_mined": {
    "v27": 146,
    "v26": 24
  },
  "total_blocks": 170,
  "final_hashrate": {
    "v27": 86.4,
    "v26": 0.0
  },
  "final_economic": {
    "v27": 100.0,
    "v26": 0.0
  },
  "final_prices": {
    "v27": 70190.99562043796,
    "v26": 49156.20437956205
  }
}