{
  "blocks_mined": {
    "v27": 6006,
    "v26": 265
  },
  "total_blocks": 6271,
  "final_hashrate": {
    "v27": 86.4,
    "v26": 0.0
  },
  "final_economic": {
    "v27": 100.0,
    "v26": 0.0
  },
  "final_prices": {
    "v27": 70995.62528817897,
    "v26": 48351.57471182103
  }
}