{
  "config": {
    "base_price": 60000,
    "max_divergence": 0.2,
    "coefficients": {
      "chain_weight": 0.3,
      "economic_weight": 0.5,
      "hashrate_weight": 0.2
    }
  },
  "current_prices": {
    "v27": 69074.28825071333,
    "v26": 50847.47174928666
  },
  "timeline": {
    "timestamps": [
      1772243036.3506768,
      1772243097.1355262,
      1772243097.1355364,
      1772243157.8448591,
      1772243157.844868,
      1772243218.354369,
      1772243218.354375,
      1772243278.574733,
      1772243278.5747387,
      1772243339.0842714,
      1772243339.0842772,
      1772243399.1953344,
      1772243399.1953423,
      1772243459.4319496,
      1772243459.4319553,
      1772243519.704477,
      1772243519.7044876,
      1772243580.4002805,
      1772243580.4002876,
      1772243641.0622115,
      1772243641.0622172,
      1772243701.158044,
      1772243701.1580498,
      1772243762.0092533,
      1772243762.0092602,
      1772243822.6824617,
      1772243822.682467,
      1772243883.385043,
      1772243883.3850486,
      1772243944.1275558,
      1772243944.1275632,
      1772244004.796664,
      1772244004.79667,
      1772244065.563456,
      1772244065.5634615,
      1772244126.40005,
      1772244126.4000592,
      1772244187.3168545,
      1772244187.3168619,
      1772244248.1280901,
      1772244248.1280966,
      1772244308.96849,
      1772244308.968497,
      1772244369.0050595,
      1772244369.0050676,
      1772244429.5630953,
      1772244429.5631008,
      1772244489.9061122,
      1772244489.906118,
      1772244550.1474202,
      1772244550.1474257,
      1772244610.1690335,
      1772244610.1690392,
      1772244671.1210244,
      1772244671.1210296,
      1772244732.1110566,
      1772244732.111062,
      1772244793.0846448,
      1772244793.0846508
    ],
    "v27_prices": [
      60000,
      62012.62771345851,
      62012.62771345851,
      61871.06839142463,
      61871.06839142463,
      62293.93003903991,
      62293.93003903991,
      62130.78155961237,
      62130.78155961237,
      62097.21512604593,
      62097.21512604593,
      62021.09830169382,
      62021.09830169382,
      62144.914794798235,
      62144.914794798235,
      62196.66090847927,
      62196.66090847927,
      62255.43063316655,
      62255.43063316655,
      65715.66771345853,
      65715.66771345853,
      66122.89662912117,
      66122.89662912117,
      66544.23914202995,
      66544.23914202995,
      66835.66771345852,
      66835.66771345852,
      67090.66771345853,
      67090.66771345853,
      67307.5044481524,
      67307.5044481524,
      67508.3871995399,
      67508.3871995399,
      67701.12225891308,
      67701.12225891308,
      67890.57265642431,
      67890.57265642431,
      68069.15608555154,
      68069.15608555154,
      68209.28319506184,
      68209.28319506184,
      68341.08542545067,
      68341.08542545067,
      68483.26228775679,
      68483.26228775679,
      68552.15859053518,
      68552.15859053518,
      68649.56118793778,
      68649.56118793778,
      68768.73713312314,
      68768.73713312314,
      68860.22191895935,
      68860.22191895935,
      68934.42567128054,
      68934.42567128054,
      69005.76423638634,
      69005.76423638634,
      69074.28825071333,
      69074.28825071333
    ],
    "v26_prices": [
      60000,
      60000,
      57909.13228654149,
      57909.13228654149,
      58050.691608575384,
      58050.691608575384,
      57627.829960960094,
      57627.829960960094,
      57790.97844038765,
      57790.97844038765,
      57824.54487395407,
      57824.54487395407,
      57900.66169830619,
      57900.66169830619,
      57776.84520520178,
      57776.84520520178,
      57725.09909152074,
      57725.09909152074,
      57666.32936683346,
      57666.32936683346,
      54206.09228654149,
      54206.09228654149,
      53798.86337087884,
      53798.86337087884,
      53377.520857970056,
      53377.520857970056,
      53086.09228654149,
      53086.09228654149,
      52831.09228654149,
      52831.09228654149,
      52614.25555184761,
      52614.25555184761,
      52413.37280046012,
      52413.37280046012,
      52220.637741086946,
      52220.637741086946,
      52031.18734357571,
      52031.18734357571,
      51852.60391444846,
      51852.60391444846,
      51712.476804938175,
      51712.476804938175,
      51580.67457454933,
      51580.67457454933,
      51438.49771224321,
      51438.49771224321,
      51369.60140946482,
      51369.60140946482,
      51272.198812062226,
      51272.198812062226,
      51153.02286687686,
      51153.02286687686,
      51061.53808104067,
      51061.53808104067,
      50987.33432871948,
      50987.33432871948,
      50915.995763613675,
      50915.995763613675,
      50847.47174928666
    ]
  },
  "history": [
    {
      "timestamp": 1772243036.3506768,
      "chain_id": "v27",
      "price": 60000,
      "metadata": {
        "initial": true
      }
    },
    {
      "timestamp": 1772243036.3506768,
      "chain_id": "v26",
      "price": 60000,
      "metadata": {
        "initial": true
      }
    },
    {
      "timestamp": 1772243097.1355262,
      "chain_id": "v27",
      "price": 62012.62771345851,
      "metadata": {
        "fork_sustained": true,
        "fork_depth": 25
      }
    },
    {
      "timestamp": 1772243097.1355364,
      "chain_id": "v26",
      "price": 57909.13228654149,
      "metadata": {
        "fork_sustained": true,
        "fork_depth": 25
      }
    },
    {
      "timestamp": 1772243157.8448591,
      "chain_id": "v27",
      "price": 61871.06839142463,
      "metadata": {
        "fork_sustained": true,
        "fork_depth": 59
      }
    },
    {
      "timestamp": 1772243157.844868,
      "chain_id": "v26",
      "price": 58050.691608575384,
      "metadata": {
        "fork_sustained": true,
        "fork_depth": 59
      }
    },
    {
      "timestamp": 1772243218.354369,
      "chain_id": "v27",
      "price": 62293.93003903991,
      "metadata": {
        "fork_sustained": true,
        "fork_depth": 86
      }
    },
    {
      "timestamp": 1772243218.354375,
      "chain_id": "v26",
      "price": 57627.829960960094,
      "metadata": {
        "fork_sustained": true,
        "fork_depth": 86
      }
    },
    {
      "timestamp": 1772243278.574733,
      "chain_id": "v27",
      "price": 62130.78155961237,
      "metadata": {
        "fork_sustained": true,
        "fork_depth": 117
      }
    },
    {
      "timestamp": 1772243278.5747387,
      "chain_id": "v26",
      "price": 57790.97844038765,
      "metadata": {
        "fork_sustained": true,
        "fork_depth": 117
      }
    },
    {
      "timestamp": 1772243339.0842714,
      "chain_id": "v27",
      "price": 62097.21512604593,
      "metadata": {
        "fork_sustained": true,
        "fork_depth": 143
      }
    },
    {
      "timestamp": 1772243339.0842772,
      "chain_id": "v26",
      "price": 57824.54487395407,
      "metadata": {
        "fork_sustained": true,
        "fork_depth": 143
      }
    },
    {
      "timestamp": 1772243399.1953344,
      "chain_id": "v27",
      "price": 62021.09830169382,
      "metadata": {
        "fork_sustained": true,
        "fork_depth": 170
      }
    },
    {
      "timestamp": 1772243399.1953423,
      "chain_id": "v26",
      "price": 57900.66169830619,
      "metadata": {
        "fork_sustained": true,
        "fork_depth": 170
      }
    },
    {
      "timestamp": 1772243459.4319496,
      "chain_id": "v27",
      "price": 62144.914794798235,
      "metadata": {
        "fork_sustained": true,
        "fork_depth": 209
      }
    },
    {
      "timestamp": 1772243459.4319553,
      "chain_id": "v26",
      "price": 57776.84520520178,
      "metadata": {
        "fork_sustained": true,
        "fork_depth": 209
      }
    },
    {
      "timestamp": 1772243519.704477,
      "chain_id": "v27",
      "price": 62196.66090847927,