{
  "blocks_mined": {
    "v27": 177,
    "v26": 21
  },
  "total_blocks": 198,
  "final_hashrate": {
    "v27": 86.4,
    "v26": 0.0
  },
  "final_economic": {
    "v27": 100.0,
    "v26": 0.0
  },
  "final_prices": {
    "v27": 70505.64155844157,
    "v26": 48841.558441558445
  }
}