{
  "blocks_mined": {
    "v27": 382,
    "v26": 12
  },
  "total_blocks": 394,
  "final_hashrate": {
    "v27": 86.4,
    "v26": 0.0
  },
  "final_economic": {
    "v27": 100.0,
    "v26": 0.0
  },
  "final_prices": {
    "v27": 71149.9397260274,
    "v26": 48197.260273972606
  }
}