{
  "config": {
    "base_price": 60000,
    "max_divergence": 0.2,
    "coefficients": {
      "chain_weight": 0.3,
      "economic_weight": 0.5,
      "hashrate_weight": 0.2
    }
  },
  "current_prices": {
    "v27": 59856.0,
    "v26": 59856.0
  },
  "timeline": {
    "timestamps": [
      1772406401.5032818,
      1772406462.4607654,
      1772406462.460774,
      1772406522.5508556,
      1772406522.5509062,
      1772406582.909135,
      1772406582.909145,
      1772406643.1261253,
      1772406643.126147,
      1772406703.6882367,
      1772406703.6882558,
      1772406764.1781611,
      1772406764.178211,
      1772406824.675016,
      1772406824.675027,
      1772406885.0658388,
      1772406885.065883,
      1772406945.174393,
      1772406945.1744003,
      1772407005.3262815,
      1772407005.326308,
      1772407065.9539816,
      1772407065.9539938,
      1772407126.457435,
      1772407126.4574509,
      1772407186.88821,
      1772407186.8882194,
      1772407247.1927798,
      1772407247.1927862,
      1772407307.497471,
      1772407307.4975083,
      1772407367.9271572,
      1772407367.9271724,
      1772407428.1655934,
      1772407428.1656413,
      1772407488.569542,
      1772407488.5695724,
      1772407548.8087993,
      1772407548.808808,
      1772407608.990602,
      1772407608.9906192,
      1772407669.5234249,
      1772407669.5234354,
      1772407729.8032036,
      1772407729.8032417,
      1772407789.9728746,
      1772407789.9728954,
      1772407850.1123679,
      1772407850.1123989,
      1772407910.8948977,
      1772407910.8949332,
      1772407971.288294,
      1772407971.2883105,
      1772408032.1355011,
      1772408032.135536,
      1772408092.6419632,
      1772408092.641986,
      1772408152.8463356,
      1772408152.846349
    ],
    "v27_prices": [
      60000,
      60000,
      60000,
      59856.0,
      59856.0,
      59025.23076923077,
      59025.23076923077,
      59644.23529411764,
      59644.23529411764,
      60287.99999999999,
      60287.99999999999,
      60901.161290322576,
      60901.161290322576,
      60992.84210526316,
      60992.84210526316,
      60944.37209302326,
      60944.37209302326,
      60736.0,
      60736.0,
      60545.361702127666,
      60545.361702127666,
      60677.05263157895,
      60677.05263157895,
      60643.50000000001,
      60643.50000000001,
      60678.85714285714,
      60678.85714285714,
      60480.0,
      60480.0,
      60486.0,
      60486.0,
      60491.294117647056,
      60491.294117647056,
      60543.6404494382,
      60543.6404494382,
      60468.765957446805,
      60468.765957446805,
      60338.47422680412,
      60338.47422680412,
      60287.99999999999,
      60287.99999999999,
      60189.333333333336,
      60189.333333333336,
      60048.85714285714,
      60048.85714285714,
      60045.47368421053,
      60045.47368421053,
      60042.206896551725,
      60042.206896551725,
      59942.4,
      59942.4,
      59828.51908396947,
      59828.51908396947,
      59856.0,
      59856.0,
      59831.8389261745,
      59831.8389261745,
      59856.0,
      59856.0
    ],
    "v26_prices": [
      60000,
      60000,
      60000,
      60000,
      59856.0,
      59856.0,
      60686.769230769234,
      60686.769230769234,
      60067.76470588235,
      60067.76470588235,
      59424.0,
      59424.0,
      58810.83870967742,
      58810.83870967742,
      58719.15789473685,
      58719.15789473685,
      58767.62790697674,
      58767.62790697674,
      58976.0,
      58976.0,
      59166.63829787234,
      59166.63829787234,
      59034.94736842106,
      59034.94736842106,
      59068.5,
      59068.5,
      59033.142857142855,
      59033.142857142855,
      59232.00000000001,
      59232.00000000001,
      59226.00000000001,
      59226.00000000001,
      59220.705882352944,
      59220.705882352944,
      59168.3595505618,
      59168.3595505618,
      59243.23404255319,
      59243.23404255319,
      59373.52577319588,
      59373.52577319588,
      59424.0,
      59424.0,
      59522.66666666667,
      59522.66666666667,
      59663.142857142855,
      59663.142857142855,
      59666.52631578947,
      59666.52631578947,
      59669.793103448275,
      59669.793103448275,
      59769.6,
      59769.6,
      59883.48091603054,
      59883.48091603054,
      59856.0,
      59856.0,
      59880.161073825504,
      59880.161073825504,
      59856.0
    ]
  },
  "history": [
    {
      "timestamp": 1772406401.5032818,
      "chain_id": "v27",
      "price": 60000,
      "metadata": {
        "initial": true
      }
    },
    {
      "timestamp": 1772406401.5032818,
      "chain_id": "v26",
      "price": 60000,
      "metadata": {
        "initial": true
      }
    },
    {
      "timestamp": 1772406462.4607654,
      "chain_id": "v27",
      "price": 60000,
      "metadata": {}
    },
    {
      "timestamp": 1772406462.460774,
      "chain_id": "v26",
      "price": 60000,
      "metadata": {}
    },
    {
      "timestamp": 1772406522.5508556,
      "chain_id": "v27",
      "price": 59856.0,
      "metadata": {
        "fork_sustained": true,
        "fork_depth": 6
      }
    },
    {
      "timestamp": 1772406522.5509062,
      "chain_id": "v26",
      "price": 59856.0,
      "metadata": {
        "fork_sustained": true,
        "fork_depth": 6
      }
    },
    {
      "timestamp": 1772406582.909135,
      "chain_id": "v27",
      "price": 59025.23076923077,
      "metadata": {
        "fork_sustained": true,
        "fork_depth": 13
      }
    },
    {
      "timestamp": 1772406582.909145,
      "chain_id": "v26",
      "price": 60686.769230769234,
      "metadata": {
        "fork_sustained": true,
        "fork_depth": 13
      }
    },
    {
      "timestamp": 1772406643.1261253,
      "chain_id": "v27",
      "price": 59644.23529411764,
      "metadata": {
        "fork_sustained": true,
        "fork_depth": 17
      }
    },
    {
      "timestamp": 1772406643.126147,
      "chain_id": "v26",
      "price": 60067.76470588235,
      "metadata": {
        "fork_sustained": true,
        "fork_depth": 17
      }
    },
    {
      "timestamp": 1772406703.6882367,
      "chain_id": "v27",
      "price": 60287.99999999999,
      "metadata": {
        "fork_sustained": true,
        "fork_depth": 25
      }
    },
    {
      "timestamp": 1772406703.6882558,
      "chain_id": "v26",
      "price": 59424.0,
      "metadata": {
        "fork_sustained": true,
        "fork_depth": 25
      }
    },
    {
      "timestamp": 1772406764.1781611,
      "chain_id": "v27",
      "price": 60901.161290322576,
      "metadata": {
        "fork_sustained": true,
        "fork_depth": 31
      }
    },
    {
      "timestamp": 1772406764.178211,
      "chain_id": "v26",
      "price": 58810.83870967742,
      "metadata": {
        "fork_sustained": true,
        "fork_depth": 31
      }
    },
    {
      "timestamp": 1772406824.675016,
      "chain_id": "v27",
      "price": 60992.84210526316,
      "metadata": {
        "fork_sustained": true,
        "fork_depth": 38
      }
    },
    {
      "timestamp": 1772406824.675027,
      "chain_id": "v26",
      "price": 58719.15789473685,
      "metadata": {
        "fork_sustained": true,
        "fork_depth": 38
      }
    },
    {
      "timestamp": 1772406885.0658388,
      "chain_id": "v27",
      "price": 60944.37209302326,
      "metadata": {
        "fork_sustained": true,
        "fork_depth": 43
      }
    },
    {
      "timestamp": 1772406885.065883,
      "chain_id": "v26",
      "price": 58767.62790697674,
      "metadata": {
        "fork_sustained": true,
        "fork_depth": 43
      }
    },
    {
      "timestamp": 1772406945.174393,
      "chain_id": "v27",
      "price": 60736.0,
      "metadata": {
        "fork_sustained": true,
        "fork_depth": 45
      }
    },
    {
      "timestamp": 1772406945.1744003,
      "chain_id": "v26",
      "price": 58976.0,