{
  "blocks_mined": {
    "v27": 143,
    "v26": 4
  },
  "total_blocks": 147,
  "final_hashrate": {
    "v27": 86.4,
    "v26": 0.0
  },
  "final_economic": {
    "v27": 100.0,
    "v26": 0.0
  },
  "final_prices": {
    "v27": 71280.53333333334,
    "v26": 48066.66666666667
  }
}