{
  "blocks_mined": {
    "v27": 0,
    "v26": 0
  },
  "total_blocks": 0,
  "final_hashrate": {
    "v27": 57.39999999999999,
    "v26": 29.0
  },
  "final_economic": {
    "v27": 56.737060138721,
    "v26": 43.262939861279
  },
  "final_prices": {
    "v27": 60000,
    "v26": 60000
  }
}