{
  "blocks_mined": {
    "v27": 4946,
    "v26": 244
  },
  "total_blocks": 5190,
  "final_hashrate": {
    "v27": 86.4,
    "v26": 0.0
  },
  "final_economic": {
    "v27": 100.0,
    "v26": 0.0
  },
  "final_prices": {
    "v27": 70918.70590291923,
    "v26": 48428.494097080766
  }
}