{
  "timestamps": [
    0,
    60,
    120,
    181,
    241,
    302,
    362,
    422,
    483,
    543,
    603,
    664,
    724,
    784,
    845,
    900
  ],
  "v27_price": [
    60000,
    60000,
    62914.285714285725,
    62400.0,
    62589.47368421053,
    62589.47368421053,
    62699.99999999999,
    62914.285714285725,
    62727.27272727273,
    62579.99999999999,
    62476.595744680846,
    62657.142857142855,
    62238.80597014925,
    62194.285714285725,
    62256.00000000001,
    62263.291139240515
  ],
  "v26_price": [
    60000,
    60000,
    57085.71428571429,
    57600.0,
    57410.52631578947,
    57410.52631578947,
    57300.00000000001,
    57085.71428571429,
    57272.72727272727,
    57420.00000000001,
    57523.404255319154,
    57342.857142857145,
    57761.19402985075,
    57805.71428571429,
    57743.99999999999,
    57736.7088607595
  ],
  "v27_hashrate": [
    50.0,
    50.0,
    50.0,
    50.0,
    50.0,
    50.0,
    50.0,
    50.0,
    50.0,
    50.0,
    50.0,
    50.0,
    50.0,
    50.0,
    50.0,
    50.0
  ],
  "v26_hashrate": [
    50.0,
    50.0,
    50.0,
    50.0,
    50.0,
    50.0,
    50.0,
    50.0,
    50.0,
    50.0,
    50.0,
    50.0,
    50.0,
    50.0,
    50.0,
    50.0
  ],
  "v27_economic": [
    70.0,
    70.0,
    70.0,
    70.0,
    70.0,
    70.0,
    70.0,
    70.0,
    70.0,
    70.0,
    70.0,
    70.0,
    70.0,
    70.0,
    70.0,
    70.0
  ],
  "v26_economic": [
    30.0,
    30.0,
    30.0,
    30.0,
    30.0,
    30.0,
    30.0,
    30.0,
    30.0,
    30.0,
    30.0,
    30.0,
    30.0,
    30.0,
    30.0,
    30.0
  ],
  "v27_blocks": [
    0,
    4,
    7,
    10,
    10,
    13,
    16,
    18,
    21,
    24,
    30,
    32,
    33,
    36,
    38,
    41
  ],
  "v26_blocks": [
    0,
    3,
    7,
    9,
    9,
    11,
    12,
    15,
    19,
    23,
    26,
    35,
    37,
    39,
    41,
    43
  ],
  "v27_difficulty": [
    1.0,
    1.0,
    1.0,
    1.0,
    1.0,
    1.0,
    1.0,
    1.0,
    1.0,
    1.0,
    1.0,
    1.0,
    1.0,
    1.0,
    1.0,
    1.0
  ],
  "v26_difficulty": [
    1.0,
    1.0,
    1.0,
    1.0,
    1.0,
    1.0,
    1.0,
    1.0,
    1.0,
    1.0,
    1.0,
    1.0,
    1.0,
    1.0,
    1.0,
    1.0
  ],
  "v27_chainwork": [
    0.0,
    4.0,
    7.0,
    10.0,
    10.0,
    13.0,
    16.0,
    18.0,
    21.0,
    24.0,
    30.0,
    32.0,
    33.0,
    36.0,
    38.0,
    41.0
  ],
  "v26_chainwork": [
    0.0,
    3.0,
    7.0,
    9.0,
    9.0,
    11.0,
    12.0,
    15.0,
    19.0,
    23.0,
    26.0,
    35.0,
    37.0,
    39.0,
    41.0,
    43.0
  ],
  "v27_fee_rate": [
    1.0,
    1.0,
    0.04666666666666666,
    0.04666666666666666,
    0.04666666666666666,
    0.04666666666666666,
    0.04666666666666666,
    0.04666666666666666,
    0.04666666666666666,
    0.04666666666666666,
    0.04666666666666666,
    0.04666666666666666,
    0.04666666666666666,
    0.04666666666666666,
    0.04666666666666666,
    0.04666666666666666
  ],
  "v26_fee_rate": [
    1.0,
    1.0,
    0.02,
    0.02,
    0.02,
    0.02,
    0.02,
    0.02,
    0.02,
    0.02,
    0.02,
    0.02,
    0.02,
    0.02,
    0.02,
    0.02
  ],
  "v27_fee_revenue_btc": [
    0.01,
    0.01,
    0.00046666666666666666,
    0.00046666666666666666,
    0.00046666666666666666,
    0.00046666666666666666,
    0.00046666666666666666,
    0.00046666666666666666,
    0.00046666666666666666,
    0.00046666666666666666,
    0.00046666666666666666,
    0.00046666666666666666,
    0.00046666666666666666,
    0.00046666666666666666,
    0.00046666666666666666,
    0.00046666666666666666
  ],
  "v26_fee_revenue_btc": [
    0.01,
    0.01,
    0.0002,
    0.0002,
    0.0002,
    0.0002,
    0.0002,
    0.0002,
    0.0002,
    0.0002,
    0.0002,
    0.0002,
    0.0002,
    0.0002,
    0.0002,
    0.0002
  ],
  "v27_congestion": [
    0.04666666666666666,
    0.04666666666666666,
    0.04666666666666666,
    0.04666666666666666,
    0.04666666666666666,
    0.04666666666666666,
    0.04666666666666666,
    0.04666666666666666,
    0.04666666666666666,
    0.04666666666666666,
    0.04666666666666666,
    0.04666666666666666,
    0.04666666666666666,
    0.04666666666666666,
    0.04666666666666666,
    0.04666666666666666
  ],
  "v26_congestion": [
    0.019999999999999997,
    0.019999999999999997,
    0.019999999999999997,
    0.019999999999999997,
    0.019999999999999997,
    0.019999999999999997,
    0.019999999999999997,
    0.019999999999999997,
    0.019999999999999997,
    0.019999999999999997,
    0.019999999999999997,
    0.019999999999999997,
    0.019999999999999997,
    0.019999999999999997,
    0.019999999999999997,
    0.019999999999999997
  ],
  "v27_mempool_mb": [
    0,
    0,
    0,
    0,
    0,
    0,
    0,
    0,
    0,
    0,
    0,
    0,
    0,
    0,
    0,
    0
  ],
  "v26_mempool_mb": [
    0,
    0,
    0,
    0,
    0,
    0,
    0,
    0,
    0,
    0,
    0,
    0,
    0,
    0,
    0,
    0
  ],
  "v27_transactional": [
    70.0,
    70.0,
    70.0,
    70.0,
    70.0,
    70.0,
    70.0,
    70.0,
    70.0,
    70.0,
    70.0,
    70.0,
    70.0,
    70.0,
    70.0,
    70.0
  ],
  "v26_transactional": [
    30.0,
    30.0,
    30.0,
    30.0,
    30.0,
    30.0,
    30.0,
    30.0,
    30.0,
    30.0,
    30.0,
    30.0,
    30.0,
    30.0,
    30.0,
    30.0
  ],
  "v27_solo_hashrate": [
    0.0,
    0.0,
    0.0,
    0.0,
    0.0,
    0.0,
    0.0,
    0.0,
    0.0,
    0.0,
    0.0,
    0.0,
    0.0,
    0.0,
    0.0,
    0.0
  ],
  "v26_solo_hashrate": [
    0.0,
    0.0,
    0.0,
    0.0,
    0.0,
    0.0,
    0.0,
    0.0,
    0.0,
    0.0,
    0.0,
    0.0,
    0.0,
    0.0,
    0.0,
    0.0
  ]
}