{
  "config": {
    "base_price": 60000,
    "max_divergence": 0.2,
    "coefficients": {
      "chain_weight": 0.3,
      "economic_weight": 0.5,
      "hashrate_weight": 0.2
    }
  },
  "current_prices": {
    "v27": 67691.46323505898,
    "v26": 51655.73676494102
  },
  "timeline": {
    "timestamps": [
      1772633292.468372,
      1772633353.6285942,
      1772633353.6286056,
      1772633414.579048,
      1772633414.5790582,
      1772633474.9795456,
      1772633474.9795513,
      1772633535.114486,
      1772633535.1144912,
      1772633595.9740396,
      1772633595.9740446,
      1772633656.4633548,
      1772633656.4633605,
      1772633717.1527426,
      1772633717.15275,
      1772633777.7725852,
      1772633777.7725906,
      1772633838.4886372,
      1772633838.4886432,
      1772633899.0662818,
      1772633899.066287,
      1772633959.7245266,
      1772633959.7245324,
      1772634020.3660586,
      1772634020.366067,
      1772634080.7858188,
      1772634080.7858253,
      1772634141.267975,
      1772634141.2679808,
      1772634202.1446173,
      1772634202.1446252,
      1772634263.1789615,
      1772634263.1789675,
      1772634324.1083107,
      1772634324.1083167,
      1772634384.3192935,
      1772634384.3192987,
      1772634444.589999,
      1772634444.5900066,
      1772634504.8873165,
      1772634504.8873222,
      1772634565.265888,
      1772634565.2658956,
      1772634625.654323,
      1772634625.654331,
      1772634686.1672242,
      1772634686.1672297,
      1772634746.347323,
      1772634746.3473306,
      1772634806.6728942,
      1772634806.672902,
      1772634866.7852962,
      1772634866.7853048,
      1772634926.7879834,
      1772634926.7879899,
      1772634986.9536157,
      1772634986.9536233,
      1772635047.0062544,
      1772635047.0062623
    ],
    "v27_prices": [
      60000,
      62223.771697206525,
      62223.771697206525,
      62547.77169720652,
      62547.77169720652,
      62712.343125777945,
      62712.343125777945,
      62706.929591943364,
      62706.929591943364,
      62736.99483770238,
      62736.99483770238,
      62796.4989699338,
      62796.4989699338,
      62811.63296888282,
      62811.63296888282,
      62696.04892492929,
      62696.04892492929,
      62785.31015874497,
      62785.31015874497,
      65137.55631259114,
      65137.55631259114,
      65467.52380988258,
      65467.52380988258,
      65752.9217334752,
      65752.9217334752,
      65998.76113584918,
      65998.76113584918,
      66211.23354907063,
      66211.23354907063,
      66367.21874599889,
      66367.21874599889,
      66527.92016703499,
      66527.92016703499,
      66661.10097072039,
      66661.10097072039,
      66805.88183941421,
      66805.88183941421,
      66930.20555354276,
      66930.20555354276,
      67051.78028600995,
      67051.78028600995,
      67153.91315220862,
      67153.91315220862,
      67248.5988484453,
      67248.5988484453,
      67290.46854388047,
      67290.46854388047,
      67375.29880701567,
      67375.29880701567,
      67463.04159005413,
      67463.04159005413,
      67528.43860026928,
      67528.43860026928,
      67581.38441209497,
      67581.38441209497,
      67642.4263193453,
      67642.4263193453,
      67691.46323505898,
      67691.46323505898
    ],
    "v26_prices": [
      60000,
      60000,
      57123.42830279348,
      57123.42830279348,
      56799.42830279349,
      56799.42830279349,
      56634.85687422206,
      56634.85687422206,
      56640.27040805664,
      56640.27040805664,
      56610.205162297614,
      56610.205162297614,
      56550.70103006621,
      56550.70103006621,
      56535.567031117185,
      56535.567031117185,
      56651.15107507072,
      56651.15107507072,
      56561.889841255026,
      56561.889841255026,
      54209.64368740887,
      54209.64368740887,
      53879.676190117425,
      53879.676190117425,
      53594.2782665248,
      53594.2782665248,
      53348.43886415083,
      53348.43886415083,
      53135.966450929365,
      53135.966450929365,
      52979.98125400112,
      52979.98125400112,
      52819.27983296502,
      52819.27983296502,
      52686.09902927962,
      52686.09902927962,
      52541.31816058578,
      52541.31816058578,
      52416.99444645723,
      52416.99444645723,
      52295.41971399006,
      52295.41971399006,
      52193.28684779138,
      52193.28684779138,
      52098.60115155471,
      52098.60115155471,
      52056.73145611953,
      52056.73145611953,
      51971.90119298433,
      51971.90119298433,
      51884.15840994588,
      51884.15840994588,
      51818.76139973073,
      51818.76139973073,
      51765.81558790504,
      51765.81558790504,
      51704.77368065472,
      51704.77368065472,
      51655.73676494102
    ]
  },
  "history": [
    {
      "timestamp": 1772633292.468372,
      "chain_id": "v27",
      "price": 60000,
      "metadata": {
        "initial": true
      }
    },
    {
      "timestamp": 1772633292.468372,
      "chain_id": "v26",
      "price": 60000,
      "metadata": {
        "initial": true
      }
    },
    {
      "timestamp": 1772633353.6285942,
      "chain_id": "v27",
      "price": 62223.771697206525,
      "metadata": {
        "fork_sustained": true,
        "fork_depth": 24
      }
    },
    {
      "timestamp": 1772633353.6286056,
      "chain_id": "v26",
      "price": 57123.42830279348,
      "metadata": {
        "fork_sustained": true,
        "fork_depth": 24
      }
    },
    {
      "timestamp": 1772633414.579048,
      "chain_id": "v27",
      "price": 62547.77169720652,
      "metadata": {
        "fork_sustained": true,
        "fork_depth": 50
      }
    },
    {
      "timestamp": 1772633414.5790582,
      "chain_id": "v26",
      "price": 56799.42830279349,
      "metadata": {
        "fork_sustained": true,
        "fork_depth": 50
      }
    },
    {
      "timestamp": 1772633474.9795456,
      "chain_id": "v27",
      "price": 62712.343125777945,
      "metadata": {
        "fork_sustained": true,
        "fork_depth": 70
      }
    },
    {
      "timestamp": 1772633474.9795513,
      "chain_id": "v26",
      "price": 56634.85687422206,
      "metadata": {
        "fork_sustained": true,
        "fork_depth": 70
      }
    },
    {
      "timestamp": 1772633535.114486,
      "chain_id": "v27",
      "price": 62706.929591943364,
      "metadata": {
        "fork_sustained": true,
        "fork_depth": 95
      }
    },
    {
      "timestamp": 1772633535.1144912,
      "chain_id": "v26",
      "price": 56640.27040805664,
      "metadata": {
        "fork_sustained": true,
        "fork_depth": 95
      }
    },
    {
      "timestamp": 1772633595.9740396,
      "chain_id": "v27",
      "price": 62736.99483770238,
      "metadata": {
        "fork_sustained": true,
        "fork_depth": 121
      }
    },
    {
      "timestamp": 1772633595.9740446,
      "chain_id": "v26",
      "price": 56610.205162297614,
      "metadata": {
        "fork_sustained": true,
        "fork_depth": 121
      }
    },
    {
      "timestamp": 1772633656.4633548,
      "chain_id": "v27",
      "price": 62796.4989699338,
      "metadata": {
        "fork_sustained": true,
        "fork_depth": 143
      }
    },
    {
      "timestamp": 1772633656.4633605,
      "chain_id": "v26",
      "price": 56550.70103006621,
      "metadata": {
        "fork_sustained": true,
        "fork_depth": 143
      }
    },
    {
      "timestamp": 1772633717.1527426,
      "chain_id": "v27",
      "price": 62811.63296888282,
      "metadata": {
        "fork_sustained": true,
        "fork_depth": 173
      }
    },
    {
      "timestamp": 1772633717.15275,
      "chain_id": "v26",
      "price": 56535.567031117185,
      "metadata": {
        "fork_sustained": true,
        "fork_depth": 173
      }
    },
    {
      "timestamp": 1772633777.7725852,
      "chain_id": "v27",
      "price": 62696.04892492929,