{
  "timestamps": [
    0,
    60,
    120,
    181,
    241,
    302,
    363,
    424,
    485,
    545,
    606,
    667,
    727,
    788,
    848,
    908,
    969,
    1030,
    1090,
    1151,
    1212,
    1273,
    1333,
    1393,
    1454,
    1514,
    1575,
    1636,
    1696,
    1757,
    1800
  ],
  "v27_price": [
    60000,
    60000,
    61206.862215261746,
    61047.27942517049,
    61180.79886684546,
    60925.24552686541,
    60996.78263966494,
    61087.720891469275,
    60978.96379788966,
    61006.09298449253,
    60897.83211492731,
    62394.458587098394,
    62563.980552060086,
    62698.94819576013,
    62812.77182354266,
    62949.811042744936,
    63029.51643276838,
    63135.7678232022,
    63131.89685546027,
    63229.55584163538,
    63278.001432145946,
    63357.85443003187,
    63414.55410787461,
    63477.01100442633,
    63527.23604224781,
    63545.739170365196,
    63593.312728564255,
    63634.00638701208,
    63683.414065650824,
    63713.39904123616,
    63764.78467306539
  ],
  "v26_price": [
    60000,
    60000,
    58714.897784738256,
    58874.48057482951,
    58740.96113315454,
    58996.51447313461,
    58924.97736033506,
    58834.03910853074,
    58942.796202110345,
    58915.66701550749,
    59023.927885072706,
    57527.30141290162,
    57357.779447939916,
    57222.81180423988,
    57108.98817645735,
    56971.94895725506,
    56892.24356723162,
    56785.9921767978,
    56789.86314453974,
    56692.20415836463,
    56643.758567854056,
    56563.90556996814,
    56507.2058921254,
    56444.748995573675,
    56394.52395775219,
    56376.02082963481,
    56328.44727143575,
    56287.75361298792,
    56238.34593434918,
    56208.36095876386,
    56156.975326934626
  ],
  "v27_hashrate": [
    57.53,
    57.53,
    57.53,
    57.53,
    57.53,
    57.53,
    57.53,
    57.53,
    57.53,
    57.53,
    87.11999999999999,
    87.11999999999999,
    87.11999999999999,
    87.11999999999999,
    87.11999999999999,
    87.11999999999999,
    87.11999999999999,
    87.11999999999999,
    87.11999999999999,
    87.11999999999999,
    87.11999999999999,
    87.11999999999999,
    87.11999999999999,
    87.11999999999999,
    87.11999999999999,
    87.11999999999999,
    87.11999999999999,
    87.11999999999999,
    87.11999999999999,
    87.11999999999999,
    87.11999999999999
  ],
  "v26_hashrate": [
    40.839999999999996,
    40.839999999999996,
    40.839999999999996,
    40.839999999999996,
    40.839999999999996,
    40.839999999999996,
    40.839999999999996,
    40.839999999999996,
    40.839999999999996,
    40.839999999999996,
    11.25,
    11.25,
    11.25,
    11.25,
    11.25,
    11.25,
    11.25,
    11.25,
    11.25,
    11.25,
    11.25,
    11.25,
    11.25,
    11.25,
    11.25,
    11.25,
    11.25,
    11.25,
    11.25,
    11.25,
    11.25
  ],
  "v27_economic": [
    50.12210820410434,
    50.12210820410434,
    50.12210820410434,
    50.12210820410434,
    50.12210820410434,
    50.12210820410434,
    50.12210820410434,
    50.12210820410434,
    50.12210820410434,
    50.12210820410434,
    50.12210820410434,
    50.12210820410434,
    50.12210820410434,
    50.12210820410434,
    50.12210820410434,
    50.12210820410434,
    50.12210820410434,
    50.12210820410434,
    50.12210820410434,
    50.12210820410434,
    50.15834170355274,
    50.15834170355274,
    50.15834170355274,
    50.15834170355274,
    50.15834170355274,
    50.15834170355274,
    50.15834170355274,
    50.15834170355274,
    50.15834170355274,
    50.15834170355274,
    50.15834170355274
  ],
  "v26_economic": [
    49.87789179589566,
    49.87789179589566,
    49.87789179589566,
    49.87789179589566,
    49.87789179589566,
    49.87789179589566,
    49.87789179589566,
    49.87789179589566,
    49.87789179589566,
    49.87789179589566,
    49.87789179589566,
    49.87789179589566,
    49.87789179589566,
    49.87789179589566,
    49.87789179589566,
    49.87789179589566,
    49.87789179589566,
    49.87789179589566,
    49.87789179589566,
    49.87789179589566,
    49.841658296447264,
    49.841658296447264,
    49.841658296447264,
    49.841658296447264,
    49.841658296447264,
    49.841658296447264,
    49.841658296447264,
    49.841658296447264,
    49.841658296447264,
    49.841658296447264,
    49.841658296447264
  ],
  "v27_blocks": [
    0,
    16,
    35,
    52,
    68,
    85,
    103,
    122,
    141,
    158,
    179,
    202,
    222,
    243,
    272,
    292,
    319,
    340,
    367,
    391,
    414,
    441,
    469,
    489,
    510,
    543,
    572,
    597,
    624,
    653,
    673
  ],
  "v26_blocks": [
    0,
    10,
    24,
    33,
    50,
    60,
    69,
    87,
    99,
    118,
    128,
    131,
    133,
    136,
    140,
    143,
    146,
    156,
    158,
    163,
    164,
    168,
    171,
    172,
    177,
    182,
    186,
    187,
    191,
    192,
    193
  ],
  "v27_difficulty": [
    1.0,
    1.0,
    1.0,
    1.0,
    1.0,
    1.0,
    1.0,
    1.0,
    1.0,
    1.0,
    1.0,
    1.0,
    1.0,
    1.0,
    1.0,
    1.0,
    1.0,
    1.0,
    1.0,
    1.0,
    1.0,
    1.0,
    1.0,
    1.0,
    1.0,
    1.0,
    1.0,
    1.0,
    1.0,
    1.0,
    1.0
  ],
  "v26_difficulty": [
    1.0,
    1.0,
    1.0,
    1.0,
    1.0,
    1.0,
    1.0,
    1.0,
    1.0,
    1.0,
    1.0,
    1.0,
    1.0,
    1.0,
    1.0,
    1.0,
    1.0,
    1.0,
    1.0,
    1.0,
    1.0,
    1.0,
    1.0,
    1.0,
    1.0,
    1.0,
    1.0,
    1.0,
    1.0,
    1.0,
    1.0
  ],
  "v27_chainwork": [
    0.0,
    16.0,
    35.0,
    52.0,
    68.0,
    85.0,
    103.0,
    122.0,
    141.0,
    158.0,
    179.0,
    202.0,
    222.0,
    243.0,
    272.0,
    292.0,
    319.0,
    340.0,
    367.0,
    391.0,
    414.0,
    441.0,
    469.0,
    489.0,
    510.0,
    543.0,
    572.0,
    597.0,
    624.0,
    653.0,
    673.0
  ],
  "v26_chainwork": [
    0.0,
    10.0,
    24.0,
    33.0,
    50.0,
    60.0,
    69.0,
    87.0,
    99.0,
    118.0,
    128.0,
    131.0,
    133.0,
    136.0,
    140.0,
    143.0,
    146.0,
    156.0,
    158.0,
    163.0,
    164.0,
    168.0,
    171.0,
    172.0,
    177.0,
    182.0,
    186.0,
    187.0,
    191.0,
    192.0,
    193.0
  ],
  "v27_fee_rate": [
    1.0,
    1.0,
    0.006324913615786536,
    0.006324913615786536,
    0.006324913615786536,
    0.006324913615786536,
    0.006324913615786536,
    0.006324913615786536,
    0.006324913615786536,
    0.006324913615786536,
    0.006324913615786536,
    0.004176679066990352,
    0.004176679066990352,
    0.004176679066990352,
    0.004176679066990352,
    0.004176679066990352,
    0.004176679066990352,
    0.004176679066990352,
    0.004176679066990352,
    0.004176679066990352,
    0.004176679066990352,
    0.004177669131925078,
    0.004177669131925078,
    0.004177669131925078,
    0.004177669131925078,
    0.004177669131925078,
    0.004177669131925078,
    0.004177669131925078,
    0.004177669131925078,
    0.004177669131925078,
    0.004177669131925078
  ],
  "v26_fee_rate": [
    1.0,
    1.0,
    0.007414162251480589,
    0.007414162251480589,
    0.007414162251480589,
    0.007414162251480589,
    0.007414162251480589,
    0.007414162251480589,
    0.007414162251480589,
    0.007414162251480589,
    0.007414162251480589,
    0.02691505656448598,
    0.02691505656448598,
    0.02691505656448598,
    0.02691505656448598,
    0.02691505656448598,
    0.02691505656448598,
    0.02691505656448598,
    0.02691505656448598,
    0.02691505656448598,
    0.02691505656448598,
    0.02690738950163146,
    0.02690738950163146,
    0.02690738950163146,
    0.02690738950163146,
    0.02690738950163146,
    0.02690738950163146,
    0.02690738950163146,
    0.02690738950163146,
    0.02690738950163146,
    0.02690738950163146
  ],