{
  "config": {
    "base_price": 60000,
    "max_divergence": 0.2,
    "coefficients": {
      "chain_weight": 0.3,
      "economic_weight": 0.5,
      "hashrate_weight": 0.2
    }
  },
  "current_prices": {
    "v27": 52711.24270074607,
    "v26": 66635.95729925395
  },
  "timeline": {
    "timestamps": [
      1772554574.8444836,
      1772554635.901815,
      1772554635.9018307,
      1772554696.120959,
      1772554696.1209688,
      1772554756.9732668,
      1772554756.9732764,
      1772554818.5372365,
      1772554818.537254,
      1772554879.2401688,
      1772554879.2401927,
      1772554939.9291363,
      1772554939.929148,
      1772555000.544815,
      1772555000.5448213,
      1772555061.2141256,
      1772555061.214131,
      1772555121.9115071,
      1772555121.911513,
      1772555182.5413435,
      1772555182.5413506,
      1772555243.4358315,
      1772555243.435837,
      1772555304.44285,
      1772555304.4428577,
      1772555365.3092651,
      1772555365.3092709,
      1772555425.7505472,
      1772555425.7505546,
      1772555486.2128162,
      1772555486.2128217,
      1772555546.66667,
      1772555546.6666775,
      1772555607.181446,
      1772555607.1814556,
      1772555667.7510042,
      1772555667.7510095,
      1772555728.3510618,
      1772555728.3510675,
      1772555789.0254185,
      1772555789.025425,
      1772555849.630697,
      1772555849.6307068,
      1772555910.384487,
      1772555910.3844924,
      1772555970.728758,
      1772555970.7287633,
      1772556031.3099766,
      1772556031.3099875,
      1772556091.9288974,
      1772556091.928903,
      1772556152.524377,
      1772556152.5243833,
      1772556213.0457125,
      1772556213.045718,
      1772556273.6163929,
      1772556273.6163979,
      1772556334.2107043,
      1772556334.2107103
    ],
    "v27_prices": [
      60000,
      56255.40722170701,
      56255.40722170701,
      56438.01591735919,
      56438.01591735919,
      56508.6041526533,
      56508.6041526533,
      56681.971961315234,
      56681.971961315234,
      56693.66809127224,
      56693.66809127224,
      56706.101023742165,
      56706.101023742165,
      56734.401459527864,
      56734.401459527864,
      56654.25957218152,
      56654.25957218152,
      56645.00281692251,
      56645.00281692251,
      54859.021364830005,
      54859.021364830005,
      54585.997994752266,
      54585.997994752266,
      54327.78203166424,
      54327.78203166424,
      54121.564524335685,
      54121.564524335685,
      53964.57622267156,
      53964.57622267156,
      53821.050280163785,
      53821.050280163785,
      53698.45579175448,
      53698.45579175448,
      53572.872519901786,
      53572.872519901786,
      53452.07023473854,
      53452.07023473854,
      53348.74888520221,
      53348.74888520221,
      53245.11362459986,
      53245.11362459986,
      53160.787604069716,
      53160.787604069716,
      53079.08101337065,
      53079.08101337065,
      53036.58999366854,
      53036.58999366854,
      52970.97637402586,
      52970.97637402586,
      52901.658097021784,
      52901.658097021784,
      52842.46397473819,
      52842.46397473819,
      52798.15296121171,
      52798.15296121171,
      52754.45231505447,
      52754.45231505447,
      52711.24270074607,
      52711.24270074607
    ],
    "v26_prices": [
      60000,
      60000,
      63091.792778292984,
      63091.792778292984,
      62909.184082640815,
      62909.184082640815,
      62838.595847346696,
      62838.595847346696,
      62665.22803868477,
      62665.22803868477,
      62653.53190872777,
      62653.53190872777,
      62641.09897625784,
      62641.09897625784,
      62612.79854047214,
      62612.79854047214,
      62692.94042781847,
      62692.94042781847,
      62702.1971830775,
      62702.1971830775,
      64488.17863517,
      64488.17863517,
      64761.20200524773,
      64761.20200524773,
      65019.417968335765,
      65019.417968335765,
      65225.63547566432,
      65225.63547566432,
      65382.62377732845,
      65382.62377732845,
      65526.14971983621,
      65526.14971983621,
      65648.74420824552,
      65648.74420824552,
      65774.32748009822,
      65774.32748009822,
      65895.12976526146,
      65895.12976526146,
      65998.4511147978,
      65998.4511147978,
      66102.08637540015,
      66102.08637540015,
      66186.4123959303,
      66186.4123959303,
      66268.11898662936,
      66268.11898662936,
      66310.61000633147,
      66310.61000633147,
      66376.22362597416,
      66376.22362597416,
      66445.54190297822,
      66445.54190297822,
      66504.73602526182,
      66504.73602526182,
      66549.0470387883,
      66549.0470387883,
      66592.74768494554,
      66592.74768494554,
      66635.95729925395
    ]
  },
  "history": [
    {
      "timestamp": 1772554574.8444836,
      "chain_id": "v27",
      "price": 60000,
      "metadata": {
        "initial": true
      }
    },
    {
      "timestamp": 1772554574.8444836,
      "chain_id": "v26",
      "price": 60000,
      "metadata": {
        "initial": true
      }
    },
    {
      "timestamp": 1772554635.901815,
      "chain_id": "v27",
      "price": 56255.40722170701,
      "metadata": {
        "fork_sustained": true,
        "fork_depth": 23
      }
    },
    {
      "timestamp": 1772554635.9018307,
      "chain_id": "v26",
      "price": 63091.792778292984,
      "metadata": {
        "fork_sustained": true,
        "fork_depth": 23
      }
    },
    {
      "timestamp": 1772554696.120959,
      "chain_id": "v27",
      "price": 56438.01591735919,
      "metadata": {
        "fork_sustained": true,
        "fork_depth": 48
      }
    },
    {
      "timestamp": 1772554696.1209688,
      "chain_id": "v26",
      "price": 62909.184082640815,
      "metadata": {
        "fork_sustained": true,
        "fork_depth": 48
      }
    },
    {
      "timestamp": 1772554756.9732668,
      "chain_id": "v27",
      "price": 56508.6041526533,
      "metadata": {
        "fork_sustained": true,
        "fork_depth": 68
      }
    },
    {
      "timestamp": 1772554756.9732764,
      "chain_id": "v26",
      "price": 62838.595847346696,
      "metadata": {
        "fork_sustained": true,
        "fork_depth": 68
      }
    },
    {
      "timestamp": 1772554818.5372365,
      "chain_id": "v27",
      "price": 56681.971961315234,
      "metadata": {
        "fork_sustained": true,
        "fork_depth": 91
      }
    },
    {
      "timestamp": 1772554818.537254,
      "chain_id": "v26",
      "price": 62665.22803868477,
      "metadata": {
        "fork_sustained": true,
        "fork_depth": 91
      }
    },
    {
      "timestamp": 1772554879.2401688,
      "chain_id": "v27",
      "price": 56693.66809127224,
      "metadata": {
        "fork_sustained": true,
        "fork_depth": 115
      }
    },
    {
      "timestamp": 1772554879.2401927,
      "chain_id": "v26",
      "price": 62653.53190872777,
      "metadata": {
        "fork_sustained": true,
        "fork_depth": 115
      }
    },
    {
      "timestamp": 1772554939.9291363,
      "chain_id": "v27",
      "price": 56706.101023742165,
      "metadata": {
        "fork_sustained": true,
        "fork_depth": 141
      }
    },
    {
      "timestamp": 1772554939.929148,
      "chain_id": "v26",
      "price": 62641.09897625784,
      "metadata": {
        "fork_sustained": true,
        "fork_depth": 141
      }
    },
    {
      "timestamp": 1772555000.544815,
      "chain_id": "v27",
      "price": 56734.401459527864,
      "metadata": {
        "fork_sustained": true,
        "fork_depth": 166
      }
    },
    {
      "timestamp": 1772555000.5448213,
      "chain_id": "v26",
      "price": 62612.79854047214,
      "metadata": {
        "fork_sustained": true,
        "fork_depth": 166
      }
    },
    {
      "timestamp": 1772555061.2141256,
      "chain_id": "v27",
      "price": 56654.25957218152,