{
  "timestamps": [
    0,
    60,
    120,
    181,
    243,
    303,
    364,
    425,
    485,
    546,
    607,
    667,
    729,
    789,
    850,
    910,
    971,
    1031,
    1092,
    1152,
    1213,
    1274,
    1334,
    1395,
    1455,
    1516,
    1577,
    1637,
    1698,
    1758,
    1800
  ],
  "v27_price": [
    60000,
    60000,
    56255.40722170701,
    56438.01591735919,
    56508.6041526533,
    56681.971961315234,
    56693.66809127224,
    56706.101023742165,
    56734.401459527864,
    56654.25957218152,
    56645.00281692251,
    54859.021364830005,
    54585.997994752266,
    54327.78203166424,
    54121.564524335685,
    53964.57622267156,
    53821.050280163785,
    53698.45579175448,
    53572.872519901786,
    53452.07023473854,
    53348.74888520221,
    53245.11362459986,
    53160.787604069716,
    53079.08101337065,
    53036.58999366854,
    52970.97637402586,
    52901.658097021784,
    52842.46397473819,
    52798.15296121171,
    52754.45231505447,
    52711.24270074607
  ],
  "v26_price": [
    60000,
    60000,
    63091.792778292984,
    62909.184082640815,
    62838.595847346696,
    62665.22803868477,
    62653.53190872777,
    62641.09897625784,
    62612.79854047214,
    62692.94042781847,
    62702.1971830775,
    64488.17863517,
    64761.20200524773,
    65019.417968335765,
    65225.63547566432,
    65382.62377732845,
    65526.14971983621,
    65648.74420824552,
    65774.32748009822,
    65895.12976526146,
    65998.4511147978,
    66102.08637540015,
    66186.4123959303,
    66268.11898662936,
    66310.61000633147,
    66376.22362597416,
    66445.54190297822,
    66504.73602526182,
    66549.0470387883,
    66592.74768494554,
    66635.95729925395
  ],
  "v27_hashrate": [
    38.1,
    38.1,
    38.1,
    38.1,
    38.1,
    38.1,
    38.1,
    38.1,
    38.1,
    38.1,
    0.0,
    0.0,
    0.0,
    0.0,
    0.0,
    0.0,
    0.0,
    0.0,
    0.0,
    0.0,
    0.0,
    0.0,
    0.0,
    0.0,
    0.0,
    0.0,
    0.0,
    0.0,
    0.0,
    0.0,
    0.0
  ],
  "v26_hashrate": [
    48.3,
    48.3,
    48.3,
    48.3,
    48.3,
    48.3,
    48.3,
    48.3,
    48.3,
    48.3,
    86.4,
    86.4,
    86.4,
    86.4,
    86.4,
    86.4,
    86.4,
    86.4,
    86.4,
    86.4,
    86.4,
    86.4,
    86.4,
    86.4,
    86.4,
    86.4,
    86.4,
    86.4,
    86.4,
    86.4,
    86.4
  ],
  "v27_economic": [
    30.076799311326575,
    30.076799311326575,
    30.076799311326575,
    30.076799311326575,
    30.076799311326575,
    30.076799311326575,
    30.076799311326575,
    30.076799311326575,
    30.076799311326575,
    30.076799311326575,
    30.076799311326575,
    30.076799311326575,
    30.076799311326575,
    30.076799311326575,
    30.076799311326575,
    30.076799311326575,
    30.076799311326575,
    30.076799311326575,
    30.076799311326575,
    30.076799311326575,
    30.06796333916664,
    30.06796333916664,
    30.06796333916664,
    30.06796333916664,
    30.06796333916664,
    30.06796333916664,
    30.06796333916664,
    30.06796333916664,
    30.06796333916664,
    30.06796333916664,
    30.06796333916664
  ],
  "v26_economic": [
    69.92320068867342,
    69.92320068867342,
    69.92320068867342,
    69.92320068867342,
    69.92320068867342,
    69.92320068867342,
    69.92320068867342,
    69.92320068867342,
    69.92320068867342,
    69.92320068867342,
    69.92320068867342,
    69.92320068867342,
    69.92320068867342,
    69.92320068867342,
    69.92320068867342,
    69.92320068867342,
    69.92320068867342,
    69.92320068867342,
    69.92320068867342,
    69.92320068867342,
    69.93203666083336,
    69.93203666083336,
    69.93203666083336,
    69.93203666083336,
    69.93203666083336,
    69.93203666083336,
    69.93203666083336,
    69.93203666083336,
    69.93203666083336,
    69.93203666083336,
    69.93203666083336
  ],
  "v27_blocks": [
    0,
    9,
    20,
    29,
    41,
    52,
    64,
    76,
    88,
    102,
    116,
    116,
    116,
    116,
    116,
    116,
    116,
    116,
    116,
    116,
    116,
    116,
    116,
    116,
    116,
    116,
    116,
    116,
    116,
    116,
    116
  ],
  "v26_blocks": [
    0,
    14,
    28,
    39,
    50,
    63,
    77,
    90,
    109,
    127,
    141,
    188,
    245,
    294,
    320,
    347,
    373,
    403,
    436,
    470,
    508,
    543,
    580,
    598,
    628,
    663,
    696,
    723,
    753,
    785,
    806
  ],
  "v27_difficulty": [
    1.0,
    1.0,
    1.0,
    1.0,
    1.0,
    1.0,
    1.0,
    1.0,
    1.0,
    1.0,
    1.0,
    1.0,
    1.0,
    1.0,
    1.0,
    1.0,
    1.0,
    1.0,
    1.0,
    1.0,
    1.0,
    1.0,
    1.0,
    1.0,
    1.0,
    1.0,
    1.0,
    1.0,
    1.0,
    1.0,
    1.0
  ],
  "v26_difficulty": [
    1.0,
    1.0,
    1.0,
    1.0,
    1.0,
    1.0,
    1.0,
    1.0,
    1.0,
    1.0,
    1.0,
    0.4675324675324675,
    0.4675324675324675,
    0.8522110800591812,
    0.8522110800591812,
    0.8522110800591812,
    0.8522110800591812,
    0.8522110800591812,
    0.7917315840549813,
    0.7917315840549813,
    0.7917315840549813,
    0.7917315840549813,
    0.938348544065163,
    0.938348544065163,
    0.938348544065163,
    0.938348544065163,
    0.938348544065163,
    0.8918956458441153,
    0.8918956458441153,
    0.8918956458441153,
    0.8918956458441153
  ],
  "v27_chainwork": [
    0.0,
    9.0,
    20.0,
    29.0,
    41.0,
    52.0,
    64.0,
    76.0,
    88.0,
    102.0,
    116.0,
    116.0,
    116.0,
    116.0,
    116.0,
    116.0,
    116.0,
    116.0,
    116.0,
    116.0,
    116.0,
    116.0,
    116.0,
    116.0,
    116.0,
    116.0,
    116.0,
    116.0,
    116.0,
    116.0,
    116.0
  ],
  "v26_chainwork": [
    0.0,
    14.0,
    28.0,
    39.0,
    50.0,
    63.0,
    77.0,
    90.0,
    109.0,
    127.0,
    141.0,
    164.57142857142844,
    191.22077922077892,
    216.43794180503005,
    238.59542988656904,
    261.6051290481672,
    283.7626171297062,
    309.32894953148195,
    337.20999718941835,
    364.1288710472869,
    394.2146712413753,
    421.9252766832988,
    451.805813133373,
    468.6960869265457,
    496.8465432485002,
    529.6887422907815,
    560.6542442449334,
    585.8502962400306,
    612.6071656153537,
    641.1478262823649,
    659.877634845091
  ],
  "v27_fee_rate": [
    1.0,
    1.0,
    0.005730492962259216,
    0.005730492962259216,
    0.005730492962259216,
    0.005730492962259216,
    0.005730492962259216,
    0.005730492962259216,
    0.005730492962259216,
    0.005730492962259216,
    0.005730492962259216,
    2.183317818620761,
    2.183317818620761,
    2.183317818620761,
    2.183317818620761,
    2.183317818620761,
    2.183317818620761,
    2.183317818620761,
    2.183317818620761,
    2.183317818620761,
    2.183317818620761,
    2.183107476811848,
    2.183107476811848,
    2.183107476811848,
    2.183107476811848,
    2.183107476811848,
    2.183107476811848,
    2.183107476811848,
    2.183107476811848,
    2.183107476811848,
    2.183107476811848
  ],
  "v26_fee_rate": [
    1.0,
    1.0,
    0.009282295751647835,
    0.009282295751647835,
    0.009282295751647835,
    0.009282295751647835,
    0.009282295751647835,
    0.009282295751647835,
    0.009282295751647835,
    0.009282295751647835,
    0.009282295751647835,
    0.005189061166719797,
    0.0024260545714534115,
    0.0024260545714534115,
    0.004422175421383433,
    0.004422175421383433,
    0.004422175421383433,
    0.004422175421383433,
    0.004422175421383433,
    0.004108343617285255,
    0.004108343617285255,
    0.004108536365263917,
    0.004108536365263917,
    0.004869376432905382,
    0.004869376432905382,
    0.004869376432905382,
    0.004869376432905382,
    0.004869376432905382,
    0.004628318193652641,
    0.004628318193652641,
    0.004628318193652641
  ],