{
  "timestamps": [
    0,
    60,
    121,
    181,
    241,
    302,
    362,
    423,
    484,
    545,
    605,
    666,
    726,
    787,
    848,
    909,
    969,
    1030,
    1090,
    1150,
    1210,
    1271,
    1331,
    1392,
    1452,
    1512,
    1572,
    1633,
    1693,
    1754,
    1800
  ],
  "v27_price": [
    60000,
    60000,
    61670.52117176585,
    61994.52117176586,
    62159.09260033729,
    62153.67906650269,
    62183.744312261726,
    62243.248444493125,
    62258.38244344216,
    62142.79839948863,
    62232.059633304314,
    64569.23005207473,
    64888.92117176585,
    65170.26188570911,
    65430.47570078776,
    65641.55262938362,
    65800.22529244765,
    65958.1771269519,
    66098.60042646945,
    66241.14045395228,
    66368.29536167458,
    66491.86348044008,
    66595.5863694196,
    66694.15352736061,
    66738.6911588452,
    66825.58135924285,
    66912.79455573417,
    66977.8215602714,
    67030.4832803268,
    67092.33642882477,
    67144.05014914346
  ],
  "v26_price": [
    60000,
    60000,
    57676.67882823415,
    57352.67882823415,
    57188.107399662724,
    57193.52093349731,
    57163.455687738286,
    57103.95155550688,
    57088.81755655785,
    57204.40160051138,
    57115.14036669569,
    54777.969947925274,
    54458.27882823415,
    54176.9381142909,
    53916.72429921225,
    53705.6473706164,
    53546.97470755236,
    53389.02287304812,
    53248.59957353056,
    53106.059546047734,
    52978.904638325424,
    52855.33651955993,
    52751.6136305804,
    52653.04647263939,
    52608.508841154806,
    52521.618640757166,
    52434.40544426584,
    52369.37843972861,
    52316.71671967322,
    52254.86357117524,
    52203.14985085656
  ],
  "v27_hashrate": [
    38.1,
    38.1,
    38.1,
    38.1,
    38.1,
    38.1,
    38.1,
    38.1,
    38.1,
    38.1,
    86.4,
    86.4,
    86.4,
    86.4,
    86.4,
    86.4,
    86.4,
    86.4,
    86.4,
    86.4,
    86.4,
    86.4,
    86.4,
    86.4,
    86.4,
    86.4,
    86.4,
    86.4,
    86.4,
    86.4,
    86.4
  ],
  "v26_hashrate": [
    48.3,
    48.3,
    48.3,
    48.3,
    48.3,
    48.3,
    48.3,
    48.3,
    48.3,
    48.3,
    0.0,
    0.0,
    0.0,
    0.0,
    0.0,
    0.0,
    0.0,
    0.0,
    0.0,
    0.0,
    0.0,
    0.0,
    0.0,
    0.0,
    0.0,
    0.0,
    0.0,
    0.0,
    0.0,
    0.0,
    0.0
  ],
  "v27_economic": [
    76.18100976471541,
    76.18100976471541,
    76.18100976471541,
    76.18100976471541,
    76.18100976471541,
    76.18100976471541,
    76.18100976471541,
    76.18100976471541,
    76.18100976471541,
    76.18100976471541,
    76.18100976471541,
    76.18100976471541,
    76.18100976471541,
    76.18100976471541,
    76.18100976471541,
    76.18100976471541,
    76.18100976471541,
    76.18100976471541,
    76.18100976471541,
    76.18100976471541,
    76.21724326416383,
    76.21724326416383,
    76.21724326416383,
    76.21724326416383,
    76.21724326416383,
    76.21724326416383,
    76.21724326416383,
    76.21724326416383,
    76.21724326416383,
    76.21724326416383,
    76.21724326416383
  ],
  "v26_economic": [
    23.818990235284577,
    23.818990235284577,
    23.818990235284577,
    23.818990235284577,
    23.818990235284577,
    23.818990235284577,
    23.818990235284577,
    23.818990235284577,
    23.818990235284577,
    23.818990235284577,
    23.818990235284577,
    23.818990235284577,
    23.818990235284577,
    23.818990235284577,
    23.818990235284577,
    23.818990235284577,
    23.818990235284577,
    23.818990235284577,
    23.818990235284577,
    23.818990235284577,
    23.782756735836173,
    23.782756735836173,
    23.782756735836173,
    23.782756735836173,
    23.782756735836173,
    23.782756735836173,
    23.782756735836173,
    23.782756735836173,
    23.782756735836173,
    23.782756735836173,
    23.782756735836173
  ],
  "v27_blocks": [
    0,
    9,
    21,
    31,
    42,
    54,
    65,
    79,
    89,
    106,
    118,
    141,
    193,
    254,
    300,
    325,
    353,
    381,
    413,
    446,
    482,
    517,
    554,
    576,
    611,
    650,
    682,
    710,
    743,
    772,
    792
  ],
  "v26_blocks": [
    0,
    15,
    29,
    39,
    53,
    67,
    78,
    94,
    113,
    128,
    141,
    141,
    141,
    141,
    141,
    141,
    141,
    141,
    141,
    141,
    141,
    141,
    141,
    142,
    142,
    142,
    142,
    142,
    142,
    142,
    142
  ],
  "v27_difficulty": [
    1.0,
    1.0,
    1.0,
    1.0,
    1.0,
    1.0,
    1.0,
    1.0,
    1.0,
    1.0,
    1.0,
    1.0,
    0.4266666666666667,
    0.4266666666666667,
    0.8416438356164384,
    0.8416438356164384,
    0.8416438356164384,
    0.8416438356164384,
    0.8416438356164384,
    0.7921353746978244,
    0.7921353746978244,
    0.7921353746978244,
    0.7921353746978244,
    0.8674334141177696,
    0.8674334141177696,
    0.8674334141177696,
    0.8674334141177696,
    0.8674334141177696,
    0.9645591631888712,
    0.9645591631888712,
    0.9645591631888712
  ],
  "v26_difficulty": [
    1.0,
    1.0,
    1.0,
    1.0,
    1.0,
    1.0,
    1.0,
    1.0,
    1.0,
    1.0,
    1.0,
    1.0,
    1.0,
    1.0,
    1.0,
    1.0,
    1.0,
    1.0,
    1.0,
    1.0,
    1.0,
    1.0,
    1.0,
    1.0,
    1.0,
    1.0,
    1.0,
    1.0,
    1.0,
    1.0,
    1.0
  ],
  "v27_chainwork": [
    0.0,
    9.0,
    21.0,
    31.0,
    42.0,
    54.0,
    65.0,
    79.0,
    89.0,
    106.0,
    118.0,
    141.0,
    164.90666666666715,
    190.93333333333442,
    215.53972602739884,
    236.58082191781014,
    260.14684931507065,
    283.7128767123305,
    310.64547945205607,
    337.7266075745374,
    366.24348106365846,
    393.9682191780817,
    423.27722804190057,
    440.7042062852523,
    471.06437577937476,
    504.8942789299683,
    532.652148181736,
    556.9402837770324,
    587.7994786715526,
    615.7716944040285,
    635.062877667805
  ],
  "v26_chainwork": [
    0.0,
    15.0,
    29.0,
    39.0,
    53.0,
    67.0,
    78.0,
    94.0,
    113.0,
    128.0,
    141.0,
    141.0,
    141.0,
    141.0,
    141.0,
    141.0,
    141.0,
    141.0,
    141.0,
    141.0,
    141.0,
    141.0,
    141.0,
    142.0,
    142.0,
    142.0,
    142.0,
    142.0,
    142.0,
    142.0,
    142.0
  ],
  "v27_fee_rate": [
    1.0,
    1.0,
    0.014428731091116722,
    0.014428731091116722,
    0.014428731091116722,
    0.014428731091116722,
    0.014428731091116722,
    0.014428731091116722,
    0.014428731091116722,
    0.014428731091116722,
    0.014428731091116722,
    0.006362669613096609,
    0.006362669613096609,
    0.00271473903492122,
    0.00271473903492122,
    0.0053551016579267904,
    0.0053551016579267904,
    0.0053551016579267904,
    0.0053551016579267904,
    0.0053551016579267904,
    0.005040095678048743,
    0.005040886479052271,
    0.005040886479052271,
    0.005040886479052271,
    0.005520058197593361,
    0.005520058197593361,
    0.005520058197593361,
    0.005520058197593361,
    0.005520058197593361,
    0.0061381342119957065,
    0.0061381342119957065
  ],
  "v26_fee_rate": [
    1.0,
    1.0,
    0.002420952631368939,
    0.002420952631368939,
    0.002420952631368939,
    0.002420952631368939,
    0.002420952631368939,
    0.002420952631368939,
    0.002420952631368939,
    0.002420952631368939,
    0.002420952631368939,
    1.1693201209511974,
    1.1693201209511974,
    1.1693201209511974,
    1.1693201209511974,
    1.1693201209511974,
    1.1693201209511974,
    1.1693201209511974,
    1.1693201209511974,
    1.1693201209511974,
    1.1693201209511974,
    1.168457576380064,
    1.168457576380064,
    1.168457576380064,
    1.168457576380064,
    1.168457576380064,
    1.168457576380064,
    1.168457576380064,
    1.168457576380064,
    1.168457576380064,
    1.168457576380064
  ],