{
  "blocks_mined": {
    "v27": 33,
    "v26": 1240
  },
  "total_blocks": 1273,
  "final_hashrate": {
    "v27": 0.0,
    "v26": 86.4
  },
  "final_economic": {
    "v27": 0.0,
    "v26": 100.0
  },
  "final_prices": {
    "v27": 48175.60975609756,
    "v26": 71171.59024390245
  }
}