{
  "blocks_mined": {
    "v27": 1177,
    "v26": 4060
  },
  "total_blocks": 5237,
  "final_hashrate": {
    "v27": 0.0,
    "v26": 86.4
  },
  "final_economic": {
    "v27": 56.737060138721,
    "v26": 43.262939861279
  },
  "final_prices": {
    "v27": 56954.84210476737,
    "v26": 62392.35789523264
  }
}