{
  "config": {
    "base_price": 60000,
    "max_divergence": 0.2,
    "coefficients": {
      "chain_weight": 0.3,
      "economic_weight": 0.5,
      "hashrate_weight": 0.2
    }
  },
  "current_prices": {
    "v27": 59757.3698630137,
    "v26": 59954.6301369863
  },
  "timeline": {
    "timestamps": [
      1772377860.9100327,
      1772377923.2431827,
      1772377923.2431953,
      1772377983.6563323,
      1772377983.6563432,
      1772378043.7843316,
      1772378043.7843475,
      1772378104.2064052,
      1772378104.2064416,
      1772378164.355763,
      1772378164.3557737,
      1772378224.5059116,
      1772378224.5059283,
      1772378284.858992,
      1772378284.8590162,
      1772378345.2728343,
      1772378345.2728562,
      1772378405.4688902,
      1772378405.4689007,
      1772378465.7463186,
      1772378465.74635,
      1772378525.778017,
      1772378525.778051,
      1772378586.2946622,
      1772378586.294677,
      1772378646.6365654,
      1772378646.6365893,
      1772378706.8241408,
      1772378706.824155,
      1772378767.2472723,
      1772378767.2472868,
      1772378827.4860065,
      1772378827.4860394,
      1772378887.6572182,
      1772378887.6572442,
      1772378948.3018663,
      1772378948.3018863,
      1772379008.6886363,
      1772379008.6886709,
      1772379069.2809267,
      1772379069.280935,
      1772379129.5323017,
      1772379129.5323231,
      1772379189.9831233,
      1772379189.9831574,
      1772379250.2027602,
      1772379250.2027712,
      1772379310.4249666,
      1772379310.425001,
      1772379370.6229486,
      1772379370.6229646,
      1772379431.0780537,
      1772379431.0780904,
      1772379491.6320293,
      1772379491.6320627,
      1772379551.8166552,
      1772379551.8166676,
      1772379612.366049,
      1772379612.3660605
    ],
    "v27_prices": [
      60000,
      60000,
      60000,
      58313.142857142855,
      58313.142857142855,
      60686.769230769234,
      60686.769230769234,
      60370.285714285725,
      60370.285714285725,
      59856.0,
      59856.0,
      59579.07692307692,
      59579.07692307692,
      59739.87096774194,
      59739.87096774194,
      59856.0,
      59856.0,
      59592.58536585366,
      59592.58536585366,
      59473.02127659575,
      59473.02127659575,
      59473.02127659575,
      59473.02127659575,
      59727.42857142857,
      59727.42857142857,
      59736.0,
      59736.0,
      59684.57142857143,
      59684.57142857143,
      60012.52173913043,
      60012.52173913043,
      59905.31506849315,
      59905.31506849315,
      59856.0,
      59856.0,
      59856.0,
      59856.0,
      59816.43956043956,
      59816.43956043956,
      59927.99999999999,
      59927.99999999999,
      59925.230769230766,
      59925.230769230766,
      59823.567567567574,
      59823.567567567574,
      59856.0,
      59856.0,
      59765.24369747899,
      59765.24369747899,
      59737.96721311475,
      59737.96721311475,
      59743.5,
      59743.5,
      59803.05882352941,
      59803.05882352941,
      59803.82608695652,
      59803.82608695652,
      59757.3698630137,
      59757.3698630137
    ],
    "v26_prices": [
      60000,
      60000,
      60000,
      60000,
      61398.85714285714,
      61398.85714285714,
      59025.23076923077,
      59025.23076923077,
      59341.71428571428,
      59341.71428571428,
      59856.0,
      59856.0,
      60132.92307692307,
      60132.92307692307,
      59972.12903225807,
      59972.12903225807,
      59856.0,
      59856.0,
      60119.41463414634,
      60119.41463414634,
      60238.97872340425,
      60238.97872340425,
      60238.97872340425,
      60238.97872340425,
      59984.57142857142,
      59984.57142857142,
      59976.0,
      59976.0,
      60027.42857142857,
      60027.42857142857,
      59699.47826086956,
      59699.47826086956,
      59806.684931506854,
      59806.684931506854,
      59856.0,
      59856.0,
      59856.0,
      59856.0,
      59895.56043956044,
      59895.56043956044,
      59784.0,
      59784.0,
      59786.76923076923,
      59786.76923076923,
      59888.43243243243,
      59888.43243243243,
      59856.0,
      59856.0,
      59946.756302521004,
      59946.756302521004,
      59974.03278688525,
      59974.03278688525,
      59968.5,
      59968.5,
      59908.94117647058,
      59908.94117647058,
      59908.17391304348,
      59908.17391304348,
      59954.6301369863
    ]
  },
  "history": [
    {
      "timestamp": 1772377860.9100327,
      "chain_id": "v27",
      "price": 60000,
      "metadata": {
        "initial": true
      }
    },
    {
      "timestamp": 1772377860.9100327,
      "chain_id": "v26",
      "price": 60000,
      "metadata": {
        "initial": true
      }
    },
    {
      "timestamp": 1772377923.2431827,
      "chain_id": "v27",
      "price": 60000,
      "metadata": {}
    },
    {
      "timestamp": 1772377923.2431953,
      "chain_id": "v26",
      "price": 60000,
      "metadata": {}
    },
    {
      "timestamp": 1772377983.6563323,
      "chain_id": "v27",
      "price": 58313.142857142855,
      "metadata": {
        "fork_sustained": true,
        "fork_depth": 7
      }
    },
    {
      "timestamp": 1772377983.6563432,
      "chain_id": "v26",
      "price": 61398.85714285714,
      "metadata": {
        "fork_sustained": true,
        "fork_depth": 7
      }
    },
    {
      "timestamp": 1772378043.7843316,
      "chain_id": "v27",
      "price": 60686.769230769234,
      "metadata": {
        "fork_sustained": true,
        "fork_depth": 13
      }
    },
    {
      "timestamp": 1772378043.7843475,
      "chain_id": "v26",
      "price": 59025.23076923077,
      "metadata": {
        "fork_sustained": true,
        "fork_depth": 13
      }
    },
    {
      "timestamp": 1772378104.2064052,
      "chain_id": "v27",
      "price": 60370.285714285725,
      "metadata": {
        "fork_sustained": true,
        "fork_depth": 21
      }
    },
    {
      "timestamp": 1772378104.2064416,
      "chain_id": "v26",
      "price": 59341.71428571428,
      "metadata": {
        "fork_sustained": true,
        "fork_depth": 21
      }
    },
    {
      "timestamp": 1772378164.355763,
      "chain_id": "v27",
      "price": 59856.0,
      "metadata": {
        "fork_sustained": true,
        "fork_depth": 24
      }
    },
    {
      "timestamp": 1772378164.3557737,
      "chain_id": "v26",
      "price": 59856.0,
      "metadata": {
        "fork_sustained": true,
        "fork_depth": 24
      }
    },
    {
      "timestamp": 1772378224.5059116,
      "chain_id": "v27",
      "price": 59579.07692307692,
      "metadata": {
        "fork_sustained": true,
        "fork_depth": 26
      }
    },
    {
      "timestamp": 1772378224.5059283,
      "chain_id": "v26",
      "price": 60132.92307692307,
      "metadata": {
        "fork_sustained": true,
        "fork_depth": 26
      }
    },
    {
      "timestamp": 1772378284.858992,
      "chain_id": "v27",
      "price": 59739.87096774194,
      "metadata": {
        "fork_sustained": true,
        "fork_depth": 31
      }
    },
    {
      "timestamp": 1772378284.8590162,
      "chain_id": "v26",
      "price": 59972.12903225807,
      "metadata": {
        "fork_sustained": true,
        "fork_depth": 31
      }
    },
    {
      "timestamp": 1772378345.2728343,
      "chain_id": "v27",
      "price": 59856.0,
      "metadata": {
        "fork_sustained": true,
        "fork_depth": 38
      }
    },
    {
      "timestamp": 1772378345.2728562,
      "chain_id": "v26",
      "price": 59856.0,
      "metadata": {
        "fork_sustained": true,
        "fork_depth": 38
      }
    },
    {
      "timestamp": 1772378405.4688902,
      "chain_id": "v27",
      "price": 59592.58536585366,
      "metadata": {
        "fork_sustained": true,
        "fork_depth": 41
      }
    },
    {
      "timestamp": 1772378405.4689007,
      "chain_id": "v26",