{
  "blocks_mined": {
    "v27": 75,
    "v26": 79
  },
  "total_blocks": 154,
  "final_hashrate": {
    "v27": 47.0,
    "v26": 47.0
  },
  "final_economic": {
    "v27": 50.0,
    "v26": 50.0
  },
  "final_prices": {
    "v27": 59757.3698630137,
    "v26": 59954.6301369863
  }
}