{
  "timestamps": [
    0,
    60,
    121,
    181,
    241,
    302,
    362,
    422,
    482,
    543,
    603,
    663,
    723,
    784,
    844,
    904,
    965,
    1025,
    1085,
    1146,
    1206,
    1267,
    1327,
    1387,
    1448,
    1508,
    1568,
    1629,
    1689,
    1750,
    1800
  ],
  "v27_price": [
    60000,
    60000,
    60000,
    58313.142857142855,
    60686.769230769234,
    60370.285714285725,
    59856.0,
    59579.07692307692,
    59739.87096774194,
    59856.0,
    59592.58536585366,
    59473.02127659575,
    59473.02127659575,
    59727.42857142857,
    59736.0,
    59684.57142857143,
    60012.52173913043,
    59905.31506849315,
    59856.0,
    59856.0,
    59816.43956043956,
    59927.99999999999,
    59925.230769230766,
    59823.567567567574,
    59856.0,
    59765.24369747899,
    59737.96721311475,
    59743.5,
    59803.05882352941,
    59803.82608695652,
    59757.3698630137
  ],
  "v26_price": [
    60000,
    60000,
    60000,
    61398.85714285714,
    59025.23076923077,
    59341.71428571428,
    59856.0,
    60132.92307692307,
    59972.12903225807,
    59856.0,
    60119.41463414634,
    60238.97872340425,
    60238.97872340425,
    59984.57142857142,
    59976.0,
    60027.42857142857,
    59699.47826086956,
    59806.684931506854,
    59856.0,
    59856.0,
    59895.56043956044,
    59784.0,
    59786.76923076923,
    59888.43243243243,
    59856.0,
    59946.756302521004,
    59974.03278688525,
    59968.5,
    59908.94117647058,
    59908.17391304348,
    59954.6301369863
  ],
  "v27_hashrate": [
    47.0,
    47.0,
    47.0,
    47.0,
    47.0,
    47.0,
    47.0,
    47.0,
    47.0,
    47.0,
    47.0,
    47.0,
    47.0,
    47.0,
    47.0,
    47.0,
    47.0,
    47.0,
    47.0,
    47.0,
    47.0,
    47.0,
    47.0,
    47.0,
    47.0,
    47.0,
    47.0,
    47.0,
    47.0,
    47.0,
    47.0
  ],
  "v26_hashrate": [
    47.0,
    47.0,
    47.0,
    47.0,
    47.0,
    47.0,
    47.0,
    47.0,
    47.0,
    47.0,
    47.0,
    47.0,
    47.0,
    47.0,
    47.0,
    47.0,
    47.0,
    47.0,
    47.0,
    47.0,
    47.0,
    47.0,
    47.0,
    47.0,
    47.0,
    47.0,
    47.0,
    47.0,
    47.0,
    47.0,
    47.0
  ],
  "v27_economic": [
    50.0,
    50.0,
    50.0,
    50.0,
    50.0,
    50.0,
    50.0,
    50.0,
    50.0,
    50.0,
    50.0,
    50.0,
    50.0,
    50.0,
    50.0,
    50.0,
    50.0,
    50.0,
    50.0,
    50.0,
    50.0,
    50.0,
    50.0,
    50.0,
    50.0,
    50.0,
    50.0,
    50.0,
    50.0,
    50.0,
    50.0
  ],
  "v26_economic": [
    50.0,
    50.0,
    50.0,
    50.0,
    50.0,
    50.0,
    50.0,
    50.0,
    50.0,
    50.0,
    50.0,
    50.0,
    50.0,
    50.0,
    50.0,
    50.0,
    50.0,
    50.0,
    50.0,
    50.0,
    50.0,
    50.0,
    50.0,
    50.0,
    50.0,
    50.0,
    50.0,
    50.0,
    50.0,
    50.0,
    50.0
  ],
  "v27_blocks": [
    0,
    1,
    2,
    8,
    12,
    12,
    12,
    15,
    19,
    19,
    21,
    21,
    27,
    29,
    30,
    36,
    37,
    38,
    43,
    45,
    51,
    53,
    55,
    57,
    58,
    59,
    62,
    67,
    68,
    71,
    75
  ],
  "v26_blocks": [
    0,
    1,
    5,
    5,
    9,
    12,
    14,
    16,
    19,
    22,
    26,
    26,
    29,
    31,
    33,
    33,
    36,
    38,
    43,
    46,
    49,
    51,
    56,
    57,
    61,
    63,
    66,
    69,
    70,
    75,
    79
  ],
  "v27_difficulty": [
    1.0,
    1.0,
    1.0,
    1.0,
    1.0,
    1.0,
    1.0,
    1.0,
    1.0,
    1.0,
    1.0,
    1.0,
    1.0,
    1.0,
    1.0,
    1.0,
    1.0,
    1.0,
    1.0,
    1.0,
    1.0,
    1.0,
    1.0,
    1.0,
    1.0,
    1.0,
    1.0,
    1.0,
    1.0,
    1.0,
    1.0
  ],
  "v26_difficulty": [
    1.0,
    1.0,
    1.0,
    1.0,
    1.0,
    1.0,
    1.0,
    1.0,
    1.0,
    1.0,
    1.0,
    1.0,
    1.0,
    1.0,
    1.0,
    1.0,
    1.0,
    1.0,
    1.0,
    1.0,
    1.0,
    1.0,
    1.0,
    1.0,
    1.0,
    1.0,
    1.0,
    1.0,
    1.0,
    1.0,
    1.0
  ],
  "v27_chainwork": [
    0.0,
    1.0,
    2.0,
    8.0,
    12.0,
    12.0,
    12.0,
    15.0,
    19.0,
    19.0,
    21.0,
    21.0,
    27.0,
    29.0,
    30.0,
    36.0,
    37.0,
    38.0,
    43.0,
    45.0,
    51.0,
    53.0,
    55.0,
    57.0,
    58.0,
    59.0,
    62.0,
    67.0,
    68.0,
    71.0,
    75.0
  ],
  "v26_chainwork": [
    0.0,
    1.0,
    5.0,
    5.0,
    9.0,
    12.0,
    14.0,
    16.0,
    19.0,
    22.0,
    26.0,
    26.0,
    29.0,
    31.0,
    33.0,
    33.0,
    36.0,
    38.0,
    43.0,
    46.0,
    49.0,
    51.0,
    56.0,
    57.0,
    61.0,
    63.0,
    66.0,
    69.0,
    70.0,
    75.0,
    79.0
  ],
  "v27_fee_rate": [
    1.0,
    1.0,
    0.035460992907801414,
    0.035460992907801414,
    0.035460992907801414,
    0.035460992907801414,
    0.035460992907801414,
    0.035460992907801414,
    0.035460992907801414,
    0.035460992907801414,
    0.035460992907801414,
    0.035460992907801414,
    0.035460992907801414,
    0.035460992907801414,
    0.035460992907801414,
    0.035460992907801414,
    0.035460992907801414,
    0.035460992907801414,
    0.035460992907801414,
    0.035460992907801414,
    0.035460992907801414,
    0.035460992907801414,
    0.035460992907801414,
    0.035460992907801414,
    0.035460992907801414,
    0.035460992907801414,
    0.035460992907801414,
    0.035460992907801414,
    0.035460992907801414,
    0.035460992907801414,
    0.035460992907801414
  ],
  "v26_fee_rate": [
    1.0,
    1.0,
    0.035460992907801414,
    0.035460992907801414,
    0.035460992907801414,
    0.035460992907801414,
    0.035460992907801414,
    0.035460992907801414,
    0.035460992907801414,
    0.035460992907801414,
    0.035460992907801414,
    0.035460992907801414,
    0.035460992907801414,
    0.035460992907801414,
    0.035460992907801414,
    0.035460992907801414,
    0.035460992907801414,
    0.035460992907801414,
    0.035460992907801414,
    0.035460992907801414,
    0.035460992907801414,
    0.035460992907801414,
    0.035460992907801414,
    0.035460992907801414,
    0.035460992907801414,
    0.035460992907801414,
    0.035460992907801414,
    0.035460992907801414,
    0.035460992907801414,
    0.035460992907801414,
    0.035460992907801414
  ],
  "v27_fee_revenue_btc": [
    0.01,
    0.01,
    0.00035460992907801415,
    0.00035460992907801415,
    0.00035460992907801415,
    0.00035460992907801415,
    0.00035460992907801415,
    0.00035460992907801415,
    0.00035460992907801415,
    0.00035460992907801415,
    0.00035460992907801415,
    0.00035460992907801415,
    0.00035460992907801415,
    0.00035460992907801415,
    0.00035460992907801415,
    0.00035460992907801415,
    0.00035460992907801415,
    0.00035460992907801415,
    0.00035460992907801415,
    0.00035460992907801415,
    0.00035460992907801415,
    0.00035460992907801415,
    0.00035460992907801415,
    0.00035460992907801415,
    0.00035460992907801415,
    0.00035460992907801415,
    0.00035460992907801415,
    0.00035460992907801415,
    0.00035460992907801415,
    0.00035460992907801415,
    0.00035460992907801415
  ],