{
  "config": {
    "base_price": 60000,
    "max_divergence": 0.2,
    "coefficients": {
      "chain_weight": 0.3,
      "economic_weight": 0.5,
      "hashrate_weight": 0.2
    }
  },
  "current_prices": {
    "v27": 66107.286472835,
    "v26": 53814.473527165006
  },
  "timeline": {
    "timestamps": [
      1772009775.6191328,
      1772009836.117212,
      1772009836.117218,
      1772009896.233951,
      1772009896.2339633,
      1772009956.950196,
      1772009956.9502013,
      1772010016.9566503,
      1772010016.9566562,
      1772010077.0762854,
      1772010077.076294,
      1772010137.8032885,
      1772010137.8032942,
      1772010197.9976673,
      1772010197.997673,
      1772010258.7678866,
      1772010258.7678947,
      1772010319.5026326,
      1772010319.5026426,
      1772010380.2243803,
      1772010380.2243857,
      1772010440.839444,
      1772010440.8394523,
      1772010500.9212687,
      1772010500.9212773,
      1772010561.0350742,
      1772010561.0350795,
      1772010621.1629107,
      1772010621.1629183,
      1772010681.3258233,
      1772010681.325829,
      1772010741.4126928,
      1772010741.4126983,
      1772010801.553749,
      1772010801.5537562,
      1772010861.6928747,
      1772010861.6928802,
      1772010922.343794,
      1772010922.3437994,
      1772010982.6645176,
      1772010982.6645238,
      1772011042.7458293,
      1772011042.745836,
      1772011102.9591045,
      1772011102.9591095,
      1772011163.12455,
      1772011163.1245556,
      1772011223.2583935,
      1772011223.2583988,
      1772011283.3675158,
      1772011283.3675234,
      1772011343.5539947,
      1772011343.5540001,
      1772011403.6774833,
      1772011403.6774902,
      1772011463.8907244,
      1772011463.8907316,
      1772011524.6945794,
      1772011524.6945875
    ],
    "v27_prices": [
      60000,
      60000,
      60000,
      64447.302609678525,
      64447.302609678525,
      63661.84806422398,
      63661.84806422398,
      63661.84806422398,
      63661.84806422398,
      64021.84806422398,
      64021.84806422398,
      63717.232679608605,
      63717.232679608605,
      64043.024534812226,
      64043.024534812226,
      64048.18952763862,
      64048.18952763862,
      63876.31614933037,
      63876.31614933037,
      65280.78875387915,
      65280.78875387915,
      65397.16806422397,
      65397.16806422397,
      65447.54119855234,
      65447.54119855234,
      65549.19509125101,
      65549.19509125101,
      65610.7756591607,
      65610.7756591607,
      65675.10924069457,
      65675.10924069457,
      65703.98624604216,
      65703.98624604216,
      65756.21061741548,
      65756.21061741548,
      65794.89533695126,
      65794.89533695126,
      65836.45377850969,
      65836.45377850969,
      65906.78344883937,
      65906.78344883937,
      65922.16806422398,
      65922.16806422398,
      65959.66806422398,
      65959.66806422398,
      65984.85463138815,
      65984.85463138815,
      66004.18245271318,
      66004.18245271318,
      66018.67156072747,
      66018.67156072747,
      66042.16806422398,
      66042.16806422398,
      66057.31706412043,
      66057.31706412043,
      66077.71007965466,
      66077.71007965466,
      66107.286472835,
      66107.286472835
    ],
    "v26_prices": [
      60000,
      60000,
      60000,
      60000,
      55474.457390321484,
      55474.457390321484,
      56259.911935776036,
      56259.911935776036,
      56259.911935776036,
      56259.911935776036,
      55899.911935776036,
      55899.911935776036,
      56204.52732039141,
      56204.52732039141,
      55878.73546518779,
      55878.73546518779,
      55873.570472361396,
      55873.570472361396,
      56045.443850669646,
      56045.443850669646,
      54640.97124612086,
      54640.97124612086,
      54524.59193577603,
      54524.59193577603,
      54474.21880144767,
      54474.21880144767,
      54372.564908749,
      54372.564908749,
      54310.98434083932,
      54310.98434083932,
      54246.65075930544,
      54246.65075930544,
      54217.773753957845,
      54217.773753957845,
      54165.54938258453,
      54165.54938258453,
      54126.86466304876,
      54126.86466304876,
      54085.30622149031,
      54085.30622149031,
      54014.976551160646,
      54014.976551160646,
      53999.59193577603,
      53999.59193577603,
      53962.09193577602,
      53962.09193577602,
      53936.90536861185,
      53936.90536861185,
      53917.57754728682,
      53917.57754728682,
      53903.08843927253,
      53903.08843927253,
      53879.59193577603,
      53879.59193577603,
      53864.44293587958,
      53864.44293587958,
      53844.049920345366,
      53844.049920345366,
      53814.473527165006
    ]
  },
  "history": [
    {
      "timestamp": 1772009775.6191328,
      "chain_id": "v27",
      "price": 60000,
      "metadata": {
        "initial": true
      }
    },
    {
      "timestamp": 1772009775.6191328,
      "chain_id": "v26",
      "price": 60000,
      "metadata": {
        "initial": true
      }
    },
    {
      "timestamp": 1772009836.117212,
      "chain_id": "v27",
      "price": 60000,
      "metadata": {}
    },
    {
      "timestamp": 1772009836.117218,
      "chain_id": "v26",
      "price": 60000,
      "metadata": {}
    },
    {
      "timestamp": 1772009896.233951,
      "chain_id": "v27",
      "price": 64447.302609678525,
      "metadata": {
        "fork_sustained": true,
        "fork_depth": 11
      }
    },
    {
      "timestamp": 1772009896.2339633,
      "chain_id": "v26",
      "price": 55474.457390321484,
      "metadata": {
        "fork_sustained": true,
        "fork_depth": 11
      }
    },
    {
      "timestamp": 1772009956.950196,
      "chain_id": "v27",
      "price": 63661.84806422398,
      "metadata": {
        "fork_sustained": true,
        "fork_depth": 15
      }
    },
    {
      "timestamp": 1772009956.9502013,
      "chain_id": "v26",
      "price": 56259.911935776036,
      "metadata": {
        "fork_sustained": true,
        "fork_depth": 15
      }
    },
    {
      "timestamp": 1772010016.9566503,
      "chain_id": "v27",
      "price": 63661.84806422398,
      "metadata": {
        "fork_sustained": true,
        "fork_depth": 15
      }
    },
    {
      "timestamp": 1772010016.9566562,
      "chain_id": "v26",
      "price": 56259.911935776036,
      "metadata": {
        "fork_sustained": true,
        "fork_depth": 15
      }
    },
    {
      "timestamp": 1772010077.0762854,
      "chain_id": "v27",
      "price": 64021.84806422398,
      "metadata": {
        "fork_sustained": true,
        "fork_depth": 20
      }
    },
    {
      "timestamp": 1772010077.076294,
      "chain_id": "v26",
      "price": 55899.911935776036,
      "metadata": {
        "fork_sustained": true,
        "fork_depth": 20
      }
    },
    {
      "timestamp": 1772010137.8032885,
      "chain_id": "v27",
      "price": 63717.232679608605,
      "metadata": {
        "fork_sustained": true,
        "fork_depth": 26
      }
    },
    {
      "timestamp": 1772010137.8032942,
      "chain_id": "v26",
      "price": 56204.52732039141,
      "metadata": {
        "fork_sustained": true,
        "fork_depth": 26
      }
    },
    {
      "timestamp": 1772010197.9976673,
      "chain_id": "v27",
      "price": 64043.024534812226,
      "metadata": {
        "fork_sustained": true,
        "fork_depth": 34
      }
    },
    {
      "timestamp": 1772010197.997673,
      "chain_id": "v26",
      "price": 55878.73546518779,
      "metadata": {
        "fork_sustained": true,
        "fork_depth": 34
      }
    },
    {
      "timestamp": 1772010258.7678866,
      "chain_id": "v27",
      "price": 64048.18952763862,
      "metadata": {
        "fork_sustained": true,
        "fork_depth": 41
      }
    },
    {
      "timestamp": 1772010258.7678947,
      "chain_id": "v26",
      "price": 55873.570472361396,