{
  "blocks_mined": {
    "v27": 438,
    "v26": 782
  },
  "total_blocks": 1220,
  "final_hashrate": {
    "v27": 0.0,
    "v26": 86.4
  },
  "final_economic": {
    "v27": 62.14929353977099,
    "v26": 37.850706460229006
  },
  "final_prices": {
    "v27": 58162.054377864384,
    "v26": 61185.14562213563
  }
}