{
  "blocks_mined": {
    "v27": 4366,
    "v26": 3556
  },
  "total_blocks": 7922,
  "final_hashrate": {
    "v27": 58.599999999999994,
    "v26": 27.799999999999997
  },
  "final_economic": {
    "v27": 56.737060138721,
    "v26": 43.262939861279
  },
  "final_prices": {
    "v27": 61711.9034491023,
    "v26": 57635.29655089771
  }
}