{
  "blocks_mined": {
    "v27": 155,
    "v26": 17
  },
  "total_blocks": 172,
  "final_hashrate": {
    "v27": 86.4,
    "v26": 0.0
  },
  "final_economic": {
    "v27": 100.0,
    "v26": 0.0
  },
  "final_prices": {
    "v27": 70663.9883211679,
    "v26": 48683.21167883212
  }
}