{
  "timestamps": [
    0,
    60,
    121,
    181,
    242,
    302,
    363,
    423,
    484,
    545,
    605,
    666,
    727,
    788,
    848,
    909,
    970,
    1030,
    1090,
    1151,
    1212,
    1272,
    1332,
    1393,
    1453,
    1513,
    1573,
    1634,
    1694,
    1755,
    1800
  ],
  "v27_price": [
    60000,
    60000,
    60948.89005162586,
    61272.89005162585,
    61437.46148019728,
    61432.0479463627,
    61462.11319212172,
    61521.61732435313,
    61536.75132330215,
    61421.16727934862,
    61510.428513164305,
    62096.59970413551,
    62227.86312681721,
    62283.56511568255,
    62327.63099662364,
    62386.94677769442,
    62422.74168718051,
    62484.27257647669,
    62495.36968666575,
    62530.69559251807,
    62537.80787713377,
    61564.31847142692,
    61509.67939752657,
    61440.399725317366,
    61426.72698703474,
    61373.62723992776,
    61329.528766508214,
    61274.66686856628,
    61272.092087993995,
    61260.706887812696,
    61222.724449271394
  ],
  "v26_price": [
    60000,
    60000,
    58398.309948374146,
    58074.30994837415,
    57909.738519802726,
    57915.152053637314,
    57885.08680787829,
    57825.58267564688,
    57810.44867669785,
    57926.03272065138,
    57836.77148683569,
    57250.6002958645,
    57119.336873182794,
    57063.63488431745,
    57019.56900337637,
    56960.25322230558,
    56924.458312819486,
    56862.927423523324,
    56851.830313334256,
    56816.50440748192,
    56809.39212286623,
    57782.88152857306,
    57837.520602473414,
    57906.80027468263,
    57920.47301296527,
    57973.57276007224,
    58017.67123349179,
    58072.533131433716,
    58075.107912006,
    58086.49311218731,
    58124.4755507286
  ],
  "v27_hashrate": [
    38.1,
    38.1,
    38.1,
    38.1,
    38.1,
    38.1,
    38.1,
    38.1,
    38.1,
    38.1,
    50.5,
    50.5,
    50.5,
    50.5,
    50.5,
    50.5,
    50.5,
    50.5,
    50.5,
    50.5,
    30.0,
    30.0,
    30.0,
    30.0,
    30.0,
    30.0,
    30.0,
    30.0,
    30.0,
    30.0,
    30.0
  ],
  "v26_hashrate": [
    48.3,
    48.3,
    48.3,
    48.3,
    48.3,
    48.3,
    48.3,
    48.3,
    48.3,
    48.3,
    35.9,
    35.9,
    35.9,
    35.9,
    35.9,
    35.9,
    35.9,
    35.9,
    35.9,
    35.9,
    56.39999999999999,
    56.39999999999999,
    56.39999999999999,
    56.39999999999999,
    56.39999999999999,
    56.39999999999999,
    56.39999999999999,
    56.39999999999999,
    56.39999999999999,
    56.39999999999999,
    56.39999999999999
  ],
  "v27_economic": [
    70.16741709688209,
    70.16741709688209,
    70.16741709688209,
    70.16741709688209,
    70.16741709688209,
    70.16741709688209,
    70.16741709688209,
    70.16741709688209,
    70.16741709688209,
    70.16741709688209,
    70.16741709688209,
    70.16741709688209,
    70.16741709688209,
    70.16741709688209,
    70.16741709688209,
    70.16741709688209,
    70.16741709688209,
    70.16741709688209,
    70.16741709688209,
    70.16741709688209,
    70.16741709688209,
    70.16741709688209,
    70.16741709688209,
    70.16741709688209,
    70.16741709688209,
    70.16741709688209,
    70.16741709688209,
    70.16741709688209,
    70.16741709688209,
    70.16741709688209,
    70.16741709688209
  ],
  "v26_economic": [
    29.832582903117906,
    29.832582903117906,
    29.832582903117906,
    29.832582903117906,
    29.832582903117906,
    29.832582903117906,
    29.832582903117906,
    29.832582903117906,
    29.832582903117906,
    29.832582903117906,
    29.832582903117906,
    29.832582903117906,
    29.832582903117906,
    29.832582903117906,
    29.832582903117906,
    29.832582903117906,
    29.832582903117906,
    29.832582903117906,
    29.832582903117906,
    29.832582903117906,
    29.832582903117906,
    29.832582903117906,
    29.832582903117906,
    29.832582903117906,
    29.832582903117906,
    29.832582903117906,
    29.832582903117906,
    29.832582903117906,
    29.832582903117906,
    29.832582903117906,
    29.832582903117906
  ],
  "v27_blocks": [
    0,
    9,
    21,
    31,
    42,
    54,
    65,
    79,
    89,
    106,
    117,
    136,
    157,
    192,
    230,
    265,
    303,
    333,
    360,
    389,
    420,
    433,
    448,
    477,
    497,
    515,
    529,
    559,
    585,
    616,
    630
  ],
  "v26_blocks": [
    0,
    15,
    29,
    39,
    53,
    67,
    78,
    94,
    113,
    128,
    142,
    164,
    185,
    209,
    231,
    254,
    275,
    308,
    332,
    368,
    405,
    443,
    486,
    525,
    571,
    603,
    635,
    664,
    690,
    725,
    745
  ],
  "v27_difficulty": [
    1.0,
    1.0,
    1.0,
    1.0,
    1.0,
    1.0,
    1.0,
    1.0,
    1.0,
    1.0,
    1.0,
    1.0,
    0.4073550212164074,
    0.4073550212164074,
    0.4073550212164074,
    0.4073550212164074,
    0.49501369666803935,
    0.49501369666803935,
    0.49501369666803935,
    0.49501369666803935,
    0.49501369666803935,
    0.46437766983842127,
    0.46437766983842127,
    0.46437766983842127,
    0.46437766983842127,
    0.46437766983842127,
    0.46437766983842127,
    0.46437766983842127,
    0.31321023164745976,
    0.31321023164745976,
    0.31321023164745976
  ],
  "v26_difficulty": [
    1.0,
    1.0,
    1.0,
    1.0,
    1.0,
    1.0,
    1.0,
    1.0,
    1.0,
    1.0,
    1.0,
    0.46905537459283386,
    0.46905537459283386,
    0.46905537459283386,
    0.46905537459283386,
    0.46905537459283386,
    0.46905537459283386,
    0.3536333714207753,
    0.3536333714207753,
    0.3536333714207753,
    0.3536333714207753,
    0.4073856438767331,
    0.4073856438767331,
    0.4073856438767331,
    0.4073856438767331,
    0.5508312931291038,
    0.5508312931291038,
    0.5508312931291038,
    0.5508312931291038,
    0.5546832602139228,
    0.5546832602139228
  ],
  "v27_chainwork": [
    0.0,
    9.0,
    21.0,
    31.0,
    42.0,
    54.0,
    65.0,
    79.0,
    89.0,
    106.0,
    117.0,
    136.0,
    149.29561527581325,
    163.55304101838738,
    179.03253182461071,
    193.28995756718484,
    210.08432850518292,
    224.93473940522452,
    238.30010921526195,
    252.6555064186355,
    268.00093101534446,
    274.4054730451992,
    281.3711380927756,
    294.83809051809,
    304.12564391485853,
    312.4844419719502,
    318.9857293496882,
    332.917059444841,
    343.63037191692155,
    353.33988909799325,
    357.7248323410579
  ],
  "v26_chainwork": [
    0.0,
    15.0,
    29.0,
    39.0,
    53.0,
    67.0,
    78.0,
    94.0,
    113.0,
    128.0,
    142.0,
    153.38110749185682,
    163.2312703583065,
    174.48859934853468,
    184.80781758957718,
    195.59609120521253,
    205.4462540716622,
    218.61664136978482,
    227.10384228388364,
    239.83464365503187,
    252.91907839760088,
    266.9484215086058,
    284.4660041953061,
    300.35404430649936,
    319.0937839248299,
    336.0031570586988,
    353.6297584388293,
    369.6038659395726,
    383.92547956092864,
    403.22383465587075,
    414.3174998601497
  ],
  "v27_fee_rate": [
    1.0,
    1.0,
    0.01337041414095335,
    0.01337041414095335,
    0.01337041414095335,
    0.01337041414095335,
    0.01337041414095335,
    0.01337041414095335,
    0.01337041414095335,
    0.01337041414095335,
    0.01337041414095335,
    0.010087381757828171,
    0.010087381757828171,
    0.004109145609978096,
    0.004109145609978096,
    0.004109145609978096,
    0.004109145609978096,
    0.004993392133644268,
    0.004993392133644268,
    0.004993392133644268,
    0.004993392133644268,
    0.008405543424967852,
    0.007885330639709254,
    0.007885330639709254,
    0.007885330639709254,
    0.007885330639709254,
    0.007885330639709254,
    0.007885330639709254,
    0.007885330639709254,
    0.005318443148094297,
    0.005318443148094297
  ],