{
  "blocks_mined": {
    "v27": 105,
    "v26": 11
  },
  "total_blocks": 116,
  "final_hashrate": {
    "v27": 86.4,
    "v26": 0.0
  },
  "final_economic": {
    "v27": 100.0,
    "v26": 0.0
  },
  "final_prices": {
    "v27": 70636.08888888889,
    "v26": 48711.11111111112
  }
}