{
  "config": {
    "base_price": 60000,
    "max_divergence": 0.2,
    "coefficients": {
      "chain_weight": 0.3,
      "economic_weight": 0.5,
      "hashrate_weight": 0.2
    }
  },
  "current_prices": {
    "v27": 61538.05494028854,
    "v26": 57809.145059711474
  },
  "timeline": {
    "timestamps": [
      1772773290.77476,
      1772773351.773231,
      1772773351.7732625,
      1772773412.0775208,
      1772773412.0775492,
      1772773472.1313946,
      1772773472.131409,
      1772773532.5345283,
      1772773532.5345478,
      1772773592.8394856,
      1772773592.8394954,
      1772773653.1484318,
      1772773653.1484554,
      1772773713.7562852,
      1772773713.7563083,
      1772773774.3651462,
      1772773774.3651836,
      1772773834.9923024,
      1772773834.9923124,
      1772773895.8201652,
      1772773895.8201737,
      1772773955.9802158,
      1772773955.980228,
      1772774016.1858542,
      1772774016.1858776,
      1772774076.5258572,
      1772774076.5258803,
      1772774136.580207,
      1772774136.5802207,
      1772774196.8059576,
      1772774196.8059793,
      1772774257.217505,
      1772774257.2175295,
      1772774317.367503,
      1772774317.367518,
      1772774377.7170708,
      1772774377.71708,
      1772774438.2394962,
      1772774438.2395082,
      1772774498.585619,
      1772774498.5856326,
      1772774558.6074402,
      1772774558.6074808,
      1772774619.5202715,
      1772774619.5202813,
      1772774680.6582143,
      1772774680.658238,
      1772774741.6146939,
      1772774741.6147048,
      1772774801.9788096,
      1772774801.9788427,
      1772774862.9643936,
      1772774862.9644175,
      1772774923.2895908,
      1772774923.2896018,
      1772774984.1298134,
      1772774984.129854,
      1772775044.3578658,
      1772775044.3578882
    ],
    "v27_prices": [
      60000,
      57694.33369979446,
      57694.33369979446,
      57933.10920999853,
      57933.10920999853,
      58124.76848240315,
      58124.76848240315,
      58168.527248181555,
      58168.527248181555,
      58201.056388870085,
      58201.056388870085,
      58262.41880617743,
      58262.41880617743,
      58274.807072575524,
      58274.807072575524,
      58194.33369979446,
      58194.33369979446,
      58201.32059935777,
      58201.32059935777,
      57855.33914726528,
      57855.33914726528,
      57790.46698018942,
      57790.46698018942,
      57734.59629443558,
      57734.59629443558,
      57737.29012739933,
      57737.29012739933,
      57686.11446204492,
      57686.11446204492,
      57672.24478802174,
      57672.24478802174,
      57621.45643701122,
      57621.45643701122,
      57588.02076447253,
      57588.02076447253,
      57565.20692667897,
      57565.20692667897,
      57538.17022074041,
      57538.17022074041,
      60224.52590750115,
      60224.52590750115,
      60418.59360385104,
      60418.59360385104,
      60572.43360096107,
      60572.43360096107,
      60761.50690087691,
      60761.50690087691,
      60904.483706070365,
      60904.483706070365,
      61056.83989999153,
      61056.83989999153,
      61180.55579497589,
      61180.55579497589,
      61311.525538079,
      61311.525538079,
      61428.94474935534,
      61428.94474935534,
      61538.05494028854,
      61538.05494028854
    ],
    "v26_prices": [
      60000,
      60000,
      61652.86630020555,
      61652.86630020555,
      61414.09079000146,
      61414.09079000146,
      61222.43151759684,
      61222.43151759684,
      61178.672751818456,
      61178.672751818456,
      61146.14361112991,
      61146.14361112991,
      61084.78119382258,
      61084.78119382258,
      61072.39292742448,
      61072.39292742448,
      61152.86630020555,
      61152.86630020555,
      61145.87940064221,
      61145.87940064221,
      61491.860852734724,
      61491.860852734724,
      61556.73301981057,
      61556.73301981057,
      61612.60370556443,
      61612.60370556443,
      61609.90987260066,
      61609.90987260066,
      61661.08553795509,
      61661.08553795509,
      61674.95521197827,
      61674.95521197827,
      61725.743562988784,
      61725.743562988784,
      61759.179235527474,
      61759.179235527474,
      61781.99307332103,
      61781.99307332103,
      61809.02977925959,
      61809.02977925959,
      59122.67409249885,
      59122.67409249885,
      58928.60639614896,
      58928.60639614896,
      58774.766399038934,
      58774.766399038934,
      58585.693099123084,
      58585.693099123084,
      58442.71629392964,
      58442.71629392964,
      58290.36010000847,
      58290.36010000847,
      58166.64420502412,
      58166.64420502412,
      58035.67446192101,
      58035.67446192101,
      57918.255250644674,
      57918.255250644674,
      57809.145059711474
    ]
  },
  "history": [
    {
      "timestamp": 1772773290.77476,
      "chain_id": "v27",
      "price": 60000,
      "metadata": {
        "initial": true
      }
    },
    {
      "timestamp": 1772773290.77476,
      "chain_id": "v26",
      "price": 60000,
      "metadata": {
        "initial": true
      }
    },
    {
      "timestamp": 1772773351.773231,
      "chain_id": "v27",
      "price": 57694.33369979446,
      "metadata": {
        "fork_sustained": true,
        "fork_depth": 24
      }
    },
    {
      "timestamp": 1772773351.7732625,
      "chain_id": "v26",
      "price": 61652.86630020555,
      "metadata": {
        "fork_sustained": true,
        "fork_depth": 24
      }
    },
    {
      "timestamp": 1772773412.0775208,
      "chain_id": "v27",
      "price": 57933.10920999853,
      "metadata": {
        "fork_sustained": true,
        "fork_depth": 49
      }
    },
    {
      "timestamp": 1772773412.0775492,
      "chain_id": "v26",
      "price": 61414.09079000146,
      "metadata": {
        "fork_sustained": true,
        "fork_depth": 49
      }
    },
    {
      "timestamp": 1772773472.1313946,
      "chain_id": "v27",
      "price": 58124.76848240315,
      "metadata": {
        "fork_sustained": true,
        "fork_depth": 69
      }
    },
    {
      "timestamp": 1772773472.131409,
      "chain_id": "v26",
      "price": 61222.43151759684,
      "metadata": {
        "fork_sustained": true,
        "fork_depth": 69
      }
    },
    {
      "timestamp": 1772773532.5345283,
      "chain_id": "v27",
      "price": 58168.527248181555,
      "metadata": {
        "fork_sustained": true,
        "fork_depth": 93
      }
    },
    {
      "timestamp": 1772773532.5345478,
      "chain_id": "v26",
      "price": 61178.672751818456,
      "metadata": {
        "fork_sustained": true,
        "fork_depth": 93
      }
    },
    {
      "timestamp": 1772773592.8394856,
      "chain_id": "v27",
      "price": 58201.056388870085,
      "metadata": {
        "fork_sustained": true,
        "fork_depth": 119
      }
    },
    {
      "timestamp": 1772773592.8394954,
      "chain_id": "v26",
      "price": 61146.14361112991,
      "metadata": {
        "fork_sustained": true,
        "fork_depth": 119
      }
    },
    {
      "timestamp": 1772773653.1484318,
      "chain_id": "v27",
      "price": 58262.41880617743,
      "metadata": {
        "fork_sustained": true,
        "fork_depth": 141
      }
    },
    {
      "timestamp": 1772773653.1484554,
      "chain_id": "v26",
      "price": 61084.78119382258,
      "metadata": {
        "fork_sustained": true,
        "fork_depth": 141
      }
    },
    {
      "timestamp": 1772773713.7562852,
      "chain_id": "v27",
      "price": 58274.807072575524,
      "metadata": {
        "fork_sustained": true,
        "fork_depth": 169
      }
    },
    {
      "timestamp": 1772773713.7563083,
      "chain_id": "v26",
      "price": 61072.39292742448,
      "metadata": {
        "fork_sustained": true,
        "fork_depth": 169
      }
    },
    {
      "timestamp": 1772773774.3651462,
      "chain_id": "v27",
      "price": 58194.33369979446,