{
  "blocks_mined": {
    "v27": 91,
    "v26": 27
  },
  "total_blocks": 118,
  "final_hashrate": {
    "v27": 86.4,
    "v26": 0.0
  },
  "final_economic": {
    "v27": 100.0,
    "v26": 0.0
  },
  "final_prices": {
    "v27": 69528.25263157896,
    "v26": 49818.94736842105
  }
}