{
  "timestamps": [
    0,
    60,
    120,
    181,
    241,
    302,
    362,
    423,
    484,
    545,
    605,
    666,
    727,
    787,
    848,
    908,
    969,
    1029,
    1090,
    1150,
    1211,
    1272,
    1332,
    1393,
    1453,
    1514,
    1574,
    1634,
    1695,
    1755,
    1800
  ],
  "v27_price": [
    60000,
    60000,
    58543.45298449252,
    58867.45298449252,
    58973.887767101216,
    59026.61087922936,
    59056.67612498839,
    59088.52340702774,
    59131.31425616882,
    59031.51268598506,
    59088.08817762557,
    59108.56926356229,
    59141.442015571134,
    59110.32371677413,
    59090.37703086174,
    59032.22894005165,
    59021.88461277137,
    59060.02419497525,
    59050.607355288645,
    59039.753040246454,
    59035.770329463434,
    61381.82070295036,
    61573.23803943953,
    61745.53262755843,
    61891.39669300704,
    62041.864562743125,
    62166.67834540955,
    62297.760562675794,
    62407.928662310675,
    62513.744568040514,
    62609.17068244181
  ],
  "v26_price": [
    60000,
    60000,
    60803.74701550749,
    60479.74701550747,
    60373.31223289878,
    60320.58912077064,
    60290.52387501162,
    60258.676592972275,
    60215.88574383118,
    60315.68731401494,
    60259.11182237444,
    60238.630736437706,
    60205.75798442887,
    60236.87628322587,
    60256.82296913826,
    60314.97105994835,
    60325.31538722863,
    60287.17580502474,
    60296.59264471135,
    60307.44695975354,
    60311.42967053658,
    57965.37929704964,
    57773.96196056048,
    57601.667372441574,
    57455.803306992966,
    57305.33543725688,
    57180.521654590455,
    57049.43943732422,
    56939.27133768934,
    56833.4554319595,
    56738.029317558205
  ],
  "v27_hashrate": [
    38.1,
    38.1,
    38.1,
    38.1,
    38.1,
    38.1,
    38.1,
    38.1,
    38.1,
    38.1,
    38.1,
    38.1,
    38.1,
    38.1,
    38.1,
    38.1,
    38.1,
    38.1,
    38.1,
    38.1,
    86.4,
    86.4,
    86.4,
    86.4,
    86.4,
    86.4,
    86.4,
    86.4,
    86.4,
    86.4,
    86.4
  ],
  "v26_hashrate": [
    48.3,
    48.3,
    48.3,
    48.3,
    48.3,
    48.3,
    48.3,
    48.3,
    48.3,
    48.3,
    48.3,
    48.3,
    48.3,
    48.3,
    48.3,
    48.3,
    48.3,
    48.3,
    48.3,
    48.3,
    0.0,
    0.0,
    0.0,
    0.0,
    0.0,
    0.0,
    0.0,
    0.0,
    0.0,
    0.0,
    0.0
  ],
  "v27_economic": [
    50.12210820410434,
    50.12210820410434,
    50.12210820410434,
    50.12210820410434,
    50.12210820410434,
    50.12210820410434,
    50.12210820410434,
    50.12210820410434,
    50.12210820410434,
    50.12210820410434,
    50.12210820410434,
    50.12210820410434,
    50.12210820410434,
    50.12210820410434,
    50.12210820410434,
    50.12210820410434,
    50.12210820410434,
    50.12210820410434,
    50.12210820410434,
    50.12210820410434,
    50.12210820410434,
    50.12210820410434,
    50.12210820410434,
    50.12210820410434,
    50.12210820410434,
    50.12210820410434,
    50.12210820410434,
    50.12210820410434,
    50.12210820410434,
    50.12210820410434,
    50.12210820410434
  ],
  "v26_economic": [
    49.87789179589566,
    49.87789179589566,
    49.87789179589566,
    49.87789179589566,
    49.87789179589566,
    49.87789179589566,
    49.87789179589566,
    49.87789179589566,
    49.87789179589566,
    49.87789179589566,
    49.87789179589566,
    49.87789179589566,
    49.87789179589566,
    49.87789179589566,
    49.87789179589566,
    49.87789179589566,
    49.87789179589566,
    49.87789179589566,
    49.87789179589566,
    49.87789179589566,
    49.87789179589566,
    49.87789179589566,
    49.87789179589566,
    49.87789179589566,
    49.87789179589566,
    49.87789179589566,
    49.87789179589566,
    49.87789179589566,
    49.87789179589566,
    49.87789179589566,
    49.87789179589566
  ],
  "v27_blocks": [
    0,
    9,
    21,
    30,
    42,
    54,
    64,
    79,
    89,
    105,
    117,
    132,
    141,
    160,
    185,
    217,
    254,
    286,
    310,
    339,
    375,
    441,
    496,
    546,
    591,
    620,
    653,
    683,
    714,
    743,
    763
  ],
  "v26_blocks": [
    0,
    15,
    29,
    39,
    53,
    67,
    78,
    94,
    112,
    128,
    141,
    170,
    199,
    227,
    266,
    301,
    327,
    360,
    386,
    415,
    441,
    441,
    442,
    442,
    442,
    442,
    442,
    442,
    442,
    442,
    442
  ],
  "v27_difficulty": [
    1.0,
    1.0,
    1.0,
    1.0,
    1.0,
    1.0,
    1.0,
    1.0,
    1.0,
    1.0,
    1.0,
    1.0,
    1.0,
    0.3876177658142665,
    0.3876177658142665,
    0.3876177658142665,
    0.3876177658142665,
    0.3876177658142665,
    0.38627652787027245,
    0.38627652787027245,
    0.38627652787027245,
    0.48368539142016725,
    0.48368539142016725,
    0.48368539142016725,
    0.8442508650242919,
    0.8442508650242919,
    0.8442508650242919,
    0.8442508650242919,
    0.8442508650242919,
    0.8809574243731741,
    0.8809574243731741
  ],
  "v26_difficulty": [
    1.0,
    1.0,
    1.0,
    1.0,
    1.0,
    1.0,
    1.0,
    1.0,
    1.0,
    1.0,
    1.0,
    0.4682926829268293,
    0.4682926829268293,
    0.4682926829268293,
    0.4682926829268293,
    0.5051246916963552,
    0.5051246916963552,
    0.5051246916963552,
    0.5051246916963552,
    0.5051246916963552,
    0.4833086751114628,
    0.4833086751114628,
    0.4833086751114628,
    0.4833086751114628,
    0.4833086751114628,
    0.4833086751114628,
    0.4833086751114628,
    0.4833086751114628,
    0.4833086751114628,
    0.4833086751114628,
    0.4833086751114628
  ],
  "v27_chainwork": [
    0.0,
    9.0,
    21.0,
    30.0,
    42.0,
    54.0,
    64.0,
    79.0,
    89.0,
    105.0,
    117.0,
    132.0,
    141.0,
    150.2018842530283,
    159.89232839838505,
    172.29609690444167,
    186.63795423956964,
    199.04172274562626,
    208.31504189040095,
    219.51706119863906,
    233.42301620196912,
    259.7939468133567,
    286.39664334146664,
    310.5809129124757,
    337.7552376304451,
    362.23851271614876,
    390.0987912619495,
    415.4263172126774,
    441.5980940284296,
    466.92561997915766,
    484.54476846662067
  ],
  "v26_chainwork": [
    0.0,
    15.0,
    29.0,
    39.0,
    53.0,
    67.0,
    78.0,
    94.0,
    112.0,
    128.0,
    141.0,
    156.17560975609757,
    169.75609756097563,
    182.86829268292686,
    201.13170731707322,
    218.00076733351605,
    231.1340093176212,
    247.80312414360083,
    260.93636612770626,
    275.5849821869013,
    288.5218800217429,
    288.5218800217429,
    289.00518869685436,
    289.00518869685436,
    289.00518869685436,
    289.00518869685436,
    289.00518869685436,
    289.00518869685436,
    289.00518869685436,
    289.00518869685436,
    289.00518869685436
  ],
  "v27_fee_rate": [
    1.0,
    1.0,
    0.009550453551606284,
    0.009550453551606284,
    0.009550453551606284,
    0.009550453551606284,
    0.009550453551606284,
    0.009550453551606284,
    0.009550453551606284,
    0.009550453551606284,
    0.009550453551606284,
    0.009550453551606284,
    0.009550453551606284,
    0.009550453551606284,
    0.0037019254681865538,
    0.0037019254681865538,
    0.0037019254681865538,
    0.0037019254681865538,
    0.0037019254681865538,
    0.0036891160375007864,
    0.0036891160375007864,
    0.0016267976970923608,
    0.0020370336380982606,
    0.0020370336380982606,
    0.0020370336380982606,
    0.0035555496228624186,
    0.0035555496228624186,
    0.0035555496228624186,
    0.0035555496228624186,
    0.0035555496228624186,
    0.0037101387368999148
  ],