{
  "blocks_mined": {
    "v27": 380,
    "v26": 22
  },
  "total_blocks": 402,
  "final_hashrate": {
    "v27": 86.4,
    "v26": 0.0
  },
  "final_economic": {
    "v27": 100.0,
    "v26": 0.0
  },
  "final_prices": {
    "v27": 71017.2808625337,
    "v26": 48329.91913746631
  }
}