{
  "blocks_mined": {
    "v27": 4785,
    "v26": 1290
  },
  "total_blocks": 6075,
  "final_hashrate": {
    "v27": 86.4,
    "v26": 0.0
  },
  "final_economic": {
    "v27": 100.0,
    "v26": 0.0
  },
  "final_prices": {
    "v27": 69907.58156653706,
    "v26": 49439.61843346295
  }
}