{
  "blocks_mined": {
    "v27": 187,
    "v26": 14
  },
  "total_blocks": 201,
  "final_hashrate": {
    "v27": 86.4,
    "v26": 0.0
  },
  "final_economic": {
    "v27": 100.0,
    "v26": 0.0
  },
  "final_prices": {
    "v27": 70963.76804733729,
    "v26": 48383.43195266272
  }
}