{
  "blocks_mined": {
    "v27": 179,
    "v26": 14
  },
  "total_blocks": 193,
  "final_hashrate": {
    "v27": 86.4,
    "v26": 0.0
  },
  "final_economic": {
    "v27": 100.0,
    "v26": 0.0
  },
  "final_prices": {
    "v27": 70841.93684210526,
    "v26": 48505.26315789474
  }
}