{
  "config": {
    "base_price": 60000,
    "max_divergence": 0.2,
    "coefficients": {
      "chain_weight": 0.3,
      "economic_weight": 0.5,
      "hashrate_weight": 0.2
    }
  },
  "current_prices": {
    "v27": 57970.262006622244,
    "v26": 61376.93799337777
  },
  "timeline": {
    "timestamps": [
      1772724895.663226,
      1772724956.8511217,
      1772724956.8511329,
      1772725017.8250558,
      1772725017.8250613,
      1772725078.2228065,
      1772725078.2228127,
      1772725138.341273,
      1772725138.3412793,
      1772725198.8855963,
      1772725198.885607,
      1772725259.3801787,
      1772725259.3801837,
      1772725320.0364797,
      1772725320.0364852,
      1772725380.627875,
      1772725380.6278832,
      1772725441.3627026,
      1772725441.362711,
      1772725502.0112097,
      1772725502.0112174,
      1772725562.9572623,
      1772725562.9572704,
      1772725623.922067,
      1772725623.9220757,
      1772725684.313911,
      1772725684.3139172,
      1772725744.7867947,
      1772725744.7868028,
      1772725805.5131533,
      1772725805.5131629,
      1772725866.1751776,
      1772725866.175183,
      1772725926.9886613,
      1772725926.9886665,
      1772725987.2689524,
      1772725987.2689586,
      1772726047.7679873,
      1772726047.7679956,
      1772726108.512322,
      1772726108.5123308,
      1772726168.655947,
      1772726168.6559546,
      1772726228.7561648,
      1772726228.75617,
      1772726288.8051815,
      1772726288.8051865,
      1772726349.4795442,
      1772726349.4795513,
      1772726410.0878758,
      1772726410.0878856,
      1772726470.6984918,
      1772726470.698499,
      1772726531.3065257,
      1772726531.306533,
      1772726591.957313,
      1772726591.957319,
      1772726652.5066128,
      1772726652.5066183
    ],
    "v27_prices": [
      60000,
      59986.715224772524,
      59986.715224772524,
      60310.71522477252,
      60310.71522477252,
      60475.28665334395,
      60475.28665334395,
      60469.873119509364,
      60469.873119509364,
      60499.93836526839,
      60499.93836526839,
      60559.442497499804,
      60559.442497499804,
      60574.57649644882,
      60574.57649644882,
      60458.992452495295,
      60458.992452495295,
      60548.25368631098,
      60548.25368631098,
      61134.42487728218,
      61134.42487728218,
      61265.68829996388,
      61265.68829996388,
      61321.39028882922,
      61321.39028882922,
      61365.45616977031,
      61365.45616977031,
      61424.771950841096,
      61424.771950841096,
      61464.3562244044,
      61464.3562244044,
      61526.62024779449,
      61526.62024779449,
      61534.85212838804,
      61534.85212838804,
      61570.27756946522,
      61570.27756946522,
      61576.58384761481,
      61576.58384761481,
      59146.49671371477,
      59146.49671371477,
      58977.640148223094,
      58977.640148223094,
      58820.63332273638,
      58820.63332273638,
      58661.75021354145,
      58661.75021354145,
      58510.94653614662,
      58510.94653614662,
      58396.34585774978,
      58396.34585774978,
      58279.47734254554,
      58279.47734254554,
      58171.549522954796,
      58171.549522954796,
      58059.659403272235,
      58059.659403272235,
      57970.262006622244,
      57970.262006622244
    ],
    "v26_prices": [
      60000,
      60000,
      59360.48477522749,
      59360.48477522749,
      59036.48477522749,
      59036.48477522749,
      58871.91334665606,
      58871.91334665606,
      58877.32688049065,
      58877.32688049065,
      58847.26163473162,
      58847.26163473162,
      58787.757502500215,
      58787.757502500215,
      58772.623503551185,
      58772.623503551185,
      58888.20754750471,
      58888.20754750471,
      58798.946313689026,
      58798.946313689026,
      58212.77512271784,
      58212.77512271784,
      58081.51170003613,
      58081.51170003613,
      58025.809711170776,
      58025.809711170776,
      57981.743830229694,
      57981.743830229694,
      57922.42804915891,
      57922.42804915891,
      57882.843775595604,
      57882.843775595604,
      57820.57975220551,
      57820.57975220551,
      57812.34787161197,
      57812.34787161197,
      57776.922430534774,
      57776.922430534774,
      57770.616152385184,
      57770.616152385184,
      60200.70328628524,
      60200.70328628524,
      60369.55985177692,
      60369.55985177692,
      60526.56667726363,
      60526.56667726363,
      60685.44978645857,
      60685.44978645857,
      60836.25346385338,
      60836.25346385338,
      60950.854142250224,
      60950.854142250224,
      61067.72265745446,
      61067.72265745446,
      61175.65047704521,
      61175.65047704521,
      61287.54059672777,
      61287.54059672777,
      61376.93799337777
    ]
  },
  "history": [
    {
      "timestamp": 1772724895.663226,
      "chain_id": "v27",
      "price": 60000,
      "metadata": {
        "initial": true
      }
    },
    {
      "timestamp": 1772724895.663226,
      "chain_id": "v26",
      "price": 60000,
      "metadata": {
        "initial": true
      }
    },
    {
      "timestamp": 1772724956.8511217,
      "chain_id": "v27",
      "price": 59986.715224772524,
      "metadata": {
        "fork_sustained": true,
        "fork_depth": 24
      }
    },
    {
      "timestamp": 1772724956.8511329,
      "chain_id": "v26",
      "price": 59360.48477522749,
      "metadata": {
        "fork_sustained": true,
        "fork_depth": 24
      }
    },
    {
      "timestamp": 1772725017.8250558,
      "chain_id": "v27",
      "price": 60310.71522477252,
      "metadata": {
        "fork_sustained": true,
        "fork_depth": 50
      }
    },
    {
      "timestamp": 1772725017.8250613,
      "chain_id": "v26",
      "price": 59036.48477522749,
      "metadata": {
        "fork_sustained": true,
        "fork_depth": 50
      }
    },
    {
      "timestamp": 1772725078.2228065,
      "chain_id": "v27",
      "price": 60475.28665334395,
      "metadata": {
        "fork_sustained": true,
        "fork_depth": 70
      }
    },
    {
      "timestamp": 1772725078.2228127,
      "chain_id": "v26",
      "price": 58871.91334665606,
      "metadata": {
        "fork_sustained": true,
        "fork_depth": 70
      }
    },
    {
      "timestamp": 1772725138.341273,
      "chain_id": "v27",
      "price": 60469.873119509364,
      "metadata": {
        "fork_sustained": true,
        "fork_depth": 95
      }
    },
    {
      "timestamp": 1772725138.3412793,
      "chain_id": "v26",
      "price": 58877.32688049065,
      "metadata": {
        "fork_sustained": true,
        "fork_depth": 95
      }
    },
    {
      "timestamp": 1772725198.8855963,
      "chain_id": "v27",
      "price": 60499.93836526839,
      "metadata": {
        "fork_sustained": true,
        "fork_depth": 121
      }
    },
    {
      "timestamp": 1772725198.885607,
      "chain_id": "v26",
      "price": 58847.26163473162,
      "metadata": {
        "fork_sustained": true,
        "fork_depth": 121
      }
    },
    {
      "timestamp": 1772725259.3801787,
      "chain_id": "v27",
      "price": 60559.442497499804,
      "metadata": {
        "fork_sustained": true,
        "fork_depth": 143
      }
    },
    {
      "timestamp": 1772725259.3801837,
      "chain_id": "v26",
      "price": 58787.757502500215,
      "metadata": {
        "fork_sustained": true,
        "fork_depth": 143
      }
    },
    {
      "timestamp": 1772725320.0364797,
      "chain_id": "v27",
      "price": 60574.57649644882,
      "metadata": {
        "fork_sustained": true,
        "fork_depth": 173
      }
    },
    {
      "timestamp": 1772725320.0364852,
      "chain_id": "v26",
      "price": 58772.623503551185,
      "metadata": {
        "fork_sustained": true,
        "fork_depth": 173
      }
    },
    {
      "timestamp": 1772725380.627875,
      "chain_id": "v27",