{
  "config": {
    "base_price": 60000,
    "max_divergence": 0.2,
    "coefficients": {
      "chain_weight": 0.3,
      "economic_weight": 0.5,
      "hashrate_weight": 0.2
    }
  },
  "current_prices": {
    "v27": 61219.65388016646,
    "v26": 58127.54611983354
  },
  "timeline": {
    "timestamps": [
      1772673095.044875,
      1772673156.1144943,
      1772673156.1145022,
      1772673216.1833348,
      1772673216.1833432,
      1772673276.5518336,
      1772673276.5518389,
      1772673336.658912,
      1772673336.6589181,
      1772673397.1913948,
      1772673397.1914,
      1772673457.6416247,
      1772673457.6416326,
      1772673518.3131766,
      1772673518.313184,
      1772673578.8779695,
      1772673578.8779743,
      1772673639.5982192,
      1772673639.5982275,
      1772673700.1319218,
      1772673700.13193,
      1772673760.972288,
      1772673760.9722939,
      1772673821.5551624,
      1772673821.5551682,
      1772673881.8665798,
      1772673881.866588,
      1772673942.293674,
      1772673942.2936804,
      1772674002.8137317,
      1772674002.8137374,
      1772674063.494999,
      1772674063.4950051,
      1772674124.004307,
      1772674124.0043123,
      1772674184.4325185,
      1772674184.4325259,
      1772674244.9582257,
      1772674244.9582334,
      1772674305.657177,
      1772674305.657183,
      1772674365.8597803,
      1772674365.859788,
      1772674426.1278684,
      1772674426.1278756,
      1772674486.8184903,
      1772674486.8184974,
      1772674547.3348098,
      1772674547.3348172,
      1772674607.927465,
      1772674607.9274704,
      1772674668.0427585,
      1772674668.0427656,
      1772674728.7359004,
      1772674728.7359076,
      1772674789.2015345,
      1772674789.2015426,
      1772674849.8887398,
      1772674849.8887458
    ],
    "v27_prices": [
      60000,
      60948.89005162586,
      60948.89005162586,
      61272.89005162585,
      61272.89005162585,
      61379.324834234554,
      61379.324834234554,
      61432.0479463627,
      61432.0479463627,
      61462.11319212172,
      61462.11319212172,
      61493.96047416106,
      61493.96047416106,
      61536.75132330215,
      61536.75132330215,
      61436.949753118395,
      61436.949753118395,
      61493.5252447589,
      61493.5252447589,
      62109.20633069561,
      62109.20633069561,
      62220.121005703855,
      62220.121005703855,
      62288.82526897457,
      62288.82526897457,
      62323.78514663247,
      62323.78514663247,
      62392.499753944394,
      62392.499753944394,
      62419.59037309006,
      62419.59037309006,
      62480.82438680183,
      62480.82438680183,
      62495.086261134595,
      62495.086261134595,
      62531.38016738012,
      62531.38016738012,
      62537.47626202134,
      62537.47626202134,
      61567.24658129872,
      61567.24658129872,
      61509.90041078557,
      61509.90041078557,
      61442.86353588606,
      61442.86353588606,
      61428.667377612765,
      61428.667377612765,
      61376.970169100874,
      61376.970169100874,
      61323.9635537116,
      61323.9635537116,
      61273.032034076416,
      61273.032034076416,
      61268.47905963603,
      61268.47905963603,
      61257.91894422709,
      61257.91894422709,
      61219.65388016646,
      61219.65388016646
    ],
    "v26_prices": [
      60000,
      60000,
      58398.309948374146,
      58398.309948374146,
      58074.30994837415,
      58074.30994837415,
      57967.87516576546,
      57967.87516576546,
      57915.152053637314,
      57915.152053637314,
      57885.08680787829,
      57885.08680787829,
      57853.23952583894,
      57853.23952583894,
      57810.44867669785,
      57810.44867669785,
      57910.25024688162,
      57910.25024688162,
      57853.6747552411,
      57853.6747552411,
      57237.99366930438,
      57237.99366930438,
      57127.078994296164,
      57127.078994296164,
      57058.374731025426,
      57058.374731025426,
      57023.414853367525,
      57023.414853367525,
      56954.7002460556,
      56954.7002460556,
      56927.60962690992,
      56927.60962690992,
      56866.37561319817,
      56866.37561319817,
      56852.11373886541,
      56852.11373886541,
      56815.8198326199,
      56815.8198326199,
      56809.72373797868,
      56809.72373797868,
      57779.95341870128,
      57779.95341870128,
      57837.29958921443,
      57837.29958921443,
      57904.336464113934,
      57904.336464113934,
      57918.53262238724,
      57918.53262238724,
      57970.22983089912,
      57970.22983089912,
      58023.236446288385,
      58023.236446288385,
      58074.16796592358,
      58074.16796592358,
      58078.720940363964,
      58078.720940363964,
      58089.28105577291,
      58089.28105577291,
      58127.54611983354
    ]
  },
  "history": [
    {
      "timestamp": 1772673095.044875,
      "chain_id": "v27",
      "price": 60000,
      "metadata": {
        "initial": true
      }
    },
    {
      "timestamp": 1772673095.044875,
      "chain_id": "v26",
      "price": 60000,
      "metadata": {
        "initial": true
      }
    },
    {
      "timestamp": 1772673156.1144943,
      "chain_id": "v27",
      "price": 60948.89005162586,
      "metadata": {
        "fork_sustained": true,
        "fork_depth": 24
      }
    },
    {
      "timestamp": 1772673156.1145022,
      "chain_id": "v26",
      "price": 58398.309948374146,
      "metadata": {
        "fork_sustained": true,
        "fork_depth": 24
      }
    },
    {
      "timestamp": 1772673216.1833348,
      "chain_id": "v27",
      "price": 61272.89005162585,
      "metadata": {
        "fork_sustained": true,
        "fork_depth": 50
      }
    },
    {
      "timestamp": 1772673216.1833432,
      "chain_id": "v26",
      "price": 58074.30994837415,
      "metadata": {
        "fork_sustained": true,
        "fork_depth": 50
      }
    },
    {
      "timestamp": 1772673276.5518336,
      "chain_id": "v27",
      "price": 61379.324834234554,
      "metadata": {
        "fork_sustained": true,
        "fork_depth": 69
      }
    },
    {
      "timestamp": 1772673276.5518389,
      "chain_id": "v26",
      "price": 57967.87516576546,
      "metadata": {
        "fork_sustained": true,
        "fork_depth": 69
      }
    },
    {
      "timestamp": 1772673336.658912,
      "chain_id": "v27",
      "price": 61432.0479463627,
      "metadata": {
        "fork_sustained": true,
        "fork_depth": 95
      }
    },
    {
      "timestamp": 1772673336.6589181,
      "chain_id": "v26",
      "price": 57915.152053637314,
      "metadata": {
        "fork_sustained": true,
        "fork_depth": 95
      }
    },
    {
      "timestamp": 1772673397.1913948,
      "chain_id": "v27",
      "price": 61462.11319212172,
      "metadata": {
        "fork_sustained": true,
        "fork_depth": 121
      }
    },
    {
      "timestamp": 1772673397.1914,
      "chain_id": "v26",
      "price": 57885.08680787829,
      "metadata": {
        "fork_sustained": true,
        "fork_depth": 121
      }
    },
    {
      "timestamp": 1772673457.6416247,
      "chain_id": "v27",
      "price": 61493.96047416106,
      "metadata": {
        "fork_sustained": true,
        "fork_depth": 142
      }
    },
    {
      "timestamp": 1772673457.6416326,
      "chain_id": "v26",
      "price": 57853.23952583894,
      "metadata": {
        "fork_sustained": true,
        "fork_depth": 142
      }
    },
    {
      "timestamp": 1772673518.3131766,
      "chain_id": "v27",
      "price": 61536.75132330215,
      "metadata": {
        "fork_sustained": true,
        "fork_depth": 173
      }
    },
    {
      "timestamp": 1772673518.313184,
      "chain_id": "v26",
      "price": 57810.44867669785,
      "metadata": {
        "fork_sustained": true,
        "fork_depth": 173
      }
    },
    {
      "timestamp": 1772673578.8779695,
      "chain_id": "v27",
      "price": 61436.949753118395,