{
  "timestamps": [
    0,
    60,
    121,
    181,
    241,
    302,
    362,
    423,
    484,
    545,
    606,
    666,
    727,
    787,
    847,
    908,
    968,
    1029,
    1090,
    1150,
    1210,
    1271,
    1332,
    1392,
    1452,
    1512,
    1573,
    1634,
    1694,
    1754,
    1815,
    1876,
    1936,
    1996,
    2057,
    2118,
    2179,
    2239,
    2299,
    2360,
    2421,
    2481,
    2500
  ],
  "v27_price": [
    60000,
    60000,
    64825.51384615385,
    64693.64571428572,
    64813.067865168545,
    64810.93894736842,
    64817.65787234042,
    64842.79154246102,
    64759.850245122565,
    64737.80694077872,
    64707.649783982655,
    65231.754856848966,
    65292.98130119305,
    65345.362660613035,
    65389.687743739225,
    65426.64254344864,
    65465.96968332232,
    65493.08559871484,
    65517.15631477571,
    65538.6675361033,
    65560.61140077533,
    65580.68950173596,
    65600.57231605641,
    65618.26467365285,
    65628.73455306381,
    65628.86887234771,
    65643.3875733322,
    65656.60934023884,
    65668.32149122393,
    65677.31928928517,
    65685.79432035219,
    65694.50249361758,
    65700.96494662427,
    65708.35280257315,
    65714.54344204132,
    65719.92986300944,
    65724.81126345962,
    65730.46332181238,
    65735.63776255815,
    65740.38555416935,
    65745.33599358017,
    65749.60756945015,
    65754.07359279803
  ],
  "v26_price": [
    60000,
    60000,
    55096.24615384615,
    55228.114285714284,
    55108.692134831465,
    55110.82105263158,
    55104.10212765958,
    55078.968457539,
    55161.90975487744,
    55183.95305922129,
    55214.11021601736,
    54690.00514315104,
    54628.77869880696,
    54576.39733938697,
    54532.07225626077,
    54495.11745655137,
    54455.79031667769,
    54428.67440128516,
    54404.60368522428,
    54383.0924638967,
    54361.14859922466,
    54341.070498264045,
    54321.18768394359,
    54303.49532634715,
    54293.025446936204,
    54292.89112765229,
    54278.372426667804,
    54265.15065976117,
    54253.43850877607,
    54244.440710714836,
    54235.96567964781,
    54227.25750638242,
    54220.79505337573,
    54213.40719742685,
    54207.21655795867,
    54201.83013699055,
    54196.94873654039,
    54191.29667818762,
    54186.12223744186,
    54181.374445830654,
    54176.424006419824,
    54172.15243054986,
    54167.68640720197
  ],
  "v27_hashrate": [
    87.07,
    87.07,
    87.07,
    87.07,
    87.07,
    87.07,
    87.07,
    87.07,
    87.07,
    87.07,
    98.36999999999999,
    98.36999999999999,
    98.36999999999999,
    98.36999999999999,
    98.36999999999999,
    98.36999999999999,
    98.36999999999999,
    98.36999999999999,
    98.36999999999999,
    98.36999999999999,
    98.36999999999999,
    98.36999999999999,
    98.36999999999999,
    98.36999999999999,
    98.36999999999999,
    98.36999999999999,
    98.36999999999999,
    98.36999999999999,
    98.36999999999999,
    98.36999999999999,
    98.36999999999999,
    98.36999999999999,
    98.36999999999999,
    98.36999999999999,
    98.36999999999999,
    98.36999999999999,
    98.36999999999999,
    98.36999999999999,
    98.36999999999999,
    98.36999999999999,
    98.36999999999999,
    98.36999999999999,
    98.36999999999999
  ],
  "v26_hashrate": [
    11.3,
    11.3,
    11.3,
    11.3,
    11.3,
    11.3,
    11.3,
    11.3,
    11.3,
    11.3,
    0.0,
    0.0,
    0.0,
    0.0,
    0.0,
    0.0,
    0.0,
    0.0,
    0.0,
    0.0,
    0.0,
    0.0,
    0.0,
    0.0,
    0.0,
    0.0,
    0.0,
    0.0,
    0.0,
    0.0,
    0.0,
    0.0,
    0.0,
    0.0,
    0.0,
    0.0,
    0.0,
    0.0,
    0.0,
    0.0,
    0.0,
    0.0,
    0.0
  ],
  "v27_economic": [
    50.0,
    50.0,
    50.0,
    50.0,
    50.0,
    50.0,
    50.0,
    50.0,
    50.0,
    50.0,
    50.0,
    50.0,
    50.0,
    50.0,
    50.0,
    50.0,
    50.0,
    50.0,
    50.0,
    50.0,
    50.0,
    50.0,
    50.0,
    50.0,
    50.0,
    50.0,
    50.0,
    50.0,
    50.0,
    50.0,
    50.0,
    50.0,
    50.0,
    50.0,
    50.0,
    50.0,
    50.0,
    50.0,
    50.0,
    50.0,
    50.0,
    50.0,
    50.0
  ],
  "v26_economic": [
    50.0,
    50.0,
    50.0,
    50.0,
    50.0,
    50.0,
    50.0,
    50.0,
    50.0,
    50.0,
    50.0,
    50.0,
    50.0,
    50.0,
    50.0,
    50.0,
    50.0,
    50.0,
    50.0,
    50.0,
    50.0,
    50.0,
    50.0,
    50.0,
    50.0,
    50.0,
    50.0,
    50.0,
    50.0,
    50.0,
    50.0,
    50.0,
    50.0,
    50.0,
    50.0,
    50.0,
    50.0,
    50.0,
    50.0,
    50.0,
    50.0,
    50.0,
    50.0
  ],
  "v27_blocks": [
    0,
    24,
    57,
    82,
    105,
    130,
    150,
    175,
    204,
    239,
    265,
    297,
    331,
    365,
    398,
    438,
    466,
    494,
    522,
    554,
    587,
    624,
    661,
    685,
    711,
    748,
    785,
    821,
    851,
    879,
    908,
    931,
    959,
    984,
    1007,
    1033,
    1065,
    1096,
    1126,
    1159,
    1189,
    1222,
    1232
  ],
  "v26_blocks": [
    0,
    2,
    6,
    7,
    9,
    11,
    12,
    16,
    19,
    23,
    26,
    26,
    26,
    26,
    26,
    26,
    26,
    26,
    26,
    26,
    26,
    26,
    26,
    26,
    27,
    27,
    27,
    27,
    27,
    27,
    27,
    27,
    27,
    27,
    27,
    27,
    27,
    27,
    27,
    27,
    27,
    27,
    27
  ],
  "v27_difficulty": [
    1.0,
    1.0,
    1.0,
    1.0,
    1.0,
    1.0,
    0.8372093023255814,
    0.8372093023255814,
    0.8372093023255814,
    0.8372093023255814,
    0.8372093023255814,
    0.7957632972599585,
    0.7957632972599585,
    0.7957632972599585,
    0.7957632972599585,
    0.9278535611776034,
    0.9278535611776034,
    0.9278535611776034,
    0.9278535611776034,
    0.9278535611776034,
    0.9182880605469065,
    0.9182880605469065,
    0.9182880605469065,
    0.9182880605469065,
    0.9182880605469065,
    0.9411635638345519,
    0.9411635638345519,
    0.9411635638345519,
    0.9411635638345519,
    1.0885747244351442,
    1.0885747244351442,
    1.0885747244351442,
    1.0885747244351442,
    1.0885747244351442,
    1.0885747244351442,
    0.9113648855736092,
    0.9113648855736092,
    0.9113648855736092,
    0.9113648855736092,
    0.9113648855736092,
    0.9113648855736092,
    0.9113648855736092,
    0.9113648855736092
  ],
  "v26_difficulty": [
    1.0,
    1.0,
    1.0,
    1.0,
    1.0,
    1.0,
    1.0,
    1.0,
    1.0,
    1.0,
    1.0,
    1.0,
    1.0,
    1.0,
    1.0,
    1.0,
    1.0,
    1.0,
    1.0,
    1.0,
    1.0,
    1.0,
    1.0,
    1.0,
    1.0,
    1.0,
    1.0,
    1.0,
    1.0,
    1.0,
    1.0,
    1.0,
    1.0,
    1.0,
    1.0,
    1.0,
    1.0,
    1.0,
    1.0,
    1.0,
    1.0,
    1.0,
    1.0
  ],
  "v27_chainwork": [
    0.0,
    24.0,
    57.0,
    82.0,
    105.0,
    130.0,
    149.02325581395354,
    169.9534883720933,
    194.2325581395354,
    223.53488372093105,
    245.3023255813964,
    271.72000921022425,
    298.77596131706264,
    325.831913423901,
    352.09210223347947,
    384.71517570738337,
    410.69507542035575,
    436.67497513332813,
    462.6548748463005,
    492.34618880398324,
    522.8601358159067,
    556.8367940561441,
    590.8134522963815,
    612.8523657495084,
    636.7278553237293,
    671.3450276560209,
    706.1680795179013,
    740.0499678159472,
    768.2848747309854,
    796.8486219273625,
    828.4172889359818,
    853.4545075979902,
    883.9345998821743,
    911.148967993053,
    936.1861866550614,
    960.0588835188356,
    989.2225598571896,
    1017.47487130997,
    1044.8158178771794,
    1074.8908591011107,
    1102.231805668321,
    1132.3068468922522,
    1141.420495747989
  ],