{
  "blocks_mined": {
    "v27": 652,
    "v26": 12
  },
  "total_blocks": 664,
  "final_hashrate": {
    "v27": 86.4,
    "v26": 0.0
  },
  "final_economic": {
    "v27": 100.0,
    "v26": 0.0
  },
  "final_prices": {
    "v27": 71220.68242811502,
    "v26": 48126.517571884986
  }
}