{
  "blocks_mined": {
    "v27": 5526,
    "v26": 1212
  },
  "total_blocks": 6738,
  "final_hashrate": {
    "v27": 86.4,
    "v26": 0.0
  },
  "final_economic": {
    "v27": 56.73741253525133,
    "v26": 43.26258746474866
  },
  "final_prices": {
    "v27": 64560.350684872676,
    "v26": 54786.849315127336
  }
}