{
  "timestamps": [
    0,
    60,
    121,
    182,
    242,
    302,
    362,
    422,
    482,
    542,
    603,
    664,
    724,
    784,
    844,
    905,
    965,
    1025,
    1085,
    1145,
    1205,
    1266,
    1326,
    1386,
    1446,
    1506,
    1567,
    1627,
    1687,
    1747,
    1800
  ],
  "v27_price": [
    60000,
    60000,
    61615.12806422397,
    61245.89729499321,
    60815.12806422398,
    60815.12806422398,
    60571.64980335441,
    60042.71427112052,
    60524.21897331489,
    60507.435756531675,
    60415.12806422397,
    61184.781397557315,
    61563.94806422399,
    61557.330417165154,
    61651.44806422399,
    61778.72079149671,
    61794.30520708113,
    61786.33178515421,
    61834.42678762825,
    61933.92229102812,
    62057.38865828339,
    62247.908241215126,
    62320.41358146535,
    62218.66117897808,
    62295.19806422399,
    62318.601348895514,
    62364.124120562024,
    62375.77238854832,
    62428.931507932604,
    62450.15774164333,
    62335.280399553325
  ],
  "v26_price": [
    60000,
    60000,
    58306.63193577603,
    58675.862705006795,
    59106.63193577602,
    59106.63193577602,
    59350.11019664559,
    59879.04572887948,
    59397.54102668511,
    59414.32424346833,
    59506.63193577603,
    58736.978602442694,
    58357.81193577603,
    58364.42958283485,
    58270.31193577603,
    58143.039208503295,
    58127.454792918885,
    58135.42821484579,
    58087.33321237177,
    57987.8377089719,
    57864.37134171662,
    57673.85175878488,
    57601.346418534646,
    57703.09882102193,
    57626.56193577603,
    57603.15865110449,
    57557.63587943799,
    57545.9876114517,
    57492.82849206741,
    57471.602258356674,
    57586.479600446684
  ],
  "v27_hashrate": [
    46.14,
    46.14,
    46.14,
    46.14,
    46.14,
    46.14,
    46.14,
    46.14,
    46.14,
    46.14,
    67.73,
    67.73,
    67.73,
    67.73,
    67.73,
    67.73,
    67.73,
    67.73,
    67.73,
    67.73,
    67.73,
    67.73,
    67.73,
    67.73,
    67.73,
    67.73,
    67.73,
    67.73,
    67.73,
    67.73,
    67.73
  ],
  "v26_hashrate": [
    52.23,
    52.23,
    52.23,
    52.23,
    52.23,
    52.23,
    52.23,
    52.23,
    52.23,
    52.23,
    30.64,
    30.64,
    30.64,
    30.64,
    30.64,
    30.64,
    30.64,
    30.64,
    30.64,
    30.64,
    30.64,
    30.64,
    30.64,
    30.64,
    30.64,
    30.64,
    30.64,
    30.64,
    30.64,
    30.64,
    30.64
  ],
  "v27_economic": [
    55.00340053519982,
    55.00340053519982,
    55.00340053519982,
    55.00340053519982,
    55.00340053519982,
    55.00340053519982,
    55.00340053519982,
    55.00340053519982,
    55.00340053519982,
    55.00340053519982,
    55.00340053519982,
    55.00340053519982,
    55.00340053519982,
    55.00340053519982,
    55.00340053519982,
    55.00340053519982,
    55.00340053519982,
    55.00340053519982,
    55.00340053519982,
    55.00340053519982,
    55.00340053519982,
    55.00340053519982,
    55.00340053519982,
    55.00340053519982,
    55.00340053519982,
    55.00340053519982,
    55.00340053519982,
    55.00340053519982,
    55.00340053519982,
    55.00340053519982,
    55.00340053519982
  ],
  "v26_economic": [
    44.99659946480019,
    44.99659946480019,
    44.99659946480019,
    44.99659946480019,
    44.99659946480019,
    44.99659946480019,
    44.99659946480019,
    44.99659946480019,
    44.99659946480019,
    44.99659946480019,
    44.99659946480019,
    44.99659946480019,
    44.99659946480019,
    44.99659946480019,
    44.99659946480019,
    44.99659946480019,
    44.99659946480019,
    44.99659946480019,
    44.99659946480019,
    44.99659946480019,
    44.99659946480019,
    44.99659946480019,
    44.99659946480019,
    44.99659946480019,
    44.99659946480019,
    44.99659946480019,
    44.99659946480019,
    44.99659946480019,
    44.99659946480019,
    44.99659946480019,
    44.99659946480019
  ],
  "v27_blocks": [
    0,
    4,
    8,
    10,
    10,
    12,
    13,
    17,
    20,
    22,
    25,
    33,
    35,
    38,
    42,
    46,
    47,
    52,
    55,
    59,
    69,
    72,
    74,
    79,
    85,
    89,
    93,
    96,
    99,
    104,
    105
  ],
  "v26_blocks": [
    0,
    2,
    5,
    8,
    8,
    11,
    16,
    16,
    19,
    22,
    29,
    31,
    33,
    34,
    35,
    38,
    39,
    42,
    42,
    42,
    44,
    44,
    48,
    49,
    52,
    53,
    55,
    55,
    56,
    63,
    67
  ],
  "v27_difficulty": [
    1.0,
    1.0,
    1.0,
    1.0,
    1.0,
    1.0,
    1.0,
    1.0,
    1.0,
    1.0,
    1.0,
    1.0,
    1.0,
    1.0,
    1.0,
    1.0,
    1.0,
    1.0,
    1.0,
    1.0,
    1.0,
    1.0,
    1.0,
    1.0,
    1.0,
    1.0,
    1.0,
    1.0,
    1.0,
    1.0,
    1.0
  ],
  "v26_difficulty": [
    1.0,
    1.0,
    1.0,
    1.0,
    1.0,
    1.0,
    1.0,
    1.0,
    1.0,
    1.0,
    1.0,
    1.0,
    1.0,
    1.0,
    1.0,
    1.0,
    1.0,
    1.0,
    1.0,
    1.0,
    1.0,
    1.0,
    1.0,
    1.0,
    1.0,
    1.0,
    1.0,
    1.0,
    1.0,
    1.0,
    1.0
  ],
  "v27_chainwork": [
    0.0,
    4.0,
    8.0,
    10.0,
    10.0,
    12.0,
    13.0,
    17.0,
    20.0,
    22.0,
    25.0,
    33.0,
    35.0,
    38.0,
    42.0,
    46.0,
    47.0,
    52.0,
    55.0,
    59.0,
    69.0,
    72.0,
    74.0,
    79.0,
    85.0,
    89.0,
    93.0,
    96.0,
    99.0,
    104.0,
    105.0
  ],
  "v26_chainwork": [
    0.0,
    2.0,
    5.0,
    8.0,
    8.0,
    11.0,
    16.0,
    16.0,
    19.0,
    22.0,
    29.0,
    31.0,
    33.0,
    34.0,
    35.0,
    38.0,
    39.0,
    42.0,
    42.0,
    42.0,
    44.0,
    44.0,
    48.0,
    49.0,
    52.0,
    53.0,
    55.0,
    55.0,
    56.0,
    63.0,
    67.0
  ],
  "v27_fee_rate": [
    1.0,
    1.0,
    0.03973660744725688,
    0.03973660744725688,
    0.03973660744725688,
    0.03973660744725688,
    0.03973660744725688,
    0.03973660744725688,
    0.03973660744725688,
    0.03973660744725688,
    0.03973660744725688,
    0.027069940463848106,
    0.027069940463848106,
    0.027069940463848106,
    0.027069940463848106,
    0.027069940463848106,
    0.027069940463848106,
    0.027069940463848106,
    0.027069940463848106,
    0.027069940463848106,
    0.027069940463848106,
    0.027069940463848106,
    0.027069940463848106,
    0.027069940463848106,
    0.027069940463848106,
    0.027069940463848106,
    0.027069940463848106,
    0.027069940463848106,
    0.027069940463848106,
    0.027069940463848106,
    0.027069940463848106
  ],
  "v26_fee_rate": [
    1.0,
    1.0,
    0.028716949372332008,
    0.028716949372332008,
    0.028716949372332008,
    0.028716949372332008,
    0.028716949372332008,
    0.028716949372332008,
    0.028716949372332008,
    0.028716949372332008,
    0.028716949372332008,
    0.04895190162261426,
    0.04895190162261426,
    0.04895190162261426,
    0.04895190162261426,
    0.04895190162261426,
    0.04895190162261426,
    0.04895190162261426,
    0.04895190162261426,
    0.04895190162261426,
    0.04895190162261426,
    0.04895190162261426,
    0.04895190162261426,
    0.04895190162261426,
    0.04895190162261426,
    0.04895190162261426,
    0.04895190162261426,
    0.04895190162261426,
    0.04895190162261426,
    0.04895190162261426,
    0.04895190162261426
  ],