{
  "blocks_mined": {
    "v27": 363,
    "v26": 38
  },
  "total_blocks": 401,
  "final_hashrate": {
    "v27": 98.36999999999999,
    "v26": 0.0
  },
  "final_economic": {
    "v27": 55.003229654033994,
    "v26": 44.99677034596602
  },
  "final_prices": {
    "v27": 65782.41926516304,
    "v26": 54139.340734836966
  }
}