{
  "blocks_mined": {
    "v27": 4533,
    "v26": 229
  },
  "total_blocks": 4762,
  "final_hashrate": {
    "v27": 86.4,
    "v26": 0.0
  },
  "final_economic": {
    "v27": 100.0,
    "v26": 0.0
  },
  "final_prices": {
    "v27": 70887.70549214262,
    "v26": 48459.49450785739
  }
}