{
  "timestamps": [
    0,
    60,
    121,
    181,
    241,
    302,
    363,
    423,
    484,
    545,
    605,
    666,
    726,
    787,
    847,
    908,
    969,
    1029,
    1089,
    1149,
    1209,
    1270,
    1331,
    1391,
    1452,
    1513,
    1573,
    1634,
    1694,
    1755,
    1800
  ],
  "v27_price": [
    60000,
    60000,
    59986.715224772524,
    60310.71522477252,
    60475.28665334395,
    60469.873119509364,
    60499.93836526839,
    60559.442497499804,
    60574.57649644882,
    60458.992452495295,
    60548.25368631098,
    62496.62410508139,
    62751.799095740265,
    63008.5756771239,
    63250.84617812593,
    63454.837164726334,
    63582.14059273874,
    63695.909229029734,
    63790.012914822204,
    63911.182487674385,
    64016.58353449451,
    60303.56448336241,
    60051.63732226166,
    59849.025080705665,
    59631.28953310847,
    59402.7355912444,
    59221.176427151266,
    59055.59433439732,
    58925.296857217516,
    58783.80160233094,
    58666.415244497766
  ],
  "v26_price": [
    60000,
    60000,
    59360.48477522749,
    59036.48477522749,
    58871.91334665606,
    58877.32688049065,
    58847.26163473162,
    58787.757502500215,
    58772.623503551185,
    58888.20754750471,
    58798.946313689026,
    56850.575894918606,
    56595.400904259746,
    56338.624322876094,
    56096.35382187407,
    55892.36283527366,
    55765.059407261266,
    55651.29077097027,
    55557.18708517779,
    55436.01751232561,
    55330.61646550549,
    59043.63551663759,
    59295.562677738344,
    59498.174919294346,
    59715.91046689153,
    59944.46440875561,
    60126.02357284874,
    60291.605665602685,
    60421.903142782496,
    60563.398397669065,
    60680.78475550224
  ],
  "v27_hashrate": [
    38.1,
    38.1,
    38.1,
    38.1,
    38.1,
    38.1,
    38.1,
    38.1,
    38.1,
    38.1,
    78.3,
    78.3,
    78.3,
    78.3,
    78.3,
    78.3,
    78.3,
    78.3,
    78.3,
    78.3,
    0.0,
    0.0,
    0.0,
    0.0,
    0.0,
    0.0,
    0.0,
    0.0,
    0.0,
    0.0,
    0.0
  ],
  "v26_hashrate": [
    48.3,
    48.3,
    48.3,
    48.3,
    48.3,
    48.3,
    48.3,
    48.3,
    48.3,
    48.3,
    8.1,
    8.1,
    8.1,
    8.1,
    8.1,
    8.1,
    8.1,
    8.1,
    8.1,
    8.1,
    86.4,
    86.4,
    86.4,
    86.4,
    86.4,
    86.4,
    86.4,
    86.4,
    86.4,
    86.4,
    86.4
  ],
  "v27_economic": [
    62.14929353977099,
    62.14929353977099,
    62.14929353977099,
    62.14929353977099,
    62.14929353977099,
    62.14929353977099,
    62.14929353977099,
    62.14929353977099,
    62.14929353977099,
    62.14929353977099,
    62.14929353977099,
    62.14929353977099,
    62.14929353977099,
    62.14929353977099,
    62.14929353977099,
    62.14929353977099,
    62.14929353977099,
    62.14929353977099,
    62.14929353977099,
    62.14929353977099,
    62.14929353977099,
    62.14929353977099,
    62.14929353977099,
    62.14929353977099,
    62.14929353977099,
    62.14929353977099,
    62.14929353977099,
    62.14929353977099,
    62.14929353977099,
    62.14929353977099,
    62.14929353977099
  ],
  "v26_economic": [
    37.850706460229006,
    37.850706460229006,
    37.850706460229006,
    37.850706460229006,
    37.850706460229006,
    37.850706460229006,
    37.850706460229006,
    37.850706460229006,
    37.850706460229006,
    37.850706460229006,
    37.850706460229006,
    37.850706460229006,
    37.850706460229006,
    37.850706460229006,
    37.850706460229006,
    37.850706460229006,
    37.850706460229006,
    37.850706460229006,
    37.850706460229006,
    37.850706460229006,
    37.850706460229006,
    37.850706460229006,
    37.850706460229006,
    37.850706460229006,
    37.850706460229006,
    37.850706460229006,
    37.850706460229006,
    37.850706460229006,
    37.850706460229006,
    37.850706460229006,
    37.850706460229006
  ],
  "v27_blocks": [
    0,
    9,
    21,
    31,
    42,
    54,
    65,
    79,
    89,
    106,
    118,
    137,
    180,
    235,
    290,
    315,
    343,
    369,
    401,
    429,
    458,
    458,
    458,
    459,
    459,
    459,
    459,
    459,
    459,
    459,
    459
  ],
  "v26_blocks": [
    0,
    15,
    29,
    39,
    53,
    67,
    78,
    94,
    113,
    128,
    141,
    142,
    143,
    143,
    144,
    151,
    162,
    172,
    179,
    182,
    199,
    279,
    381,
    454,
    496,
    533,
    570,
    596,
    625,
    651,
    672
  ],
  "v27_difficulty": [
    1.0,
    1.0,
    1.0,
    1.0,
    1.0,
    1.0,
    1.0,
    1.0,
    1.0,
    1.0,
    1.0,
    1.0,
    0.42043795620437957,
    0.42043795620437957,
    0.7761931499157777,
    0.7761931499157777,
    0.7761931499157777,
    0.7761931499157777,
    0.7761931499157777,
    0.7761931499157777,
    0.7187897979927459,
    0.7187897979927459,
    0.7187897979927459,
    0.7187897979927459,
    0.7187897979927459,
    0.7187897979927459,
    0.7187897979927459,
    0.7187897979927459,
    0.7187897979927459,
    0.7187897979927459,
    0.7187897979927459
  ],
  "v26_difficulty": [
    1.0,
    1.0,
    1.0,
    1.0,
    1.0,
    1.0,
    1.0,
    1.0,
    1.0,
    1.0,
    1.0,
    1.0,
    1.0,
    1.0,
    0.3412322274881517,
    0.3412322274881517,
    0.3412322274881517,
    0.3412322274881517,
    0.3412322274881517,
    0.3412322274881517,
    0.3412322274881517,
    0.3412322274881517,
    0.2274881516587678,
    0.7989827765576235,
    0.7989827765576235,
    0.7989827765576235,
    0.7989827765576235,
    1.0226979539937582,
    1.0226979539937582,
    1.0226979539937582,
    1.0226979539937582
  ],
  "v27_chainwork": [
    0.0,
    9.0,
    21.0,
    31.0,
    42.0,
    54.0,
    65.0,
    79.0,
    89.0,
    106.0,
    118.0,
    137.0,
    159.13576642335772,
    182.2598540145987,
    206.09545199326243,
    225.50028074115667,
    247.23368893879822,
    267.41471083660866,
    292.2528916339142,
    313.98629983155655,
    335.00341402911596,
    335.00341402911596,
    335.00341402911596,
    335.72220382710873,
    335.72220382710873,
    335.72220382710873,
    335.72220382710873,
    335.72220382710873,
    335.72220382710873,
    335.72220382710873,
    335.72220382710873
  ],
  "v26_chainwork": [
    0.0,
    15.0,
    29.0,
    39.0,
    53.0,
    67.0,
    78.0,
    94.0,
    113.0,
    128.0,
    141.0,
    142.0,
    143.0,
    143.0,
    144.0,
    146.38862559241704,
    150.14218009478668,
    153.55450236966817,
    155.9431279620852,
    156.96682464454966,
    162.7677725118482,
    190.0663507109001,
    214.29383886255957,
    243.47335568142512,
    277.03063229684585,
    306.5929950294784,
    336.15535776211095,
    361.4032135013322,
    391.0614541671515,
    417.65160097098953,
    439.1282580048587
  ],
  "v27_fee_rate": [
    1.0,
    1.0,
    0.011842429905214525,
    0.011842429905214525,
    0.011842429905214525,
    0.011842429905214525,
    0.011842429905214525,
    0.011842429905214525,
    0.011842429905214525,
    0.011842429905214525,
    0.011842429905214525,
    0.005762408421311283,
    0.005762408421311283,
    0.0024227352194710213,
    0.0024227352194710213,
    0.004472741943638807,
    0.004472741943638807,
    0.004472741943638807,
    0.004472741943638807,
    0.004472741943638807,
    0.004472741943638807,
    3.2431549815380247,
    3.2431549815380247,
    3.2431549815380247,
    3.2431549815380247,
    3.2431549815380247,
    3.2431549815380247,
    3.2431549815380247,
    3.2431549815380247,
    3.2431549815380247,
    3.2431549815380247
  ],