{
  "blocks_mined": {
    "v27": 3383,
    "v26": 237
  },
  "total_blocks": 3620,
  "final_hashrate": {
    "v27": 86.4,
    "v26": 0.0
  },
  "final_economic": {
    "v27": 100.0,
    "v26": 0.0
  },
  "final_prices": {
    "v27": 70762.43001362433,
    "v26": 48584.769986375686
  }
}