{
  "blocks_mined": {
    "v27": 139,
    "v26": 36
  },
  "total_blocks": 175,
  "final_hashrate": {
    "v27": 98.36999999999999,
    "v26": 0.0
  },
  "final_economic": {
    "v27": 55.00340053519982,
    "v26": 44.99659946480019
  },
  "final_prices": {
    "v27": 64970.07225584075,
    "v26": 54951.68774415926
  }
}