{
  "blocks_mined": {
    "v27": 2459,
    "v26": 35
  },
  "total_blocks": 2494,
  "final_hashrate": {
    "v27": 86.4,
    "v26": 0.0
  },
  "final_economic": {
    "v27": 100.0,
    "v26": 0.0
  },
  "final_prices": {
    "v27": 71232.05595880366,
    "v26": 48115.14404119635
  }
}