{
  "timestamps": [
    0,
    60,
    121,
    181,
    241,
    302,
    362,
    423,
    484,
    545,
    605,
    666,
    727,
    787,
    848,
    908,
    969,
    1029,
    1090,
    1150,
    1211,
    1271,
    1331,
    1391,
    1451,
    1512,
    1573,
    1633,
    1694,
    1754,
    1800
  ],
  "v27_price": [
    60000,
    60000,
    59986.715224772524,
    60310.71522477252,
    60475.28665334395,
    60469.873119509364,
    60499.93836526839,
    60559.442497499804,
    60574.57649644882,
    60458.992452495295,
    60548.25368631098,
    61134.42487728218,
    61265.68829996388,
    61321.480541983816,
    61365.760631830846,
    61425.27065008883,
    61465.010240231895,
    61527.426323318556,
    61535.612331732824,
    61570.957788281194,
    61577.12085215614,
    59154.42557625419,
    58984.55625450563,
    58826.01697344425,
    58664.70192456061,
    58511.17064130992,
    58394.67099922634,
    58276.020217297075,
    58169.87563458359,
    58063.00019870643,
    57971.900193487745
  ],
  "v26_price": [
    60000,
    60000,
    59360.48477522749,
    59036.48477522749,
    58871.91334665606,
    58877.32688049065,
    58847.26163473162,
    58787.757502500215,
    58772.623503551185,
    58888.20754750471,
    58798.946313689026,
    58212.77512271784,
    58081.51170003613,
    58025.71945801619,
    57981.43936816917,
    57921.92934991117,
    57882.189759768116,
    57819.77367668145,
    57811.58766826718,
    57776.2422117188,
    57770.07914784385,
    60192.77442374582,
    60362.64374549438,
    60521.18302655575,
    60682.49807543939,
    60836.029358690095,
    60952.52900077367,
    61071.17978270294,
    61177.32436541642,
    61284.19980129358,
    61375.29980651226
  ],
  "v27_hashrate": [
    38.1,
    38.1,
    38.1,
    38.1,
    38.1,
    38.1,
    38.1,
    38.1,
    38.1,
    38.1,
    50.5,
    50.5,
    50.5,
    50.5,
    50.5,
    50.5,
    50.5,
    50.5,
    50.5,
    50.5,
    0.0,
    0.0,
    0.0,
    0.0,
    0.0,
    0.0,
    0.0,
    0.0,
    0.0,
    0.0,
    0.0
  ],
  "v26_hashrate": [
    48.3,
    48.3,
    48.3,
    48.3,
    48.3,
    48.3,
    48.3,
    48.3,
    48.3,
    48.3,
    35.9,
    35.9,
    35.9,
    35.9,
    35.9,
    35.9,
    35.9,
    35.9,
    35.9,
    35.9,
    86.4,
    86.4,
    86.4,
    86.4,
    86.4,
    86.4,
    86.4,
    86.4,
    86.4,
    86.4,
    86.4
  ],
  "v27_economic": [
    62.14929353977099,
    62.14929353977099,
    62.14929353977099,
    62.14929353977099,
    62.14929353977099,
    62.14929353977099,
    62.14929353977099,
    62.14929353977099,
    62.14929353977099,
    62.14929353977099,
    62.14929353977099,
    62.14929353977099,
    62.14929353977099,
    62.14929353977099,
    62.14929353977099,
    62.14929353977099,
    62.14929353977099,
    62.14929353977099,
    62.14929353977099,
    62.14929353977099,
    62.14929353977099,
    62.14929353977099,
    62.14929353977099,
    62.14929353977099,
    62.14929353977099,
    62.14929353977099,
    62.14929353977099,
    62.14929353977099,
    62.14929353977099,
    62.14929353977099,
    62.14929353977099
  ],
  "v26_economic": [
    37.850706460229006,
    37.850706460229006,
    37.850706460229006,
    37.850706460229006,
    37.850706460229006,
    37.850706460229006,
    37.850706460229006,
    37.850706460229006,
    37.850706460229006,
    37.850706460229006,
    37.850706460229006,
    37.850706460229006,
    37.850706460229006,
    37.850706460229006,
    37.850706460229006,
    37.850706460229006,
    37.850706460229006,
    37.850706460229006,
    37.850706460229006,
    37.850706460229006,
    37.850706460229006,
    37.850706460229006,
    37.850706460229006,
    37.850706460229006,
    37.850706460229006,
    37.850706460229006,
    37.850706460229006,
    37.850706460229006,
    37.850706460229006,
    37.850706460229006,
    37.850706460229006
  ],
  "v27_blocks": [
    0,
    9,
    21,
    31,
    42,
    54,
    65,
    79,
    89,
    106,
    117,
    136,
    157,
    192,
    230,
    266,
    304,
    334,
    361,
    389,
    418,
    418,
    418,
    418,
    418,
    418,
    418,
    418,
    418,
    418,
    418
  ],
  "v26_blocks": [
    0,
    15,
    29,
    39,
    53,
    67,
    78,
    94,
    113,
    128,
    142,
    164,
    185,
    209,
    231,
    254,
    275,
    309,
    333,
    368,
    406,
    469,
    529,
    586,
    621,
    650,
    682,
    713,
    745,
    774,
    795
  ],
  "v27_difficulty": [
    1.0,
    1.0,
    1.0,
    1.0,
    1.0,
    1.0,
    1.0,
    1.0,
    1.0,
    1.0,
    1.0,
    1.0,
    0.40793201133144474,
    0.40793201133144474,
    0.40793201133144474,
    0.40793201133144474,
    0.4978153358621021,
    0.4978153358621021,
    0.4978153358621021,
    0.4978153358621021,
    0.4978153358621021,
    0.4978153358621021,
    0.4978153358621021,
    0.4978153358621021,
    0.4978153358621021,
    0.4978153358621021,
    0.4978153358621021,
    0.4978153358621021,
    0.4978153358621021,
    0.4978153358621021,
    0.4978153358621021
  ],
  "v26_difficulty": [
    1.0,
    1.0,
    1.0,
    1.0,
    1.0,
    1.0,
    1.0,
    1.0,
    1.0,
    1.0,
    1.0,
    0.46905537459283386,
    0.46905537459283386,
    0.46905537459283386,
    0.46905537459283386,
    0.46905537459283386,
    0.46905537459283386,
    0.35549459969141095,
    0.35549459969141095,
    0.35549459969141095,
    0.35549459969141095,
    0.42837842975366675,
    0.42837842975366675,
    0.8627481662171751,
    0.8627481662171751,
    0.8627481662171751,
    0.8627481662171751,
    0.8627481662171751,
    0.9236857690354885,
    0.9236857690354885,
    0.9236857690354885
  ],
  "v27_chainwork": [
    0.0,
    9.0,
    21.0,
    31.0,
    42.0,
    54.0,
    65.0,
    79.0,
    89.0,
    106.0,
    117.0,
    136.0,
    149.3031161473087,
    163.5807365439091,
    179.0821529745038,
    193.76770538243562,
    210.7072550055209,
    225.6417150813839,
    239.0827291496606,
    253.0215585537994,
    267.458203293801,
    267.458203293801,
    267.458203293801,
    267.458203293801,
    267.458203293801,
    267.458203293801,
    267.458203293801,
    267.458203293801,
    267.458203293801,
    267.458203293801,
    267.458203293801
  ],
  "v26_chainwork": [
    0.0,
    15.0,
    29.0,
    39.0,
    53.0,
    67.0,
    78.0,
    94.0,
    113.0,
    128.0,
    142.0,
    153.38110749185682,
    163.2312703583065,
    174.48859934853468,
    184.80781758957718,
    195.59609120521253,
    205.4462540716622,
    219.00936053488877,
    227.54123092748264,
    239.98354191668204,
    253.49233670495568,
    278.5851981978169,
    304.2879039830359,
    333.04917184362904,
    363.2453576612296,
    388.2650544815272,
    415.8729958004763,
    442.61818895320823,
    471.74957034261587,
    498.5364576446454,
    517.9338587943909
  ],
  "v27_fee_rate": [
    1.0,
    1.0,
    0.011842429905214525,
    0.011842429905214525,
    0.011842429905214525,
    0.011842429905214525,
    0.011842429905214525,
    0.011842429905214525,
    0.011842429905214525,
    0.011842429905214525,
    0.011842429905214525,
    0.00893458573046878,
    0.00893458573046878,
    0.0036447035274433546,
    0.0036447035274433546,
    0.0036447035274433546,
    0.0036447035274433546,
    0.00444777379620206,
    0.00444777379620206,
    0.00444777379620206,
    0.00444777379620206,
    2.24612576708204,
    2.24612576708204,
    2.24612576708204,
    2.24612576708204,
    2.24612576708204,
    2.24612576708204,
    2.24612576708204,
    2.24612576708204,
    2.24612576708204,
    2.24612576708204
  ],