{
  "timestamps": [
    0,
    60,
    120,
    180,
    241,
    301,
    362,
    422,
    483,
    544,
    604,
    665,
    725,
    786,
    847,
    908,
    968,
    1029,
    1089,
    1149,
    1209,
    1270,
    1330,
    1391,
    1451,
    1511,
    1571,
    1631,
    1691,
    1752,
    1800
  ],
  "v27_price": [
    60000,
    60000,
    62223.771697206525,
    62547.77169720652,
    62654.20647981522,
    62706.929591943364,
    62736.99483770238,
    62768.84211974173,
    62811.63296888282,
    62711.83139869906,
    62768.40689033957,
    65107.28797627628,
    65429.36030930616,
    65718.87720984238,
    65979.78984465454,
    66188.06578315598,
    66347.46921054741,
    66506.10674950224,
    66651.8509519101,
    66794.39097939293,
    66917.88204138364,
    67044.60483897284,
    67145.25136596858,
    67243.87610499497,
    67290.82218177701,
    67377.8657800896,
    67463.09715937174,
    67528.39618963399,
    67583.08898181371,
    67643.01410724894,
    67694.74941149415
  ],
  "v26_price": [
    60000,
    60000,
    57123.42830279348,
    56799.42830279349,
    56692.993520184784,
    56640.27040805664,
    56610.205162297614,
    56578.35788025827,
    56535.567031117185,
    56635.36860130094,
    56578.79310966044,
    54239.91202372371,
    53917.83969069385,
    53628.32279015763,
    53367.41015534546,
    53159.13421684402,
    52999.7307894526,
    52841.09325049775,
    52695.3490480899,
    52552.80902060707,
    52429.31795861636,
    52302.59516102717,
    52201.948634031425,
    52103.323895005036,
    52056.37781822299,
    51969.33421991041,
    51884.10284062826,
    51818.803810366015,
    51764.111018186304,
    51704.18589275108,
    51652.45058850587
  ],
  "v27_hashrate": [
    38.1,
    38.1,
    38.1,
    38.1,
    38.1,
    38.1,
    38.1,
    38.1,
    38.1,
    38.1,
    86.4,
    86.4,
    86.4,
    86.4,
    86.4,
    86.4,
    86.4,
    86.4,
    86.4,
    86.4,
    86.4,
    86.4,
    86.4,
    86.4,
    86.4,
    86.4,
    86.4,
    86.4,
    86.4,
    86.4,
    86.4
  ],
  "v26_hashrate": [
    48.3,
    48.3,
    48.3,
    48.3,
    48.3,
    48.3,
    48.3,
    48.3,
    48.3,
    48.3,
    0.0,
    0.0,
    0.0,
    0.0,
    0.0,
    0.0,
    0.0,
    0.0,
    0.0,
    0.0,
    0.0,
    0.0,
    0.0,
    0.0,
    0.0,
    0.0,
    0.0,
    0.0,
    0.0,
    0.0,
    0.0
  ],
  "v27_economic": [
    80.7914308100543,
    80.7914308100543,
    80.7914308100543,
    80.7914308100543,
    80.7914308100543,
    80.7914308100543,
    80.7914308100543,
    80.7914308100543,
    80.7914308100543,
    80.7914308100543,
    80.7914308100543,
    80.7914308100543,
    80.7914308100543,
    80.7914308100543,
    80.7914308100543,
    80.7914308100543,
    80.7914308100543,
    80.7914308100543,
    80.7914308100543,
    80.7914308100543,
    80.82766430950271,
    80.82766430950271,
    80.82766430950271,
    80.82766430950271,
    80.82766430950271,
    80.82766430950271,
    80.82766430950271,
    80.82766430950271,
    80.82766430950271,
    80.82766430950271,
    80.82766430950271
  ],
  "v26_economic": [
    19.208569189945692,
    19.208569189945692,
    19.208569189945692,
    19.208569189945692,
    19.208569189945692,
    19.208569189945692,
    19.208569189945692,
    19.208569189945692,
    19.208569189945692,
    19.208569189945692,
    19.208569189945692,
    19.208569189945692,
    19.208569189945692,
    19.208569189945692,
    19.208569189945692,
    19.208569189945692,
    19.208569189945692,
    19.208569189945692,
    19.208569189945692,
    19.208569189945692,
    19.172335690497288,
    19.172335690497288,
    19.172335690497288,
    19.172335690497288,
    19.172335690497288,
    19.172335690497288,
    19.172335690497288,
    19.172335690497288,
    19.172335690497288,
    19.172335690497288,
    19.172335690497288
  ],
  "v27_blocks": [
    0,
    9,
    21,
    30,
    42,
    54,
    64,
    79,
    89,
    105,
    117,
    140,
    192,
    253,
    299,
    324,
    352,
    381,
    413,
    445,
    482,
    516,
    553,
    576,
    611,
    649,
    681,
    710,
    742,
    771,
    792
  ],
  "v26_blocks": [
    0,
    15,
    29,
    39,
    53,
    67,
    78,
    94,
    112,
    128,
    141,
    141,
    141,
    141,
    141,
    141,
    141,
    141,
    141,
    141,
    141,
    141,
    141,
    142,
    142,
    142,
    142,
    142,
    142,
    142,
    142
  ],
  "v27_difficulty": [
    1.0,
    1.0,
    1.0,
    1.0,
    1.0,
    1.0,
    1.0,
    1.0,
    1.0,
    1.0,
    1.0,
    1.0,
    0.4266666666666667,
    0.4266666666666667,
    0.8416438356164384,
    0.8416438356164384,
    0.8416438356164384,
    0.8416438356164384,
    0.8416438356164384,
    0.789555129177636,
    0.789555129177636,
    0.789555129177636,
    0.789555129177636,
    0.8679079282563328,
    0.8679079282563328,
    0.8679079282563328,
    0.8679079282563328,
    0.8679079282563328,
    0.9613749359147071,
    0.9613749359147071,
    0.9613749359147071
  ],
  "v26_difficulty": [
    1.0,
    1.0,
    1.0,
    1.0,
    1.0,
    1.0,
    1.0,
    1.0,
    1.0,
    1.0,
    1.0,
    1.0,
    1.0,
    1.0,
    1.0,
    1.0,
    1.0,
    1.0,
    1.0,
    1.0,
    1.0,
    1.0,
    1.0,
    1.0,
    1.0,
    1.0,
    1.0,
    1.0,
    1.0,
    1.0,
    1.0
  ],
  "v27_chainwork": [
    0.0,
    9.0,
    21.0,
    30.0,
    42.0,
    54.0,
    64.0,
    79.0,
    89.0,
    105.0,
    117.0,
    140.0,
    164.48000000000047,
    190.50666666666774,
    214.6980821917824,
    235.7391780821937,
    259.30520547945423,
    283.7128767123305,
    310.64547945205607,
    336.90092900807747,
    366.11446878765025,
    392.9593431796901,
    422.1728829592629,
    440.3326509303487,
    470.7094284193202,
    503.6899296930607,
    531.4629833972646,
    556.6323133166998,
    586.4616411893871,
    614.3415143309136,
    634.5303879851224
  ],
  "v26_chainwork": [
    0.0,
    15.0,
    29.0,
    39.0,
    53.0,
    67.0,
    78.0,
    94.0,
    112.0,
    128.0,
    141.0,
    141.0,
    141.0,
    141.0,
    141.0,
    141.0,
    141.0,
    141.0,
    141.0,
    141.0,
    141.0,
    141.0,
    141.0,
    142.0,
    142.0,
    142.0,
    142.0,
    142.0,
    142.0,
    142.0,
    142.0
  ],
  "v27_fee_rate": [
    1.0,
    1.0,
    0.014814901970367654,
    0.014814901970367654,
    0.014814901970367654,
    0.014814901970367654,
    0.014814901970367654,
    0.014814901970367654,
    0.014814901970367654,
    0.014814901970367654,
    0.014814901970367654,
    0.006532960243877402,
    0.006532960243877402,
    0.002787396370721025,
    0.002787396370721025,
    0.00549842571758668,
    0.00549842571758668,
    0.00549842571758668,
    0.00549842571758668,
    0.00549842571758668,
    0.005158132269266982,
    0.005158920494371475,
    0.005158920494371475,
    0.005158920494371475,
    0.005670874436561012,
    0.005670874436561012,
    0.005670874436561012,
    0.005670874436561012,
    0.005670874436561012,
    0.006281583991267582,
    0.006281583991267582
  ],
  "v26_fee_rate": [
    1.0,
    1.0,
    0.0021163333663697555,
    0.0021163333663697555,
    0.0021163333663697555,
    0.0021163333663697555,
    0.0021163333663697555,
    0.0021163333663697555,
    0.0021163333663697555,
    0.0021163333663697555,
    0.0021163333663697555,
    1.0221890159565918,
    1.0221890159565918,
    1.0221890159565918,
    1.0221890159565918,
    1.0221890159565918,
    1.0221890159565918,
    1.0221890159565918,
    1.0221890159565918,
    1.0221890159565918,
    1.0221890159565918,
    1.0213264713854584,
    1.0213264713854584,
    1.0213264713854584,
    1.0213264713854584,
    1.0213264713854584,
    1.0213264713854584,
    1.0213264713854584,
    1.0213264713854584,
    1.0213264713854584,
    1.0213264713854584
  ],