{
  "blocks_mined": {
    "v27": 1316,
    "v26": 1034
  },
  "total_blocks": 2350,
  "final_hashrate": {
    "v27": 50.5,
    "v26": 35.9
  },
  "final_economic": {
    "v27": 56.737060138721,
    "v26": 43.262939861279
  },
  "final_prices": {
    "v27": 61301.60447120778,
    "v26": 58045.595528792226
  }
}