{
  "blocks_mined": {
    "v27": 1203,
    "v26": 127
  },
  "total_blocks": 1330,
  "final_hashrate": {
    "v27": 98.36999999999999,
    "v26": 0.0
  },
  "final_economic": {
    "v27": 50.0,
    "v26": 50.0
  },
  "final_prices": {
    "v27": 65156.72783044252,
    "v26": 54765.03216955749
  }
}