{
  "blocks_mined": {
    "v27": 73,
    "v26": 627
  },
  "total_blocks": 700,
  "final_hashrate": {
    "v27": 0.0,
    "v26": 86.4
  },
  "final_economic": {
    "v27": 0.0,
    "v26": 100.0
  },
  "final_prices": {
    "v27": 48795.092024539874,
    "v26": 70552.10797546012
  }
}