{
  "blocks_mined": {
    "v27": 463,
    "v26": 425
  },
  "total_blocks": 888,
  "final_hashrate": {
    "v27": 56.48,
    "v26": 41.89
  },
  "final_economic": {
    "v27": 62.14929353977099,
    "v26": 37.850706460229006
  },
  "final_prices": {
    "v27": 61918.6088044492,
    "v26": 58003.1511955508
  }
}