{
  "timestamps": [
    0,
    60,
    120,
    181,
    242,
    303,
    363,
    424,
    485,
    546,
    606,
    667,
    727,
    788,
    849,
    910,
    970,
    1031,
    1092,
    1153,
    1214,
    1274,
    1335,
    1396,
    1456,
    1517,
    1577,
    1638,
    1699,
    1759,
    1800
  ],
  "v27_price": [
    60000,
    60000,
    62103.40445554175,
    61529.77808191538,
    61097.02546867496,
    61304.49363185217,
    61272.63522477252,
    61338.08977022707,
    61163.54431568162,
    61257.1845809957,
    61313.084662974776,
    61720.63307712152,
    61636.4398873492,
    61677.68761913872,
    61731.84182271066,
    61690.123107984204,
    61760.972963131724,
    61768.95522477252,
    61790.25699992046,
    61808.8076232965,
    61806.58588679343,
    61780.87575457385,
    61814.38109228041,
    61818.42087362748,
    61800.71993065488,
    61850.31115697591,
    61855.586240815304,
    61865.26095725661,
    61884.51078032808,
    61897.221258026686,
    61918.6088044492
  ],
  "v26_price": [
    60000,
    60000,
    57818.355544458245,
    58391.981918084624,
    58824.73453132504,
    58617.26636814783,
    58649.12477522748,
    58583.670229772935,
    58758.2156843184,
    58664.575419004315,
    58608.675337025226,
    58201.12692287849,
    58285.3201126508,
    58244.07238086129,
    58189.91817728934,
    58231.6368920158,
    58160.78703686828,
    58152.80477522748,
    58131.50300007955,
    58112.9523767035,
    58115.17411320658,
    58140.88424542616,
    58107.3789077196,
    58103.33912637253,
    58121.04006934513,
    58071.448843024096,
    58066.1737591847,
    58056.4990427434,
    58037.24921967193,
    58024.53874197332,
    58003.1511955508
  ],
  "v27_hashrate": [
    46.14,
    46.14,
    46.14,
    46.14,
    46.14,
    46.14,
    46.14,
    46.14,
    46.14,
    46.14,
    56.48,
    56.48,
    56.48,
    56.48,
    56.48,
    56.48,
    56.48,
    56.48,
    56.48,
    56.48,
    56.48,
    56.48,
    56.48,
    56.48,
    56.48,
    56.48,
    56.48,
    56.48,
    56.48,
    56.48,
    56.48
  ],
  "v26_hashrate": [
    52.23,
    52.23,
    52.23,
    52.23,
    52.23,
    52.23,
    52.23,
    52.23,
    52.23,
    52.23,
    41.89,
    41.89,
    41.89,
    41.89,
    41.89,
    41.89,
    41.89,
    41.89,
    41.89,
    41.89,
    41.89,
    41.89,
    41.89,
    41.89,
    41.89,
    41.89,
    41.89,
    41.89,
    41.89,
    41.89,
    41.89
  ],
  "v27_economic": [
    62.14929353977099,
    62.14929353977099,
    62.14929353977099,
    62.14929353977099,
    62.14929353977099,
    62.14929353977099,
    62.14929353977099,
    62.14929353977099,
    62.14929353977099,
    62.14929353977099,
    62.14929353977099,
    62.14929353977099,
    62.14929353977099,
    62.14929353977099,
    62.14929353977099,
    62.14929353977099,
    62.14929353977099,
    62.14929353977099,
    62.14929353977099,
    62.14929353977099,
    62.14929353977099,
    62.14929353977099,
    62.14929353977099,
    62.14929353977099,
    62.14929353977099,
    62.14929353977099,
    62.14929353977099,
    62.14929353977099,
    62.14929353977099,
    62.14929353977099,
    62.14929353977099
  ],
  "v26_economic": [
    37.850706460229006,
    37.850706460229006,
    37.850706460229006,
    37.850706460229006,
    37.850706460229006,
    37.850706460229006,
    37.850706460229006,
    37.850706460229006,
    37.850706460229006,
    37.850706460229006,
    37.850706460229006,
    37.850706460229006,
    37.850706460229006,
    37.850706460229006,
    37.850706460229006,
    37.850706460229006,
    37.850706460229006,
    37.850706460229006,
    37.850706460229006,
    37.850706460229006,
    37.850706460229006,
    37.850706460229006,
    37.850706460229006,
    37.850706460229006,
    37.850706460229006,
    37.850706460229006,
    37.850706460229006,
    37.850706460229006,
    37.850706460229006,
    37.850706460229006,
    37.850706460229006
  ],
  "v27_blocks": [
    0,
    16,
    30,
    39,
    57,
    69,
    84,
    96,
    116,
    135,
    147,
    157,
    173,
    192,
    201,
    225,
    236,
    255,
    274,
    290,
    303,
    321,
    332,
    343,
    362,
    383,
    403,
    418,
    436,
    451,
    463
  ],
  "v26_blocks": [
    0,
    10,
    26,
    43,
    56,
    69,
    81,
    102,
    117,
    132,
    151,
    169,
    182,
    196,
    210,
    226,
    236,
    252,
    268,
    284,
    301,
    313,
    323,
    337,
    346,
    365,
    382,
    392,
    406,
    415,
    425
  ],
  "v27_difficulty": [
    1.0,
    1.0,
    1.0,
    1.0,
    1.0,
    1.0,
    1.0,
    1.0,
    1.0,
    1.0,
    1.0,
    1.0,
    1.0,
    1.0,
    1.0,
    1.0,
    1.0,
    1.0,
    1.0,
    1.0,
    1.0,
    1.0,
    1.0,
    1.0,
    1.0,
    1.0,
    1.0,
    1.0,
    1.0,
    1.0,
    1.0
  ],
  "v26_difficulty": [
    1.0,
    1.0,
    1.0,
    1.0,
    1.0,
    1.0,
    1.0,
    1.0,
    1.0,
    1.0,
    1.0,
    1.0,
    1.0,
    1.0,
    1.0,
    1.0,
    1.0,
    1.0,
    1.0,
    1.0,
    1.0,
    1.0,
    1.0,
    1.0,
    1.0,
    1.0,
    1.0,
    1.0,
    1.0,
    1.0,
    1.0
  ],
  "v27_chainwork": [
    0.0,
    16.0,
    30.0,
    39.0,
    57.0,
    69.0,
    84.0,
    96.0,
    116.0,
    135.0,
    147.0,
    157.0,
    173.0,
    192.0,
    201.0,
    225.0,
    236.0,
    255.0,
    274.0,
    290.0,
    303.0,
    321.0,
    332.0,
    343.0,
    362.0,
    383.0,
    403.0,
    418.0,
    436.0,
    451.0,
    463.0
  ],
  "v26_chainwork": [
    0.0,
    10.0,
    26.0,
    43.0,
    56.0,
    69.0,
    81.0,
    102.0,
    117.0,
    132.0,
    151.0,
    169.0,
    182.0,
    196.0,
    210.0,
    226.0,
    236.0,
    252.0,
    268.0,
    284.0,
    301.0,
    313.0,
    323.0,
    337.0,
    346.0,
    365.0,
    382.0,
    392.0,
    406.0,
    415.0,
    425.0
  ],
  "v27_fee_rate": [
    1.0,
    1.0,
    0.009778859544617973,
    0.009778859544617973,
    0.009778859544617973,
    0.009778859544617973,
    0.009778859544617973,
    0.009778859544617973,
    0.009778859544617973,
    0.009778859544617973,
    0.009778859544617973,
    0.00798860799200909,
    0.00798860799200909,
    0.00798860799200909,
    0.00798860799200909,
    0.00798860799200909,
    0.00798860799200909,
    0.00798860799200909,
    0.00798860799200909,
    0.00798860799200909,
    0.00798860799200909,
    0.00798860799200909,
    0.00798860799200909,
    0.00798860799200909,
    0.00798860799200909,
    0.00798860799200909,
    0.00798860799200909,
    0.00798860799200909,
    0.00798860799200909,
    0.00798860799200909,
    0.00798860799200909
  ],
  "v26_fee_rate": [
    1.0,
    1.0,
    0.004125408525330142,
    0.004125408525330142,
    0.004125408525330142,
    0.004125408525330142,
    0.004125408525330142,
    0.004125408525330142,
    0.004125408525330142,
    0.004125408525330142,
    0.004125408525330142,
    0.005143711799426911,
    0.005143711799426911,
    0.005143711799426911,
    0.005143711799426911,
    0.005143711799426911,
    0.005143711799426911,
    0.005143711799426911,
    0.005143711799426911,
    0.005143711799426911,
    0.005143711799426911,
    0.005143711799426911,
    0.005143711799426911,
    0.005143711799426911,
    0.005143711799426911,
    0.005143711799426911,
    0.005143711799426911,
    0.005143711799426911,
    0.005143711799426911,
    0.005143711799426911,
    0.005143711799426911
  ],