{
  "blocks_mined": {
    "v27": 297,
    "v26": 126
  },
  "total_blocks": 423,
  "final_hashrate": {
    "v27": 98.36999999999999,
    "v26": 0.0
  },
  "final_economic": {
    "v27": 55.003229654033994,
    "v26": 44.99677034596602
  },
  "final_prices": {
    "v27": 63945.918027002626,
    "v26": 55975.84197299738
  }
}