{
  "blocks_mined": {
    "v27": 73,
    "v26": 118
  },
  "total_blocks": 191,
  "final_hashrate": {
    "v27": 30.0,
    "v26": 56.39999999999999
  },
  "final_economic": {
    "v27": 50.12210820410434,
    "v26": 49.87789179589566
  },
  "final_prices": {
    "v27": 58161.41990178576,
    "v26": 61185.78009821425
  }
}