{
  "timestamps": [
    0,
    60,
    121,
    181,
    242,
    302,
    363,
    423,
    483,
    543,
    603,
    664,
    724,
    785,
    846,
    906,
    967,
    1027,
    1088,
    1149,
    1210,
    1270,
    1331,
    1391,
    1452,
    1513,
    1574,
    1635,
    1695,
    1756,
    1817,
    1877,
    1938,
    1998,
    2059,
    2119,
    2180,
    2241,
    2302,
    2362,
    2423,
    2483,
    2500
  ],
  "v27_price": [
    60000,
    60000,
    57168.980869565225,
    56833.577142857146,
    57199.15373493976,
    57042.071351351355,
    57077.954042553196,
    57015.27089820359,
    57119.90048671413,
    57170.162780887906,
    57213.50565312531,
    55990.623276337574,
    55827.34177215191,
    55674.42977035623,
    55547.949023549154,
    55441.83061761839,
    55340.277234128596,
    55263.586017390284,
    55194.071158276354,
    55123.43719412479,
    55060.69306421724,
    54996.41409303465,
    54943.97461791379,
    54896.778769995886,
    54876.96298285949,
    54837.7013268299,
    54797.93623941278,
    54762.21413485455,
    54735.11212203717,
    54709.00182179878,
    54683.79566818566,
    54658.88978037569,
    54636.455941906184,
    54616.175745378714,
    54601.63255055811,
    54587.14464903553,
    54570.847384157845,
    54555.806436987885,
    54541.5377533353,
    54527.1038028762,
    54512.50723780752,
    54500.78506733614,
    54489.19645858132
  ],
  "v26_price": [
    60000,
    60000,
    62752.779130434785,
    63088.18285714286,
    62722.60626506024,
    62879.68864864865,
    62843.805957446806,
    62906.48910179641,
    62801.85951328588,
    62751.597219112096,
    62708.2543468747,
    63931.13672366243,
    64094.41822784809,
    64247.33022964377,
    64373.81097645085,
    64479.92938238162,
    64581.482765871406,
    64658.17398260971,
    64727.68884172364,
    64798.32280587522,
    64861.06693578276,
    64925.34590696536,
    64977.78538208621,
    65024.98123000411,
    65044.79701714052,
    65084.05867317011,
    65123.82376058723,
    65159.545865145454,
    65186.64787796282,
    65212.75817820122,
    65237.964331814335,
    65262.8702196243,
    65285.30405809381,
    65305.584254621295,
    65320.12744944189,
    65334.61535096448,
    65350.912615842164,
    65365.95356301211,
    65380.22224666469,
    65394.656197123804,
    65409.25276219248,
    65420.97493266387,
    65432.563541418676
  ],
  "v27_hashrate": [
    26.89,
    26.89,
    26.89,
    26.89,
    26.89,
    26.89,
    26.89,
    26.89,
    26.89,
    26.89,
    0.0,
    0.0,
    0.0,
    0.0,
    0.0,
    0.0,
    0.0,
    0.0,
    0.0,
    0.0,
    0.0,
    0.0,
    0.0,
    0.0,
    0.0,
    0.0,
    0.0,
    0.0,
    0.0,
    0.0,
    0.0,
    0.0,
    0.0,
    0.0,
    0.0,
    0.0,
    0.0,
    0.0,
    0.0,
    0.0,
    0.0,
    0.0,
    0.0
  ],
  "v26_hashrate": [
    71.48,
    71.48,
    71.48,
    71.48,
    71.48,
    71.48,
    71.48,
    71.48,
    71.48,
    71.48,
    98.36999999999999,
    98.36999999999999,
    98.36999999999999,
    98.36999999999999,
    98.36999999999999,
    98.36999999999999,
    98.36999999999999,
    98.36999999999999,
    98.36999999999999,
    98.36999999999999,
    98.36999999999999,
    98.36999999999999,
    98.36999999999999,
    98.36999999999999,
    98.36999999999999,
    98.36999999999999,
    98.36999999999999,
    98.36999999999999,
    98.36999999999999,
    98.36999999999999,
    98.36999999999999,
    98.36999999999999,
    98.36999999999999,
    98.36999999999999,
    98.36999999999999,
    98.36999999999999,
    98.36999999999999,
    98.36999999999999,
    98.36999999999999,
    98.36999999999999,
    98.36999999999999,
    98.36999999999999,
    98.36999999999999
  ],
  "v27_economic": [
    50.0,
    50.0,
    50.0,
    50.0,
    50.0,
    50.0,
    50.0,
    50.0,
    50.0,
    50.0,
    50.0,
    50.0,
    50.0,
    50.0,
    50.0,
    50.0,
    50.0,
    50.0,
    50.0,
    50.0,
    50.0,
    50.0,
    50.0,
    50.0,
    50.0,
    50.0,
    50.0,
    50.0,
    50.0,
    50.0,
    50.0,
    50.0,
    50.0,
    50.0,
    50.0,
    50.0,
    50.0,
    50.0,
    50.0,
    50.0,
    50.0,
    50.0,
    50.0
  ],
  "v26_economic": [
    50.0,
    50.0,
    50.0,
    50.0,
    50.0,
    50.0,
    50.0,
    50.0,
    50.0,
    50.0,
    50.0,
    50.0,
    50.0,
    50.0,
    50.0,
    50.0,
    50.0,
    50.0,
    50.0,
    50.0,
    50.0,
    50.0,
    50.0,
    50.0,
    50.0,
    50.0,
    50.0,
    50.0,
    50.0,
    50.0,
    50.0,
    50.0,
    50.0,
    50.0,
    50.0,
    50.0,
    50.0,
    50.0,
    50.0,
    50.0,
    50.0,
    50.0,
    50.0
  ],
  "v27_blocks": [
    0,
    6,
    12,
    22,
    27,
    35,
    40,
    51,
    60,
    70,
    80,
    80,
    80,
    80,
    80,
    80,
    80,
    80,
    80,
    80,
    80,
    80,
    80,
    81,
    81,
    81,
    81,
    81,
    81,
    81,
    81,
    81,
    81,
    81,
    81,
    81,
    81,
    81,
    81,
    81,
    81,
    81,
    81
  ],
  "v26_blocks": [
    0,
    17,
    44,
    61,
    84,
    106,
    127,
    152,
    180,
    211,
    235,
    271,
    311,
    350,
    388,
    430,
    458,
    486,
    518,
    550,
    587,
    621,
    655,
    678,
    711,
    746,
    780,
    808,
    837,
    867,
    898,
    928,
    957,
    979,
    1002,
    1032,
    1062,
    1092,
    1124,
    1158,
    1186,
    1215,
    1224
  ],
  "v27_difficulty": [
    1.0,
    1.0,
    1.0,
    1.0,
    1.0,
    1.0,
    1.0,
    1.0,
    1.0,
    1.0,
    1.0,
    1.0,
    1.0,
    1.0,
    1.0,
    1.0,
    1.0,
    1.0,
    1.0,
    1.0,
    1.0,
    1.0,
    1.0,
    1.0,
    1.0,
    1.0,
    1.0,
    1.0,
    1.0,
    1.0,
    1.0,
    1.0,
    1.0,
    1.0,
    1.0,
    1.0,
    1.0,
    1.0,
    1.0,
    1.0,
    1.0,
    1.0,
    1.0
  ],
  "v26_difficulty": [
    1.0,
    1.0,
    1.0,
    1.0,
    1.0,
    1.0,
    1.0,
    0.7182044887780549,
    0.7182044887780549,
    0.7182044887780549,
    0.7182044887780549,
    0.7182044887780549,
    0.7207069434427867,
    0.7207069434427867,
    0.7207069434427867,
    0.7207069434427867,
    0.9477789941165414,
    0.9477789941165414,
    0.9477789941165414,
    0.9477789941165414,
    0.9444994820261727,
    0.9444994820261727,
    0.9444994820261727,
    0.9444994820261727,
    0.9444994820261727,
    1.0074661141612509,
    1.0074661141612509,
    1.0074661141612509,
    1.0074661141612509,
    1.0399650210696783,
    1.0399650210696783,
    1.0399650210696783,
    1.0399650210696783,
    1.0399650210696783,
    1.0399650210696783,
    0.921569003286361,
    0.921569003286361,
    0.921569003286361,
    0.921569003286361,
    0.9512970356504372,
    0.9512970356504372,
    0.9512970356504372,
    0.9512970356504372
  ],
  "v27_chainwork": [
    0.0,
    6.0,
    12.0,
    22.0,
    27.0,
    35.0,
    40.0,
    51.0,
    60.0,
    70.0,
    80.0,
    80.0,
    80.0,
    80.0,
    80.0,
    80.0,
    80.0,
    80.0,
    80.0,
    80.0,
    80.0,
    80.0,
    80.0,
    81.0,
    81.0,
    81.0,
    81.0,
    81.0,
    81.0,
    81.0,
    81.0,
    81.0,
    81.0,
    81.0,
    81.0,
    81.0,
    81.0,
    81.0,
    81.0,
    81.0,
    81.0,
    81.0,
    81.0
  ],