{
  "timestamps": [
    0,
    60,
    121,
    181,
    241,
    302,
    362,
    422,
    483,
    543,
    603,
    663,
    723,
    783,
    844,
    905,
    965,
    1025,
    1086,
    1146,
    1206,
    1267,
    1327,
    1387,
    1448,
    1508,
    1568,
    1629,
    1689,
    1750,
    1800
  ],
  "v27_price": [
    60000,
    60000,
    60000,
    58980.253699794455,
    58980.253699794455,
    59169.72738400498,
    59307.52642706718,
    59280.253699794455,
    58864.124667536395,
    58980.253699794455,
    59398.85835095724,
    58356.253699794455,
    58268.018405676805,
    58268.018405676805,
    57990.79915433991,
    57807.97783772549,
    57632.724288029756,
    57498.507220921216,
    57317.792161332916,
    57219.044397468875,
    57146.363589904344,
    55790.533699794454,
    55612.13564154204,
    55477.46030529904,
    55319.37985364062,
    55197.79176431059,
    55119.022071887484,
    55004.94975818862,
    54927.77146203222,
    54823.42843663657,
    54780.91831517907
  ],
  "v26_price": [
    60000,
    60000,
    60000,
    60941.50630020555,
    60941.50630020555,
    60752.03261599502,
    60614.23357293282,
    60641.50630020554,
    61057.63533246361,
    60941.50630020555,
    60522.90164904276,
    61565.50630020554,
    61653.74159432319,
    61653.74159432319,
    61930.96084566009,
    62113.78216227451,
    62289.03571197025,
    62423.25277907878,
    62603.96783866709,
    62702.71560253112,
    62775.39641009565,
    64131.22630020554,
    64309.62435845797,
    64444.29969470095,
    64602.38014635939,
    64723.96823568942,
    64802.737928112525,
    64916.810241811385,
    64993.98853796778,
    65098.33156336344,
    65140.84168482092
  ],
  "v27_hashrate": [
    46.14,
    46.14,
    46.14,
    46.14,
    46.14,
    46.14,
    46.14,
    46.14,
    46.14,
    46.14,
    26.89,
    26.89,
    26.89,
    26.89,
    26.89,
    26.89,
    26.89,
    26.89,
    26.89,
    26.89,
    0.0,
    0.0,
    0.0,
    0.0,
    0.0,
    0.0,
    0.0,
    0.0,
    0.0,
    0.0,
    0.0
  ],
  "v26_hashrate": [
    52.23,
    52.23,
    52.23,
    52.23,
    52.23,
    52.23,
    52.23,
    52.23,
    52.23,
    52.23,
    71.48,
    71.48,
    71.48,
    71.48,
    71.48,
    71.48,
    71.48,
    71.48,
    71.48,
    71.48,
    98.36999999999999,
    98.36999999999999,
    98.36999999999999,
    98.36999999999999,
    98.36999999999999,
    98.36999999999999,
    98.36999999999999,
    98.36999999999999,
    98.36999999999999,
    98.36999999999999,
    98.36999999999999
  ],
  "v27_economic": [
    43.046114164953785,
    43.046114164953785,
    43.046114164953785,
    43.046114164953785,
    43.046114164953785,
    43.046114164953785,
    43.046114164953785,
    43.046114164953785,
    43.046114164953785,
    43.046114164953785,
    43.046114164953785,
    43.046114164953785,
    43.046114164953785,
    43.046114164953785,
    43.046114164953785,
    43.046114164953785,
    43.046114164953785,
    43.046114164953785,
    43.046114164953785,
    43.046114164953785,
    43.046114164953785,
    43.046114164953785,
    43.046114164953785,
    43.046114164953785,
    43.046114164953785,
    43.046114164953785,
    43.046114164953785,
    43.046114164953785,
    43.046114164953785,
    43.046114164953785,
    43.046114164953785
  ],
  "v26_economic": [
    56.9538858350462,
    56.9538858350462,
    56.9538858350462,
    56.9538858350462,
    56.9538858350462,
    56.9538858350462,
    56.9538858350462,
    56.9538858350462,
    56.9538858350462,
    56.9538858350462,
    56.9538858350462,
    56.9538858350462,
    56.9538858350462,
    56.9538858350462,
    56.9538858350462,
    56.9538858350462,
    56.9538858350462,
    56.9538858350462,
    56.9538858350462,
    56.9538858350462,
    56.9538858350462,
    56.9538858350462,
    56.9538858350462,
    56.9538858350462,
    56.9538858350462,
    56.9538858350462,
    56.9538858350462,
    56.9538858350462,
    56.9538858350462,
    56.9538858350462,
    56.9538858350462
  ],
  "v27_blocks": [
    0,
    2,
    6,
    8,
    10,
    12,
    13,
    15,
    19,
    24,
    26,
    27,
    27,
    27,
    27,
    30,
    30,
    31,
    33,
    34,
    35,
    35,
    35,
    35,
    35,
    35,
    35,
    35,
    35,
    35,
    35
  ],
  "v26_blocks": [
    0,
    3,
    6,
    8,
    9,
    10,
    11,
    16,
    19,
    19,
    22,
    24,
    24,
    28,
    31,
    38,
    41,
    47,
    53,
    57,
    61,
    68,
    74,
    82,
    89,
    94,
    102,
    108,
    117,
    121,
    123
  ],
  "v27_difficulty": [
    1.0,
    1.0,
    1.0,
    1.0,
    1.0,
    1.0,
    1.0,
    1.0,
    1.0,
    1.0,
    1.0,
    1.0,
    1.0,
    1.0,
    1.0,
    1.0,
    1.0,
    1.0,
    1.0,
    1.0,
    1.0,
    1.0,
    1.0,
    1.0,
    1.0,
    1.0,
    1.0,
    1.0,
    1.0,
    1.0,
    1.0
  ],
  "v26_difficulty": [
    1.0,
    1.0,
    1.0,
    1.0,
    1.0,
    1.0,
    1.0,
    1.0,
    1.0,
    1.0,
    1.0,
    1.0,
    1.0,
    1.0,
    1.0,
    1.0,
    1.0,
    1.0,
    1.0,
    1.0,
    1.0,
    1.0,
    1.0,
    1.0,
    1.0,
    1.0,
    1.0,
    1.0,
    1.0,
    1.0,
    1.0
  ],
  "v27_chainwork": [
    0.0,
    2.0,
    6.0,
    8.0,
    10.0,
    12.0,
    13.0,
    15.0,
    19.0,
    24.0,
    26.0,
    27.0,
    27.0,
    27.0,
    27.0,
    30.0,
    30.0,
    31.0,
    33.0,
    34.0,
    35.0,
    35.0,
    35.0,
    35.0,
    35.0,
    35.0,
    35.0,
    35.0,
    35.0,
    35.0,
    35.0
  ],
  "v26_chainwork": [
    0.0,
    3.0,
    6.0,
    8.0,
    9.0,
    10.0,
    11.0,
    16.0,
    19.0,
    19.0,
    22.0,
    24.0,
    24.0,
    28.0,
    31.0,
    38.0,
    41.0,
    47.0,
    53.0,
    57.0,
    61.0,
    68.0,
    74.0,
    82.0,
    89.0,
    94.0,
    102.0,
    108.0,
    117.0,
    121.0,
    123.0
  ],
  "v27_fee_rate": [
    1.0,
    1.0,
    0.031102217154456706,
    0.031102217154456706,
    0.031102217154456706,
    0.031102217154456706,
    0.031102217154456706,
    0.031102217154456706,
    0.031102217154456706,
    0.031102217154456706,
    0.031102217154456706,
    0.053367657103258914,
    0.053367657103258914,
    0.053367657103258914,
    0.053367657103258914,
    0.053367657103258914,
    0.053367657103258914,
    0.053367657103258914,
    0.053367657103258914,
    0.053367657103258914,
    0.053367657103258914,
    14.350562995066324,
    14.350562995066324,
    14.350562995066324,
    14.350562995066324,
    14.350562995066324,
    14.350562995066324,
    14.350562995066324,
    14.350562995066324,
    14.350562995066324,
    14.350562995066324
  ],
  "v26_fee_rate": [
    1.0,
    1.0,
    0.036344572732657496,
    0.036344572732657496,
    0.036344572732657496,
    0.036344572732657496,
    0.036344572732657496,
    0.036344572732657496,
    0.036344572732657496,
    0.036344572732657496,
    0.036344572732657496,
    0.026556757608095984,
    0.026556757608095984,
    0.026556757608095984,
    0.026556757608095984,
    0.026556757608095984,
    0.026556757608095984,
    0.026556757608095984,
    0.026556757608095984,
    0.026556757608095984,
    0.026556757608095984,
    0.019297316598827906,
    0.019297316598827906,
    0.019297316598827906,
    0.019297316598827906,
    0.019297316598827906,
    0.019297316598827906,
    0.019297316598827906,
    0.019297316598827906,
    0.019297316598827906,
    0.019297316598827906
  ],