{
  "blocks_mined": {
    "v27": 3901,
    "v26": 1458
  },
  "total_blocks": 5359,
  "final_hashrate": {
    "v27": 86.4,
    "v26": 0.0
  },
  "final_economic": {
    "v27": 56.737060138721,
    "v26": 43.262939861279
  },
  "final_prices": {
    "v27": 63628.32712898937,
    "v26": 55718.87287101064
  }
}