{
  "blocks_mined": {
    "v27": 24,
    "v26": 734
  },
  "total_blocks": 758,
  "final_hashrate": {
    "v27": 0.0,
    "v26": 86.4
  },
  "final_economic": {
    "v27": 0.0,
    "v26": 100.0
  },
  "final_prices": {
    "v27": 48215.38461538462,
    "v26": 71131.81538461539
  }
}