{
  "config": {
    "base_price": 60000,
    "max_divergence": 0.2,
    "coefficients": {
      "chain_weight": 0.3,
      "economic_weight": 0.5,
      "hashrate_weight": 0.2
    }
  },
  "current_prices": {
    "v27": 66442.5143845703,
    "v26": 53479.2456154297
  },
  "timeline": {
    "timestamps": [
      1772053966.1143014,
      1772054026.6923392,
      1772054026.6923468,
      1772054086.7800345,
      1772054086.780041,
      1772054146.8701782,
      1772054146.8701866,
      1772054207.431979,
      1772054207.4319873,
      1772054268.0441072,
      1772054268.0441158,
      1772054328.261447,
      1772054328.2614524,
      1772054388.492675,
      1772054388.4926808,
      1772054448.671565,
      1772054448.6715705,
      1772054508.7573838,
      1772054508.7573915,
      1772054569.5230327,
      1772054569.5230415,
      1772054629.7087984,
      1772054629.7088058,
      1772054689.7672012,
      1772054689.7672067,
      1772054749.9539387,
      1772054749.953946,
      1772054810.0871084,
      1772054810.0871134,
      1772054870.2514663,
      1772054870.2514718,
      1772054930.339439,
      1772054930.3394477,
      1772054990.5556247,
      1772054990.5556297,
      1772055050.6333241,
      1772055050.6333296,
      1772055111.2600129,
      1772055111.2600176,
      1772055171.5579686,
      1772055171.5579762,
      1772055231.645164,
      1772055231.6451747,
      1772055291.8572385,
      1772055291.8572574,
      1772055352.0341172,
      1772055352.0341291,
      1772055412.174686,
      1772055412.1746914,
      1772055472.292704,
      1772055472.2927127,
      1772055532.487691,
      1772055532.4877002,
      1772055592.6298127,
      1772055592.629818,
      1772055653.3191237,
      1772055653.319131,
      1772055713.6609151,
      1772055713.6609209
    ],
    "v27_prices": [
      60000,
      66388.24806422398,
      66388.24806422398,
      66388.24806422398,
      66388.24806422398,
      66388.24806422398,
      66388.24806422398,
      66388.24806422398,
      66388.24806422398,
      66388.24806422398,
      66388.24806422398,
      66388.24806422398,
      66388.24806422398,
      66388.24806422398,
      66388.24806422398,
      66388.24806422398,
      66388.24806422398,
      66388.24806422398,
      66388.24806422398,
      66297.16806422398,
      66297.16806422398,
      66319.35116281554,
      66319.35116281554,
      66324.90779025138,
      66324.90779025138,
      66342.16806422398,
      66342.16806422398,
      66352.75629951809,
      66352.75629951809,
      66363.92630598223,
      66363.92630598223,
      66368.97657486227,
      66368.97657486227,
      66380.99159363574,
      66380.99159363574,
      66385.02520708113,
      66385.02520708113,
      66393.59663565255,
      66393.59663565255,
      66405.09489349228,
      66405.09489349228,
      66407.88234993827,
      66407.88234993827,
      66414.70537765682,
      66414.70537765682,
      66419.31092136685,
      66419.31092136685,
      66422.85771939639,
      66422.85771939639,
      66425.51168133396,
      66425.51168133396,
      66429.82360473221,
      66429.82360473221,
      66432.67528262899,
      66432.67528262899,
      66436.38400442971,
      66436.38400442971,
      66442.5143845703,
      66442.5143845703
    ],
    "v26_prices": [
      60000,
      60000,
      53533.51193577603,
      53533.51193577603,
      53533.51193577603,
      53533.51193577603,
      53533.51193577603,
      53533.51193577603,
      53533.51193577603,
      53533.51193577603,
      53533.51193577603,
      53533.51193577603,
      53533.51193577603,
      53533.51193577603,
      53533.51193577603,
      53533.51193577603,
      53533.51193577603,
      53533.51193577603,
      53533.51193577603,
      53533.51193577603,
      53624.59193577602,
      53624.59193577602,
      53602.40883718448,
      53602.40883718448,
      53596.85220974863,
      53596.85220974863,
      53579.59193577602,
      53579.59193577602,
      53569.00370048191,
      53569.00370048191,
      53557.83369401778,
      53557.83369401778,
      53552.783425137735,
      53552.783425137735,
      53540.76840636427,
      53540.76840636427,
      53536.73479291888,
      53536.73479291888,
      53528.163364347456,
      53528.163364347456,
      53516.66510650774,
      53516.66510650774,
      53513.87765006174,
      53513.87765006174,
      53507.05462234319,
      53507.05462234319,
      53502.449078633166,
      53502.449078633166,
      53498.90228060361,
      53498.90228060361,
      53496.24831866605,
      53496.24831866605,
      53491.93639526778,
      53491.93639526778,
      53489.08471737102,
      53489.08471737102,
      53485.3759955703,
      53485.3759955703,
      53479.2456154297
    ]
  },
  "history": [
    {
      "timestamp": 1772053966.1143014,
      "chain_id": "v27",
      "price": 60000,
      "metadata": {
        "initial": true
      }
    },
    {
      "timestamp": 1772053966.1143014,
      "chain_id": "v26",
      "price": 60000,
      "metadata": {
        "initial": true
      }
    },
    {
      "timestamp": 1772054026.6923392,
      "chain_id": "v27",
      "price": 66388.24806422398,
      "metadata": {
        "fork_sustained": true,
        "fork_depth": 9
      }
    },
    {
      "timestamp": 1772054026.6923468,
      "chain_id": "v26",
      "price": 53533.51193577603,
      "metadata": {
        "fork_sustained": true,
        "fork_depth": 9
      }
    },
    {
      "timestamp": 1772054086.7800345,
      "chain_id": "v27",
      "price": 66388.24806422398,
      "metadata": {
        "fork_sustained": true,
        "fork_depth": 18
      }
    },
    {
      "timestamp": 1772054086.780041,
      "chain_id": "v26",
      "price": 53533.51193577603,
      "metadata": {
        "fork_sustained": true,
        "fork_depth": 18
      }
    },
    {
      "timestamp": 1772054146.8701782,
      "chain_id": "v27",
      "price": 66388.24806422398,
      "metadata": {
        "fork_sustained": true,
        "fork_depth": 21
      }
    },
    {
      "timestamp": 1772054146.8701866,
      "chain_id": "v26",
      "price": 53533.51193577603,
      "metadata": {
        "fork_sustained": true,
        "fork_depth": 21
      }
    },
    {
      "timestamp": 1772054207.431979,
      "chain_id": "v27",
      "price": 66388.24806422398,
      "metadata": {
        "fork_sustained": true,
        "fork_depth": 25
      }
    },
    {
      "timestamp": 1772054207.4319873,
      "chain_id": "v26",
      "price": 53533.51193577603,
      "metadata": {
        "fork_sustained": true,
        "fork_depth": 25
      }
    },
    {
      "timestamp": 1772054268.0441072,
      "chain_id": "v27",
      "price": 66388.24806422398,
      "metadata": {
        "fork_sustained": true,
        "fork_depth": 31
      }
    },
    {
      "timestamp": 1772054268.0441158,
      "chain_id": "v26",
      "price": 53533.51193577603,
      "metadata": {
        "fork_sustained": true,
        "fork_depth": 31
      }
    },
    {
      "timestamp": 1772054328.261447,
      "chain_id": "v27",
      "price": 66388.24806422398,
      "metadata": {
        "fork_sustained": true,
        "fork_depth": 39
      }
    },
    {
      "timestamp": 1772054328.2614524,
      "chain_id": "v26",
      "price": 53533.51193577603,
      "metadata": {
        "fork_sustained": true,
        "fork_depth": 39
      }
    },
    {
      "timestamp": 1772054388.492675,
      "chain_id": "v27",
      "price": 66388.24806422398,
      "metadata": {
        "fork_sustained": true,
        "fork_depth": 47
      }
    },
    {
      "timestamp": 1772054388.4926808,
      "chain_id": "v26",
      "price": 53533.51193577603,
      "metadata": {
        "fork_sustained": true,
        "fork_depth": 47
      }
    },
    {
      "timestamp": 1772054448.671565,
      "chain_id": "v27",
      "price": 66388.24806422398,