{
  "blocks_mined": {
    "v27": 7,
    "v26": 447
  },
  "total_blocks": 454,
  "final_hashrate": {
    "v27": 0.0,
    "v26": 86.4
  },
  "final_economic": {
    "v27": 0.0,
    "v26": 100.0
  },
  "final_prices": {
    "v27": 48125.373134328365,
    "v26": 71221.82686567165
  }
}