{
  "blocks_mined": {
    "v27": 190,
    "v26": 4430
  },
  "total_blocks": 4620,
  "final_hashrate": {
    "v27": 0.0,
    "v26": 86.4
  },
  "final_economic": {
    "v27": 56.73664319629601,
    "v26": 43.26335680370397
  },
  "final_prices": {
    "v27": 55177.047949846856,
    "v26": 64170.15205015314
  }
}