{
  "config": {
    "base_price": 60000,
    "max_divergence": 0.2,
    "coefficients": {
      "chain_weight": 0.3,
      "economic_weight": 0.5,
      "hashrate_weight": 0.2
    }
  },
  "current_prices": {
    "v27": 54302.6428713439,
    "v26": 65044.55712865611
  },
  "timeline": {
    "timestamps": [
      1772687148.3104985,
      1772687209.5472808,
      1772687209.5473485,
      1772687269.902714,
      1772687269.9027407,
      1772687329.9177084,
      1772687329.917727,
      1772687390.198242,
      1772687390.1982625,
      1772687450.6653676,
      1772687450.6653764,
      1772687510.7614598,
      1772687510.7614849,
      1772687571.2974248,
      1772687571.2974458,
      1772687631.874564,
      1772687631.8745859,
      1772687692.5229063,
      1772687692.5229237,
      1772687753.0942636,
      1772687753.0942855,
      1772687813.470826,
      1772687813.4708488,
      1772687874.0618298,
      1772687874.0618508,
      1772687934.5591269,
      1772687934.5591495,
      1772687994.9605348,
      1772687994.9605505,
      1772688055.260346,
      1772688055.2603714,
      1772688115.5647476,
      1772688115.564779,
      1772688175.940719,
      1772688175.9407554,
      1772688236.4479678,
      1772688236.4480069,
      1772688297.2639208,
      1772688297.2639534,
      1772688357.8645477,
      1772688357.864591,
      1772688417.9057586,
      1772688417.9057808,
      1772688478.6455264,
      1772688478.6455598,
      1772688539.612489,
      1772688539.6125197,
      1772688599.8918757,
      1772688599.891884,
      1772688660.9360154,
      1772688660.9360373,
      1772688721.708552,
      1772688721.7085752,
      1772688782.0568774,
      1772688782.056886,
      1772688842.7485204,
      1772688842.74853,
      1772688903.1801825,
      1772688903.180192
    ],
    "v27_prices": [
      60000,
      57694.33369979446,
      57694.33369979446,
      57933.10920999853,
      57933.10920999853,
      58124.76848240315,
      58124.76848240315,
      58168.527248181555,
      58168.527248181555,
      58201.056388870085,
      58201.056388870085,
      58262.41880617743,
      58262.41880617743,
      58274.807072575524,
      58274.807072575524,
      58194.33369979446,
      58194.33369979446,
      58201.32059935777,
      58201.32059935777,
      56415.33914726528,
      56415.33914726528,
      56151.586711393655,
      56151.586711393655,
      55903.63117534014,
      55903.63117534014,
      55702.581718281275,
      55702.581718281275,
      55529.96165005089,
      55529.96165005089,
      55389.10436938997,
      55389.10436938997,
      55268.465308472936,
      55268.465308472936,
      55144.57434466039,
      55144.57434466039,
      55037.94134378227,
      55037.94134378227,
      54931.046800832344,
      54931.046800832344,
      54842.58647910829,
      54842.58647910829,
      54749.4141063052,
      54749.4141063052,
      54666.04375718127,
      54666.04375718127,
      54621.85806332038,
      54621.85806332038,
      54567.95423344723,
      54567.95423344723,
      54494.07400312175,
      54494.07400312175,
      54434.44887763326,
      54434.44887763326,
      54391.10944384246,
      54391.10944384246,
      54342.31411987397,
      54342.31411987397,
      54302.6428713439,
      54302.6428713439
    ],
    "v26_prices": [
      60000,
      60000,
      61652.86630020555,
      61652.86630020555,
      61414.09079000146,
      61414.09079000146,
      61222.43151759684,
      61222.43151759684,
      61178.672751818456,
      61178.672751818456,
      61146.14361112991,
      61146.14361112991,
      61084.78119382258,
      61084.78119382258,
      61072.39292742448,
      61072.39292742448,
      61152.86630020555,
      61152.86630020555,
      61145.87940064221,
      61145.87940064221,
      62931.860852734724,
      62931.860852734724,
      63195.61328860636,
      63195.61328860636,
      63443.568824659866,
      63443.568824659866,
      63644.61828171873,
      63644.61828171873,
      63817.2383499491,
      63817.2383499491,
      63958.095630610034,
      63958.095630610034,
      64078.734691527075,
      64078.734691527075,
      64202.62565533962,
      64202.62565533962,
      64309.25865621774,
      64309.25865621774,
      64416.15319916767,
      64416.15319916767,
      64504.61352089171,
      64504.61352089171,
      64597.78589369481,
      64597.78589369481,
      64681.15624281873,
      64681.15624281873,
      64725.341936679615,
      64725.341936679615,
      64779.245766552776,
      64779.245766552776,
      64853.12599687824,
      64853.12599687824,
      64912.75112236674,
      64912.75112236674,
      64956.09055615755,
      64956.09055615755,
      65004.885880126036,
      65004.885880126036,
      65044.55712865611
    ]
  },
  "history": [
    {
      "timestamp": 1772687148.3104985,
      "chain_id": "v27",
      "price": 60000,
      "metadata": {
        "initial": true
      }
    },
    {
      "timestamp": 1772687148.3104985,
      "chain_id": "v26",
      "price": 60000,
      "metadata": {
        "initial": true
      }
    },
    {
      "timestamp": 1772687209.5472808,
      "chain_id": "v27",
      "price": 57694.33369979446,
      "metadata": {
        "fork_sustained": true,
        "fork_depth": 24
      }
    },
    {
      "timestamp": 1772687209.5473485,
      "chain_id": "v26",
      "price": 61652.86630020555,
      "metadata": {
        "fork_sustained": true,
        "fork_depth": 24
      }
    },
    {
      "timestamp": 1772687269.902714,
      "chain_id": "v27",
      "price": 57933.10920999853,
      "metadata": {
        "fork_sustained": true,
        "fork_depth": 49
      }
    },
    {
      "timestamp": 1772687269.9027407,
      "chain_id": "v26",
      "price": 61414.09079000146,
      "metadata": {
        "fork_sustained": true,
        "fork_depth": 49
      }
    },
    {
      "timestamp": 1772687329.9177084,
      "chain_id": "v27",
      "price": 58124.76848240315,
      "metadata": {
        "fork_sustained": true,
        "fork_depth": 69
      }
    },
    {
      "timestamp": 1772687329.917727,
      "chain_id": "v26",
      "price": 61222.43151759684,
      "metadata": {
        "fork_sustained": true,
        "fork_depth": 69
      }
    },
    {
      "timestamp": 1772687390.198242,
      "chain_id": "v27",
      "price": 58168.527248181555,
      "metadata": {
        "fork_sustained": true,
        "fork_depth": 93
      }
    },
    {
      "timestamp": 1772687390.1982625,
      "chain_id": "v26",
      "price": 61178.672751818456,
      "metadata": {
        "fork_sustained": true,
        "fork_depth": 93
      }
    },
    {
      "timestamp": 1772687450.6653676,
      "chain_id": "v27",
      "price": 58201.056388870085,
      "metadata": {
        "fork_sustained": true,
        "fork_depth": 119
      }
    },
    {
      "timestamp": 1772687450.6653764,
      "chain_id": "v26",
      "price": 61146.14361112991,
      "metadata": {
        "fork_sustained": true,
        "fork_depth": 119
      }
    },
    {
      "timestamp": 1772687510.7614598,
      "chain_id": "v27",
      "price": 58262.41880617743,
      "metadata": {
        "fork_sustained": true,
        "fork_depth": 141
      }
    },
    {
      "timestamp": 1772687510.7614849,
      "chain_id": "v26",
      "price": 61084.78119382258,
      "metadata": {
        "fork_sustained": true,
        "fork_depth": 141
      }
    },
    {
      "timestamp": 1772687571.2974248,
      "chain_id": "v27",
      "price": 58274.807072575524,
      "metadata": {
        "fork_sustained": true,
        "fork_depth": 169
      }
    },
    {
      "timestamp": 1772687571.2974458,
      "chain_id": "v26",
      "price": 61072.39292742448,
      "metadata": {
        "fork_sustained": true,
        "fork_depth": 169
      }
    },
    {
      "timestamp": 1772687631.874564,
      "chain_id": "v27",
      "price": 58194.33369979446,