{
  "blocks_mined": {
    "v27": 117,
    "v26": 804
  },
  "total_blocks": 921,
  "final_hashrate": {
    "v27": 0.0,
    "v26": 86.4
  },
  "final_economic": {
    "v27": 43.03727819279384,
    "v26": 56.96272180720615
  },
  "final_prices": {
    "v27": 54302.6428713439,
    "v26": 65044.55712865611
  }
}