{
  "blocks_mined": {
    "v27": 5779,
    "v26": 766
  },
  "total_blocks": 6545,
  "final_hashrate": {
    "v27": 86.4,
    "v26": 0.0
  },
  "final_economic": {
    "v27": 100.0,
    "v26": 0.0
  },
  "final_prices": {
    "v27": 70401.32390630632,
    "v26": 48945.876093693674
  }
}