{
  "timestamps": [
    0,
    60,
    120,
    180,
    241,
    301,
    362,
    422,
    483,
    544,
    604,
    664,
    725,
    785,
    846,
    906,
    967,
    1027,
    1088,
    1149,
    1210,
    1271,
    1332,
    1392,
    1453,
    1513,
    1574,
    1635,
    1696,
    1756,
    1800
  ],
  "v27_price": [
    60000,
    60000,
    62716.09298449253,
    62873.98772133464,
    62320.97103327302,
    62558.19824765043,
    62561.80727020681,
    62683.36571176525,
    62574.916513904296,
    62472.02518788236,
    62348.06324471558,
    63807.50933000748,
    63988.69261975089,
    64156.41298449252,
    64271.99740007693,
    64381.07317866728,
    64470.05142842845,
    64552.39570587482,
    64631.32133479803,
    64708.826777595976,
    64781.818389897926,
    64835.38205665748,
    64891.0622503979,
    64949.04780729683,
    64977.13154736678,
    65012.01926124002,
    65059.55236202974,
    65098.120617092776,
    65128.432934617216,
    65158.50182002674,
    65185.543923078854
  ],
  "v26_price": [
    60000,
    60000,
    57205.66701550749,
    57047.772278665376,
    57600.788966727,
    57363.56175234959,
    57359.95272979319,
    57238.394288234755,
    57346.84348609572,
    57449.734812117655,
    57573.696755284436,
    56114.25066999253,
    55933.06738024912,
    55765.34701550748,
    55649.762599923066,
    55540.686821332725,
    55451.70857157156,
    55369.36429412519,
    55290.43866520198,
    55212.93322240403,
    55139.941610102076,
    55086.37794334253,
    55030.697749602106,
    54972.71219270317,
    54944.62845263323,
    54909.74073875998,
    54862.20763797027,
    54823.639382907226,
    54793.32706538279,
    54763.25817997327,
    54736.216076921155
  ],
  "v27_hashrate": [
    68.78,
    68.78,
    68.78,
    68.78,
    68.78,
    68.78,
    68.78,
    68.78,
    68.78,
    68.78,
    98.36999999999999,
    98.36999999999999,
    98.36999999999999,
    98.36999999999999,
    98.36999999999999,
    98.36999999999999,
    98.36999999999999,
    98.36999999999999,
    98.36999999999999,
    98.36999999999999,
    98.36999999999999,
    98.36999999999999,
    98.36999999999999,
    98.36999999999999,
    98.36999999999999,
    98.36999999999999,
    98.36999999999999,
    98.36999999999999,
    98.36999999999999,
    98.36999999999999,
    98.36999999999999
  ],
  "v26_hashrate": [
    29.59,
    29.59,
    29.59,
    29.59,
    29.59,
    29.59,
    29.59,
    29.59,
    29.59,
    29.59,
    0.0,
    0.0,
    0.0,
    0.0,
    0.0,
    0.0,
    0.0,
    0.0,
    0.0,
    0.0,
    0.0,
    0.0,
    0.0,
    0.0,
    0.0,
    0.0,
    0.0,
    0.0,
    0.0,
    0.0,
    0.0
  ],
  "v27_economic": [
    50.12210820410434,
    50.12210820410434,
    50.12210820410434,
    50.12210820410434,
    50.12210820410434,
    50.12210820410434,
    50.12210820410434,
    50.12210820410434,
    50.12210820410434,
    50.12210820410434,
    50.12210820410434,
    50.12210820410434,
    50.12210820410434,
    50.12210820410434,
    50.12210820410434,
    50.12210820410434,
    50.12210820410434,
    50.12210820410434,
    50.12210820410434,
    50.12210820410434,
    50.12210820410434,
    50.12210820410434,
    50.12210820410434,
    50.12210820410434,
    50.12210820410434,
    50.12210820410434,
    50.12210820410434,
    50.12210820410434,
    50.12210820410434,
    50.12210820410434,
    50.12210820410434
  ],
  "v26_economic": [
    49.87789179589566,
    49.87789179589566,
    49.87789179589566,
    49.87789179589566,
    49.87789179589566,
    49.87789179589566,
    49.87789179589566,
    49.87789179589566,
    49.87789179589566,
    49.87789179589566,
    49.87789179589566,
    49.87789179589566,
    49.87789179589566,
    49.87789179589566,
    49.87789179589566,
    49.87789179589566,
    49.87789179589566,
    49.87789179589566,
    49.87789179589566,
    49.87789179589566,
    49.87789179589566,
    49.87789179589566,
    49.87789179589566,
    49.87789179589566,
    49.87789179589566,
    49.87789179589566,
    49.87789179589566,
    49.87789179589566,
    49.87789179589566,
    49.87789179589566,
    49.87789179589566
  ],
  "v27_blocks": [
    0,
    18,
    44,
    57,
    83,
    102,
    123,
    149,
    169,
    188,
    212,
    240,
    271,
    296,
    323,
    348,
    374,
    402,
    433,
    466,
    493,
    524,
    560,
    579,
    611,
    649,
    683,
    712,
    743,
    773,
    795
  ],
  "v26_blocks": [
    0,
    6,
    13,
    25,
    31,
    38,
    42,
    55,
    67,
    81,
    89,
    89,
    89,
    89,
    89,
    89,
    89,
    89,
    89,
    89,
    89,
    89,
    89,
    89,
    90,
    90,
    90,
    90,
    90,
    90,
    90
  ],
  "v27_difficulty": [
    1.0,
    1.0,
    1.0,
    1.0,
    1.0,
    1.0,
    1.0,
    1.0,
    1.0,
    1.0,
    1.0,
    1.0,
    1.0,
    1.0,
    1.0,
    1.0,
    1.0,
    1.0,
    1.0,
    1.0,
    1.0,
    1.0,
    1.0,
    1.0,
    1.0,
    1.0,
    1.0,
    1.0,
    1.0,
    1.0,
    1.0
  ],
  "v26_difficulty": [
    1.0,
    1.0,
    1.0,
    1.0,
    1.0,
    1.0,
    1.0,
    1.0,
    1.0,
    1.0,
    1.0,
    1.0,
    1.0,
    1.0,
    1.0,
    1.0,
    1.0,
    1.0,
    1.0,
    1.0,
    1.0,
    1.0,
    1.0,
    1.0,
    1.0,
    1.0,
    1.0,
    1.0,
    1.0,
    1.0,
    1.0
  ],
  "v27_chainwork": [
    0.0,
    18.0,
    44.0,
    57.0,
    83.0,
    102.0,
    123.0,
    149.0,
    169.0,
    188.0,
    212.0,
    240.0,
    271.0,
    296.0,
    323.0,
    348.0,
    374.0,
    402.0,
    433.0,
    466.0,
    493.0,
    524.0,
    560.0,
    579.0,
    611.0,
    649.0,
    683.0,
    712.0,
    743.0,
    773.0,
    795.0
  ],
  "v26_chainwork": [
    0.0,
    6.0,
    13.0,
    25.0,
    31.0,
    38.0,
    42.0,
    55.0,
    67.0,
    81.0,
    89.0,
    89.0,
    89.0,
    89.0,
    89.0,
    89.0,
    89.0,
    89.0,
    89.0,
    89.0,
    89.0,
    89.0,
    89.0,
    89.0,
    90.0,
    90.0,
    90.0,
    90.0,
    90.0,
    90.0,
    90.0
  ],
  "v27_fee_rate": [
    1.0,
    1.0,
    0.005290379184591442,
    0.005290379184591442,
    0.005290379184591442,
    0.005290379184591442,
    0.005290379184591442,
    0.005290379184591442,
    0.005290379184591442,
    0.005290379184591442,
    0.005290379184591442,
    0.003699016776620915,
    0.003699016776620915,
    0.003699016776620915,
    0.003699016776620915,
    0.003699016776620915,
    0.003699016776620915,
    0.003699016776620915,
    0.003699016776620915,
    0.003699016776620915,
    0.003699016776620915,
    0.003699016776620915,
    0.003699016776620915,
    0.003699016776620915,
    0.003699016776620915,
    0.003699016776620915,
    0.003699016776620915,
    0.003699016776620915,
    0.003699016776620915,
    0.003699016776620915,
    0.003699016776620915
  ],
  "v26_fee_rate": [
    1.0,
    1.0,
    0.01023299717304722,
    0.01023299717304722,
    0.01023299717304722,
    0.01023299717304722,
    0.01023299717304722,
    0.01023299717304722,
    0.01023299717304722,
    0.01023299717304722,
    0.01023299717304722,
    3.0279438635046723,
    3.0279438635046723,
    3.0279438635046723,
    3.0279438635046723,
    3.0279438635046723,
    3.0279438635046723,
    3.0279438635046723,
    3.0279438635046723,
    3.0279438635046723,
    3.0279438635046723,
    3.0279438635046723,
    3.0279438635046723,
    3.0279438635046723,
    3.0279438635046723,
    3.0279438635046723,
    3.0279438635046723,
    3.0279438635046723,
    3.0279438635046723,
    3.0279438635046723,
    3.0279438635046723
  ],