{
  "timestamps": [
    0,
    60,
    121,
    181,
    241,
    301,
    362,
    422,
    483,
    544,
    604,
    665,
    725,
    785,
    845,
    906,
    966,
    1027,
    1087,
    1148,
    1208,
    1269,
    1330,
    1390,
    1450,
    1511,
    1571,
    1632,
    1693,
    1753,
    1800
  ],
  "v27_price": [
    60000,
    60000,
    57694.33369979446,
    57933.10920999853,
    58124.76848240315,
    58168.527248181555,
    58201.056388870085,
    58262.41880617743,
    58274.807072575524,
    58194.33369979446,
    58201.32059935777,
    57855.33914726528,
    57790.715480370825,
    57735.07828618723,
    57737.9512604611,
    57686.82944639746,
    57672.393946718854,
    57617.49364508699,
    57591.17581755779,
    57567.86000200165,
    57530.66241462005,
    60276.028682294505,
    60477.297447370234,
    60633.02393330478,
    60828.484122655456,
    60975.06021436867,
    61129.332716172015,
    61246.04022549409,
    61371.08093207122,
    61490.615871592294,
    61601.3879902953
  ],
  "v26_price": [
    60000,
    60000,
    61652.86630020555,
    61414.09079000146,
    61222.43151759684,
    61178.672751818456,
    61146.14361112991,
    61084.78119382258,
    61072.39292742448,
    61152.86630020555,
    61145.87940064221,
    61491.860852734724,
    61556.48451962918,
    61612.12171381277,
    61609.2487395389,
    61660.37055360254,
    61674.806053281136,
    61729.70635491302,
    61756.02418244221,
    61779.33999799835,
    61816.537585379956,
    59071.171317705484,
    58869.90255262977,
    58714.17606669522,
    58518.71587734455,
    58372.13978563132,
    58217.86728382799,
    58101.15977450591,
    57976.11906792878,
    57856.58412840771,
    57745.81200970471
  ],
  "v27_hashrate": [
    38.1,
    38.1,
    38.1,
    38.1,
    38.1,
    38.1,
    38.1,
    38.1,
    38.1,
    38.1,
    30.0,
    30.0,
    30.0,
    30.0,
    30.0,
    30.0,
    30.0,
    30.0,
    30.0,
    30.0,
    86.4,
    86.4,
    86.4,
    86.4,
    86.4,
    86.4,
    86.4,
    86.4,
    86.4,
    86.4,
    86.4
  ],
  "v26_hashrate": [
    48.3,
    48.3,
    48.3,
    48.3,
    48.3,
    48.3,
    48.3,
    48.3,
    48.3,
    48.3,
    56.39999999999999,
    56.39999999999999,
    56.39999999999999,
    56.39999999999999,
    56.39999999999999,
    56.39999999999999,
    56.39999999999999,
    56.39999999999999,
    56.39999999999999,
    56.39999999999999,
    0.0,
    0.0,
    0.0,
    0.0,
    0.0,
    0.0,
    0.0,
    0.0,
    0.0,
    0.0,
    0.0
  ],
  "v27_economic": [
    43.046114164953785,
    43.046114164953785,
    43.046114164953785,
    43.046114164953785,
    43.046114164953785,
    43.046114164953785,
    43.046114164953785,
    43.046114164953785,
    43.046114164953785,
    43.046114164953785,
    43.046114164953785,
    43.046114164953785,
    43.046114164953785,
    43.046114164953785,
    43.046114164953785,
    43.046114164953785,
    43.046114164953785,
    43.046114164953785,
    43.046114164953785,
    43.046114164953785,
    43.046114164953785,
    43.046114164953785,
    43.046114164953785,
    43.046114164953785,
    43.046114164953785,
    43.046114164953785,
    43.046114164953785,
    43.046114164953785,
    43.046114164953785,
    43.046114164953785,
    43.046114164953785
  ],
  "v26_economic": [
    56.9538858350462,
    56.9538858350462,
    56.9538858350462,
    56.9538858350462,
    56.9538858350462,
    56.9538858350462,
    56.9538858350462,
    56.9538858350462,
    56.9538858350462,
    56.9538858350462,
    56.9538858350462,
    56.9538858350462,
    56.9538858350462,
    56.9538858350462,
    56.9538858350462,
    56.9538858350462,
    56.9538858350462,
    56.9538858350462,
    56.9538858350462,
    56.9538858350462,
    56.9538858350462,
    56.9538858350462,
    56.9538858350462,
    56.9538858350462,
    56.9538858350462,
    56.9538858350462,
    56.9538858350462,
    56.9538858350462,
    56.9538858350462,
    56.9538858350462,
    56.9538858350462
  ],
  "v27_blocks": [
    0,
    9,
    20,
    30,
    41,
    53,
    64,
    77,
    88,
    102,
    116,
    125,
    133,
    146,
    168,
    196,
    219,
    244,
    268,
    283,
    331,
    421,
    460,
    504,
    541,
    581,
    607,
    637,
    668,
    699,
    720
  ],
  "v26_blocks": [
    0,
    15,
    29,
    39,
    52,
    66,
    77,
    92,
    110,
    127,
    141,
    173,
    206,
    238,
    273,
    304,
    339,
    370,
    400,
    426,
    452,
    452,
    453,
    453,
    454,
    454,
    454,
    454,
    454,
    454,
    454
  ],
  "v27_difficulty": [
    1.0,
    1.0,
    1.0,
    1.0,
    1.0,
    1.0,
    1.0,
    1.0,
    1.0,
    1.0,
    1.0,
    1.0,
    1.0,
    0.3687580025608195,
    0.3687580025608195,
    0.3687580025608195,
    0.3687580025608195,
    0.3687580025608195,
    0.3687580025608195,
    0.3687580025608195,
    0.2817037260942069,
    0.2817037260942069,
    0.6705014307035668,
    0.6705014307035668,
    0.6705014307035668,
    0.8777473274664874,
    0.8777473274664874,
    0.8777473274664874,
    0.8777473274664874,
    0.8777473274664874,
    0.8426374343678279
  ],
  "v26_difficulty": [
    1.0,
    1.0,
    1.0,
    1.0,
    1.0,
    1.0,
    1.0,
    1.0,
    1.0,
    1.0,
    1.0,
    0.4675324675324675,
    0.4675324675324675,
    0.4675324675324675,
    0.4675324675324675,
    0.5364515962125525,
    0.5364515962125525,
    0.5364515962125525,
    0.5364515962125525,
    0.5364515962125525,
    0.5272971321133622,
    0.5272971321133622,
    0.5272971321133622,
    0.5272971321133622,
    0.5272971321133622,
    0.5272971321133622,
    0.5272971321133622,
    0.5272971321133622,
    0.5272971321133622,
    0.5272971321133622,
    0.5272971321133622
  ],
  "v27_chainwork": [
    0.0,
    9.0,
    20.0,
    30.0,
    41.0,
    53.0,
    64.0,
    77.0,
    88.0,
    102.0,
    116.0,
    125.0,
    133.0,
    144.73751600512162,
    152.85019206145944,
    163.17541613316212,
    171.65685019206074,
    180.875800256081,
    189.72599231754043,
    195.25736235595258,
    209.21441259080754,
    234.5677479392862,
    256.44052898602195,
    285.94259193697826,
    310.7511448730097,
    338.6074315849664,
    361.4288620990945,
    387.76128192308846,
    414.9714490745489,
    442.18161622600934,
    460.6143101028051
  ],
  "v26_chainwork": [
    0.0,
    15.0,
    29.0,
    39.0,
    52.0,
    66.0,
    77.0,
    92.0,
    110.0,
    127.0,
    141.0,
    157.55844155844147,
    172.9870129870128,
    187.94805194805167,
    204.31168831168793,
    219.9079008640756,
    238.68370673151463,
    255.3137062141035,
    271.4072541004798,
    285.35499560200594,
    299.11964782154814,
    299.11964782154814,
    299.6469449536615,
    299.6469449536615,
    300.17424208577484,
    300.17424208577484,
    300.17424208577484,
    300.17424208577484,
    300.17424208577484,
    300.17424208577484,
    300.17424208577484
  ],
  "v27_fee_rate": [
    1.0,
    1.0,
    0.007533103934418018,
    0.007533103934418018,
    0.007533103934418018,
    0.007533103934418018,
    0.007533103934418018,
    0.007533103934418018,
    0.007533103934418018,
    0.007533103934418018,
    0.007533103934418018,
    0.009567041996710882,
    0.009567041996710882,
    0.009567041996710882,
    0.0035279232971225792,
    0.0035279232971225792,
    0.0035279232971225792,
    0.0035279232971225792,
    0.0035279232971225792,
    0.0035279232971225792,
    0.0035279232971225792,
    0.0009357886729768111,
    0.0009357886729768111,
    0.002227331717498526,
    0.002227331717498526,
    0.002227331717498526,
    0.002915779702907161,
    0.002915779702907161,
    0.002915779702907161,
    0.002915779702907161,
    0.002915779702907161
  ],