{
  "blocks_mined": {
    "v27": 1355,
    "v26": 980
  },
  "total_blocks": 2335,
  "final_hashrate": {
    "v27": 50.5,
    "v26": 35.9
  },
  "final_economic": {
    "v27": 56.737060138721,
    "v26": 43.262939861279
  },
  "final_prices": {
    "v27": 61408.38375256544,
    "v26": 57938.81624743457
  }
}