{
  "timestamps": [
    0,
    60,
    120,
    180,
    240,
    300,
    361,
    421,
    481,
    542,
    602,
    663,
    723,
    784,
    844,
    904,
    965,
    1025,
    1085,
    1145,
    1206,
    1266,
    1326,
    1387,
    1447,
    1507,
    1568,
    1628,
    1688,
    1748,
    1800
  ],
  "v27_price": [
    60000,
    60000,
    59856.0,
    60183.27272727273,
    59856.0,
    59406.0,
    59684.57142857143,
    59856.0,
    60096.0,
    59958.857142857145,
    59939.72093023256,
    59568.0,
    59598.857142857145,
    59406.0,
    59341.71428571428,
    59369.51351351351,
    59263.59493670887,
    59119.63636363636,
    59166.63829787234,
    59237.818181818184,
    59237.818181818184,
    59232.92307692308,
    59322.666666666664,
    59304.648648648654,
    59256.0,
    59374.11023622048,
    59395.84962406015,
    59386.434782608696,
    59327.32867132867,
    59369.51351351351,
    59429.68421052632
  ],
  "v26_price": [
    60000,
    60000,
    59856.0,
    59528.72727272727,
    59856.0,
    60306.00000000001,
    60027.42857142857,
    59856.0,
    59616.0,
    59753.142857142855,
    59772.27906976744,
    60144.0,
    60113.142857142855,
    60306.00000000001,
    60370.285714285725,
    60342.48648648649,
    60448.40506329114,
    60592.36363636363,
    60545.361702127666,
    60474.181818181816,
    60474.181818181816,
    60479.07692307693,
    60389.33333333333,
    60407.351351351346,
    60456.0,
    60337.88976377953,
    60316.150375939855,
    60325.565217391304,
    60384.67132867133,
    60342.48648648649,
    60282.31578947369
  ],
  "v27_hashrate": [
    47.0,
    47.0,
    47.0,
    47.0,
    47.0,
    47.0,
    47.0,
    47.0,
    47.0,
    47.0,
    47.0,
    47.0,
    47.0,
    47.0,
    47.0,
    47.0,
    47.0,
    47.0,
    47.0,
    47.0,
    47.0,
    47.0,
    47.0,
    47.0,
    47.0,
    47.0,
    47.0,
    47.0,
    47.0,
    47.0,
    47.0
  ],
  "v26_hashrate": [
    47.0,
    47.0,
    47.0,
    47.0,
    47.0,
    47.0,
    47.0,
    47.0,
    47.0,
    47.0,
    47.0,
    47.0,
    47.0,
    47.0,
    47.0,
    47.0,
    47.0,
    47.0,
    47.0,
    47.0,
    47.0,
    47.0,
    47.0,
    47.0,
    47.0,
    47.0,
    47.0,
    47.0,
    47.0,
    47.0,
    47.0
  ],
  "v27_economic": [
    50.0,
    50.0,
    50.0,
    50.0,
    50.0,
    50.0,
    50.0,
    50.0,
    50.0,
    50.0,
    50.0,
    50.0,
    50.0,
    50.0,
    50.0,
    50.0,
    50.0,
    50.0,
    50.0,
    50.0,
    50.0,
    50.0,
    50.0,
    50.0,
    50.0,
    50.0,
    50.0,
    50.0,
    50.0,
    50.0,
    50.0
  ],
  "v26_economic": [
    50.0,
    50.0,
    50.0,
    50.0,
    50.0,
    50.0,
    50.0,
    50.0,
    50.0,
    50.0,
    50.0,
    50.0,
    50.0,
    50.0,
    50.0,
    50.0,
    50.0,
    50.0,
    50.0,
    50.0,
    50.0,
    50.0,
    50.0,
    50.0,
    50.0,
    50.0,
    50.0,
    50.0,
    50.0,
    50.0,
    50.0
  ],
  "v27_blocks": [
    0,
    3,
    6,
    7,
    7,
    10,
    12,
    16,
    18,
    22,
    23,
    26,
    28,
    30,
    32,
    33,
    35,
    38,
    41,
    41,
    43,
    46,
    47,
    50,
    55,
    58,
    60,
    61,
    64,
    67,
    70
  ],
  "v26_blocks": [
    0,
    3,
    5,
    7,
    9,
    11,
    12,
    14,
    17,
    21,
    27,
    30,
    36,
    40,
    42,
    46,
    53,
    56,
    58,
    58,
    61,
    62,
    64,
    70,
    72,
    75,
    78,
    82,
    84,
    85,
    87
  ],
  "v27_difficulty": [
    1.0,
    1.0,
    1.0,
    1.0,
    1.0,
    1.0,
    1.0,
    1.0,
    1.0,
    1.0,
    1.0,
    1.0,
    1.0,
    1.0,
    1.0,
    1.0,
    1.0,
    1.0,
    1.0,
    1.0,
    1.0,
    1.0,
    1.0,
    1.0,
    1.0,
    1.0,
    1.0,
    1.0,
    1.0,
    1.0,
    1.0
  ],
  "v26_difficulty": [
    1.0,
    1.0,
    1.0,
    1.0,
    1.0,
    1.0,
    1.0,
    1.0,
    1.0,
    1.0,
    1.0,
    1.0,
    1.0,
    1.0,
    1.0,
    1.0,
    1.0,
    1.0,
    1.0,
    1.0,
    1.0,
    1.0,
    1.0,
    1.0,
    1.0,
    1.0,
    1.0,
    1.0,
    1.0,
    1.0,
    1.0
  ],
  "v27_chainwork": [
    0.0,
    3.0,
    6.0,
    7.0,
    7.0,
    10.0,
    12.0,
    16.0,
    18.0,
    22.0,
    23.0,
    26.0,
    28.0,
    30.0,
    32.0,
    33.0,
    35.0,
    38.0,
    41.0,
    41.0,
    43.0,
    46.0,
    47.0,
    50.0,
    55.0,
    58.0,
    60.0,
    61.0,
    64.0,
    67.0,
    70.0
  ],
  "v26_chainwork": [
    0.0,
    3.0,
    5.0,
    7.0,
    9.0,
    11.0,
    12.0,
    14.0,
    17.0,
    21.0,
    27.0,
    30.0,
    36.0,
    40.0,
    42.0,
    46.0,
    53.0,
    56.0,
    58.0,
    58.0,
    61.0,
    62.0,
    64.0,
    70.0,
    72.0,
    75.0,
    78.0,
    82.0,
    84.0,
    85.0,
    87.0
  ],
  "v27_fee_rate": [
    1.0,
    1.0,
    0.035460992907801414,
    0.035460992907801414,
    0.035460992907801414,
    0.035460992907801414,
    0.035460992907801414,
    0.035460992907801414,
    0.035460992907801414,
    0.035460992907801414,
    0.035460992907801414,
    0.035460992907801414,
    0.035460992907801414,
    0.035460992907801414,
    0.035460992907801414,
    0.035460992907801414,
    0.035460992907801414,
    0.035460992907801414,
    0.035460992907801414,
    0.035460992907801414,
    0.035460992907801414,
    0.035460992907801414,
    0.035460992907801414,
    0.035460992907801414,
    0.035460992907801414,
    0.035460992907801414,
    0.035460992907801414,
    0.035460992907801414,
    0.035460992907801414,
    0.035460992907801414,
    0.035460992907801414
  ],
  "v26_fee_rate": [
    1.0,
    1.0,
    0.035460992907801414,
    0.035460992907801414,
    0.035460992907801414,
    0.035460992907801414,
    0.035460992907801414,
    0.035460992907801414,
    0.035460992907801414,
    0.035460992907801414,
    0.035460992907801414,
    0.035460992907801414,
    0.035460992907801414,
    0.035460992907801414,
    0.035460992907801414,
    0.035460992907801414,
    0.035460992907801414,
    0.035460992907801414,
    0.035460992907801414,
    0.035460992907801414,
    0.035460992907801414,
    0.035460992907801414,
    0.035460992907801414,
    0.035460992907801414,
    0.035460992907801414,
    0.035460992907801414,
    0.035460992907801414,
    0.035460992907801414,
    0.035460992907801414,
    0.035460992907801414,
    0.035460992907801414
  ],
  "v27_fee_revenue_btc": [
    0.01,
    0.01,
    0.00035460992907801415,
    0.00035460992907801415,
    0.00035460992907801415,
    0.00035460992907801415,
    0.00035460992907801415,
    0.00035460992907801415,
    0.00035460992907801415,
    0.00035460992907801415,
    0.00035460992907801415,
    0.00035460992907801415,
    0.00035460992907801415,
    0.00035460992907801415,
    0.00035460992907801415,
    0.00035460992907801415,
    0.00035460992907801415,
    0.00035460992907801415,
    0.00035460992907801415,
    0.00035460992907801415,
    0.00035460992907801415,
    0.00035460992907801415,
    0.00035460992907801415,
    0.00035460992907801415,
    0.00035460992907801415,
    0.00035460992907801415,
    0.00035460992907801415,
    0.00035460992907801415,
    0.00035460992907801415,
    0.00035460992907801415,
    0.00035460992907801415
  ],