{
  "blocks_mined": {
    "v27": 320,
    "v26": 67
  },
  "total_blocks": 387,
  "final_hashrate": {
    "v27": 86.4,
    "v26": 0.0
  },
  "final_economic": {
    "v27": 100.0,
    "v26": 0.0
  },
  "final_prices": {
    "v27": 70167.88965517242,
    "v26": 49179.31034482759
  }
}