{
  "blocks_mined": {
    "v27": 0,
    "v26": 0
  },
  "total_blocks": 0,
  "final_hashrate": {
    "v27": 58.599999999999994,
    "v26": 27.799999999999997
  },
  "final_economic": {
    "v27": 84.80049258860986,
    "v26": 15.199507411390146
  },
  "final_prices": {
    "v27": 60000,
    "v26": 60000
  }
}