{
  "config": {
    "base_price": 60000,
    "max_divergence": 0.2,
    "coefficients": {
      "chain_weight": 0.3,
      "economic_weight": 0.5,
      "hashrate_weight": 0.2
    }
  },
  "current_prices": {
    "v27": 54023.25513503016,
    "v26": 65898.50486496984
  },
  "timeline": {
    "timestamps": [
      1772190016.2898011,
      1772190077.0161164,
      1772190077.0161264,
      1772190137.346851,
      1772190137.34686,
      1772190197.538735,
      1772190197.5387414,
      1772190258.0546267,
      1772190258.0546324,
      1772190318.1494384,
      1772190318.1494439,
      1772190378.7372923,
      1772190378.7372992,
      1772190439.2091866,
      1772190439.2091954,
      1772190499.7744825,
      1772190499.774488,
      1772190560.3090737,
      1772190560.3090813,
      1772190620.7871754,
      1772190620.787185,
      1772190681.31248,
      1772190681.3124895,
      1772190741.8904543,
      1772190741.89046,
      1772190802.3840723,
      1772190802.384084,
      1772190863.0050502,
      1772190863.005058,
      1772190923.4802952,
      1772190923.4803011,
      1772190984.0098412,
      1772190984.009847,
      1772191044.506615,
      1772191044.5066228,
      1772191105.049958,
      1772191105.0499635,
      1772191165.7191734,
      1772191165.7191787,
      1772191226.2468035,
      1772191226.2468085,
      1772191286.8304565,
      1772191286.8304617,
      1772191347.5873423,
      1772191347.5873501,
      1772191407.9649243,
      1772191407.9649303,
      1772191468.3308117,
      1772191468.330817,
      1772191529.0066738,
      1772191529.006682,
      1772191589.7361689,
      1772191589.7361805,
      1772191650.3047228,
      1772191650.3047278,
      1772191710.9201686,
      1772191710.920174,
      1772191771.053033,
      1772191771.0530388
    ],
    "v27_prices": [
      60000,
      54014.652984492524,
      54014.652984492524,
      54014.652984492524,
      54014.652984492524,
      54014.652984492524,
      54014.652984492524,
      54014.652984492524,
      54014.652984492524,
      54014.652984492524,
      54014.652984492524,
      54014.652984492524,
      54014.652984492524,
      54014.652984492524,
      54014.652984492524,
      54014.652984492524,
      54014.652984492524,
      54014.652984492524,
      54014.652984492524,
      54014.652984492524,
      54014.652984492524,
      54014.652984492524,
      54014.652984492524,
      54014.652984492524,
      54014.652984492524,
      54014.652984492524,
      54014.652984492524,
      54014.652984492524,
      54014.652984492524,
      54014.652984492524,
      54014.652984492524,
      54014.652984492524,
      54014.652984492524,
      54014.652984492524,
      54014.652984492524,
      54014.652984492524,
      54014.652984492524,
      54014.652984492524,
      54014.652984492524,
      54014.652984492524,
      54014.652984492524,
      54014.652984492524,
      54014.652984492524,
      54014.652984492524,
      54014.652984492524,
      54014.652984492524,
      54014.652984492524,
      54025.27245351907,
      54025.27245351907,
      54024.76534404309,
      54024.76534404309,
      54024.27865294172,
      54024.27865294172,
      54023.93133500798,
      54023.93133500798,
      54023.56387558163,
      54023.56387558163,
      54023.25513503016,
      54023.25513503016
    ],
    "v26_prices": [
      60000,
      60000,
      65907.10701550748,
      65907.10701550748,
      65907.10701550748,
      65907.10701550748,
      65907.10701550748,
      65907.10701550748,
      65907.10701550748,
      65907.10701550748,
      65907.10701550748,
      65907.10701550748,
      65907.10701550748,
      65907.10701550748,
      65907.10701550748,
      65907.10701550748,
      65907.10701550748,
      65907.10701550748,
      65907.10701550748,
      65907.10701550748,
      65907.10701550748,
      65907.10701550748,
      65907.10701550748,
      65907.10701550748,
      65907.10701550748,
      65907.10701550748,
      65907.10701550748,
      65907.10701550748,
      65907.10701550748,
      65907.10701550748,
      65907.10701550748,
      65907.10701550748,
      65907.10701550748,
      65907.10701550748,
      65907.10701550748,
      65907.10701550748,
      65907.10701550748,
      65907.10701550748,
      65907.10701550748,
      65907.10701550748,
      65907.10701550748,
      65907.10701550748,
      65907.10701550748,
      65907.10701550748,
      65907.10701550748,
      65907.10701550748,
      65907.10701550748,
      65907.10701550748,
      65896.48754648093,
      65896.48754648093,
      65896.99465595692,
      65896.99465595692,
      65897.48134705829,
      65897.48134705829,
      65897.82866499202,
      65897.82866499202,
      65898.19612441838,
      65898.19612441838,
      65898.50486496984
    ]
  },
  "history": [
    {
      "timestamp": 1772190016.2898011,
      "chain_id": "v27",
      "price": 60000,
      "metadata": {
        "initial": true
      }
    },
    {
      "timestamp": 1772190016.2898011,
      "chain_id": "v26",
      "price": 60000,
      "metadata": {
        "initial": true
      }
    },
    {
      "timestamp": 1772190077.0161164,
      "chain_id": "v27",
      "price": 54014.652984492524,
      "metadata": {
        "fork_sustained": true,
        "fork_depth": 24
      }
    },
    {
      "timestamp": 1772190077.0161264,
      "chain_id": "v26",
      "price": 65907.10701550748,
      "metadata": {
        "fork_sustained": true,
        "fork_depth": 24
      }
    },
    {
      "timestamp": 1772190137.346851,
      "chain_id": "v27",
      "price": 54014.652984492524,
      "metadata": {
        "fork_sustained": true,
        "fork_depth": 55
      }
    },
    {
      "timestamp": 1772190137.34686,
      "chain_id": "v26",
      "price": 65907.10701550748,
      "metadata": {
        "fork_sustained": true,
        "fork_depth": 55
      }
    },
    {
      "timestamp": 1772190197.538735,
      "chain_id": "v27",
      "price": 54014.652984492524,
      "metadata": {
        "fork_sustained": true,
        "fork_depth": 88
      }
    },
    {
      "timestamp": 1772190197.5387414,
      "chain_id": "v26",
      "price": 65907.10701550748,
      "metadata": {
        "fork_sustained": true,
        "fork_depth": 88
      }
    },
    {
      "timestamp": 1772190258.0546267,
      "chain_id": "v27",
      "price": 54014.652984492524,
      "metadata": {
        "fork_sustained": true,
        "fork_depth": 116
      }
    },
    {
      "timestamp": 1772190258.0546324,
      "chain_id": "v26",
      "price": 65907.10701550748,
      "metadata": {
        "fork_sustained": true,
        "fork_depth": 116
      }
    },
    {
      "timestamp": 1772190318.1494384,
      "chain_id": "v27",
      "price": 54014.652984492524,
      "metadata": {
        "fork_sustained": true,
        "fork_depth": 143
      }
    },
    {
      "timestamp": 1772190318.1494439,
      "chain_id": "v26",
      "price": 65907.10701550748,
      "metadata": {
        "fork_sustained": true,
        "fork_depth": 143
      }
    },
    {
      "timestamp": 1772190378.7372923,
      "chain_id": "v27",
      "price": 54014.652984492524,
      "metadata": {
        "fork_sustained": true,
        "fork_depth": 164
      }
    },
    {
      "timestamp": 1772190378.7372992,
      "chain_id": "v26",
      "price": 65907.10701550748,
      "metadata": {
        "fork_sustained": true,
        "fork_depth": 164
      }
    },
    {
      "timestamp": 1772190439.2091866,
      "chain_id": "v27",
      "price": 54014.652984492524,
      "metadata": {
        "fork_sustained": true,
        "fork_depth": 189
      }
    },
    {
      "timestamp": 1772190439.2091954,
      "chain_id": "v26",
      "price": 65907.10701550748,
      "metadata": {
        "fork_sustained": true,
        "fork_depth": 189
      }
    },
    {
      "timestamp": 1772190499.7744825,
      "chain_id": "v27",