{
  "timestamps": [
    0,
    60,
    121,
    181,
    242,
    302,
    363,
    423,
    483,
    544,
    604,
    665,
    725,
    786,
    846,
    907,
    968,
    1029,
    1089,
    1149,
    1210,
    1271,
    1331,
    1392,
    1452,
    1513,
    1574,
    1634,
    1695,
    1755,
    1816,
    1876,
    1936,
    1997,
    2057,
    2118,
    2178,
    2238,
    2299,
    2359,
    2419,
    2480,
    2500
  ],
  "v27_price": [
    60000,
    60000,
    61192.20923076923,
    61032.62644067797,
    61166.14588235295,
    60857.99172413794,
    61011.439999999995,
    61056.17684210527,
    60911.19369458128,
    61032.62644067797,
    60951.762508615364,
    62863.67185447443,
    63095.538630260635,
    63329.52156473145,
    63506.12830040874,
    63680.62688827864,
    63838.459827902785,
    63964.821169632385,
    64065.313596023174,
    64174.94932168037,
    64263.95358512616,
    64359.476188677334,
    64446.4630553451,
    64518.701335745915,
    64552.35412762619,
    64616.135576290675,
    64678.07039005719,
    64733.87301659242,
    64774.74235257775,
    64815.61826596528,
    64854.94690913226,
    64894.04246090632,
    64928.307953586154,
    64958.28979333056,
    64983.5701998991,
    65005.68408540955,
    65030.92297904694,
    65053.78547736491,
    65076.23339015206,
    65096.85625553531,
    65120.444484000946,
    65137.11205056712,
    65156.100635036135
  ],
  "v26_price": [
    60000,
    60000,
    58729.55076923077,
    58889.133559322036,
    58755.614117647056,
    59063.768275862065,
    58910.32000000001,
    58865.58315789473,
    59010.566305418724,
    58889.133559322036,
    58969.99749138464,
    57058.08814552558,
    56826.221369739374,
    56592.238435268555,
    56415.631699591264,
    56241.133111721356,
    56083.300172097224,
    55956.93883036762,
    55856.44640397682,
    55746.81067831964,
    55657.80641487384,
    55562.283811322675,
    55475.29694465491,
    55403.05866425408,
    55369.405872373805,
    55305.62442370933,
    55243.68960994281,
    55187.88698340759,
    55147.01764742226,
    55106.14173403473,
    55066.81309086775,
    55027.717539093675,
    54993.45204641384,
    54963.47020666945,
    54938.1898001009,
    54916.07591459045,
    54890.83702095306,
    54867.97452263509,
    54845.52660984795,
    54824.90374446468,
    54801.31551599906,
    54784.64794943289,
    54765.659364963874
  ],
  "v27_hashrate": [
    57.53,
    57.53,
    57.53,
    57.53,
    57.53,
    57.53,
    57.53,
    57.53,
    57.53,
    57.53,
    98.36999999999999,
    98.36999999999999,
    98.36999999999999,
    98.36999999999999,
    98.36999999999999,
    98.36999999999999,
    98.36999999999999,
    98.36999999999999,
    98.36999999999999,
    98.36999999999999,
    98.36999999999999,
    98.36999999999999,
    98.36999999999999,
    98.36999999999999,
    98.36999999999999,
    98.36999999999999,
    98.36999999999999,
    98.36999999999999,
    98.36999999999999,
    98.36999999999999,
    98.36999999999999,
    98.36999999999999,
    98.36999999999999,
    98.36999999999999,
    98.36999999999999,
    98.36999999999999,
    98.36999999999999,
    98.36999999999999,
    98.36999999999999,
    98.36999999999999,
    98.36999999999999,
    98.36999999999999,
    98.36999999999999
  ],
  "v26_hashrate": [
    40.839999999999996,
    40.839999999999996,
    40.839999999999996,
    40.839999999999996,
    40.839999999999996,
    40.839999999999996,
    40.839999999999996,
    40.839999999999996,
    40.839999999999996,
    40.839999999999996,
    0.0,
    0.0,
    0.0,
    0.0,
    0.0,
    0.0,
    0.0,
    0.0,
    0.0,
    0.0,
    0.0,
    0.0,
    0.0,
    0.0,
    0.0,
    0.0,
    0.0,
    0.0,
    0.0,
    0.0,
    0.0,
    0.0,
    0.0,
    0.0,
    0.0,
    0.0,
    0.0,
    0.0,
    0.0,
    0.0,
    0.0,
    0.0,
    0.0
  ],
  "v27_economic": [
    50.0,
    50.0,
    50.0,
    50.0,
    50.0,
    50.0,
    50.0,
    50.0,
    50.0,
    50.0,
    50.0,
    50.0,
    50.0,
    50.0,
    50.0,
    50.0,
    50.0,
    50.0,
    50.0,
    50.0,
    50.0,
    50.0,
    50.0,
    50.0,
    50.0,
    50.0,
    50.0,
    50.0,
    50.0,
    50.0,
    50.0,
    50.0,
    50.0,
    50.0,
    50.0,
    50.0,
    50.0,
    50.0,
    50.0,
    50.0,
    50.0,
    50.0,
    50.0
  ],
  "v26_economic": [
    50.0,
    50.0,
    50.0,
    50.0,
    50.0,
    50.0,
    50.0,
    50.0,
    50.0,
    50.0,
    50.0,
    50.0,
    50.0,
    50.0,
    50.0,
    50.0,
    50.0,
    50.0,
    50.0,
    50.0,
    50.0,
    50.0,
    50.0,
    50.0,
    50.0,
    50.0,
    50.0,
    50.0,
    50.0,
    50.0,
    50.0,
    50.0,
    50.0,
    50.0,
    50.0,
    50.0,
    50.0,
    50.0,
    50.0,
    50.0,
    50.0,
    50.0,
    50.0
  ],
  "v27_blocks": [
    0,
    16,
    35,
    52,
    66,
    85,
    102,
    117,
    140,
    167,
    190,
    232,
    282,
    319,
    360,
    403,
    440,
    467,
    500,
    530,
    566,
    602,
    635,
    656,
    690,
    726,
    760,
    787,
    816,
    846,
    878,
    908,
    936,
    961,
    984,
    1012,
    1041,
    1071,
    1100,
    1135,
    1161,
    1192,
    1201
  ],
  "v26_blocks": [
    0,
    10,
    24,
    33,
    50,
    59,
    69,
    86,
    96,
    113,
    126,
    126,
    126,
    126,
    126,
    126,
    126,
    126,
    126,
    126,
    126,
    126,
    126,
    127,
    127,
    127,
    127,
    127,
    127,
    127,
    127,
    127,
    127,
    127,
    127,
    127,
    127,
    127,
    127,
    127,
    127,
    127,
    127
  ],
  "v27_difficulty": [
    1.0,
    1.0,
    1.0,
    1.0,
    1.0,
    1.0,
    1.0,
    1.0,
    1.0,
    0.579476861167002,
    0.579476861167002,
    0.579476861167002,
    0.579476861167002,
    0.7132022906670795,
    0.7132022906670795,
    0.7132022906670795,
    0.9294219896475968,
    0.9294219896475968,
    0.9294219896475968,
    0.9294219896475968,
    0.9294219896475968,
    0.959403344152358,
    0.959403344152358,
    0.959403344152358,
    0.959403344152358,
    1.0158388349848495,
    1.0158388349848495,
    1.0158388349848495,
    1.0158388349848495,
    1.0158388349848495,
    1.0229426030616666,
    1.0229426030616666,
    1.0229426030616666,
    1.0229426030616666,
    1.0229426030616666,
    0.9323021192460759,
    0.9323021192460759,
    0.9323021192460759,
    0.9323021192460759,
    0.9323021192460759,
    0.9323021192460759,
    0.9323021192460759,
    0.9323021192460759
  ],
  "v26_difficulty": [
    1.0,
    1.0,
    1.0,
    1.0,
    1.0,
    1.0,
    1.0,
    1.0,
    1.0,
    1.0,
    1.0,
    1.0,
    1.0,
    1.0,
    1.0,
    1.0,
    1.0,
    1.0,
    1.0,
    1.0,
    1.0,
    1.0,
    1.0,
    1.0,
    1.0,
    1.0,
    1.0,
    1.0,
    1.0,
    1.0,
    1.0,
    1.0,
    1.0,
    1.0,
    1.0,
    1.0,
    1.0,
    1.0,
    1.0,
    1.0,
    1.0,
    1.0,
    1.0
  ],
  "v27_chainwork": [
    0.0,
    16.0,
    35.0,
    52.0,
    66.0,
    85.0,
    102.0,
    117.0,
    140.0,
    157.3279678068409,
    170.65593561368178,
    194.99396378269557,
    223.96780684104533,
    249.5539390187269,
    278.79523293607735,
    309.46293143476197,
    337.58117378128827,
    362.6755675017737,
    393.34649316014475,
    421.229152849573,
    454.68834447688687,
    488.92705132132403,
    520.5873616783521,
    540.7348319055526,
    573.3545456067344,
    608.2316789412156,
    642.7701993306999,
    670.1978478752904,
    699.6571740898506,
    730.1323391393956,
    762.738634611986,
    793.4269127038359,
    822.0693055895625,
    847.6428706661042,
    871.1705505365225,
    899.4503814869867,
    926.4871429451224,
    954.4562065225042,
    981.49296798064,
    1014.123542154252,
    1038.3633972546497,
    1067.2647629512776,
    1075.6554820244921
  ],