{
  "blocks_mined": {
    "v27": 91,
    "v26": 87
  },
  "total_blocks": 178,
  "final_hashrate": {
    "v27": 50.5,
    "v26": 35.9
  },
  "final_economic": {
    "v27": 62.14929353977099,
    "v26": 37.850706460229006
  },
  "final_prices": {
    "v27": 61100.09704295435,
    "v26": 58247.10295704566
  }
}