{
  "blocks_mined": {
    "v27": 132,
    "v26": 116
  },
  "total_blocks": 248,
  "final_hashrate": {
    "v27": 50.5,
    "v26": 35.9
  },
  "final_economic": {
    "v27": 50.12210820410434,
    "v26": 49.87789179589566
  },
  "final_prices": {
    "v27": 60472.16083789567,
    "v26": 58875.039162104345
  }
}