{
  "blocks_mined": {
    "v27": 10,
    "v26": 633
  },
  "total_blocks": 643,
  "final_hashrate": {
    "v27": 0.0,
    "v26": 86.4
  },
  "final_economic": {
    "v27": 0.0,
    "v26": 100.0
  },
  "final_prices": {
    "v27": 48106.4039408867,
    "v26": 71240.79605911332
  }
}