{
  "config": {
    "base_price": 60000,
    "max_divergence": 0.2,
    "coefficients": {
      "chain_weight": 0.3,
      "economic_weight": 0.5,
      "hashrate_weight": 0.2
    }
  },
  "current_prices": {
    "v27": 67680.1614875417,
    "v26": 52241.5985124583
  },
  "timeline": {
    "timestamps": [
      1771173499.765821,
      1771173560.4875472,
      1771173560.4875584,
      1771173620.631703,
      1771173620.6317394,
      1771173680.836579,
      1771173680.8366096,
      1771173740.8770301,
      1771173740.8770745,
      1771173800.8885648,
      1771173800.8885858,
      1771173861.5596304,
      1771173861.55965,
      1771173922.0439794,
      1771173922.0439885,
      1771173982.4445395,
      1771173982.4445546,
      1771174042.973884,
      1771174042.9739056,
      1771174103.5598648,
      1771174103.559898,
      1771174163.8594763,
      1771174163.8595064,
      1771174224.085181,
      1771174224.0852034,
      1771174285.0447283,
      1771174285.0447617,
      1771174345.3891654,
      1771174345.3892026,
      1771174405.994774,
      1771174405.9947953,
      1771174466.2577267,
      1771174466.2577405,
      1771174526.829902,
      1771174526.8299232,
      1771174587.1807737,
      1771174587.1807826,
      1771174647.3336368,
      1771174647.3336568
    ],
    "v27_prices": [
      60000,
      60000,
      60000,
      66110.62564595755,
      66110.62564595755,
      65390.62564595755,
      65390.62564595755,
      65390.62564595755,
      65390.62564595755,
      65750.62564595754,
      65750.62564595754,
      65390.62564595755,
      65390.62564595755,
      65739.71655504845,
      65739.71655504845,
      65722.93333826523,
      65722.93333826523,
      65685.171100503,
      65685.171100503,
      67099.10413652357,
      67099.10413652357,
      67241.74564595755,
      67241.74564595755,
      67293.17421738611,
      67293.17421738611,
      67382.61521117494,
      67382.61521117494,
      67446.06997028187,
      67446.06997028187,
      67521.74564595755,
      67521.74564595755,
      67550.31707452897,
      67550.31707452897,
      67593.6557583171,
      67593.6557583171,
      67639.64038279964,
      67639.64038279964,
      67680.1614875417,
      67680.1614875417
    ],
    "v26_prices": [
      60000,
      60000,
      60000,
      60000,
      53811.13435404246,
      53811.13435404246,
      54531.134354042464,
      54531.134354042464,
      54531.134354042464,
      54531.134354042464,
      54171.134354042464,
      54171.134354042464,
      54531.134354042464,
      54531.134354042464,
      54182.04344495155,
      54182.04344495155,
      54198.82666173477,
      54198.82666173477,
      54236.588899497,
      54236.588899497,
      52822.65586347642,
      52822.65586347642,
      52680.01435404246,
      52680.01435404246,
      52628.58578261389,
      52628.58578261389,
      52539.14478882507,
      52539.14478882507,
      52475.69002971814,
      52475.69002971814,
      52400.01435404246,
      52400.01435404246,
      52371.442925471034,
      52371.442925471034,
      52328.10424168291,
      52328.10424168291,
      52282.119617200355,
      52282.119617200355,
      52241.5985124583
    ]
  },
  "history": [
    {
      "timestamp": 1771173499.765821,
      "chain_id": "v27",
      "price": 60000,
      "metadata": {
        "initial": true
      }
    },
    {
      "timestamp": 1771173499.765821,
      "chain_id": "v26",
      "price": 60000,
      "metadata": {
        "initial": true
      }
    },
    {
      "timestamp": 1771173560.4875472,
      "chain_id": "v27",
      "price": 60000,
      "metadata": {}
    },
    {
      "timestamp": 1771173560.4875584,
      "chain_id": "v26",
      "price": 60000,
      "metadata": {}
    },
    {
      "timestamp": 1771173620.631703,
      "chain_id": "v27",
      "price": 66110.62564595755,
      "metadata": {
        "fork_sustained": true,
        "fork_depth": 10
      }
    },
    {
      "timestamp": 1771173620.6317394,
      "chain_id": "v26",
      "price": 53811.13435404246,
      "metadata": {
        "fork_sustained": true,
        "fork_depth": 10
      }
    },
    {
      "timestamp": 1771173680.836579,
      "chain_id": "v27",
      "price": 65390.62564595755,
      "metadata": {
        "fork_sustained": true,
        "fork_depth": 15
      }
    },
    {
      "timestamp": 1771173680.8366096,
      "chain_id": "v26",
      "price": 54531.134354042464,
      "metadata": {
        "fork_sustained": true,
        "fork_depth": 15
      }
    },
    {
      "timestamp": 1771173740.8770301,
      "chain_id": "v27",
      "price": 65390.62564595755,
      "metadata": {
        "fork_sustained": true,
        "fork_depth": 15
      }
    },
    {
      "timestamp": 1771173740.8770745,
      "chain_id": "v26",
      "price": 54531.134354042464,
      "metadata": {
        "fork_sustained": true,
        "fork_depth": 15
      }
    },
    {
      "timestamp": 1771173800.8885648,
      "chain_id": "v27",
      "price": 65750.62564595754,
      "metadata": {
        "fork_sustained": true,
        "fork_depth": 20
      }
    },
    {
      "timestamp": 1771173800.8885858,
      "chain_id": "v26",
      "price": 54171.134354042464,
      "metadata": {
        "fork_sustained": true,
        "fork_depth": 20
      }
    },
    {
      "timestamp": 1771173861.5596304,
      "chain_id": "v27",
      "price": 65390.62564595755,
      "metadata": {
        "fork_sustained": true,
        "fork_depth": 25
      }
    },
    {
      "timestamp": 1771173861.55965,
      "chain_id": "v26",
      "price": 54531.134354042464,
      "metadata": {
        "fork_sustained": true,
        "fork_depth": 25
      }
    },
    {
      "timestamp": 1771173922.0439794,
      "chain_id": "v27",
      "price": 65739.71655504845,
      "metadata": {
        "fork_sustained": true,
        "fork_depth": 33
      }
    },
    {
      "timestamp": 1771173922.0439885,
      "chain_id": "v26",
      "price": 54182.04344495155,
      "metadata": {
        "fork_sustained": true,
        "fork_depth": 33
      }
    },
    {
      "timestamp": 1771173982.4445395,
      "chain_id": "v27",
      "price": 65722.93333826523,
      "metadata": {
        "fork_sustained": true,
        "fork_depth": 39
      }
    },
    {
      "timestamp": 1771173982.4445546,
      "chain_id": "v26",
      "price": 54198.82666173477,
      "metadata": {
        "fork_sustained": true,
        "fork_depth": 39
      }
    },
    {
      "timestamp": 1771174042.973884,
      "chain_id": "v27",
      "price": 65685.171100503,
      "metadata": {
        "fork_sustained": true,
        "fork_depth": 44
      }
    },
    {
      "timestamp": 1771174042.9739056,
      "chain_id": "v26",
      "price": 54236.588899497,
      "metadata": {
        "fork_sustained": true,
        "fork_depth": 44
      }
    },
    {
      "timestamp": 1771174103.5598648,
      "chain_id": "v27",
      "price": 67099.10413652357,
      "metadata": {
        "fork_sustained": true,
        "fork_depth": 53
      }
    },
    {
      "timestamp": 1771174103.559898,
      "chain_id": "v26",
      "price": 52822.65586347642,
      "metadata": {
        "fork_sustained": true,
        "fork_depth": 53
      }
    },
    {
      "timestamp": 1771174163.8594763,
      "chain_id": "v27",
      "price": 67241.74564595755,
      "metadata": {
        "fork_sustained": true,
        "fork_depth": 60
      }
    },
    {
      "timestamp": 1771174163.8595064,
      "chain_id": "v26",
      "price": 52680.01435404246,
      "metadata": {
        "fork_sustained": true,
        "fork_depth": 60
      }
    },
    {
      "timestamp": 1771174224.085181,
      "chain_id": "v27",
      "price": 67293.17421738611,
      "metadata": {
        "fork_sustained": true,
        "fork_depth": 63
      }
    },
    {
      "timestamp": 1771174224.0852034,
      "chain_id": "v26",