{
  "blocks_mined": {
    "v27": 103,
    "v26": 9
  },
  "total_blocks": 112,
  "final_hashrate": {
    "v27": 98.36999999999999,
    "v26": 0.0
  },
  "final_economic": {
    "v27": 69.99988038297951,
    "v26": 30.000119617020477
  },
  "final_prices": {
    "v27": 67680.1614875417,
    "v26": 52241.5985124583
  }
}