{
  "blocks_mined": {
    "v27": 148,
    "v26": 45
  },
  "total_blocks": 193,
  "final_hashrate": {
    "v27": 86.4,
    "v26": 0.0
  },
  "final_economic": {
    "v27": 100.0,
    "v26": 0.0
  },
  "final_prices": {
    "v27": 69821.37218543046,
    "v26": 49525.827814569544
  }
}