{
  "blocks_mined": {
    "v27": 4226,
    "v26": 809
  },
  "total_blocks": 5035,
  "final_hashrate": {
    "v27": 86.4,
    "v26": 0.0
  },
  "final_economic": {
    "v27": 56.73741253525133,
    "v26": 43.26258746474866
  },
  "final_prices": {
    "v27": 64604.01592502485,
    "v26": 54743.184074975165
  }
}