{
  "blocks_mined": {
    "v27": 3841,
    "v26": 1481
  },
  "total_blocks": 5322,
  "final_hashrate": {
    "v27": 86.4,
    "v26": 0.0
  },
  "final_economic": {
    "v27": 56.737060138721,
    "v26": 43.262939861279
  },
  "final_prices": {
    "v27": 63591.03314510458,
    "v26": 55756.16685489541
  }
}