{
  "timestamps": [
    0,
    60,
    120,
    181,
    241,
    302,
    362,
    422,
    483,
    543,
    604,
    664,
    725,
    786,
    847,
    907,
    968,
    1029,
    1089,
    1150,
    1210,
    1271,
    1331,
    1391,
    1451,
    1512,
    1572,
    1633,
    1694,
    1755,
    1816,
    1876,
    1936,
    1997,
    2057,
    2118,
    2178,
    2239,
    2299,
    2360,
    2421,
    2482,
    2500
  ],
  "v27_price": [
    60000,
    60000,
    54000.0,
    54000.0,
    54000.0,
    54000.0,
    54000.0,
    54000.0,
    54000.0,
    54000.0,
    54000.0,
    54000.0,
    54000.0,
    54000.0,
    54000.0,
    54000.0,
    54000.0,
    54000.0,
    54000.0,
    54000.0,
    54000.0,
    54000.0,
    54000.0,
    54000.0,
    54000.0,
    54010.716587813105,
    54010.18669137985,
    54009.68036582267,
    54009.3265854184,
    54008.98682593248,
    54008.663250605925,
    54008.329712175175,
    54008.07887370842,
    54007.82440225659,
    54007.602669128835,
    54007.4210139809,
    54007.2206322861,
    54007.00538256625,
    54006.82054354226,
    54006.66233469531,
    54006.468337771104,
    54006.30639861889,
    54006.15722106608
  ],
  "v26_price": [
    60000,
    60000,
    65921.76000000001,
    65921.76000000001,
    65921.76000000001,
    65921.76000000001,
    65921.76000000001,
    65921.76000000001,
    65921.76000000001,
    65921.76000000001,
    65921.76000000001,
    65921.76000000001,
    65921.76000000001,
    65921.76000000001,
    65921.76000000001,
    65921.76000000001,
    65921.76000000001,
    65921.76000000001,
    65921.76000000001,
    65921.76000000001,
    65921.76000000001,
    65921.76000000001,
    65921.76000000001,
    65921.76000000001,
    65921.76000000001,
    65911.04341218689,
    65911.57330862017,
    65912.07963417732,
    65912.43341458161,
    65912.77317406754,
    65913.09674939408,
    65913.43028782483,
    65913.68112629157,
    65913.9355977434,
    65914.15733087117,
    65914.33898601911,
    65914.5393677139,
    65914.75461743376,
    65914.93945645774,
    65915.0976653047,
    65915.29166222889,
    65915.4536013811,
    65915.60277893393
  ],
  "v27_hashrate": [
    0.0,
    0.0,
    0.0,
    0.0,
    0.0,
    0.0,
    0.0,
    0.0,
    0.0,
    0.0,
    0.0,
    0.0,
    0.0,
    0.0,
    0.0,
    0.0,
    0.0,
    0.0,
    0.0,
    0.0,
    0.0,
    0.0,
    0.0,
    0.0,
    0.0,
    0.0,
    0.0,
    0.0,
    0.0,
    0.0,
    0.0,
    0.0,
    0.0,
    0.0,
    0.0,
    0.0,
    0.0,
    0.0,
    0.0,
    0.0,
    0.0,
    0.0,
    0.0
  ],
  "v26_hashrate": [
    98.36999999999999,
    98.36999999999999,
    98.36999999999999,
    98.36999999999999,
    98.36999999999999,
    98.36999999999999,
    98.36999999999999,
    98.36999999999999,
    98.36999999999999,
    98.36999999999999,
    98.36999999999999,
    98.36999999999999,
    98.36999999999999,
    98.36999999999999,
    98.36999999999999,
    98.36999999999999,
    98.36999999999999,
    98.36999999999999,
    98.36999999999999,
    98.36999999999999,
    98.36999999999999,
    98.36999999999999,
    98.36999999999999,
    98.36999999999999,
    98.36999999999999,
    98.36999999999999,
    98.36999999999999,
    98.36999999999999,
    98.36999999999999,
    98.36999999999999,
    98.36999999999999,
    98.36999999999999,
    98.36999999999999,
    98.36999999999999,
    98.36999999999999,
    98.36999999999999,
    98.36999999999999,
    98.36999999999999,
    98.36999999999999,
    98.36999999999999,
    98.36999999999999,
    98.36999999999999,
    98.36999999999999
  ],
  "v27_economic": [
    50.0,
    50.0,
    50.0,
    50.0,
    50.0,
    50.0,
    50.0,
    50.0,
    50.0,
    50.0,
    50.0,
    50.0,
    50.0,
    50.0,
    50.0,
    50.0,
    50.0,
    50.0,
    50.0,
    50.0,
    50.0,
    50.0,
    50.0,
    50.0,
    50.0,
    50.0,
    50.0,
    50.0,
    50.0,
    50.0,
    50.0,
    50.0,
    50.0,
    50.0,
    50.0,
    50.0,
    50.0,
    50.0,
    50.0,
    50.0,
    50.0,
    50.0,
    50.0
  ],
  "v26_economic": [
    50.0,
    50.0,
    50.0,
    50.0,
    50.0,
    50.0,
    50.0,
    50.0,
    50.0,
    50.0,
    50.0,
    50.0,
    50.0,
    50.0,
    50.0,
    50.0,
    50.0,
    50.0,
    50.0,
    50.0,
    50.0,
    50.0,
    50.0,
    50.0,
    50.0,
    50.0,
    50.0,
    50.0,
    50.0,
    50.0,
    50.0,
    50.0,
    50.0,
    50.0,
    50.0,
    50.0,
    50.0,
    50.0,
    50.0,
    50.0,
    50.0,
    50.0,
    50.0
  ],
  "v27_blocks": [
    0,
    0,
    0,
    0,
    0,
    0,
    0,
    0,
    0,
    0,
    0,
    0,
    0,
    0,
    0,
    0,
    0,
    0,
    0,
    0,
    0,
    0,
    0,
    0,
    1,
    1,
    1,
    1,
    1,
    1,
    1,
    1,
    1,
    1,
    1,
    1,
    1,
    1,
    1,
    1,
    1,
    1,
    1
  ],
  "v26_blocks": [
    0,
    22,
    50,
    85,
    111,
    142,
    163,
    190,
    222,
    258,
    284,
    315,
    349,
    381,
    412,
    441,
    468,
    498,
    524,
    555,
    588,
    626,
    665,
    690,
    719,
    755,
    793,
    822,
    852,
    881,
    912,
    937,
    964,
    989,
    1011,
    1040,
    1073,
    1103,
    1130,
    1165,
    1196,
    1226,
    1234
  ],
  "v27_difficulty": [
    1.0,
    1.0,
    1.0,
    1.0,
    1.0,
    1.0,
    1.0,
    1.0,
    1.0,
    1.0,
    1.0,
    1.0,
    1.0,
    1.0,
    1.0,
    1.0,
    1.0,
    1.0,
    1.0,
    1.0,
    1.0,
    1.0,
    1.0,
    1.0,
    1.0,
    1.0,
    1.0,
    1.0,
    1.0,
    1.0,
    1.0,
    1.0,
    1.0,
    1.0,
    1.0,
    1.0,
    1.0,
    1.0,
    1.0,
    1.0,
    1.0,
    1.0,
    1.0
  ],
  "v26_difficulty": [
    1.0,
    1.0,
    1.0,
    1.0,
    1.0,
    1.0,
    0.9320388349514563,
    0.9320388349514563,
    0.9320388349514563,
    0.9320388349514563,
    0.9320388349514563,
    0.8858982985677208,
    0.8858982985677208,
    0.8858982985677208,
    0.8858982985677208,
    0.9484710408457382,
    0.9484710408457382,
    0.9484710408457382,
    0.9484710408457382,
    0.9484710408457382,
    0.898551512380173,
    0.898551512380173,
    0.898551512380173,
    0.898551512380173,
    0.898551512380173,
    0.9728678028777812,
    0.9728678028777812,
    0.9728678028777812,
    0.9728678028777812,
    1.0735092997272069,
    1.0735092997272069,
    1.0735092997272069,
    1.0735092997272069,
    1.0735092997272069,
    0.9284404754397465,
    0.9284404754397465,
    0.9284404754397465,
    0.9284404754397465,
    0.9284404754397465,
    0.9220374376780931,
    0.9220374376780931,
    0.9220374376780931,
    0.9220374376780931
  ],
  "v27_chainwork": [
    0.0,
    0.0,
    0.0,
    0.0,
    0.0,
    0.0,
    0.0,
    0.0,
    0.0,
    0.0,
    0.0,
    0.0,
    0.0,
    0.0,
    0.0,
    0.0,
    0.0,
    0.0,
    0.0,
    0.0,
    0.0,
    0.0,
    0.0,
    0.0,
    1.0,
    1.0,
    1.0,
    1.0,
    1.0,
    1.0,
    1.0,
    1.0,
    1.0,
    1.0,
    1.0,
    1.0,
    1.0,
    1.0,
    1.0,
    1.0,
    1.0,
    1.0,
    1.0
  ],
  "v26_chainwork": [
    0.0,
    22.0,
    50.0,
    85.0,
    111.0,
    142.0,
    161.70873786407793,
    186.87378640776762,
    216.69902912621467,
    250.2524271844676,
    274.4854368932058,
    302.13284629434025,
    332.2533884456429,
    360.60213399981006,
    388.0649812554095,
    414.3191865943756,
    439.92790469721035,
    468.3820359225823,
    493.04228298457133,
    522.4448852507896,
    553.1453952571137,
    587.2903527275616,
    622.3338617103898,
    644.797649519895,
    670.8556433789211,
    705.8045679920233,
    742.7735445013786,
    770.986710784834,
    800.1727448711672,
    830.0968166010632,
    863.375604892607,
    890.2133373857876,
    919.1980884784225,
    946.035820971603,
    969.2178190927394,
    996.142592880492,
    1026.7811285700038,
    1054.6343428331995,
    1079.7022356700757,
    1112.1144128195665,
    1140.6975733875845,
    1168.3586965179245,
    1175.7349960193485
  ],