{
  "blocks_mined": {
    "v27": 116,
    "v26": 54
  },
  "total_blocks": 170,
  "final_hashrate": {
    "v27": 65.69,
    "v26": 32.68
  },
  "final_economic": {
    "v27": 55.00340053519982,
    "v26": 44.99659946480019
  },
  "final_prices": {
    "v27": 62771.7098824058,
    "v26": 57150.05011759421
  }
}