{
  "timestamps": [
    0,
    60,
    121,
    182,
    242,
    303,
    363,
    423,
    483,
    543,
    604,
    665,
    725,
    786,
    846,
    906,
    966,
    1027,
    1087,
    1147,
    1207,
    1267,
    1327,
    1387,
    1448,
    1508,
    1568,
    1629,
    1689,
    1749,
    1800
  ],
  "v27_price": [
    60000,
    60000,
    60000,
    62401.848064223974,
    62161.848064223974,
    62161.848064223974,
    62041.848064223974,
    62346.463448839364,
    62761.848064223974,
    62615.902118278034,
    62278.921234955684,
    62835.88100540046,
    62979.33451583688,
    62880.80079149672,
    62896.385207081126,
    62937.528064223974,
    62846.210991053245,
    62810.670921366844,
    62755.63332738188,
    62800.95074463635,
    62835.88100540046,
    62978.30682528593,
    63029.390133189496,
    62887.954293732175,
    62928.52806422399,
    62903.89302772764,
    62925.35905013948,
    62910.284820980734,
    62950.879057601465,
    62896.385207081126,
    62771.7098824058
  ],
  "v26_price": [
    60000,
    60000,
    60000,
    57519.91193577603,
    57759.91193577603,
    57759.91193577603,
    57879.91193577603,
    57575.29655116064,
    57159.91193577603,
    57305.85788172197,
    57642.83876504432,
    57085.87899459955,
    56942.42548416312,
    57040.9592085033,
    57025.37479291888,
    56984.23193577602,
    57075.54900894676,
    57111.089078633166,
    57166.12667261813,
    57120.80925536365,
    57085.87899459955,
    56943.45317471408,
    56892.3698668105,
    57033.80570626783,
    56993.23193577602,
    57017.86697227237,
    56996.40094986053,
    57011.47517901926,
    56970.880942398544,
    57025.37479291888,
    57150.05011759421
  ],
  "v27_hashrate": [
    57.53,
    57.53,
    57.53,
    57.53,
    57.53,
    57.53,
    57.53,
    57.53,
    57.53,
    57.53,
    65.69,
    65.69,
    65.69,
    65.69,
    65.69,
    65.69,
    65.69,
    65.69,
    65.69,
    65.69,
    65.69,
    65.69,
    65.69,
    65.69,
    65.69,
    65.69,
    65.69,
    65.69,
    65.69,
    65.69,
    65.69
  ],
  "v26_hashrate": [
    40.839999999999996,
    40.839999999999996,
    40.839999999999996,
    40.839999999999996,
    40.839999999999996,
    40.839999999999996,
    40.839999999999996,
    40.839999999999996,
    40.839999999999996,
    40.839999999999996,
    32.68,
    32.68,
    32.68,
    32.68,
    32.68,
    32.68,
    32.68,
    32.68,
    32.68,
    32.68,
    32.68,
    32.68,
    32.68,
    32.68,
    32.68,
    32.68,
    32.68,
    32.68,
    32.68,
    32.68,
    32.68
  ],
  "v27_economic": [
    55.00340053519982,
    55.00340053519982,
    55.00340053519982,
    55.00340053519982,
    55.00340053519982,
    55.00340053519982,
    55.00340053519982,
    55.00340053519982,
    55.00340053519982,
    55.00340053519982,
    55.00340053519982,
    55.00340053519982,
    55.00340053519982,
    55.00340053519982,
    55.00340053519982,
    55.00340053519982,
    55.00340053519982,
    55.00340053519982,
    55.00340053519982,
    55.00340053519982,
    55.00340053519982,
    55.00340053519982,
    55.00340053519982,
    55.00340053519982,
    55.00340053519982,
    55.00340053519982,
    55.00340053519982,
    55.00340053519982,
    55.00340053519982,
    55.00340053519982,
    55.00340053519982
  ],
  "v26_economic": [
    44.99659946480019,
    44.99659946480019,
    44.99659946480019,
    44.99659946480019,
    44.99659946480019,
    44.99659946480019,
    44.99659946480019,
    44.99659946480019,
    44.99659946480019,
    44.99659946480019,
    44.99659946480019,
    44.99659946480019,
    44.99659946480019,
    44.99659946480019,
    44.99659946480019,
    44.99659946480019,
    44.99659946480019,
    44.99659946480019,
    44.99659946480019,
    44.99659946480019,
    44.99659946480019,
    44.99659946480019,
    44.99659946480019,
    44.99659946480019,
    44.99659946480019,
    44.99659946480019,
    44.99659946480019,
    44.99659946480019,
    44.99659946480019,
    44.99659946480019,
    44.99659946480019
  ],
  "v27_blocks": [
    0,
    4,
    7,
    10,
    10,
    13,
    18,
    24,
    27,
    28,
    36,
    45,
    47,
    50,
    54,
    58,
    59,
    66,
    68,
    72,
    82,
    85,
    87,
    92,
    98,
    102,
    106,
    109,
    110,
    115,
    116
  ],
  "v26_blocks": [
    0,
    1,
    3,
    5,
    5,
    7,
    8,
    8,
    10,
    13,
    15,
    17,
    19,
    20,
    21,
    24,
    25,
    29,
    29,
    30,
    31,
    31,
    35,
    36,
    39,
    40,
    42,
    42,
    44,
    50,
    54
  ],
  "v27_difficulty": [
    1.0,
    1.0,
    1.0,
    1.0,
    1.0,
    1.0,
    1.0,
    1.0,
    1.0,
    1.0,
    1.0,
    1.0,
    1.0,
    1.0,
    1.0,
    1.0,
    1.0,
    1.0,
    1.0,
    1.0,
    1.0,
    1.0,
    1.0,
    1.0,
    1.0,
    1.0,
    1.0,
    1.0,
    1.0,
    1.0,
    1.0
  ],
  "v26_difficulty": [
    1.0,
    1.0,
    1.0,
    1.0,
    1.0,
    1.0,
    1.0,
    1.0,
    1.0,
    1.0,
    1.0,
    1.0,
    1.0,
    1.0,
    1.0,
    1.0,
    1.0,
    1.0,
    1.0,
    1.0,
    1.0,
    1.0,
    1.0,
    1.0,
    1.0,
    1.0,
    1.0,
    1.0,
    1.0,
    1.0,
    1.0
  ],
  "v27_chainwork": [
    0.0,
    4.0,
    7.0,
    10.0,
    10.0,
    13.0,
    18.0,
    24.0,
    27.0,
    28.0,
    36.0,
    45.0,
    47.0,
    50.0,
    54.0,
    58.0,
    59.0,
    66.0,
    68.0,
    72.0,
    82.0,
    85.0,
    87.0,
    92.0,
    98.0,
    102.0,
    106.0,
    109.0,
    110.0,
    115.0,
    116.0
  ],
  "v26_chainwork": [
    0.0,
    1.0,
    3.0,
    5.0,
    5.0,
    7.0,
    8.0,
    8.0,
    10.0,
    13.0,
    15.0,
    17.0,
    19.0,
    20.0,
    21.0,
    24.0,
    25.0,
    29.0,
    29.0,
    30.0,
    31.0,
    31.0,
    35.0,
    36.0,
    39.0,
    40.0,
    42.0,
    42.0,
    44.0,
    50.0,
    54.0
  ],
  "v27_fee_rate": [
    1.0,
    1.0,
    0.03186940844109912,
    0.03186940844109912,
    0.03186940844109912,
    0.03186940844109912,
    0.03186940844109912,
    0.03186940844109912,
    0.03186940844109912,
    0.03186940844109912,
    0.03186940844109912,
    0.027910596249298716,
    0.027910596249298716,
    0.027910596249298716,
    0.027910596249298716,
    0.027910596249298716,
    0.027910596249298716,
    0.027910596249298716,
    0.027910596249298716,
    0.027910596249298716,
    0.027910596249298716,
    0.027910596249298716,
    0.027910596249298716,
    0.027910596249298716,
    0.027910596249298716,
    0.027910596249298716,
    0.027910596249298716,
    0.027910596249298716,
    0.027910596249298716,
    0.027910596249298716,
    0.027910596249298716
  ],
  "v26_fee_rate": [
    1.0,
    1.0,
    0.03672591248082519,
    0.03672591248082519,
    0.03672591248082519,
    0.03672591248082519,
    0.03672591248082519,
    0.03672591248082519,
    0.03672591248082519,
    0.03672591248082519,
    0.03672591248082519,
    0.04589615256171667,
    0.04589615256171667,
    0.04589615256171667,
    0.04589615256171667,
    0.04589615256171667,
    0.04589615256171667,
    0.04589615256171667,
    0.04589615256171667,
    0.04589615256171667,
    0.04589615256171667,
    0.04589615256171667,
    0.04589615256171667,
    0.04589615256171667,
    0.04589615256171667,
    0.04589615256171667,
    0.04589615256171667,
    0.04589615256171667,
    0.04589615256171667,
    0.04589615256171667,
    0.04589615256171667
  ],