{
  "blocks_mined": {
    "v27": 3053,
    "v26": 1484
  },
  "total_blocks": 4537,
  "final_hashrate": {
    "v27": 86.4,
    "v26": 0.0
  },
  "final_economic": {
    "v27": 56.737060138721,
    "v26": 43.262939861279
  },
  "final_prices": {
    "v27": 63378.849294073094,
    "v26": 55968.35070592691
  }
}