{
  "timestamps": [
    0,
    60,
    120,
    181,
    241,
    301,
    362,
    423,
    483,
    544,
    605,
    666,
    726,
    786,
    846,
    906,
    967,
    1027,
    1087,
    1147,
    1208,
    1269,
    1330,
    1390,
    1451,
    1512,
    1572,
    1632,
    1693,
    1753,
    1800
  ],
  "v27_price": [
    60000,
    60000,
    58543.45298449252,
    58782.2284946966,
    58973.887767101216,
    59060.47426108827,
    59056.67612498839,
    59088.52340702774,
    59108.56926356229,
    59031.51268598506,
    59088.08817762557,
    58707.162637002184,
    58658.75179510551,
    58569.55527846024,
    58582.38780803994,
    58528.218802436204,
    58505.60565637028,
    58473.31093499487,
    58434.623510125886,
    58407.239090770556,
    58382.211314625274,
    61099.33250983165,
    61292.52514800586,
    61490.020355700784,
    61646.80646517141,
    61822.846216297716,
    61961.61062042488,
    62090.706885712614,
    62218.28900278533,
    62336.292715488526,
    62442.350317805045
  ],
  "v26_price": [
    60000,
    60000,
    60803.74701550749,
    60564.971505303394,
    60373.31223289878,
    60286.72573891175,
    60290.52387501162,
    60258.676592972275,
    60238.630736437706,
    60315.68731401494,
    60259.11182237444,
    60640.03736299783,
    60688.4482048945,
    60777.644721539786,
    60764.81219196007,
    60818.9811975638,
    60841.59434362972,
    60873.88906500514,
    60912.576489874125,
    60939.96090922945,
    60964.98868537473,
    58247.86749016836,
    58054.674851994154,
    57857.17964429922,
    57700.3935348286,
    57524.353783702296,
    57385.58937957512,
    57256.49311428739,
    57128.91099721468,
    57010.907284511486,
    56904.84968219497
  ],
  "v27_hashrate": [
    38.1,
    38.1,
    38.1,
    38.1,
    38.1,
    38.1,
    38.1,
    38.1,
    38.1,
    38.1,
    30.0,
    30.0,
    30.0,
    30.0,
    30.0,
    30.0,
    30.0,
    30.0,
    30.0,
    30.0,
    86.4,
    86.4,
    86.4,
    86.4,
    86.4,
    86.4,
    86.4,
    86.4,
    86.4,
    86.4,
    86.4
  ],
  "v26_hashrate": [
    48.3,
    48.3,
    48.3,
    48.3,
    48.3,
    48.3,
    48.3,
    48.3,
    48.3,
    48.3,
    56.39999999999999,
    56.39999999999999,
    56.39999999999999,
    56.39999999999999,
    56.39999999999999,
    56.39999999999999,
    56.39999999999999,
    56.39999999999999,
    56.39999999999999,
    56.39999999999999,
    0.0,
    0.0,
    0.0,
    0.0,
    0.0,
    0.0,
    0.0,
    0.0,
    0.0,
    0.0,
    0.0
  ],
  "v27_economic": [
    50.12210820410434,
    50.12210820410434,
    50.12210820410434,
    50.12210820410434,
    50.12210820410434,
    50.12210820410434,
    50.12210820410434,
    50.12210820410434,
    50.12210820410434,
    50.12210820410434,
    50.12210820410434,
    50.12210820410434,
    50.12210820410434,
    50.12210820410434,
    50.12210820410434,
    50.12210820410434,
    50.12210820410434,
    50.12210820410434,
    50.12210820410434,
    50.12210820410434,
    50.12210820410434,
    50.12210820410434,
    50.12210820410434,
    50.12210820410434,
    50.12210820410434,
    50.12210820410434,
    50.12210820410434,
    50.12210820410434,
    50.12210820410434,
    50.12210820410434,
    50.12210820410434
  ],
  "v26_economic": [
    49.87789179589566,
    49.87789179589566,
    49.87789179589566,
    49.87789179589566,
    49.87789179589566,
    49.87789179589566,
    49.87789179589566,
    49.87789179589566,
    49.87789179589566,
    49.87789179589566,
    49.87789179589566,
    49.87789179589566,
    49.87789179589566,
    49.87789179589566,
    49.87789179589566,
    49.87789179589566,
    49.87789179589566,
    49.87789179589566,
    49.87789179589566,
    49.87789179589566,
    49.87789179589566,
    49.87789179589566,
    49.87789179589566,
    49.87789179589566,
    49.87789179589566,
    49.87789179589566,
    49.87789179589566,
    49.87789179589566,
    49.87789179589566,
    49.87789179589566,
    49.87789179589566
  ],
  "v27_blocks": [
    0,
    9,
    20,
    30,
    42,
    54,
    64,
    78,
    89,
    105,
    117,
    128,
    134,
    151,
    175,
    200,
    227,
    250,
    272,
    293,
    337,
    422,
    472,
    511,
    558,
    592,
    621,
    652,
    683,
    713,
    735
  ],
  "v26_blocks": [
    0,
    15,
    29,
    39,
    52,
    67,
    78,
    94,
    112,
    128,
    142,
    177,
    211,
    243,
    281,
    310,
    343,
    375,
    404,
    431,
    462,
    462,
    463,
    464,
    464,
    464,
    464,
    464,
    464,
    464,
    464
  ],
  "v27_difficulty": [
    1.0,
    1.0,
    1.0,
    1.0,
    1.0,
    1.0,
    1.0,
    1.0,
    1.0,
    1.0,
    1.0,
    1.0,
    1.0,
    0.37402597402597404,
    0.37402597402597404,
    0.37402597402597404,
    0.37402597402597404,
    0.37402597402597404,
    0.37402597402597404,
    0.29034900409563486,
    0.29034900409563486,
    0.29034900409563486,
    0.6334887362086579,
    0.6334887362086579,
    0.6334887362086579,
    0.8899744196492364,
    0.8899744196492364,
    0.8899744196492364,
    0.8899744196492364,
    0.8899744196492364,
    0.9025092706302116
  ],
  "v26_difficulty": [
    1.0,
    1.0,
    1.0,
    1.0,
    1.0,
    1.0,
    1.0,
    1.0,
    1.0,
    1.0,
    1.0,
    0.47368421052631576,
    0.47368421052631576,
    0.47368421052631576,
    0.47368421052631576,
    0.5500848896434635,
    0.5500848896434635,
    0.5500848896434635,
    0.5500848896434635,
    0.5500848896434635,
    0.5444139113997164,
    0.5444139113997164,
    0.5444139113997164,
    0.5444139113997164,
    0.5444139113997164,
    0.5444139113997164,
    0.5444139113997164,
    0.5444139113997164,
    0.5444139113997164,
    0.5444139113997164,
    0.5444139113997164
  ],
  "v27_chainwork": [
    0.0,
    9.0,
    20.0,
    30.0,
    42.0,
    54.0,
    64.0,
    78.0,
    89.0,
    105.0,
    117.0,
    128.0,
    134.0,
    146.61818181818188,
    155.59480519480547,
    164.94545454545505,
    175.0441558441566,
    183.6467532467542,
    191.87532467532583,
    199.31148528021978,
    212.0868414604282,
    236.76650680855806,
    265.0095462978608,
    289.7156070099992,
    319.48957761180696,
    345.13196557795135,
    370.94122374778,
    398.53043075690715,
    426.1196377660343,
    452.8188703555122,
    472.58633035251034
  ],
  "v26_chainwork": [
    0.0,
    15.0,
    29.0,
    39.0,
    52.0,
    67.0,
    78.0,
    94.0,
    112.0,
    128.0,
    142.0,
    159.63157894736887,
    175.73684210526406,
    190.8947368421066,
    208.8947368421071,
    224.3123938879478,
    242.46519524618236,
    260.06791171477346,
    276.02037351443414,
    290.8726655348079,
    307.7551677664428,
    307.7551677664428,
    308.2995816778425,
    308.84399558924224,
    308.84399558924224,
    308.84399558924224,
    308.84399558924224,
    308.84399558924224,
    308.84399558924224,
    308.84399558924224,
    308.84399558924224
  ],
  "v27_fee_rate": [
    1.0,
    1.0,
    0.009550453551606284,
    0.009550453551606284,
    0.009550453551606284,
    0.009550453551606284,
    0.009550453551606284,
    0.009550453551606284,
    0.009550453551606284,
    0.009550453551606284,
    0.009550453551606284,
    0.012129076010539981,
    0.012129076010539981,
    0.012129076010539981,
    0.004536589468877293,
    0.004536589468877293,
    0.004536589468877293,
    0.004536589468877293,
    0.004536589468877293,
    0.004536589468877293,
    0.003521665140260539,
    0.0012228003959237983,
    0.0012228003959237983,
    0.002667928136561014,
    0.002667928136561014,
    0.002667928136561014,
    0.003748113674778401,
    0.003748113674778401,
    0.003748113674778401,
    0.003748113674778401,
    0.003748113674778401
  ],