{
  "blocks_mined": {
    "v27": 5231,
    "v26": 1542
  },
  "total_blocks": 6773,
  "final_hashrate": {
    "v27": 86.4,
    "v26": 0.0
  },
  "final_economic": {
    "v27": 56.73741253525133,
    "v26": 43.26258746474866
  },
  "final_prices": {
    "v27": 64133.05749569276,
    "v26": 55214.14250430725
  }
}