{
  "config": {
    "base_price": 60000,
    "max_divergence": 0.2,
    "coefficients": {
      "chain_weight": 0.3,
      "economic_weight": 0.5,
      "hashrate_weight": 0.2
    }
  },
  "current_prices": {
    "v27": 52716.10359114234,
    "v26": 66631.09640885767
  },
  "timeline": {
    "timestamps": [
      1772690362.0708568,
      1772690423.2811217,
      1772690423.2811313,
      1772690484.2410734,
      1772690484.2410817,
      1772690544.651651,
      1772690544.6516602,
      1772690604.7489138,
      1772690604.7489192,
      1772690665.2817342,
      1772690665.2817402,
      1772690725.756543,
      1772690725.756551,
      1772690786.3868418,
      1772690786.3868496,
      1772690846.9798927,
      1772690846.9798985,
      1772690907.013887,
      1772690907.013893,
      1772690967.5375278,
      1772690967.5375354,
      1772691028.4597945,
      1772691028.4597995,
      1772691089.4543965,
      1772691089.4544017,
      1772691150.255074,
      1772691150.2550814,
      1772691210.723173,
      1772691210.7231803,
      1772691271.1821241,
      1772691271.1821313,
      1772691331.6554337,
      1772691331.655442,
      1772691392.1067834,
      1772691392.106789,
      1772691452.7197435,
      1772691452.7197485,
      1772691513.3047197,
      1772691513.3047252,
      1772691573.9240243,
      1772691573.9240305,
      1772691634.6470988,
      1772691634.6471045,
      1772691695.298956,
      1772691695.2989633,
      1772691755.6424534,
      1772691755.6424608,
      1772691816.221339,
      1772691816.2213461,
      1772691876.909547,
      1772691876.909552,
      1772691937.437298,
      1772691937.4373035,
      1772691997.9514074,
      1772691997.9514124,
      1772692058.4862604,
      1772692058.486266,
      1772692119.0868793,
      1772692119.0868855
    ],
    "v27_prices": [
      60000,
      56138.01591735919,
      56138.01591735919,
      56462.01591735919,
      56462.01591735919,
      56626.58734593062,
      56626.58734593062,
      56621.17381209603,
      56621.17381209603,
      56651.23905785506,
      56651.23905785506,
      56710.74319008646,
      56710.74319008646,
      56725.87718903549,
      56725.87718903549,
      56610.29314508196,
      56610.29314508196,
      56682.65111049223,
      56682.65111049223,
      54874.332196428964,
      54874.332196428964,
      54562.54300264505,
      54562.54300264505,
      54306.3913809826,
      54306.3913809826,
      54108.62545291927,
      54108.62545291927,
      53950.18166230349,
      53950.18166230349,
      53815.499897962705,
      53815.499897962705,
      53686.778000723054,
      53686.778000723054,
      53580.00848964813,
      53580.00848964813,
      53453.96618289216,
      53453.96618289216,
      53351.16792045786,
      53351.16792045786,
      53255.60384148558,
      53255.60384148558,
      53159.4223839004,
      53159.4223839004,
      53091.12146162788,
      53091.12146162788,
      53045.94629856288,
      53045.94629856288,
      52975.77950421135,
      52975.77950421135,
      52900.864253001266,
      52900.864253001266,
      52848.99230129358,
      52848.99230129358,
      52803.10574708941,
      52803.10574708941,
      52760.770586566025,
      52760.770586566025,
      52716.10359114234,
      52716.10359114234
    ],
    "v26_prices": [
      60000,
      60000,
      63209.18408264081,
      63209.18408264081,
      62885.18408264082,
      62885.18408264082,
      62720.61265406939,
      62720.61265406939,
      62726.02618790398,
      62726.02618790398,
      62695.96094214494,
      62695.96094214494,
      62636.45680991355,
      62636.45680991355,
      62621.322810964506,
      62621.322810964506,
      62736.90685491803,
      62736.90685491803,
      62664.548889507765,
      62664.548889507765,
      64472.86780357104,
      64472.86780357104,
      64784.656997354956,
      64784.656997354956,
      65040.8086190174,
      65040.8086190174,
      65238.57454708074,
      65238.57454708074,
      65397.01833769652,
      65397.01833769652,
      65531.7001020373,
      65531.7001020373,
      65660.42199927694,
      65660.42199927694,
      65767.19151035188,
      65767.19151035188,
      65893.23381710783,
      65893.23381710783,
      65996.03207954213,
      65996.03207954213,
      66091.59615851443,
      66091.59615851443,
      66187.77761609961,
      66187.77761609961,
      66256.07853837212,
      66256.07853837212,
      66301.25370143713,
      66301.25370143713,
      66371.42049578865,
      66371.42049578865,
      66446.33574699874,
      66446.33574699874,
      66498.20769870642,
      66498.20769870642,
      66544.0942529106,
      66544.0942529106,
      66586.42941343397,
      66586.42941343397,
      66631.09640885767
    ]
  },
  "history": [
    {
      "timestamp": 1772690362.0708568,
      "chain_id": "v27",
      "price": 60000,
      "metadata": {
        "initial": true
      }
    },
    {
      "timestamp": 1772690362.0708568,
      "chain_id": "v26",
      "price": 60000,
      "metadata": {
        "initial": true
      }
    },
    {
      "timestamp": 1772690423.2811217,
      "chain_id": "v27",
      "price": 56138.01591735919,
      "metadata": {
        "fork_sustained": true,
        "fork_depth": 24
      }
    },
    {
      "timestamp": 1772690423.2811313,
      "chain_id": "v26",
      "price": 63209.18408264081,
      "metadata": {
        "fork_sustained": true,
        "fork_depth": 24
      }
    },
    {
      "timestamp": 1772690484.2410734,
      "chain_id": "v27",
      "price": 56462.01591735919,
      "metadata": {
        "fork_sustained": true,
        "fork_depth": 50
      }
    },
    {
      "timestamp": 1772690484.2410817,
      "chain_id": "v26",
      "price": 62885.18408264082,
      "metadata": {
        "fork_sustained": true,
        "fork_depth": 50
      }
    },
    {
      "timestamp": 1772690544.651651,
      "chain_id": "v27",
      "price": 56626.58734593062,
      "metadata": {
        "fork_sustained": true,
        "fork_depth": 70
      }
    },
    {
      "timestamp": 1772690544.6516602,
      "chain_id": "v26",
      "price": 62720.61265406939,
      "metadata": {
        "fork_sustained": true,
        "fork_depth": 70
      }
    },
    {
      "timestamp": 1772690604.7489138,
      "chain_id": "v27",
      "price": 56621.17381209603,
      "metadata": {
        "fork_sustained": true,
        "fork_depth": 95
      }
    },
    {
      "timestamp": 1772690604.7489192,
      "chain_id": "v26",
      "price": 62726.02618790398,
      "metadata": {
        "fork_sustained": true,
        "fork_depth": 95
      }
    },
    {
      "timestamp": 1772690665.2817342,
      "chain_id": "v27",
      "price": 56651.23905785506,
      "metadata": {
        "fork_sustained": true,
        "fork_depth": 121
      }
    },
    {
      "timestamp": 1772690665.2817402,
      "chain_id": "v26",
      "price": 62695.96094214494,
      "metadata": {
        "fork_sustained": true,
        "fork_depth": 121
      }
    },
    {
      "timestamp": 1772690725.756543,
      "chain_id": "v27",
      "price": 56710.74319008646,
      "metadata": {
        "fork_sustained": true,
        "fork_depth": 143
      }
    },
    {
      "timestamp": 1772690725.756551,
      "chain_id": "v26",
      "price": 62636.45680991355,
      "metadata": {
        "fork_sustained": true,
        "fork_depth": 143
      }
    },
    {
      "timestamp": 1772690786.3868418,
      "chain_id": "v27",
      "price": 56725.87718903549,
      "metadata": {
        "fork_sustained": true,
        "fork_depth": 173
      }
    },
    {
      "timestamp": 1772690786.3868496,
      "chain_id": "v26",
      "price": 62621.322810964506,
      "metadata": {
        "fork_sustained": true,
        "fork_depth": 173
      }
    },
    {
      "timestamp": 1772690846.9798927,
      "chain_id": "v27",
      "price": 56610.29314508196,