{
  "timestamps": [
    0,
    60,
    120,
    180,
    241,
    301,
    362,
    422,
    482,
    542,
    603,
    664,
    724,
    784,
    845,
    906,
    967,
    1028,
    1089,
    1149,
    1210,
    1271,
    1332,
    1392,
    1453,
    1513,
    1574,
    1635,
    1695,
    1755,
    1815,
    1876,
    1936,
    1997,
    2058,
    2118,
    2179,
    2240,
    2301,
    2362,
    2423,
    2483,
    2500
  ],
  "v27_price": [
    60000,
    60000,
    60822.719999999994,
    60071.862857142856,
    59724.72,
    59780.434285714284,
    59814.72,
    59837.08024844721,
    59721.45575129534,
    59798.72,
    59786.81302325581,
    58859.55552080424,
    58709.04248988923,
    58554.87376053644,
    58493.25307701008,
    58392.38077044027,
    58366.02486719137,
    58265.37469765741,
    58197.73414684413,
    58170.93610093198,
    58111.771723116144,
    61543.866478367716,
    61739.5080001799,
    61926.398063274,
    62088.515732275286,
    62275.146552647864,
    62431.68831377778,
    62579.389571611864,
    62692.62088762155,
    62816.41404149723,
    62929.85220703106,
    59566.215037810354,
    59495.8024201894,
    59429.29745821264,
    59376.422336553245,
    59314.50960092829,
    59275.571438220984,
    59209.60591157443,
    59166.49046972871,
    59134.9640343758,
    59092.975399229195,
    62517.23357829798,
    62592.658681924266
  ],
  "v26_price": [
    60000,
    60000,
    59099.04000000001,
    59849.897142857146,
    60197.04,
    60141.32571428572,
    60107.04,
    60084.679751552794,
    60200.30424870466,
    60123.04,
    60134.94697674419,
    61062.20447919575,
    61212.71751011078,
    61366.88623946356,
    61428.50692298992,
    61529.37922955972,
    61555.73513280864,
    61656.38530234258,
    61724.025853155865,
    61750.82389906802,
    61809.98827688386,
    58377.893521632286,
    58182.25199982011,
    57995.361936726,
    57833.24426772472,
    57646.61344735214,
    57490.071686222225,
    57342.37042838814,
    57229.139112378456,
    57105.345958502774,
    56991.90779296895,
    60355.54496218965,
    60425.9575798106,
    60492.462541787354,
    60545.337663446764,
    60607.25039907171,
    60646.188561779025,
    60712.15408842557,
    60755.26953027129,
    60786.7959656242,
    60828.78460077081,
    57404.526421702016,
    57329.10131807574
  ],
  "v27_hashrate": [
    46.14,
    46.14,
    46.14,
    46.14,
    46.14,
    46.14,
    46.14,
    46.14,
    46.14,
    46.14,
    26.89,
    26.89,
    26.89,
    26.89,
    26.89,
    26.89,
    26.89,
    26.89,
    26.89,
    26.89,
    98.36999999999999,
    98.36999999999999,
    98.36999999999999,
    98.36999999999999,
    98.36999999999999,
    98.36999999999999,
    98.36999999999999,
    98.36999999999999,
    98.36999999999999,
    98.36999999999999,
    26.89,
    26.89,
    26.89,
    26.89,
    26.89,
    26.89,
    26.89,
    26.89,
    26.89,
    26.89,
    98.36999999999999,
    98.36999999999999,
    98.36999999999999
  ],
  "v26_hashrate": [
    52.23,
    52.23,
    52.23,
    52.23,
    52.23,
    52.23,
    52.23,
    52.23,
    52.23,
    52.23,
    71.48,
    71.48,
    71.48,
    71.48,
    71.48,
    71.48,
    71.48,
    71.48,
    71.48,
    71.48,
    0.0,
    0.0,
    0.0,
    0.0,
    0.0,
    0.0,
    0.0,
    0.0,
    0.0,
    0.0,
    71.48,
    71.48,
    71.48,
    71.48,
    71.48,
    71.48,
    71.48,
    71.48,
    71.48,
    71.48,
    0.0,
    0.0,
    0.0
  ],
  "v27_economic": [
    50.0,
    50.0,
    50.0,
    50.0,
    50.0,
    50.0,
    50.0,
    50.0,
    50.0,
    50.0,
    50.0,
    50.0,
    50.0,
    50.0,
    50.0,
    50.0,
    50.0,
    50.0,
    50.0,
    50.0,
    50.0,
    50.0,
    50.0,
    50.0,
    50.0,
    50.0,
    50.0,
    50.0,
    50.0,
    50.0,
    50.0,
    50.0,
    50.0,
    50.0,
    50.0,
    50.0,
    50.0,
    50.0,
    50.0,
    50.0,
    50.0,
    50.0,
    50.0
  ],
  "v26_economic": [
    50.0,
    50.0,
    50.0,
    50.0,
    50.0,
    50.0,
    50.0,
    50.0,
    50.0,
    50.0,
    50.0,
    50.0,
    50.0,
    50.0,
    50.0,
    50.0,
    50.0,
    50.0,
    50.0,
    50.0,
    50.0,
    50.0,
    50.0,
    50.0,
    50.0,
    50.0,
    50.0,
    50.0,
    50.0,
    50.0,
    50.0,
    50.0,
    50.0,
    50.0,
    50.0,
    50.0,
    50.0,
    50.0,
    50.0,
    50.0,
    50.0,
    50.0,
    50.0
  ],
  "v27_blocks": [
    0,
    16,
    30,
    39,
    52,
    68,
    81,
    94,
    112,
    128,
    142,
    159,
    169,
    189,
    210,
    234,
    250,
    265,
    285,
    304,
    348,
    440,
    496,
    549,
    598,
    632,
    667,
    696,
    729,
    759,
    786,
    795,
    801,
    813,
    819,
    826,
    835,
    844,
    856,
    864,
    896,
    957,
    975
  ],
  "v26_blocks": [
    0,
    9,
    26,
    41,
    53,
    68,
    80,
    99,
    113,
    130,
    145,
    192,
    235,
    273,
    314,
    341,
    378,
    409,
    436,
    464,
    490,
    490,
    490,
    490,
    490,
    490,
    490,
    490,
    490,
    490,
    498,
    528,
    555,
    605,
    692,
    734,
    772,
    802,
    832,
    862,
    884,
    884,
    884
  ],
  "v27_difficulty": [
    1.0,
    1.0,
    1.0,
    1.0,
    1.0,
    1.0,
    1.0,
    1.0,
    1.0,
    1.0,
    1.0,
    0.46601941747572817,
    0.46601941747572817,
    0.46601941747572817,
    0.46601941747572817,
    0.46601941747572817,
    0.46601941747572817,
    0.46601941747572817,
    0.46601941747572817,
    0.2750278529364953,
    0.2750278529364953,
    0.5077437284981452,
    0.5077437284981452,
    0.5077437284981452,
    0.9196867535060743,
    0.9196867535060743,
    0.9196867535060743,
    0.9196867535060743,
    1.0346475976943337,
    1.0346475976943337,
    1.0346475976943337,
    1.0346475976943337,
    1.0346475976943337,
    1.0346475976943337,
    1.0346475976943337,
    1.0346475976943337,
    1.0346475976943337,
    1.0346475976943337,
    1.0346475976943337,
    0.43627892845676153,
    0.43627892845676153,
    0.43627892845676153,
    0.43627892845676153
  ],
  "v26_difficulty": [
    1.0,
    1.0,
    1.0,
    1.0,
    1.0,
    1.0,
    1.0,
    1.0,
    1.0,
    1.0,
    0.48,
    0.48,
    0.48,
    0.48,
    0.6843564356435643,
    0.6843564356435643,
    0.6843564356435643,
    0.6843564356435643,
    0.714111063280241,
    0.714111063280241,
    0.714111063280241,
    0.714111063280241,
    0.714111063280241,
    0.714111063280241,
    0.714111063280241,
    0.714111063280241,
    0.714111063280241,
    0.714111063280241,
    0.714111063280241,
    0.714111063280241,
    0.714111063280241,
    0.714111063280241,
    0.714111063280241,
    0.22851554024967713,
    0.22851554024967713,
    0.6581247559190702,
    0.6581247559190702,
    0.6581247559190702,
    0.6581247559190702,
    0.6581247559190702,
    0.6627270269394833,
    0.6627270269394833,
    0.6627270269394833
  ],
  "v27_chainwork": [
    0.0,
    16.0,
    30.0,
    39.0,
    52.0,
    68.0,
    81.0,
    94.0,
    112.0,
    128.0,
    142.0,
    150.99029126213603,
    155.65048543689338,
    164.97087378640808,
    174.7572815533985,
    185.94174757281615,
    193.39805825242792,
    200.38834951456394,
    209.70873786407864,
    215.50724176348967,
    227.6084672926952,
    254.77275676734553,
    283.20640556324224,
    310.1168231736445,
    344.05901242022856,
    375.32836203943543,
    407.5173984121484,
    434.18831426382485,
    465.57262472722,
    496.61205265805035,
    524.547537795797,
    533.8593661750456,
    540.0672517612113,
    552.4830229335428,
    558.6909085197085,
    565.9334417035685,
    575.2452700828171,
    584.5570984620657,
    596.9728696343972,
    605.2500504159515,
    619.2109761265682,
    645.8239907624313,
    653.6770114746532
  ],