{
  "blocks_mined": {
    "v27": 82,
    "v26": 1226
  },
  "total_blocks": 1308,
  "final_hashrate": {
    "v27": 0.0,
    "v26": 98.36999999999999
  },
  "final_economic": {
    "v27": 50.0,
    "v26": 50.0
  },
  "final_prices": {
    "v27": 54492.40354060414,
    "v26": 65429.356459395865
  }
}