{
  "timestamps": [
    0,
    60,
    121,
    181,
    242,
    303,
    363,
    424,
    485,
    545,
    605,
    666,
    727,
    787,
    848,
    908,
    969,
    1029,
    1090,
    1151,
    1212,
    1272,
    1333,
    1393,
    1454,
    1515,
    1576,
    1637,
    1697,
    1758,
    1819,
    1879,
    1940,
    2000,
    2060,
    2121,
    2182,
    2242,
    2303,
    2363,
    2424,
    2485,
    2500
  ],
  "v27_price": [
    60000,
    60000,
    57090.72,
    56904.51310344828,
    57262.14857142857,
    57026.434285714284,
    57065.36788732394,
    57005.00571428571,
    57106.58168432794,
    57145.814924447885,
    57196.01247910863,
    55986.56934306569,
    55829.161655465155,
    55677.27538112227,
    55557.636002168794,
    55448.71406959152,
    55344.29522229965,
    55266.35760571677,
    55204.03118619563,
    55126.41667575964,
    55065.577426318036,
    55002.75438629066,
    54947.048388636766,
    54901.158197864424,
    54883.66964102531,
    54842.9078880881,
    54800.73629903314,
    54767.11406849922,
    54739.92871770284,
    54712.861514328804,
    54686.74052020391,
    54662.63568793514,
    54640.165649891824,
    54619.84720905322,
    54605.92092468125,
    54591.98722863016,
    54575.14319040851,
    54560.602366806575,
    54545.85038590778,
    54530.97654947082,
    54516.332402620814,
    54504.91017599823,
    54492.40354060414
  ],
  "v26_price": [
    60000,
    60000,
    62831.04000000001,
    63017.24689655173,
    62659.611428571436,
    62895.32571428571,
    62856.392112676054,
    62916.75428571428,
    62815.178315672056,
    62775.94507555212,
    62725.747520891375,
    63935.19065693432,
    64092.598344534854,
    64244.48461887773,
    64364.1239978312,
    64473.04593040849,
    64577.46477770036,
    64655.40239428324,
    64717.72881380438,
    64795.34332424037,
    64856.18257368196,
    64919.00561370935,
    64974.71161136324,
    65020.60180213557,
    65038.090358974696,
    65078.852111911896,
    65121.023700966856,
    65154.64593150079,
    65181.831282297164,
    65208.8984856712,
    65235.0194797961,
    65259.12431206487,
    65281.59435010818,
    65301.912790946786,
    65315.83907531874,
    65329.77277136985,
    65346.61680959149,
    65361.15763319342,
    65375.90961409222,
    65390.783450529176,
    65405.427597379196,
    65416.84982400177,
    65429.356459395865
  ],
  "v27_hashrate": [
    26.89,
    26.89,
    26.89,
    26.89,
    26.89,
    26.89,
    26.89,
    26.89,
    26.89,
    26.89,
    0.0,
    0.0,
    0.0,
    0.0,
    0.0,
    0.0,
    0.0,
    0.0,
    0.0,
    0.0,
    0.0,
    0.0,
    0.0,
    0.0,
    0.0,
    0.0,
    0.0,
    0.0,
    0.0,
    0.0,
    0.0,
    0.0,
    0.0,
    0.0,
    0.0,
    0.0,
    0.0,
    0.0,
    0.0,
    0.0,
    0.0,
    0.0,
    0.0
  ],
  "v26_hashrate": [
    71.48,
    71.48,
    71.48,
    71.48,
    71.48,
    71.48,
    71.48,
    71.48,
    71.48,
    71.48,
    98.36999999999999,
    98.36999999999999,
    98.36999999999999,
    98.36999999999999,
    98.36999999999999,
    98.36999999999999,
    98.36999999999999,
    98.36999999999999,
    98.36999999999999,
    98.36999999999999,
    98.36999999999999,
    98.36999999999999,
    98.36999999999999,
    98.36999999999999,
    98.36999999999999,
    98.36999999999999,
    98.36999999999999,
    98.36999999999999,
    98.36999999999999,
    98.36999999999999,
    98.36999999999999,
    98.36999999999999,
    98.36999999999999,
    98.36999999999999,
    98.36999999999999,
    98.36999999999999,
    98.36999999999999,
    98.36999999999999,
    98.36999999999999,
    98.36999999999999,
    98.36999999999999,
    98.36999999999999,
    98.36999999999999
  ],
  "v27_economic": [
    50.0,
    50.0,
    50.0,
    50.0,
    50.0,
    50.0,
    50.0,
    50.0,
    50.0,
    50.0,
    50.0,
    50.0,
    50.0,
    50.0,
    50.0,
    50.0,
    50.0,
    50.0,
    50.0,
    50.0,
    50.0,
    50.0,
    50.0,
    50.0,
    50.0,
    50.0,
    50.0,
    50.0,
    50.0,
    50.0,
    50.0,
    50.0,
    50.0,
    50.0,
    50.0,
    50.0,
    50.0,
    50.0,
    50.0,
    50.0,
    50.0,
    50.0,
    50.0
  ],
  "v26_economic": [
    50.0,
    50.0,
    50.0,
    50.0,
    50.0,
    50.0,
    50.0,
    50.0,
    50.0,
    50.0,
    50.0,
    50.0,
    50.0,
    50.0,
    50.0,
    50.0,
    50.0,
    50.0,
    50.0,
    50.0,
    50.0,
    50.0,
    50.0,
    50.0,
    50.0,
    50.0,
    50.0,
    50.0,
    50.0,
    50.0,
    50.0,
    50.0,
    50.0,
    50.0,
    50.0,
    50.0,
    50.0,
    50.0,
    50.0,
    50.0,
    50.0,
    50.0,
    50.0
  ],
  "v27_blocks": [
    0,
    6,
    13,
    23,
    27,
    35,
    40,
    51,
    60,
    70,
    81,
    81,
    81,
    81,
    81,
    81,
    81,
    81,
    81,
    81,
    81,
    81,
    81,
    82,
    82,
    82,
    82,
    82,
    82,
    82,
    82,
    82,
    82,
    82,
    82,
    82,
    82,
    82,
    82,
    82,
    82,
    82,
    82
  ],
  "v26_blocks": [
    0,
    18,
    45,
    61,
    85,
    107,
    128,
    154,
    184,
    214,
    239,
    274,
    314,
    351,
    390,
    433,
    461,
    486,
    521,
    552,
    588,
    624,
    657,
    678,
    712,
    749,
    781,
    809,
    839,
    870,
    900,
    930,
    959,
    980,
    1002,
    1033,
    1062,
    1093,
    1126,
    1160,
    1187,
    1218,
    1226
  ],
  "v27_difficulty": [
    1.0,
    1.0,
    1.0,
    1.0,
    1.0,
    1.0,
    1.0,
    1.0,
    1.0,
    1.0,
    1.0,
    1.0,
    1.0,
    1.0,
    1.0,
    1.0,
    1.0,
    1.0,
    1.0,
    1.0,
    1.0,
    1.0,
    1.0,
    1.0,
    1.0,
    1.0,
    1.0,
    1.0,
    1.0,
    1.0,
    1.0,
    1.0,
    1.0,
    1.0,
    1.0,
    1.0,
    1.0,
    1.0,
    1.0,
    1.0,
    1.0,
    1.0,
    1.0
  ],
  "v26_difficulty": [
    1.0,
    1.0,
    1.0,
    1.0,
    1.0,
    1.0,
    1.0,
    0.7218045112781954,
    0.7218045112781954,
    0.7218045112781954,
    0.7218045112781954,
    0.7218045112781954,
    0.7218045112781954,
    0.7218045112781954,
    0.7218045112781954,
    0.9535766020555977,
    0.9535766020555977,
    0.9535766020555977,
    0.9535766020555977,
    0.9535766020555977,
    0.9502770290381042,
    0.9502770290381042,
    0.9502770290381042,
    0.9502770290381042,
    0.9502770290381042,
    1.009888503184406,
    1.009888503184406,
    1.009888503184406,
    1.009888503184406,
    1.0424655516742256,
    1.0424655516742256,
    1.0424655516742256,
    1.0424655516742256,
    1.0424655516742256,
    1.0424655516742256,
    0.9181347978048227,
    0.9181347978048227,
    0.9181347978048227,
    0.9181347978048227,
    0.9580537020572062,
    0.9580537020572062,
    0.9580537020572062,
    0.9580537020572062
  ],
  "v27_chainwork": [
    0.0,
    6.0,
    13.0,
    23.0,
    27.0,
    35.0,
    40.0,
    51.0,
    60.0,
    70.0,
    81.0,
    81.0,
    81.0,
    81.0,
    81.0,
    81.0,
    81.0,
    81.0,
    81.0,
    81.0,
    81.0,
    81.0,
    81.0,
    82.0,
    82.0,
    82.0,
    82.0,
    82.0,
    82.0,
    82.0,
    82.0,
    82.0,
    82.0,
    82.0,
    82.0,
    82.0,
    82.0,
    82.0,
    82.0,
    82.0,
    82.0,
    82.0,
    82.0
  ],