{
  "blocks_mined": {
    "v27": 7,
    "v26": 796
  },
  "total_blocks": 803,
  "final_hashrate": {
    "v27": 0.0,
    "v26": 86.4
  },
  "final_economic": {
    "v27": 0.0,
    "v26": 100.0
  },
  "final_prices": {
    "v27": 48057.218543046365,
    "v26": 71289.98145695364
  }
}