{
  "blocks_mined": {
    "v27": 36,
    "v26": 107
  },
  "total_blocks": 143,
  "final_hashrate": {
    "v27": 26.89,
    "v26": 71.48
  },
  "final_economic": {
    "v27": 91.6158976121543,
    "v26": 8.384102387845706
  },
  "final_prices": {
    "v27": 62130.78155961237,
    "v26": 57790.97844038765
  }
}