{
  "blocks_mined": {
    "v27": 81,
    "v26": 1225
  },
  "total_blocks": 1306,
  "final_hashrate": {
    "v27": 0.0,
    "v26": 98.36999999999999
  },
  "final_economic": {
    "v27": 50.0,
    "v26": 50.0
  },
  "final_prices": {
    "v27": 54488.559979621205,
    "v26": 65433.20002037879
  }
}