{
  "timestamps": [
    0,
    60,
    120,
    181,
    241,
    302,
    362,
    422,
    483,
    543,
    603,
    664,
    724,
    785,
    845,
    905,
    965,
    1026,
    1086,
    1147,
    1207,
    1268,
    1328,
    1388,
    1448,
    1509,
    1569,
    1629,
    1690,
    1750,
    1800
  ],
  "v27_price": [
    60000,
    60000,
    60370.285714285725,
    59256.0,
    59666.52631578947,
    59856.0,
    59856.0,
    60045.47368421053,
    59684.57142857143,
    60006.0,
    59926.58823529412,
    59792.84210526316,
    59739.87096774194,
    59753.142857142855,
    59712.0,
    59722.66666666667,
    59814.620689655174,
    59856.0,
    59856.0,
    59786.76923076923,
    59628.97297297297,
    59765.24369747899,
    59826.73170731708,
    59799.75,
    59776.0,
    59699.47826086956,
    59701.71428571428,
    59733.551020408166,
    59735.19463087248,
    59786.32258064517,
    59788.07547169812
  ],
  "v26_price": [
    60000,
    60000,
    59341.71428571428,
    60456.0,
    60045.47368421053,
    59856.0,
    59856.0,
    59666.52631578947,
    60027.42857142857,
    59706.0,
    59785.41176470588,
    59919.15789473684,
    59972.12903225807,
    59958.857142857145,
    60000.0,
    59989.33333333333,
    59897.37931034483,
    59856.0,
    59856.0,
    59925.230769230766,
    60083.02702702703,
    59946.756302521004,
    59885.26829268293,
    59912.25000000001,
    59936.0,
    60012.52173913043,
    60010.28571428571,
    59978.44897959184,
    59976.80536912752,
    59925.67741935484,
    59923.92452830189
  ],
  "v27_hashrate": [
    47.0,
    47.0,
    47.0,
    47.0,
    47.0,
    47.0,
    47.0,
    47.0,
    47.0,
    47.0,
    47.0,
    47.0,
    47.0,
    47.0,
    47.0,
    47.0,
    47.0,
    47.0,
    47.0,
    47.0,
    47.0,
    47.0,
    47.0,
    47.0,
    47.0,
    47.0,
    47.0,
    47.0,
    47.0,
    47.0,
    47.0
  ],
  "v26_hashrate": [
    47.0,
    47.0,
    47.0,
    47.0,
    47.0,
    47.0,
    47.0,
    47.0,
    47.0,
    47.0,
    47.0,
    47.0,
    47.0,
    47.0,
    47.0,
    47.0,
    47.0,
    47.0,
    47.0,
    47.0,
    47.0,
    47.0,
    47.0,
    47.0,
    47.0,
    47.0,
    47.0,
    47.0,
    47.0,
    47.0,
    47.0
  ],
  "v27_economic": [
    50.0,
    50.0,
    50.0,
    50.0,
    50.0,
    50.0,
    50.0,
    50.0,
    50.0,
    50.0,
    50.0,
    50.0,
    50.0,
    50.0,
    50.0,
    50.0,
    50.0,
    50.0,
    50.0,
    50.0,
    50.0,
    50.0,
    50.0,
    50.0,
    50.0,
    50.0,
    50.0,
    50.0,
    50.0,
    50.0,
    50.0
  ],
  "v26_economic": [
    50.0,
    50.0,
    50.0,
    50.0,
    50.0,
    50.0,
    50.0,
    50.0,
    50.0,
    50.0,
    50.0,
    50.0,
    50.0,
    50.0,
    50.0,
    50.0,
    50.0,
    50.0,
    50.0,
    50.0,
    50.0,
    50.0,
    50.0,
    50.0,
    50.0,
    50.0,
    50.0,
    50.0,
    50.0,
    50.0,
    50.0
  ],
  "v27_blocks": [
    0,
    4,
    5,
    9,
    11,
    14,
    20,
    20,
    25,
    26,
    28,
    30,
    34,
    36,
    39,
    43,
    46,
    51,
    51,
    52,
    58,
    61,
    63,
    66,
    66,
    67,
    71,
    72,
    76,
    78,
    80
  ],
  "v26_blocks": [
    0,
    3,
    7,
    10,
    11,
    14,
    18,
    22,
    23,
    25,
    29,
    32,
    36,
    39,
    42,
    44,
    46,
    51,
    53,
    59,
    61,
    62,
    65,
    69,
    72,
    73,
    76,
    77,
    79,
    81,
    83
  ],
  "v27_difficulty": [
    1.0,
    1.0,
    1.0,
    1.0,
    1.0,
    1.0,
    1.0,
    1.0,
    1.0,
    1.0,
    1.0,
    1.0,
    1.0,
    1.0,
    1.0,
    1.0,
    1.0,
    1.0,
    1.0,
    1.0,
    1.0,
    1.0,
    1.0,
    1.0,
    1.0,
    1.0,
    1.0,
    1.0,
    1.0,
    1.0,
    1.0
  ],
  "v26_difficulty": [
    1.0,
    1.0,
    1.0,
    1.0,
    1.0,
    1.0,
    1.0,
    1.0,
    1.0,
    1.0,
    1.0,
    1.0,
    1.0,
    1.0,
    1.0,
    1.0,
    1.0,
    1.0,
    1.0,
    1.0,
    1.0,
    1.0,
    1.0,
    1.0,
    1.0,
    1.0,
    1.0,
    1.0,
    1.0,
    1.0,
    1.0
  ],
  "v27_chainwork": [
    0.0,
    4.0,
    5.0,
    9.0,
    11.0,
    14.0,
    20.0,
    20.0,
    25.0,
    26.0,
    28.0,
    30.0,
    34.0,
    36.0,
    39.0,
    43.0,
    46.0,
    51.0,
    51.0,
    52.0,
    58.0,
    61.0,
    63.0,
    66.0,
    66.0,
    67.0,
    71.0,
    72.0,
    76.0,
    78.0,
    80.0
  ],
  "v26_chainwork": [
    0.0,
    3.0,
    7.0,
    10.0,
    11.0,
    14.0,
    18.0,
    22.0,
    23.0,
    25.0,
    29.0,
    32.0,
    36.0,
    39.0,
    42.0,
    44.0,
    46.0,
    51.0,
    53.0,
    59.0,
    61.0,
    62.0,
    65.0,
    69.0,
    72.0,
    73.0,
    76.0,
    77.0,
    79.0,
    81.0,
    83.0
  ],
  "v27_fee_rate": [
    1.0,
    1.0,
    0.035460992907801414,
    0.035460992907801414,
    0.035460992907801414,
    0.035460992907801414,
    0.035460992907801414,
    0.035460992907801414,
    0.035460992907801414,
    0.035460992907801414,
    0.035460992907801414,
    0.035460992907801414,
    0.035460992907801414,
    0.035460992907801414,
    0.035460992907801414,
    0.035460992907801414,
    0.035460992907801414,
    0.035460992907801414,
    0.035460992907801414,
    0.035460992907801414,
    0.035460992907801414,
    0.035460992907801414,
    0.035460992907801414,
    0.035460992907801414,
    0.035460992907801414,
    0.035460992907801414,
    0.035460992907801414,
    0.035460992907801414,
    0.035460992907801414,
    0.035460992907801414,
    0.035460992907801414
  ],
  "v26_fee_rate": [
    1.0,
    1.0,
    0.035460992907801414,
    0.035460992907801414,
    0.035460992907801414,
    0.035460992907801414,
    0.035460992907801414,
    0.035460992907801414,
    0.035460992907801414,
    0.035460992907801414,
    0.035460992907801414,
    0.035460992907801414,
    0.035460992907801414,
    0.035460992907801414,
    0.035460992907801414,
    0.035460992907801414,
    0.035460992907801414,
    0.035460992907801414,
    0.035460992907801414,
    0.035460992907801414,
    0.035460992907801414,
    0.035460992907801414,
    0.035460992907801414,
    0.035460992907801414,
    0.035460992907801414,
    0.035460992907801414,
    0.035460992907801414,
    0.035460992907801414,
    0.035460992907801414,
    0.035460992907801414,
    0.035460992907801414
  ],
  "v27_fee_revenue_btc": [
    0.01,
    0.01,
    0.00035460992907801415,
    0.00035460992907801415,
    0.00035460992907801415,
    0.00035460992907801415,
    0.00035460992907801415,
    0.00035460992907801415,
    0.00035460992907801415,
    0.00035460992907801415,
    0.00035460992907801415,
    0.00035460992907801415,
    0.00035460992907801415,
    0.00035460992907801415,
    0.00035460992907801415,
    0.00035460992907801415,
    0.00035460992907801415,
    0.00035460992907801415,
    0.00035460992907801415,
    0.00035460992907801415,
    0.00035460992907801415,
    0.00035460992907801415,
    0.00035460992907801415,
    0.00035460992907801415,
    0.00035460992907801415,
    0.00035460992907801415,
    0.00035460992907801415,
    0.00035460992907801415,
    0.00035460992907801415,
    0.00035460992907801415,
    0.00035460992907801415
  ],