{
  "blocks_mined": {
    "v27": 3741,
    "v26": 232
  },
  "total_blocks": 3973,
  "final_hashrate": {
    "v27": 86.4,
    "v26": 0.0
  },
  "final_economic": {
    "v27": 100.0,
    "v26": 0.0
  },
  "final_prices": {
    "v27": 70808.19665666747,
    "v26": 48539.003343332544
  }
}