{
  "blocks_mined": {
    "v27": 4449,
    "v26": 1485
  },
  "total_blocks": 5934,
  "final_hashrate": {
    "v27": 86.4,
    "v26": 0.0
  },
  "final_economic": {
    "v27": 56.73741253525133,
    "v26": 43.26258746474866
  },
  "final_prices": {
    "v27": 63853.289364932316,
    "v26": 55493.91063506769
  }
}