{
  "blocks_mined": {
    "v27": 90,
    "v26": 11
  },
  "total_blocks": 101,
  "final_hashrate": {
    "v27": 86.4,
    "v26": 0.0
  },
  "final_economic": {
    "v27": 100.0,
    "v26": 0.0
  },
  "final_prices": {
    "v27": 70239.5076923077,
    "v26": 49107.692307692305
  }
}