{
  "blocks_mined": {
    "v27": 69,
    "v26": 128
  },
  "total_blocks": 197,
  "final_hashrate": {
    "v27": 30.0,
    "v26": 56.39999999999999
  },
  "final_economic": {
    "v27": 50.12210820410434,
    "v26": 49.87789179589566
  },
  "final_prices": {
    "v27": 57980.02611882088,
    "v26": 61367.17388117912
  }
}