{
  "blocks_mined": {
    "v27": 40,
    "v26": 192
  },
  "total_blocks": 232,
  "final_hashrate": {
    "v27": 20.5,
    "v26": 65.9
  },
  "final_economic": {
    "v27": 91.81635070108207,
    "v26": 8.183649298917928
  },
  "final_prices": {
    "v27": 61008.41369703308,
    "v26": 58338.786302966924
  }
}