{
  "blocks_mined": {
    "v27": 241,
    "v26": 11
  },
  "total_blocks": 252,
  "final_hashrate": {
    "v27": 86.4,
    "v26": 0.0
  },
  "final_economic": {
    "v27": 100.0,
    "v26": 0.0
  },
  "final_prices": {
    "v27": 71113.86666666667,
    "v26": 48233.333333333336
  }
}