{
  "config": {
    "base_price": 60000,
    "max_divergence": 0.2,
    "coefficients": {
      "chain_weight": 0.3,
      "economic_weight": 0.5,
      "hashrate_weight": 0.2
    }
  },
  "current_prices": {
    "v27": 61963.00424616986,
    "v26": 57384.19575383014
  },
  "timeline": {
    "timestamps": [
      1772911443.2343524,
      1772911504.6995773,
      1772911504.699587,
      1772911565.6535568,
      1772911565.653565,
      1772911626.0312343,
      1772911626.0312436,
      1772911686.1569686,
      1772911686.1569772,
      1772911746.679716,
      1772911746.6797235,
      1772911807.1266055,
      1772911807.1266115,
      1772911867.7416353,
      1772911867.741643,
      1772911928.3421164,
      1772911928.3421223,
      1772911989.0722344,
      1772911989.072242,
      1772912049.6078165,
      1772912049.6078236,
      1772912109.7401707,
      1772912109.740176,
      1772912170.7346697,
      1772912170.7346752,
      1772912231.1089127,
      1772912231.1089187,
      1772912291.572714,
      1772912291.5727215,
      1772912352.0841558,
      1772912352.0841615,
      1772912412.688035,
      1772912412.6880426,
      1772912473.3100135,
      1772912473.3100188,
      1772912533.5897994,
      1772912533.5898068,
      1772912594.1294136,
      1772912594.1294188,
      1772912654.8314443,
      1772912654.8314497,
      1772912714.9940643,
      1772912714.9940696,
      1772912775.3494682,
      1772912775.3494775,
      1772912836.029919,
      1772912836.029924,
      1772912896.8506224,
      1772912896.8506308,
      1772912957.1692123,
      1772912957.1692183,
      1772913017.3388755,
      1772913017.3388832,
      1772913077.935799,
      1772913077.9358063,
      1772913138.3448203,
      1772913138.3448257,
      1772913199.118729,
      1772913199.1187372
    ],
    "v27_prices": [
      60000,
      61670.52117176585,
      61670.52117176585,
      61994.52117176586,
      61994.52117176586,
      62159.09260033729,
      62159.09260033729,
      62153.67906650269,
      62153.67906650269,
      62183.744312261726,
      62183.744312261726,
      62243.248444493125,
      62243.248444493125,
      62258.38244344216,
      62258.38244344216,
      62142.79839948863,
      62142.79839948863,
      62232.059633304314,
      62232.059633304314,
      62818.2308242755,
      62818.2308242755,
      62941.75212584385,
      62941.75212584385,
      63010.36612456796,
      63010.36612456796,
      63044.778217103834,
      63044.778217103834,
      63109.05188517681,
      63109.05188517681,
      63144.372807320506,
      63144.372807320506,
      63206.17321495933,
      63206.17321495933,
      63217.60301222474,
      63217.60301222474,
      63253.14295170997,
      63253.14295170997,
      63260.38979460815,
      63260.38979460815,
      62292.885625155715,
      62292.885625155715,
      62238.32003548828,
      62238.32003548828,
      62175.31746497805,
      62175.31746497805,
      62157.25381218084,
      62157.25381218084,
      62104.9261552588,
      62104.9261552588,
      62054.21508572439,
      62054.21508572439,
      62006.43831965273,
      62006.43831965273,
      62000.396809814454,
      62000.396809814454,
      61993.78264615984,
      61993.78264615984,
      61963.00424616986,
      61963.00424616986
    ],
    "v26_prices": [
      60000,
      60000,
      57676.67882823415,
      57676.67882823415,
      57352.67882823415,
      57352.67882823415,
      57188.107399662724,
      57188.107399662724,
      57193.52093349731,
      57193.52093349731,
      57163.455687738286,
      57163.455687738286,
      57103.95155550688,
      57103.95155550688,
      57088.81755655785,
      57088.81755655785,
      57204.40160051138,
      57204.40160051138,
      57115.14036669569,
      57115.14036669569,
      56528.969175724495,
      56528.969175724495,
      56405.44787415616,
      56405.44787415616,
      56336.83387543205,
      56336.83387543205,
      56302.42178289617,
      56302.42178289617,
      56238.148114823205,
      56238.148114823205,
      56202.827192679484,
      56202.827192679484,
      56141.026785040674,
      56141.026785040674,
      56129.596987775265,
      56129.596987775265,
      56094.05704829004,
      56094.05704829004,
      56086.81020539186,
      56086.81020539186,
      57054.31437484428,
      57054.31437484428,
      57108.879964511725,
      57108.879964511725,
      57171.882535021956,
      57171.882535021956,
      57189.94618781916,
      57189.94618781916,
      57242.2738447412,
      57242.2738447412,
      57292.98491427561,
      57292.98491427561,
      57340.761680347285,
      57340.761680347285,
      57346.80319018555,
      57346.80319018555,
      57353.41735384016,
      57353.41735384016,
      57384.19575383014
    ]
  },
  "history": [
    {
      "timestamp": 1772911443.2343524,
      "chain_id": "v27",
      "price": 60000,
      "metadata": {
        "initial": true
      }
    },
    {
      "timestamp": 1772911443.2343524,
      "chain_id": "v26",
      "price": 60000,
      "metadata": {
        "initial": true
      }
    },
    {
      "timestamp": 1772911504.6995773,
      "chain_id": "v27",
      "price": 61670.52117176585,
      "metadata": {
        "fork_sustained": true,
        "fork_depth": 24
      }
    },
    {
      "timestamp": 1772911504.699587,
      "chain_id": "v26",
      "price": 57676.67882823415,
      "metadata": {
        "fork_sustained": true,
        "fork_depth": 24
      }
    },
    {
      "timestamp": 1772911565.6535568,
      "chain_id": "v27",
      "price": 61994.52117176586,
      "metadata": {
        "fork_sustained": true,
        "fork_depth": 50
      }
    },
    {
      "timestamp": 1772911565.653565,
      "chain_id": "v26",
      "price": 57352.67882823415,
      "metadata": {
        "fork_sustained": true,
        "fork_depth": 50
      }
    },
    {
      "timestamp": 1772911626.0312343,
      "chain_id": "v27",
      "price": 62159.09260033729,
      "metadata": {
        "fork_sustained": true,
        "fork_depth": 70
      }
    },
    {
      "timestamp": 1772911626.0312436,
      "chain_id": "v26",
      "price": 57188.107399662724,
      "metadata": {
        "fork_sustained": true,
        "fork_depth": 70
      }
    },
    {
      "timestamp": 1772911686.1569686,
      "chain_id": "v27",
      "price": 62153.67906650269,
      "metadata": {
        "fork_sustained": true,
        "fork_depth": 95
      }
    },
    {
      "timestamp": 1772911686.1569772,
      "chain_id": "v26",
      "price": 57193.52093349731,
      "metadata": {
        "fork_sustained": true,
        "fork_depth": 95
      }
    },
    {
      "timestamp": 1772911746.679716,
      "chain_id": "v27",
      "price": 62183.744312261726,
      "metadata": {
        "fork_sustained": true,
        "fork_depth": 121
      }
    },
    {
      "timestamp": 1772911746.6797235,
      "chain_id": "v26",
      "price": 57163.455687738286,
      "metadata": {
        "fork_sustained": true,
        "fork_depth": 121
      }
    },
    {
      "timestamp": 1772911807.1266055,
      "chain_id": "v27",
      "price": 62243.248444493125,
      "metadata": {
        "fork_sustained": true,
        "fork_depth": 143
      }
    },
    {
      "timestamp": 1772911807.1266115,
      "chain_id": "v26",
      "price": 57103.95155550688,
      "metadata": {
        "fork_sustained": true,
        "fork_depth": 143
      }
    },
    {
      "timestamp": 1772911867.7416353,
      "chain_id": "v27",
      "price": 62258.38244344216,
      "metadata": {
        "fork_sustained": true,
        "fork_depth": 173
      }
    },
    {
      "timestamp": 1772911867.741643,
      "chain_id": "v26",
      "price": 57088.81755655785,
      "metadata": {
        "fork_sustained": true,
        "fork_depth": 173
      }
    },
    {
      "timestamp": 1772911928.3421164,
      "chain_id": "v27",