{
  "blocks_mined": {
    "v27": 117,
    "v26": 3
  },
  "total_blocks": 120,
  "final_hashrate": {
    "v27": 86.4,
    "v26": 0.0
  },
  "final_economic": {
    "v27": 100.0,
    "v26": 0.0
  },
  "final_prices": {
    "v27": 71253.69350649351,
    "v26": 48093.506493506495
  }
}