{
  "blocks_mined": {
    "v27": 5035,
    "v26": 1501
  },
  "total_blocks": 6536,
  "final_hashrate": {
    "v27": 86.4,
    "v26": 0.0
  },
  "final_economic": {
    "v27": 56.73741253525133,
    "v26": 43.26258746474866
  },
  "final_prices": {
    "v27": 64110.22665107831,
    "v26": 55236.9733489217
  }
}