{
  "blocks_mined": {
    "v27": 136,
    "v26": 5152
  },
  "total_blocks": 5288,
  "final_hashrate": {
    "v27": 0.0,
    "v26": 86.4
  },
  "final_economic": {
    "v27": 56.73664319629601,
    "v26": 43.26335680370397
  },
  "final_prices": {
    "v27": 55056.2131865599,
    "v26": 64290.986813440104
  }
}