{
  "blocks_mined": {
    "v27": 438,
    "v26": 757
  },
  "total_blocks": 1195,
  "final_hashrate": {
    "v27": 0.0,
    "v26": 86.4
  },
  "final_economic": {
    "v27": 62.14929353977099,
    "v26": 37.850706460229006
  },
  "final_prices": {
    "v27": 58247.311922612986,
    "v26": 61099.88807738702
  }
}