{
  "blocks_mined": {
    "v27": 1739,
    "v26": 1238
  },
  "total_blocks": 2977,
  "final_hashrate": {
    "v27": 50.5,
    "v26": 35.9
  },
  "final_economic": {
    "v27": 56.737060138721,
    "v26": 43.262939861279
  },
  "final_prices": {
    "v27": 61452.799998193346,
    "v26": 57894.40000180667
  }
}