{
  "config": {
    "base_price": 60000,
    "max_divergence": 0.2,
    "coefficients": {
      "chain_weight": 0.3,
      "economic_weight": 0.5,
      "hashrate_weight": 0.2
    }
  },
  "current_prices": {
    "v27": 69957.12011555028,
    "v26": 49390.07988444973
  },
  "timeline": {
    "timestamps": [
      1772937877.71207,
      1772937938.9136925,
      1772937938.9137282,
      1772937999.2206914,
      1772937999.2207189,
      1772938059.3257504,
      1772938059.3257737,
      1772938119.7684317,
      1772938119.7684746,
      1772938180.2245135,
      1772938180.2245579,
      1772938240.4857154,
      1772938240.485723,
      1772938301.2312012,
      1772938301.2312224,
      1772938362.0167778,
      1772938362.0167885,
      1772938422.7220283,
      1772938422.7220404,
      1772938483.2983835,
      1772938483.2983909,
      1772938543.5577426,
      1772938543.5577853,
      1772938604.0374165,
      1772938604.0374272,
      1772938664.572716,
      1772938664.5727503,
      1772938724.6923058,
      1772938724.692315,
      1772938785.2583783,
      1772938785.258388,
      1772938845.6444545,
      1772938845.644477,
      1772938906.6161706,
      1772938906.6161797,
      1772938966.8603623,
      1772938966.8603723,
      1772939027.8105478,
      1772939027.8105807,
      1772939087.8876297,
      1772939087.8876393,
      1772939148.1305306,
      1772939148.1305697,
      1772939208.7754333,
      1772939208.775455,
      1772939268.8090322,
      1772939268.8090541,
      1772939329.8687732,
      1772939329.8687804,
      1772939390.0313914,
      1772939390.0314322,
      1772939450.5671136,
      1772939450.5671363,
      1772939511.1663983,
      1772939511.1664197,
      1772939571.321421,
      1772939571.3214526,
      1772939631.5395894,
      1772939631.5395997
    ],
    "v27_prices": [
      60000,
      64480.071666177595,
      64480.071666177595,
      64718.84717638166,
      64718.84717638166,
      64910.506448786284,
      64910.506448786284,
      64954.265214564686,
      64954.265214564686,
      64986.79435525321,
      64986.79435525321,
      65048.156772560564,
      65048.156772560564,
      65060.54503895865,
      65060.54503895865,
      64980.07166617759,
      64980.07166617759,
      64987.0585657409,
      64987.0585657409,
      67365.3196861114,
      67365.3196861114,
      67637.36514065685,
      67637.36514065685,
      67943.08203751392,
      67943.08203751392,
      68196.31305313604,
      68196.31305313604,
      68405.39600167416,
      68405.39600167416,
      68623.75684986016,
      68623.75684986016,
      68772.81894396579,
      68772.81894396579,
      68925.03173302584,
      68925.03173302584,
      69043.65687113497,
      69043.65687113497,
      69169.46329133419,
      69169.46329133419,
      69282.74828599671,
      69282.74828599671,
      69396.5216167064,
      69396.5216167064,
      69503.61480250521,
      69503.61480250521,
      69566.28969746314,
      69566.28969746314,
      69617.81988414649,
      69617.81988414649,
      69701.72393888886,
      69701.72393888886,
      69787.61521285535,
      69787.61521285535,
      69850.84500306383,
      69850.84500306383,
      69904.29538766737,
      69904.29538766737,
      69957.12011555028,
      69957.12011555028
    ],
    "v26_prices": [
      60000,
      60000,
      54867.128333822424,
      54867.128333822424,
      54628.35282361834,
      54628.35282361834,
      54436.69355121373,
      54436.69355121373,
      54392.934785435325,
      54392.934785435325,
      54360.405644746796,
      54360.405644746796,
      54299.04322743944,
      54299.04322743944,
      54286.65496104136,
      54286.65496104136,
      54367.128333822424,
      54367.128333822424,
      54360.1414342591,
      54360.1414342591,
      51981.880313888614,
      51981.880313888614,
      51709.83485934316,
      51709.83485934316,
      51404.11796248608,
      51404.11796248608,
      51150.886946863975,
      51150.886946863975,
      50941.80399832585,
      50941.80399832585,
      50723.44315013984,
      50723.44315013984,
      50574.38105603424,
      50574.38105603424,
      50422.16826697418,
      50422.16826697418,
      50303.54312886503,
      50303.54312886503,
      50177.736708665834,
      50177.736708665834,
      50064.45171400329,
      50064.45171400329,
      49950.678383293605,
      49950.678383293605,
      49843.585197494795,
      49843.585197494795,
      49780.91030253687,
      49780.91030253687,
      49729.38011585352,
      49729.38011585352,
      49645.476061111156,
      49645.476061111156,
      49559.584787144675,
      49559.584787144675,
      49496.35499693618,
      49496.35499693618,
      49442.90461233265,
      49442.90461233265,
      49390.07988444973
    ]
  },
  "history": [
    {
      "timestamp": 1772937877.71207,
      "chain_id": "v27",
      "price": 60000,
      "metadata": {
        "initial": true
      }
    },
    {
      "timestamp": 1772937877.71207,
      "chain_id": "v26",
      "price": 60000,
      "metadata": {
        "initial": true
      }
    },
    {
      "timestamp": 1772937938.9136925,
      "chain_id": "v27",
      "price": 64480.071666177595,
      "metadata": {
        "fork_sustained": true,
        "fork_depth": 24
      }
    },
    {
      "timestamp": 1772937938.9137282,
      "chain_id": "v26",
      "price": 54867.128333822424,
      "metadata": {
        "fork_sustained": true,
        "fork_depth": 24
      }
    },
    {
      "timestamp": 1772937999.2206914,
      "chain_id": "v27",
      "price": 64718.84717638166,
      "metadata": {
        "fork_sustained": true,
        "fork_depth": 49
      }
    },
    {
      "timestamp": 1772937999.2207189,
      "chain_id": "v26",
      "price": 54628.35282361834,
      "metadata": {
        "fork_sustained": true,
        "fork_depth": 49
      }
    },
    {
      "timestamp": 1772938059.3257504,
      "chain_id": "v27",
      "price": 64910.506448786284,
      "metadata": {
        "fork_sustained": true,
        "fork_depth": 69
      }
    },
    {
      "timestamp": 1772938059.3257737,
      "chain_id": "v26",
      "price": 54436.69355121373,
      "metadata": {
        "fork_sustained": true,
        "fork_depth": 69
      }
    },
    {
      "timestamp": 1772938119.7684317,
      "chain_id": "v27",
      "price": 64954.265214564686,
      "metadata": {
        "fork_sustained": true,
        "fork_depth": 93
      }
    },
    {
      "timestamp": 1772938119.7684746,
      "chain_id": "v26",
      "price": 54392.934785435325,
      "metadata": {
        "fork_sustained": true,
        "fork_depth": 93
      }
    },
    {
      "timestamp": 1772938180.2245135,
      "chain_id": "v27",
      "price": 64986.79435525321,
      "metadata": {
        "fork_sustained": true,
        "fork_depth": 119
      }
    },
    {
      "timestamp": 1772938180.2245579,
      "chain_id": "v26",
      "price": 54360.405644746796,
      "metadata": {
        "fork_sustained": true,
        "fork_depth": 119
      }
    },
    {
      "timestamp": 1772938240.4857154,
      "chain_id": "v27",
      "price": 65048.156772560564,
      "metadata": {
        "fork_sustained": true,
        "fork_depth": 141
      }
    },
    {
      "timestamp": 1772938240.485723,
      "chain_id": "v26",
      "price": 54299.04322743944,
      "metadata": {
        "fork_sustained": true,
        "fork_depth": 141
      }
    },
    {
      "timestamp": 1772938301.2312012,
      "chain_id": "v27",
      "price": 65060.54503895865,
      "metadata": {
        "fork_sustained": true,
        "fork_depth": 169
      }
    },
    {
      "timestamp": 1772938301.2312224,
      "chain_id": "v26",
      "price": 54286.65496104136,
      "metadata": {
        "fork_sustained": true,
        "fork_depth": 169
      }
    },
    {
      "timestamp": 1772938362.0167778,
      "chain_id": "v27",