{
  "blocks_mined": {
    "v27": 5,
    "v26": 612
  },
  "total_blocks": 617,
  "final_hashrate": {
    "v27": 0.0,
    "v26": 86.4
  },
  "final_economic": {
    "v27": 0.0,
    "v26": 100.0
  },
  "final_prices": {
    "v27": 48012.43523316063,
    "v26": 71334.76476683938
  }
}