{
  "config": {
    "base_price": 60000,
    "max_divergence": 0.2,
    "coefficients": {
      "chain_weight": 0.3,
      "economic_weight": 0.5,
      "hashrate_weight": 0.2
    }
  },
  "current_prices": {
    "v27": 57543.19706240362,
    "v26": 61804.00293759638
  },
  "timeline": {
    "timestamps": [
      1772924548.0079129,
      1772924609.3884864,
      1772924609.3885267,
      1772924669.824697,
      1772924669.8247225,
      1772924729.8856268,
      1772924729.8856637,
      1772924790.5345275,
      1772924790.534576,
      1772924851.0824711,
      1772924851.082512,
      1772924911.2567701,
      1772924911.2568095,
      1772924972.072358,
      1772924972.07239,
      1772925032.84575,
      1772925032.845773,
      1772925093.6056607,
      1772925093.6056714,
      1772925154.1642656,
      1772925154.1642873,
      1772925214.4355752,
      1772925214.435599,
      1772925275.3441098,
      1772925275.3441205,
      1772925336.382046,
      1772925336.3820686,
      1772925397.201376,
      1772925397.2014182,
      1772925457.4766455,
      1772925457.4766684,
      1772925518.3803906,
      1772925518.3804133,
      1772925579.2447414,
      1772925579.2447515,
      1772925639.679086,
      1772925639.6791325,
      1772925700.5116687,
      1772925700.511692,
      1772925761.6687422,
      1772925761.6687865,
      1772925821.7528782,
      1772925821.7528903,
      1772925882.66156,
      1772925882.6615818,
      1772925943.336522,
      1772925943.3365436,
      1772926003.7834885,
      1772926003.78354,
      1772926064.2409065,
      1772926064.2409248,
      1772926124.2601666,
      1772926124.260177,
      1772926185.0153122,
      1772926185.0153365,
      1772926245.8166792,
      1772926245.8167005,
      1772926306.6256084,
      1772926306.6256196
    ],
    "v27_prices": [
      60000,
      59337.24721664652,
      59337.24721664652,
      59576.02272685059,
      59576.02272685059,
      59767.68199925522,
      59767.68199925522,
      59811.44076503362,
      59811.44076503362,
      59843.969905722144,
      59843.969905722144,
      59905.3323230295,
      59905.3323230295,
      59917.72058942758,
      59917.72058942758,
      59837.247216646516,
      59837.247216646516,
      59844.23411620984,
      59844.23411620984,
      60871.052664117335,
      60871.052664117335,
      60999.483308912466,
      60999.483308912466,
      61065.48498453976,
      61065.48498453976,
      61170.14523681836,
      61170.14523681836,
      61283.82036714002,
      61283.82036714002,
      61347.871544931826,
      61347.871544931826,
      61459.39202755054,
      61459.39202755054,
      61520.05487607764,
      61520.05487607764,
      61562.125550200995,
      61562.125550200995,
      61604.80573505943,
      61604.80573505943,
      58807.9251181329,
      58807.9251181329,
      58627.02405939982,
      58627.02405939982,
      58457.995066680916,
      58457.995066680916,
      58295.25191256063,
      58295.25191256063,
      58161.631585011026,
      58161.631585011026,
      58006.19265501525,
      58006.19265501525,
      57870.992052839785,
      57870.992052839785,
      57757.314997539994,
      57757.314997539994,
      57648.496066807886,
      57648.496066807886,
      57543.19706240362,
      57543.19706240362
    ],
    "v26_prices": [
      60000,
      60000,
      60009.952783353474,
      60009.952783353474,
      59771.1772731494,
      59771.1772731494,
      59579.518000744785,
      59579.518000744785,
      59535.75923496639,
      59535.75923496639,
      59503.23009427786,
      59503.23009427786,
      59441.867676970505,
      59441.867676970505,
      59429.47941057242,
      59429.47941057242,
      59509.95278335348,
      59509.95278335348,
      59502.96588379016,
      59502.96588379016,
      58476.14733588266,
      58476.14733588266,
      58347.71669108753,
      58347.71669108753,
      58281.715015460235,
      58281.715015460235,
      58177.05476318164,
      58177.05476318164,
      58063.37963285998,
      58063.37963285998,
      57999.32845506817,
      57999.32845506817,
      57887.80797244947,
      57887.80797244947,
      57827.14512392237,
      57827.14512392237,
      57785.074449799,
      57785.074449799,
      57742.39426494057,
      57742.39426494057,
      60539.274881867095,
      60539.274881867095,
      60720.17594060018,
      60720.17594060018,
      60889.20493331909,
      60889.20493331909,
      61051.94808743937,
      61051.94808743937,
      61185.568414988964,
      61185.568414988964,
      61341.00734498476,
      61341.00734498476,
      61476.20794716022,
      61476.20794716022,
      61589.88500246001,
      61589.88500246001,
      61698.703933192126,
      61698.703933192126,
      61804.00293759638
    ]
  },
  "history": [
    {
      "timestamp": 1772924548.0079129,
      "chain_id": "v27",
      "price": 60000,
      "metadata": {
        "initial": true
      }
    },
    {
      "timestamp": 1772924548.0079129,
      "chain_id": "v26",
      "price": 60000,
      "metadata": {
        "initial": true
      }
    },
    {
      "timestamp": 1772924609.3884864,
      "chain_id": "v27",
      "price": 59337.24721664652,
      "metadata": {
        "fork_sustained": true,
        "fork_depth": 24
      }
    },
    {
      "timestamp": 1772924609.3885267,
      "chain_id": "v26",
      "price": 60009.952783353474,
      "metadata": {
        "fork_sustained": true,
        "fork_depth": 24
      }
    },
    {
      "timestamp": 1772924669.824697,
      "chain_id": "v27",
      "price": 59576.02272685059,
      "metadata": {
        "fork_sustained": true,
        "fork_depth": 49
      }
    },
    {
      "timestamp": 1772924669.8247225,
      "chain_id": "v26",
      "price": 59771.1772731494,
      "metadata": {
        "fork_sustained": true,
        "fork_depth": 49
      }
    },
    {
      "timestamp": 1772924729.8856268,
      "chain_id": "v27",
      "price": 59767.68199925522,
      "metadata": {
        "fork_sustained": true,
        "fork_depth": 69
      }
    },
    {
      "timestamp": 1772924729.8856637,
      "chain_id": "v26",
      "price": 59579.518000744785,
      "metadata": {
        "fork_sustained": true,
        "fork_depth": 69
      }
    },
    {
      "timestamp": 1772924790.5345275,
      "chain_id": "v27",
      "price": 59811.44076503362,
      "metadata": {
        "fork_sustained": true,
        "fork_depth": 93
      }
    },
    {
      "timestamp": 1772924790.534576,
      "chain_id": "v26",
      "price": 59535.75923496639,
      "metadata": {
        "fork_sustained": true,
        "fork_depth": 93
      }
    },
    {
      "timestamp": 1772924851.0824711,
      "chain_id": "v27",
      "price": 59843.969905722144,
      "metadata": {
        "fork_sustained": true,
        "fork_depth": 119
      }
    },
    {
      "timestamp": 1772924851.082512,
      "chain_id": "v26",
      "price": 59503.23009427786,
      "metadata": {
        "fork_sustained": true,
        "fork_depth": 119
      }
    },
    {
      "timestamp": 1772924911.2567701,
      "chain_id": "v27",
      "price": 59905.3323230295,
      "metadata": {
        "fork_sustained": true,
        "fork_depth": 141
      }
    },
    {
      "timestamp": 1772924911.2568095,
      "chain_id": "v26",
      "price": 59441.867676970505,
      "metadata": {
        "fork_sustained": true,
        "fork_depth": 141
      }
    },
    {
      "timestamp": 1772924972.072358,
      "chain_id": "v27",
      "price": 59917.72058942758,
      "metadata": {
        "fork_sustained": true,
        "fork_depth": 169
      }
    },
    {
      "timestamp": 1772924972.07239,
      "chain_id": "v26",
      "price": 59429.47941057242,
      "metadata": {
        "fork_sustained": true,
        "fork_depth": 169
      }
    },
    {
      "timestamp": 1772925032.84575,
      "chain_id": "v27",
      "price": 59837.247216646516,