{
  "timestamps": [
    0,
    60,
    120,
    180,
    241,
    301,
    362,
    422,
    483,
    544,
    605,
    666,
    726,
    787,
    847,
    908,
    968,
    1029,
    1090,
    1150,
    1211,
    1272,
    1332,
    1393,
    1453,
    1514,
    1575,
    1635,
    1696,
    1756,
    1800
  ],
  "v27_price": [
    60000,
    60000,
    58543.45298449252,
    58782.2284946966,
    58973.887767101216,
    59060.47426108827,
    59056.67612498839,
    59088.52340702774,
    59108.56926356229,
    59031.51268598506,
    59088.08817762557,
    57267.16263700218,
    56973.72120412646,
    56721.502299561,
    56522.18862604037,
    56346.81093291157,
    56218.370456611476,
    56086.039033411886,
    55980.218500886964,
    55855.15468080175,
    55754.42091903217,
    55656.39683571125,
    55561.9520804459,
    55490.384764393464,
    55445.42827062459,
    55377.68009725534,
    55302.90631695098,
    55249.42887297471,
    55203.81647497736,
    55161.277030425714,
    55117.734869281245
  ],
  "v26_price": [
    60000,
    60000,
    60803.74701550749,
    60564.971505303394,
    60373.31223289878,
    60286.72573891175,
    60290.52387501162,
    60258.676592972275,
    60238.630736437706,
    60315.68731401494,
    60259.11182237444,
    62080.03736299783,
    62373.47879587355,
    62625.69770043901,
    62825.01137395963,
    63000.38906708843,
    63128.82954338853,
    63261.16096658812,
    63366.981499113055,
    63492.04531919826,
    63592.77908096783,
    63690.80316428875,
    63785.2479195541,
    63856.81523560654,
    63901.77172937542,
    63969.519902744665,
    64044.293683049036,
    64097.7711270253,
    64143.38352502265,
    64185.9229695743,
    64229.46513071876
  ],
  "v27_hashrate": [
    38.1,
    38.1,
    38.1,
    38.1,
    38.1,
    38.1,
    38.1,
    38.1,
    38.1,
    38.1,
    0.0,
    0.0,
    0.0,
    0.0,
    0.0,
    0.0,
    0.0,
    0.0,
    0.0,
    0.0,
    0.0,
    0.0,
    0.0,
    0.0,
    0.0,
    0.0,
    0.0,
    0.0,
    0.0,
    0.0,
    0.0
  ],
  "v26_hashrate": [
    48.3,
    48.3,
    48.3,
    48.3,
    48.3,
    48.3,
    48.3,
    48.3,
    48.3,
    48.3,
    86.4,
    86.4,
    86.4,
    86.4,
    86.4,
    86.4,
    86.4,
    86.4,
    86.4,
    86.4,
    86.4,
    86.4,
    86.4,
    86.4,
    86.4,
    86.4,
    86.4,
    86.4,
    86.4,
    86.4,
    86.4
  ],
  "v27_economic": [
    50.12210820410434,
    50.12210820410434,
    50.12210820410434,
    50.12210820410434,
    50.12210820410434,
    50.12210820410434,
    50.12210820410434,
    50.12210820410434,
    50.12210820410434,
    50.12210820410434,
    50.12210820410434,
    50.12210820410434,
    50.12210820410434,
    50.12210820410434,
    50.12210820410434,
    50.12210820410434,
    50.12210820410434,
    50.12210820410434,
    50.12210820410434,
    50.12210820410434,
    50.12210820410434,
    50.12210820410434,
    50.12210820410434,
    50.12210820410434,
    50.12210820410434,
    50.12210820410434,
    50.12210820410434,
    50.12210820410434,
    50.12210820410434,
    50.12210820410434,
    50.12210820410434
  ],
  "v26_economic": [
    49.87789179589566,
    49.87789179589566,
    49.87789179589566,
    49.87789179589566,
    49.87789179589566,
    49.87789179589566,
    49.87789179589566,
    49.87789179589566,
    49.87789179589566,
    49.87789179589566,
    49.87789179589566,
    49.87789179589566,
    49.87789179589566,
    49.87789179589566,
    49.87789179589566,
    49.87789179589566,
    49.87789179589566,
    49.87789179589566,
    49.87789179589566,
    49.87789179589566,
    49.87789179589566,
    49.87789179589566,
    49.87789179589566,
    49.87789179589566,
    49.87789179589566,
    49.87789179589566,
    49.87789179589566,
    49.87789179589566,
    49.87789179589566,
    49.87789179589566,
    49.87789179589566
  ],
  "v27_blocks": [
    0,
    9,
    20,
    30,
    42,
    54,
    64,
    78,
    89,
    105,
    117,
    117,
    117,
    117,
    117,
    117,
    117,
    117,
    117,
    117,
    117,
    117,
    117,
    117,
    117,
    117,
    117,
    117,
    117,
    117,
    117
  ],
  "v26_blocks": [
    0,
    15,
    29,
    39,
    52,
    67,
    78,
    94,
    112,
    128,
    142,
    194,
    250,
    296,
    326,
    351,
    380,
    406,
    441,
    474,
    510,
    549,
    581,
    600,
    631,
    669,
    699,
    727,
    756,
    788,
    812
  ],
  "v27_difficulty": [
    1.0,
    1.0,
    1.0,
    1.0,
    1.0,
    1.0,
    1.0,
    1.0,
    1.0,
    1.0,
    1.0,
    1.0,
    1.0,
    1.0,
    1.0,
    1.0,
    1.0,
    1.0,
    1.0,
    1.0,
    1.0,
    1.0,
    1.0,
    1.0,
    1.0,
    1.0,
    1.0,
    1.0,
    1.0,
    1.0,
    1.0
  ],
  "v26_difficulty": [
    1.0,
    1.0,
    1.0,
    1.0,
    1.0,
    1.0,
    1.0,
    1.0,
    1.0,
    1.0,
    1.0,
    0.47368421052631576,
    0.47368421052631576,
    0.8421052631578947,
    0.8421052631578947,
    0.8421052631578947,
    0.8421052631578947,
    0.8421052631578947,
    0.8030672708260718,
    0.8030672708260718,
    0.8030672708260718,
    0.8030672708260718,
    0.9440137714200355,
    0.9440137714200355,
    0.9440137714200355,
    0.9440137714200355,
    0.9440137714200355,
    0.9062532205632341,
    0.9062532205632341,
    0.9062532205632341,
    0.9062532205632341
  ],
  "v27_chainwork": [
    0.0,
    9.0,
    20.0,
    30.0,
    42.0,
    54.0,
    64.0,
    78.0,
    89.0,
    105.0,
    117.0,
    117.0,
    117.0,
    117.0,
    117.0,
    117.0,
    117.0,
    117.0,
    117.0,
    117.0,
    117.0,
    117.0,
    117.0,
    117.0,
    117.0,
    117.0,
    117.0,
    117.0,
    117.0,
    117.0,
    117.0
  ],
  "v26_chainwork": [
    0.0,
    15.0,
    29.0,
    39.0,
    52.0,
    67.0,
    78.0,
    94.0,
    112.0,
    128.0,
    142.0,
    167.68421052631646,
    194.2105263157909,
    218.94736842105453,
    244.21052631579124,
    265.2631578947388,
    289.68421052631845,
    311.57894736842434,
    340.70128964796504,
    367.20250958522604,
    396.1129313349653,
    427.43255489718285,
    453.83544006658747,
    471.77170172356807,
    501.03612863758906,
    536.9086519515503,
    565.2290650941512,
    591.3971268379147,
    617.6784702342492,
    646.6785732922734,
    668.4286505857916
  ],
  "v27_fee_rate": [
    1.0,
    1.0,
    0.009550453551606284,
    0.009550453551606284,
    0.009550453551606284,
    0.009550453551606284,
    0.009550453551606284,
    0.009550453551606284,
    0.009550453551606284,
    0.009550453551606284,
    0.009550453551606284,
    3.638722803161994,
    3.638722803161994,
    3.638722803161994,
    3.638722803161994,
    3.638722803161994,
    3.638722803161994,
    3.638722803161994,
    3.638722803161994,
    3.638722803161994,
    3.638722803161994,
    3.638722803161994,
    3.638722803161994,
    3.638722803161994,
    3.638722803161994,
    3.638722803161994,
    3.638722803161994,
    3.638722803161994,
    3.638722803161994,
    3.638722803161994,
    3.638722803161994
  ],
  "v26_fee_rate": [
    1.0,
    1.0,
    0.006269034914088349,
    0.006269034914088349,
    0.006269034914088349,
    0.006269034914088349,
    0.006269034914088349,
    0.006269034914088349,
    0.006269034914088349,
    0.006269034914088349,
    0.006269034914088349,
    0.0035045646568341113,
    0.001660056942710895,
    0.001660056942710895,
    0.0029512123425971463,
    0.0029512123425971463,
    0.0029512123425971463,
    0.0029512123425971463,
    0.0029512123425971463,
    0.0028144011743972785,
    0.0028144011743972785,
    0.0028144011743972785,
    0.0028144011743972785,
    0.0033083572988833318,
    0.0033083572988833318,
    0.0033083572988833318,
    0.0033083572988833318,
    0.0033083572988833318,
    0.0031760230069279986,
    0.0031760230069279986,
    0.0031760230069279986
  ],