{
  "blocks_mined": {
    "v27": 1720,
    "v26": 1201
  },
  "total_blocks": 2921,
  "final_hashrate": {
    "v27": 50.5,
    "v26": 35.9
  },
  "final_economic": {
    "v27": 56.737060138721,
    "v26": 43.262939861279
  },
  "final_prices": {
    "v27": 61499.021419143064,
    "v26": 57848.178580856955
  }
}