{
  "blocks_mined": {
    "v27": 40,
    "v26": 786
  },
  "total_blocks": 826,
  "final_hashrate": {
    "v27": 0.0,
    "v26": 86.4
  },
  "final_economic": {
    "v27": 0.0,
    "v26": 100.0
  },
  "final_prices": {
    "v27": 48368.28644501279,
    "v26": 70978.91355498722
  }
}