{
  "blocks_mined": {
    "v27": 24,
    "v26": 918
  },
  "total_blocks": 942,
  "final_hashrate": {
    "v27": 0.0,
    "v26": 86.4
  },
  "final_economic": {
    "v27": 0.0,
    "v26": 100.0
  },
  "final_prices": {
    "v27": 48167.62749445676,
    "v26": 71179.57250554324
  }
}