{
  "blocks_mined": {
    "v27": 66,
    "v26": 28
  },
  "total_blocks": 94,
  "final_hashrate": {
    "v27": 86.4,
    "v26": 0.0
  },
  "final_economic": {
    "v27": 100.0,
    "v26": 0.0
  },
  "final_prices": {
    "v27": 68789.30526315789,
    "v26": 50557.894736842114
  }
}