{
  "blocks_mined": {
    "v27": 156,
    "v26": 21
  },
  "total_blocks": 177,
  "final_hashrate": {
    "v27": 86.4,
    "v26": 0.0
  },
  "final_economic": {
    "v27": 100.0,
    "v26": 0.0
  },
  "final_prices": {
    "v27": 70294.89230769232,
    "v26": 49052.3076923077
  }
}