{
  "blocks_mined": {
    "v27": 1710,
    "v26": 1169
  },
  "total_blocks": 2879,
  "final_hashrate": {
    "v27": 50.5,
    "v26": 35.9
  },
  "final_economic": {
    "v27": 56.737060138721,
    "v26": 43.262939861279
  },
  "final_prices": {
    "v27": 61526.469148022545,
    "v26": 57820.73085197747
  }
}