{
  "config": {
    "base_price": 60000,
    "max_divergence": 0.2,
    "coefficients": {
      "chain_weight": 0.3,
      "economic_weight": 0.5,
      "hashrate_weight": 0.2
    }
  },
  "current_prices": {
    "v27": 61545.668903040525,
    "v26": 57801.53109695948
  },
  "timeline": {
    "timestamps": [
      1772696652.6830287,
      1772696713.4548352,
      1772696713.454848,
      1772696773.7534251,
      1772696773.7534513,
      1772696833.8045702,
      1772696833.8045945,
      1772696894.1488743,
      1772696894.148898,
      1772696954.549611,
      1772696954.5496352,
      1772697014.7742484,
      1772697014.7742722,
      1772697075.2247474,
      1772697075.224781,
      1772697135.938424,
      1772697135.938473,
      1772697196.8841898,
      1772697196.8842022,
      1772697257.6684477,
      1772697257.6684778,
      1772697317.6895263,
      1772697317.6895483,
      1772697377.8295772,
      1772697377.8296006,
      1772697438.3697815,
      1772697438.3698056,
      1772697498.599347,
      1772697498.5993702,
      1772697558.6401646,
      1772697558.6401753,
      1772697618.7849605,
      1772697618.784973,
      1772697679.032804,
      1772697679.0328102,
      1772697739.1611378,
      1772697739.16116,
      1772697799.7034945,
      1772697799.7035089,
      1772697860.052237,
      1772697860.0522614,
      1772697920.38319,
      1772697920.3832116,
      1772697981.4558058,
      1772697981.455849,
      1772698041.7348652,
      1772698041.7349045,
      1772698102.1603067,
      1772698102.1603296,
      1772698162.7805264,
      1772698162.780564,
      1772698223.3727226,
      1772698223.372758,
      1772698284.2843826,
      1772698284.2844007,
      1772698344.2882683,
      1772698344.2882895,
      1772698405.2408645,
      1772698405.2408874
    ],
    "v27_prices": [
      60000,
      57694.33369979446,
      57694.33369979446,
      57933.10920999853,
      57933.10920999853,
      58124.76848240315,
      58124.76848240315,
      58168.527248181555,
      58168.527248181555,
      58201.056388870085,
      58201.056388870085,
      58262.41880617743,
      58262.41880617743,
      58274.807072575524,
      58274.807072575524,
      58194.33369979446,
      58194.33369979446,
      58201.32059935777,
      58201.32059935777,
      57855.33914726528,
      57855.33914726528,
      57790.46698018942,
      57790.46698018942,
      57734.59629443558,
      57734.59629443558,
      57737.29012739933,
      57737.29012739933,
      57686.11446204492,
      57686.11446204492,
      57672.24478802174,
      57672.24478802174,
      57621.45643701122,
      57621.45643701122,
      57588.02076447253,
      57588.02076447253,
      57565.20692667897,
      57565.20692667897,
      57538.17022074041,
      57538.17022074041,
      60219.353770187874,
      60219.353770187874,
      60418.36705476085,
      60418.36705476085,
      60583.59413011504,
      60583.59413011504,
      60767.801709190826,
      60767.801709190826,
      60906.74239708267,
      60906.74239708267,
      61060.58902875482,
      61060.58902875482,
      61182.09352134073,
      61182.09352134073,
      61315.466689988796,
      61315.466689988796,
      61431.15392565277,
      61431.15392565277,
      61545.668903040525,
      61545.668903040525
    ],
    "v26_prices": [
      60000,
      60000,
      61652.86630020555,
      61652.86630020555,
      61414.09079000146,
      61414.09079000146,
      61222.43151759684,
      61222.43151759684,
      61178.672751818456,
      61178.672751818456,
      61146.14361112991,
      61146.14361112991,
      61084.78119382258,
      61084.78119382258,
      61072.39292742448,
      61072.39292742448,
      61152.86630020555,
      61152.86630020555,
      61145.87940064221,
      61145.87940064221,
      61491.860852734724,
      61491.860852734724,
      61556.73301981057,
      61556.73301981057,
      61612.60370556443,
      61612.60370556443,
      61609.90987260066,
      61609.90987260066,
      61661.08553795509,
      61661.08553795509,
      61674.95521197827,
      61674.95521197827,
      61725.743562988784,
      61725.743562988784,
      61759.179235527474,
      61759.179235527474,
      61781.99307332103,
      61781.99307332103,
      61809.02977925959,
      61809.02977925959,
      59127.84622981213,
      59127.84622981213,
      58928.83294523916,
      58928.83294523916,
      58763.605869884974,
      58763.605869884974,
      58579.398290809186,
      58579.398290809186,
      58440.45760291734,
      58440.45760291734,
      58286.610971245194,
      58286.610971245194,
      58165.106478659276,
      58165.106478659276,
      58031.7333100112,
      58031.7333100112,
      57916.04607434723,
      57916.04607434723,
      57801.53109695948
    ]
  },
  "history": [
    {
      "timestamp": 1772696652.6830287,
      "chain_id": "v27",
      "price": 60000,
      "metadata": {
        "initial": true
      }
    },
    {
      "timestamp": 1772696652.6830287,
      "chain_id": "v26",
      "price": 60000,
      "metadata": {
        "initial": true
      }
    },
    {
      "timestamp": 1772696713.4548352,
      "chain_id": "v27",
      "price": 57694.33369979446,
      "metadata": {
        "fork_sustained": true,
        "fork_depth": 24
      }
    },
    {
      "timestamp": 1772696713.454848,
      "chain_id": "v26",
      "price": 61652.86630020555,
      "metadata": {
        "fork_sustained": true,
        "fork_depth": 24
      }
    },
    {
      "timestamp": 1772696773.7534251,
      "chain_id": "v27",
      "price": 57933.10920999853,
      "metadata": {
        "fork_sustained": true,
        "fork_depth": 49
      }
    },
    {
      "timestamp": 1772696773.7534513,
      "chain_id": "v26",
      "price": 61414.09079000146,
      "metadata": {
        "fork_sustained": true,
        "fork_depth": 49
      }
    },
    {
      "timestamp": 1772696833.8045702,
      "chain_id": "v27",
      "price": 58124.76848240315,
      "metadata": {
        "fork_sustained": true,
        "fork_depth": 69
      }
    },
    {
      "timestamp": 1772696833.8045945,
      "chain_id": "v26",
      "price": 61222.43151759684,
      "metadata": {
        "fork_sustained": true,
        "fork_depth": 69
      }
    },
    {
      "timestamp": 1772696894.1488743,
      "chain_id": "v27",
      "price": 58168.527248181555,
      "metadata": {
        "fork_sustained": true,
        "fork_depth": 93
      }
    },
    {
      "timestamp": 1772696894.148898,
      "chain_id": "v26",
      "price": 61178.672751818456,
      "metadata": {
        "fork_sustained": true,
        "fork_depth": 93
      }
    },
    {
      "timestamp": 1772696954.549611,
      "chain_id": "v27",
      "price": 58201.056388870085,
      "metadata": {
        "fork_sustained": true,
        "fork_depth": 119
      }
    },
    {
      "timestamp": 1772696954.5496352,
      "chain_id": "v26",
      "price": 61146.14361112991,
      "metadata": {
        "fork_sustained": true,
        "fork_depth": 119
      }
    },
    {
      "timestamp": 1772697014.7742484,
      "chain_id": "v27",
      "price": 58262.41880617743,
      "metadata": {
        "fork_sustained": true,
        "fork_depth": 141
      }
    },
    {
      "timestamp": 1772697014.7742722,
      "chain_id": "v26",
      "price": 61084.78119382258,
      "metadata": {
        "fork_sustained": true,
        "fork_depth": 141
      }
    },
    {
      "timestamp": 1772697075.2247474,
      "chain_id": "v27",
      "price": 58274.807072575524,
      "metadata": {
        "fork_sustained": true,
        "fork_depth": 169
      }
    },
    {
      "timestamp": 1772697075.224781,
      "chain_id": "v26",
      "price": 61072.39292742448,
      "metadata": {
        "fork_sustained": true,
        "fork_depth": 169
      }
    },
    {
      "timestamp": 1772697135.938424,
      "chain_id": "v27",
      "price": 58194.33369979446,