{
  "blocks_mined": {
    "v27": 1106,
    "v26": 841
  },
  "total_blocks": 1947,
  "final_hashrate": {
    "v27": 50.5,
    "v26": 35.9
  },
  "final_economic": {
    "v27": 56.737060138721,
    "v26": 43.262939861279
  },
  "final_prices": {
    "v27": 61327.89462637965,
    "v26": 58019.30537362036
  }
}