{
  "blocks_mined": {
    "v27": 365,
    "v26": 23
  },
  "total_blocks": 388,
  "final_hashrate": {
    "v27": 98.36999999999999,
    "v26": 0.0
  },
  "final_economic": {
    "v27": 55.003229654033994,
    "v26": 44.99677034596602
  },
  "final_prices": {
    "v27": 66063.85388567745,
    "v26": 53857.90611432255
  }
}