{
  "blocks_mined": {
    "v27": 129,
    "v26": 13
  },
  "total_blocks": 142,
  "final_hashrate": {
    "v27": 86.4,
    "v26": 0.0
  },
  "final_economic": {
    "v27": 100.0,
    "v26": 0.0
  },
  "final_prices": {
    "v27": 70640.05714285716,
    "v26": 48707.14285714286
  }
}