{
  "config": {
    "base_price": 60000,
    "max_divergence": 0.2,
    "coefficients": {
      "chain_weight": 0.3,
      "economic_weight": 0.5,
      "hashrate_weight": 0.2
    }
  },
  "current_prices": {
    "v27": 51616.75775123764,
    "v26": 68305.00224876238
  },
  "timeline": {
    "timestamps": [
      1772209178.3664963,
      1772209239.8908505,
      1772209239.8908591,
      1772209300.6339827,
      1772209300.6339936,
      1772209361.1903267,
      1772209361.1903348,
      1772209421.2978215,
      1772209421.2978272,
      1772209481.776993,
      1772209481.776999,
      1772209542.721412,
      1772209542.7214196,
      1772209603.180386,
      1772209603.1803913,
      1772209663.7711363,
      1772209663.771144,
      1772209723.907785,
      1772209723.9077926,
      1772209784.3919055,
      1772209784.3919106,
      1772209844.887025,
      1772209844.8870304,
      1772209905.479875,
      1772209905.4798808,
      1772209965.9757257,
      1772209965.9757328,
      1772210026.4903266,
      1772210026.4903347,
      1772210086.954363,
      1772210086.954368,
      1772210147.458238,
      1772210147.4582517,
      1772210208.0035558,
      1772210208.0035627,
      1772210268.5241225,
      1772210268.5241296,
      1772210329.1599102,
      1772210329.159915,
      1772210389.6997194,
      1772210389.699725,
      1772210450.2920392,
      1772210450.2920465,
      1772210511.027178,
      1772210511.0271828,
      1772210571.382441,
      1772210571.3824458,
      1772210631.5783296,
      1772210631.5783365,
      1772210692.2469654,
      1772210692.246975,
      1772210753.1899223,
      1772210753.1899292,
      1772210813.7685778,
      1772210813.768585,
      1772210874.3545692,
      1772210874.354575,
      1772210934.4982767,
      1772210934.498284
    ],
    "v27_prices": [
      60000,
      51609.21591735919,
      51609.21591735919,
      51609.21591735919,
      51609.21591735919,
      51609.21591735919,
      51609.21591735919,
      51609.21591735919,
      51609.21591735919,
      51609.21591735919,
      51609.21591735919,
      51609.21591735919,
      51609.21591735919,
      51609.21591735919,
      51609.21591735919,
      51609.21591735919,
      51609.21591735919,
      51609.21591735919,
      51609.21591735919,
      51608.1556007,
      51608.1556007,
      51608.1556007,
      51608.1556007,
      51608.1556007,
      51608.1556007,
      51608.1556007,
      51608.1556007,
      51608.1556007,
      51608.1556007,
      51608.1556007,
      51608.1556007,
      51608.1556007,
      51608.1556007,
      51608.1556007,
      51608.1556007,
      51608.1556007,
      51608.1556007,
      51608.1556007,
      51608.1556007,
      51608.1556007,
      51608.1556007,
      51608.1556007,
      51608.1556007,
      51608.1556007,
      51608.1556007,
      51608.1556007,
      51608.1556007,
      51618.77506972655,
      51618.77506972655,
      51618.25377741809,
      51618.25377741809,
      51617.7812691492,
      51617.7812691492,
      51617.42200996641,
      51617.42200996641,
      51617.066491789104,
      51617.066491789104,
      51616.75775123764,
      51616.75775123764
    ],
    "v26_prices": [
      60000,
      60000,
      68312.54408264082,
      68312.54408264082,
      68312.54408264082,
      68312.54408264082,
      68312.54408264082,
      68312.54408264082,
      68312.54408264082,
      68312.54408264082,
      68312.54408264082,
      68312.54408264082,
      68312.54408264082,
      68312.54408264082,
      68312.54408264082,
      68312.54408264082,
      68312.54408264082,
      68312.54408264082,
      68312.54408264082,
      68312.54408264082,
      68313.6043993,
      68313.6043993,
      68313.6043993,
      68313.6043993,
      68313.6043993,
      68313.6043993,
      68313.6043993,
      68313.6043993,
      68313.6043993,
      68313.6043993,
      68313.6043993,
      68313.6043993,
      68313.6043993,
      68313.6043993,
      68313.6043993,
      68313.6043993,
      68313.6043993,
      68313.6043993,
      68313.6043993,
      68313.6043993,
      68313.6043993,
      68313.6043993,
      68313.6043993,
      68313.6043993,
      68313.6043993,
      68313.6043993,
      68313.6043993,
      68313.6043993,
      68302.98493027347,
      68302.98493027347,
      68303.50622258191,
      68303.50622258191,
      68303.97873085081,
      68303.97873085081,
      68304.3379900336,
      68304.3379900336,
      68304.6935082109,
      68304.6935082109,
      68305.00224876238
    ]
  },
  "history": [
    {
      "timestamp": 1772209178.3664963,
      "chain_id": "v27",
      "price": 60000,
      "metadata": {
        "initial": true
      }
    },
    {
      "timestamp": 1772209178.3664963,
      "chain_id": "v26",
      "price": 60000,
      "metadata": {
        "initial": true
      }
    },
    {
      "timestamp": 1772209239.8908505,
      "chain_id": "v27",
      "price": 51609.21591735919,
      "metadata": {
        "fork_sustained": true,
        "fork_depth": 24
      }
    },
    {
      "timestamp": 1772209239.8908591,
      "chain_id": "v26",
      "price": 68312.54408264082,
      "metadata": {
        "fork_sustained": true,
        "fork_depth": 24
      }
    },
    {
      "timestamp": 1772209300.6339827,
      "chain_id": "v27",
      "price": 51609.21591735919,
      "metadata": {
        "fork_sustained": true,
        "fork_depth": 56
      }
    },
    {
      "timestamp": 1772209300.6339936,
      "chain_id": "v26",
      "price": 68312.54408264082,
      "metadata": {
        "fork_sustained": true,
        "fork_depth": 56
      }
    },
    {
      "timestamp": 1772209361.1903267,
      "chain_id": "v27",
      "price": 51609.21591735919,
      "metadata": {
        "fork_sustained": true,
        "fork_depth": 88
      }
    },
    {
      "timestamp": 1772209361.1903348,
      "chain_id": "v26",
      "price": 68312.54408264082,
      "metadata": {
        "fork_sustained": true,
        "fork_depth": 88
      }
    },
    {
      "timestamp": 1772209421.2978215,
      "chain_id": "v27",
      "price": 51609.21591735919,
      "metadata": {
        "fork_sustained": true,
        "fork_depth": 117
      }
    },
    {
      "timestamp": 1772209421.2978272,
      "chain_id": "v26",
      "price": 68312.54408264082,
      "metadata": {
        "fork_sustained": true,
        "fork_depth": 117
      }
    },
    {
      "timestamp": 1772209481.776993,
      "chain_id": "v27",
      "price": 51609.21591735919,
      "metadata": {
        "fork_sustained": true,
        "fork_depth": 144
      }
    },
    {
      "timestamp": 1772209481.776999,
      "chain_id": "v26",
      "price": 68312.54408264082,
      "metadata": {
        "fork_sustained": true,
        "fork_depth": 144
      }
    },
    {
      "timestamp": 1772209542.721412,
      "chain_id": "v27",
      "price": 51609.21591735919,
      "metadata": {
        "fork_sustained": true,
        "fork_depth": 164
      }
    },
    {
      "timestamp": 1772209542.7214196,
      "chain_id": "v26",
      "price": 68312.54408264082,
      "metadata": {
        "fork_sustained": true,
        "fork_depth": 164
      }
    },
    {
      "timestamp": 1772209603.180386,
      "chain_id": "v27",
      "price": 51609.21591735919,
      "metadata": {
        "fork_sustained": true,
        "fork_depth": 189
      }
    },
    {
      "timestamp": 1772209603.1803913,
      "chain_id": "v26",
      "price": 68312.54408264082,
      "metadata": {
        "fork_sustained": true,
        "fork_depth": 189
      }
    },
    {
      "timestamp": 1772209663.7711363,
      "chain_id": "v27",
      "price": 51609.21591735919,
      "metadata": {
        "fork_sustained": true,
        "fork_depth": 221
      }
    },
    {
      "timestamp": 1772209663.771144,
      "chain_id": "v26",
      "price": 68312.54408264082,
      "metadata": {
        "fork_sustained": true,