{
  "blocks_mined": {
    "v27": 2458,
    "v26": 464
  },
  "total_blocks": 2922,
  "final_hashrate": {
    "v27": 86.4,
    "v26": 0.0
  },
  "final_economic": {
    "v27": 100.0,
    "v26": 0.0
  },
  "final_prices": {
    "v27": 70084.19971066983,
    "v26": 49263.000289330186
  }
}