{
  "config": {
    "base_price": 60000,
    "max_divergence": 0.2,
    "coefficients": {
      "chain_weight": 0.3,
      "economic_weight": 0.5,
      "hashrate_weight": 0.2
    }
  },
  "current_prices": {
    "v27": 63764.78467306539,
    "v26": 56156.975326934626
  },
  "timeline": {
    "timestamps": [
      1772231542.002229,
      1772231603.2373347,
      1772231603.2373428,
      1772231663.3295743,
      1772231663.329583,
      1772231723.399557,
      1772231723.3995633,
      1772231784.0615692,
      1772231784.0615776,
      1772231844.6319833,
      1772231844.6319911,
      1772231905.2996988,
      1772231905.2997053,
      1772231965.332902,
      1772231965.3329074,
      1772232026.0460896,
      1772232026.0460954,
      1772232086.7670076,
      1772232086.7670126,
      1772232147.4810903,
      1772232147.481097,
      1772232208.0479856,
      1772232208.0479934,
      1772232268.0553083,
      1772232268.055316,
      1772232328.6770945,
      1772232328.6771045,
      1772232389.4933372,
      1772232389.4933453,
      1772232450.037607,
      1772232450.0376172,
      1772232510.8011754,
      1772232510.8011806,
      1772232571.5467277,
      1772232571.5467331,
      1772232632.2878077,
      1772232632.2878187,
      1772232693.0682,
      1772232693.0682058,
      1772232753.7192729,
      1772232753.7192786,
      1772232814.2952008,
      1772232814.2952063,
      1772232874.4323678,
      1772232874.4323776,
      1772232934.6294885,
      1772232934.6294954,
      1772232995.0690706,
      1772232995.069079,
      1772233055.3921657,
      1772233055.3921714,
      1772233116.1083574,
      1772233116.1083639,
      1772233176.8335576,
      1772233176.833564,
      1772233236.907406,
      1772233236.9074132,
      1772233297.7063649,
      1772233297.7063723
    ],
    "v27_prices": [
      60000,
      61206.862215261746,
      61206.862215261746,
      61047.27942517049,
      61047.27942517049,
      61180.79886684546,
      61180.79886684546,
      60925.24552686541,
      60925.24552686541,
      60996.78263966494,
      60996.78263966494,
      61087.720891469275,
      61087.720891469275,
      60964.55452295406,
      60964.55452295406,
      61006.09298449253,
      61006.09298449253,
      60897.83211492731,
      60897.83211492731,
      62394.458587098394,
      62394.458587098394,
      62568.61842255898,
      62568.61842255898,
      62691.32823872982,
      62691.32823872982,
      62812.77182354266,
      62812.77182354266,
      62949.811042744936,
      62949.811042744936,
      63029.51643276838,
      63029.51643276838,
      63135.7678232022,
      63135.7678232022,
      63131.89685546027,
      63131.89685546027,
      63229.55584163538,
      63229.55584163538,
      63281.81838989792,
      63281.81838989792,
      63361.38276608436,
      63361.38276608436,
      63417.8101847542,
      63417.8101847542,
      63477.01100442633,
      63477.01100442633,
      63530.066140377996,
      63530.066140377996,
      63548.435423030984,
      63548.435423030984,
      63593.312728564255,
      63593.312728564255,
      63636.33412695597,
      63636.33412695597,
      63676.429794235264,
      63676.429794235264,
      63715.46688677927,
      63715.46688677927,
      63764.78467306539,
      63764.78467306539
    ],
    "v26_prices": [
      60000,
      60000,
      58714.897784738256,
      58714.897784738256,
      58874.48057482951,
      58874.48057482951,
      58740.96113315454,
      58740.96113315454,
      58996.51447313461,
      58996.51447313461,
      58924.97736033506,
      58924.97736033506,
      58834.03910853074,
      58834.03910853074,
      58957.205477045936,
      58957.205477045936,
      58915.66701550749,
      58915.66701550749,
      59023.927885072706,
      59023.927885072706,
      57527.30141290162,
      57527.30141290162,
      57353.14157744101,
      57353.14157744101,
      57230.43176127019,
      57230.43176127019,
      57108.98817645735,
      57108.98817645735,
      56971.94895725506,
      56971.94895725506,
      56892.24356723162,
      56892.24356723162,
      56785.9921767978,
      56785.9921767978,
      56789.86314453974,
      56789.86314453974,
      56692.20415836463,
      56692.20415836463,
      56639.94161010208,
      56639.94161010208,
      56560.37723391564,
      56560.37723391564,
      56503.9498152458,
      56503.9498152458,
      56444.748995573675,
      56444.748995573675,
      56391.69385962201,
      56391.69385962201,
      56373.324576969026,
      56373.324576969026,
      56328.44727143575,
      56328.44727143575,
      56285.425873044034,
      56285.425873044034,
      56245.33020576476,
      56245.33020576476,
      56206.29311322073,
      56206.29311322073,
      56156.975326934626
    ]
  },
  "history": [
    {
      "timestamp": 1772231542.002229,
      "chain_id": "v27",
      "price": 60000,
      "metadata": {
        "initial": true
      }
    },
    {
      "timestamp": 1772231542.002229,
      "chain_id": "v26",
      "price": 60000,
      "metadata": {
        "initial": true
      }
    },
    {
      "timestamp": 1772231603.2373347,
      "chain_id": "v27",
      "price": 61206.862215261746,
      "metadata": {
        "fork_sustained": true,
        "fork_depth": 26
      }
    },
    {
      "timestamp": 1772231603.2373428,
      "chain_id": "v26",
      "price": 58714.897784738256,
      "metadata": {
        "fork_sustained": true,
        "fork_depth": 26
      }
    },
    {
      "timestamp": 1772231663.3295743,
      "chain_id": "v27",
      "price": 61047.27942517049,
      "metadata": {
        "fork_sustained": true,
        "fork_depth": 59
      }
    },
    {
      "timestamp": 1772231663.329583,
      "chain_id": "v26",
      "price": 58874.48057482951,
      "metadata": {
        "fork_sustained": true,
        "fork_depth": 59
      }
    },
    {
      "timestamp": 1772231723.399557,
      "chain_id": "v27",
      "price": 61180.79886684546,
      "metadata": {
        "fork_sustained": true,
        "fork_depth": 85
      }
    },
    {
      "timestamp": 1772231723.3995633,
      "chain_id": "v26",
      "price": 58740.96113315454,
      "metadata": {
        "fork_sustained": true,
        "fork_depth": 85
      }
    },
    {
      "timestamp": 1772231784.0615692,
      "chain_id": "v27",
      "price": 60925.24552686541,
      "metadata": {
        "fork_sustained": true,
        "fork_depth": 118
      }
    },
    {
      "timestamp": 1772231784.0615776,
      "chain_id": "v26",
      "price": 58996.51447313461,
      "metadata": {
        "fork_sustained": true,
        "fork_depth": 118
      }
    },
    {
      "timestamp": 1772231844.6319833,
      "chain_id": "v27",
      "price": 60996.78263966494,
      "metadata": {
        "fork_sustained": true,
        "fork_depth": 145
      }
    },
    {
      "timestamp": 1772231844.6319911,
      "chain_id": "v26",
      "price": 58924.97736033506,
      "metadata": {
        "fork_sustained": true,
        "fork_depth": 145
      }
    },
    {
      "timestamp": 1772231905.2996988,
      "chain_id": "v27",
      "price": 61087.720891469275,
      "metadata": {
        "fork_sustained": true,
        "fork_depth": 172
      }
    },
    {
      "timestamp": 1772231905.2997053,
      "chain_id": "v26",
      "price": 58834.03910853074,
      "metadata": {
        "fork_sustained": true,
        "fork_depth": 172
      }
    },
    {
      "timestamp": 1772231965.332902,
      "chain_id": "v27",
      "price": 60964.55452295406,
      "metadata": {
        "fork_sustained": true,
        "fork_depth": 208
      }
    },
    {
      "timestamp": 1772231965.3329074,
      "chain_id": "v26",
      "price": 58957.205477045936,
      "metadata": {
        "fork_sustained": true,
        "fork_depth": 208
      }
    },
    {
      "timestamp": 1772232026.0460896,
      "chain_id": "v27",
      "price": 61006.09298449253,