{
  "config": {
    "base_price": 60000,
    "max_divergence": 0.2,
    "coefficients": {
      "chain_weight": 0.3,
      "economic_weight": 0.5,
      "hashrate_weight": 0.2
    }
  },
  "current_prices": {
    "v27": 67622.71651974395,
    "v26": 52299.043480256056
  },
  "timeline": {
    "timestamps": [
      1771169545.600758,
      1771169606.142711,
      1771169606.1427326,
      1771169667.0364165,
      1771169667.0364692,
      1771169727.3081899,
      1771169727.3082116,
      1771169787.3503687,
      1771169787.350381,
      1771169847.374791,
      1771169847.374812,
      1771169907.6353657,
      1771169907.6353981,
      1771169968.2171316,
      1771169968.2171535,
      1771170028.8354545,
      1771170028.8354752,
      1771170089.44275,
      1771170089.4427702,
      1771170150.093622,
      1771170150.0936534,
      1771170210.4918606,
      1771170210.4918933,
      1771170270.6605453,
      1771170270.660568,
      1771170330.9602475,
      1771170330.960269,
      1771170391.2646053,
      1771170391.264625,
      1771170451.732707,
      1771170451.7327445,
      1771170511.9124894,
      1771170511.9125218,
      1771170572.2593462,
      1771170572.2593572,
      1771170632.737011,
      1771170632.7370176,
      1771170692.7635486,
      1771170692.7635682
    ],
    "v27_prices": [
      60000,
      60000,
      60000,
      66417.04019141209,
      66417.04019141209,
      65631.58564595754,
      65631.58564595754,
      65631.58564595754,
      65631.58564595754,
      65991.58564595754,
      65991.58564595754,
      65631.58564595754,
      65631.58564595754,
      65800.99741066342,
      65800.99741066342,
      65842.31735327462,
      65842.31735327462,
      65819.41173291406,
      65819.41173291406,
      67012.65473686664,
      67012.65473686664,
      67160.4553233769,
      67160.4553233769,
      67214.05333826524,
      67214.05333826524,
      67307.66113891528,
      67307.66113891528,
      67374.3772249049,
      67374.3772249049,
      67454.27576643946,
      67454.27576643946,
      67484.53634363196,
      67484.53634363196,
      67530.53685474875,
      67530.53685474875,
      67579.47760472042,
      67579.47760472042,
      67622.71651974395,
      67622.71651974395
    ],
    "v26_prices": [
      60000,
      60000,
      60000,
      60000,
      53504.71980858791,
      53504.71980858791,
      54290.17435404246,
      54290.17435404246,
      54290.17435404246,
      54290.17435404246,
      53930.17435404246,
      53930.17435404246,
      54290.17435404246,
      54290.17435404246,
      54120.76258933658,
      54120.76258933658,
      54079.44264672539,
      54079.44264672539,
      54102.34826708594,
      54102.34826708594,
      52909.10526313337,
      52909.10526313337,
      52761.304676623105,
      52761.304676623105,
      52707.706661734774,
      52707.706661734774,
      52614.09886108471,
      52614.09886108471,
      52547.382775095095,
      52547.382775095095,
      52467.484233560535,
      52467.484233560535,
      52437.22365636805,
      52437.22365636805,
      52391.22314525125,
      52391.22314525125,
      52342.28239527957,
      52342.28239527957,
      52299.043480256056
    ]
  },
  "history": [
    {
      "timestamp": 1771169545.600758,
      "chain_id": "v27",
      "price": 60000,
      "metadata": {
        "initial": true
      }
    },
    {
      "timestamp": 1771169545.600758,
      "chain_id": "v26",
      "price": 60000,
      "metadata": {
        "initial": true
      }
    },
    {
      "timestamp": 1771169606.142711,
      "chain_id": "v27",
      "price": 60000,
      "metadata": {}
    },
    {
      "timestamp": 1771169606.1427326,
      "chain_id": "v26",
      "price": 60000,
      "metadata": {}
    },
    {
      "timestamp": 1771169667.0364165,
      "chain_id": "v27",
      "price": 66417.04019141209,
      "metadata": {
        "fork_sustained": true,
        "fork_depth": 11
      }
    },
    {
      "timestamp": 1771169667.0364692,
      "chain_id": "v26",
      "price": 53504.71980858791,
      "metadata": {
        "fork_sustained": true,
        "fork_depth": 11
      }
    },
    {
      "timestamp": 1771169727.3081899,
      "chain_id": "v27",
      "price": 65631.58564595754,
      "metadata": {
        "fork_sustained": true,
        "fork_depth": 15
      }
    },
    {
      "timestamp": 1771169727.3082116,
      "chain_id": "v26",
      "price": 54290.17435404246,
      "metadata": {
        "fork_sustained": true,
        "fork_depth": 15
      }
    },
    {
      "timestamp": 1771169787.3503687,
      "chain_id": "v27",
      "price": 65631.58564595754,
      "metadata": {
        "fork_sustained": true,
        "fork_depth": 15
      }
    },
    {
      "timestamp": 1771169787.350381,
      "chain_id": "v26",
      "price": 54290.17435404246,
      "metadata": {
        "fork_sustained": true,
        "fork_depth": 15
      }
    },
    {
      "timestamp": 1771169847.374791,
      "chain_id": "v27",
      "price": 65991.58564595754,
      "metadata": {
        "fork_sustained": true,
        "fork_depth": 20
      }
    },
    {
      "timestamp": 1771169847.374812,
      "chain_id": "v26",
      "price": 53930.17435404246,
      "metadata": {
        "fork_sustained": true,
        "fork_depth": 20
      }
    },
    {
      "timestamp": 1771169907.6353657,
      "chain_id": "v27",
      "price": 65631.58564595754,
      "metadata": {
        "fork_sustained": true,
        "fork_depth": 25
      }
    },
    {
      "timestamp": 1771169907.6353981,
      "chain_id": "v26",
      "price": 54290.17435404246,
      "metadata": {
        "fork_sustained": true,
        "fork_depth": 25
      }
    },
    {
      "timestamp": 1771169968.2171316,
      "chain_id": "v27",
      "price": 65800.99741066342,
      "metadata": {
        "fork_sustained": true,
        "fork_depth": 34
      }
    },
    {
      "timestamp": 1771169968.2171535,
      "chain_id": "v26",
      "price": 54120.76258933658,
      "metadata": {
        "fork_sustained": true,
        "fork_depth": 34
      }
    },
    {
      "timestamp": 1771170028.8354545,
      "chain_id": "v27",
      "price": 65842.31735327462,
      "metadata": {
        "fork_sustained": true,
        "fork_depth": 41
      }
    },
    {
      "timestamp": 1771170028.8354752,
      "chain_id": "v26",
      "price": 54079.44264672539,
      "metadata": {
        "fork_sustained": true,
        "fork_depth": 41
      }
    },
    {
      "timestamp": 1771170089.44275,
      "chain_id": "v27",
      "price": 65819.41173291406,
      "metadata": {
        "fork_sustained": true,
        "fork_depth": 46
      }
    },
    {
      "timestamp": 1771170089.4427702,
      "chain_id": "v26",
      "price": 54102.34826708594,
      "metadata": {
        "fork_sustained": true,
        "fork_depth": 46
      }
    },
    {
      "timestamp": 1771170150.093622,
      "chain_id": "v27",
      "price": 67012.65473686664,
      "metadata": {
        "fork_sustained": true,
        "fork_depth": 55
      }
    },
    {
      "timestamp": 1771170150.0936534,
      "chain_id": "v26",
      "price": 52909.10526313337,
      "metadata": {
        "fork_sustained": true,
        "fork_depth": 55
      }
    },
    {
      "timestamp": 1771170210.4918606,
      "chain_id": "v27",
      "price": 67160.4553233769,
      "metadata": {
        "fork_sustained": true,
        "fork_depth": 62
      }
    },
    {
      "timestamp": 1771170210.4918933,
      "chain_id": "v26",
      "price": 52761.304676623105,
      "metadata": {
        "fork_sustained": true,
        "fork_depth": 62
      }
    },
    {
      "timestamp": 1771170270.6605453,
      "chain_id": "v27",
      "price": 67214.05333826524,
      "metadata": {
        "fork_sustained": true,
        "fork_depth": 65
      }
    },
    {
      "timestamp": 1771170270.660568,
      "chain_id": "v26",