{
  "config": {
    "base_price": 60000,
    "max_divergence": 0.2,
    "coefficients": {
      "chain_weight": 0.3,
      "economic_weight": 0.5,
      "hashrate_weight": 0.2
    }
  },
  "current_prices": {
    "v27": 61608.66990702615,
    "v26": 57738.53009297384
  },
  "timeline": {
    "timestamps": [
      1772861091.079908,
      1772861152.5136209,
      1772861152.5136313,
      1772861212.8107953,
      1772861212.8108332,
      1772861272.9536483,
      1772861272.9536953,
      1772861333.3605309,
      1772861333.360569,
      1772861393.931346,
      1772861393.9313693,
      1772861454.1354618,
      1772861454.135474,
      1772861514.7753463,
      1772861514.7753685,
      1772861575.3082135,
      1772861575.3082225,
      1772861636.18089,
      1772861636.1809115,
      1772861697.0408301,
      1772861697.040864,
      1772861757.105405,
      1772861757.1054173,
      1772861817.5123067,
      1772861817.5123365,
      1772861878.090322,
      1772861878.0903296,
      1772861938.501124,
      1772861938.5011485,
      1772861998.9025934,
      1772861998.902616,
      1772862059.5586774,
      1772862059.5587003,
      1772862119.880585,
      1772862119.8805962,
      1772862180.2107785,
      1772862180.210801,
      1772862240.5963027,
      1772862240.5963268,
      1772862301.6533475,
      1772862301.6533675,
      1772862362.0676541,
      1772862362.0676613,
      1772862422.2181435,
      1772862422.2181559,
      1772862482.235283,
      1772862482.2353172,
      1772862542.8416626,
      1772862542.8416758,
      1772862603.2132165,
      1772862603.2132244,
      1772862663.892227,
      1772862663.8922389,
      1772862724.8215766,
      1772862724.8215985,
      1772862785.8037891,
      1772862785.8038228,
      1772862845.9510992,
      1772862845.9511366
    ],
    "v27_prices": [
      60000,
      57694.33369979446,
      57694.33369979446,
      57933.10920999853,
      57933.10920999853,
      58124.76848240315,
      58124.76848240315,
      58168.527248181555,
      58168.527248181555,
      58201.056388870085,
      58201.056388870085,
      58262.41880617743,
      58262.41880617743,
      58274.807072575524,
      58274.807072575524,
      58194.33369979446,
      58194.33369979446,
      58201.32059935777,
      58201.32059935777,
      57855.33914726528,
      57855.33914726528,
      57790.715480370825,
      57790.715480370825,
      57735.07828618723,
      57735.07828618723,
      57737.93972942505,
      57737.93972942505,
      57686.69893296497,
      57686.69893296497,
      57672.96129840931,
      57672.96129840931,
      57618.570802660484,
      57618.570802660484,
      57589.458075119575,
      57589.458075119575,
      57566.9548759988,
      57566.9548759988,
      57536.92065097135,
      57536.92065097135,
      60284.4634952951,
      60284.4634952951,
      60481.66035051445,
      60481.66035051445,
      60629.38245989044,
      60629.38245989044,
      60828.82813887726,
      60828.82813887726,
      60978.774881724654,
      60978.774881724654,
      61127.46844547295,
      61127.46844547295,
      61247.2186885337,
      61247.2186885337,
      61378.6156332316,
      61378.6156332316,
      61492.54582249418,
      61492.54582249418,
      61608.66990702615,
      61608.66990702615
    ],
    "v26_prices": [
      60000,
      60000,
      61652.86630020555,
      61652.86630020555,
      61414.09079000146,
      61414.09079000146,
      61222.43151759684,
      61222.43151759684,
      61178.672751818456,
      61178.672751818456,
      61146.14361112991,
      61146.14361112991,
      61084.78119382258,
      61084.78119382258,
      61072.39292742448,
      61072.39292742448,
      61152.86630020555,
      61152.86630020555,
      61145.87940064221,
      61145.87940064221,
      61491.860852734724,
      61491.860852734724,
      61556.48451962918,
      61556.48451962918,
      61612.12171381277,
      61612.12171381277,
      61609.260270574945,
      61609.260270574945,
      61660.501067035024,
      61660.501067035024,
      61674.23870159069,
      61674.23870159069,
      61728.62919733952,
      61728.62919733952,
      61757.74192488042,
      61757.74192488042,
      61780.245124001194,
      61780.245124001194,
      61810.27934902866,
      61810.27934902866,
      59062.73650470491,
      59062.73650470491,
      58865.53964948556,
      58865.53964948556,
      58717.817540109565,
      58717.817540109565,
      58518.371861122745,
      58518.371861122745,
      58368.42511827535,
      58368.42511827535,
      58219.73155452706,
      58219.73155452706,
      58099.9813114663,
      58099.9813114663,
      57968.5843667684,
      57968.5843667684,
      57854.65417750582,
      57854.65417750582,
      57738.53009297384
    ]
  },
  "history": [
    {
      "timestamp": 1772861091.079908,
      "chain_id": "v27",
      "price": 60000,
      "metadata": {
        "initial": true
      }
    },
    {
      "timestamp": 1772861091.079908,
      "chain_id": "v26",
      "price": 60000,
      "metadata": {
        "initial": true
      }
    },
    {
      "timestamp": 1772861152.5136209,
      "chain_id": "v27",
      "price": 57694.33369979446,
      "metadata": {
        "fork_sustained": true,
        "fork_depth": 24
      }
    },
    {
      "timestamp": 1772861152.5136313,
      "chain_id": "v26",
      "price": 61652.86630020555,
      "metadata": {
        "fork_sustained": true,
        "fork_depth": 24
      }
    },
    {
      "timestamp": 1772861212.8107953,
      "chain_id": "v27",
      "price": 57933.10920999853,
      "metadata": {
        "fork_sustained": true,
        "fork_depth": 49
      }
    },
    {
      "timestamp": 1772861212.8108332,
      "chain_id": "v26",
      "price": 61414.09079000146,
      "metadata": {
        "fork_sustained": true,
        "fork_depth": 49
      }
    },
    {
      "timestamp": 1772861272.9536483,
      "chain_id": "v27",
      "price": 58124.76848240315,
      "metadata": {
        "fork_sustained": true,
        "fork_depth": 69
      }
    },
    {
      "timestamp": 1772861272.9536953,
      "chain_id": "v26",
      "price": 61222.43151759684,
      "metadata": {
        "fork_sustained": true,
        "fork_depth": 69
      }
    },
    {
      "timestamp": 1772861333.3605309,
      "chain_id": "v27",
      "price": 58168.527248181555,
      "metadata": {
        "fork_sustained": true,
        "fork_depth": 93
      }
    },
    {
      "timestamp": 1772861333.360569,
      "chain_id": "v26",
      "price": 61178.672751818456,
      "metadata": {
        "fork_sustained": true,
        "fork_depth": 93
      }
    },
    {
      "timestamp": 1772861393.931346,
      "chain_id": "v27",
      "price": 58201.056388870085,
      "metadata": {
        "fork_sustained": true,
        "fork_depth": 119
      }
    },
    {
      "timestamp": 1772861393.9313693,
      "chain_id": "v26",
      "price": 61146.14361112991,
      "metadata": {
        "fork_sustained": true,
        "fork_depth": 119
      }
    },
    {
      "timestamp": 1772861454.1354618,
      "chain_id": "v27",
      "price": 58262.41880617743,
      "metadata": {
        "fork_sustained": true,
        "fork_depth": 141
      }
    },
    {
      "timestamp": 1772861454.135474,
      "chain_id": "v26",
      "price": 61084.78119382258,
      "metadata": {
        "fork_sustained": true,
        "fork_depth": 141
      }
    },
    {
      "timestamp": 1772861514.7753463,
      "chain_id": "v27",
      "price": 58274.807072575524,
      "metadata": {
        "fork_sustained": true,
        "fork_depth": 169
      }
    },
    {
      "timestamp": 1772861514.7753685,
      "chain_id": "v26",
      "price": 61072.39292742448,
      "metadata": {
        "fork_sustained": true,
        "fork_depth": 169
      }
    },
    {
      "timestamp": 1772861575.3082135,
      "chain_id": "v27",
      "price": 58194.33369979446,