{
  "config": {
    "base_price": 60000,
    "max_divergence": 0.2,
    "coefficients": {
      "chain_weight": 0.3,
      "economic_weight": 0.5,
      "hashrate_weight": 0.2
    }
  },
  "current_prices": {
    "v27": 67139.50834990165,
    "v26": 52207.69165009836
  },
  "timeline": {
    "timestamps": [
      1772922948.4630203,
      1772923009.5384402,
      1772923009.53845,
      1772923070.496815,
      1772923070.4968226,
      1772923130.883649,
      1772923130.883654,
      1772923190.9650779,
      1772923190.9650834,
      1772923251.4838054,
      1772923251.4838126,
      1772923311.953746,
      1772923311.9537537,
      1772923372.6339653,
      1772923372.6339724,
      1772923433.4715502,
      1772923433.4715552,
      1772923494.2488866,
      1772923494.2488956,
      1772923554.794665,
      1772923554.7946703,
      1772923615.365212,
      1772923615.3652194,
      1772923675.950802,
      1772923675.9508083,
      1772923736.8123517,
      1772923736.8123574,
      1772923797.2986236,
      1772923797.2986312,
      1772923858.1328259,
      1772923858.1328316,
      1772923919.1184042,
      1772923919.1184099,
      1772923980.0707507,
      1772923980.070756,
      1772924040.2221305,
      1772924040.222136,
      1772924100.431087,
      1772924100.4310925,
      1772924160.6848547,
      1772924160.6848621,
      1772924220.984108,
      1772924220.984114,
      1772924281.3269985,
      1772924281.3270056,
      1772924341.7624643,
      1772924341.7624717,
      1772924402.0912056,
      1772924402.09121,
      1772924462.3625143,
      1772924462.3625216,
      1772924522.4473743,
      1772924522.44738,
      1772924583.309992,
      1772924583.3099988,
      1772924643.3278055,
      1772924643.3278105,
      1772924704.2813897,
      1772924704.2813954
    ],
    "v27_prices": [
      60000,
      61670.52117176585,
      61670.52117176585,
      61994.52117176586,
      61994.52117176586,
      62159.09260033729,
      62159.09260033729,
      62153.67906650269,
      62153.67906650269,
      62183.744312261726,
      62183.744312261726,
      62243.248444493125,
      62243.248444493125,
      62258.38244344216,
      62258.38244344216,
      62142.79839948863,
      62142.79839948863,
      62232.059633304314,
      62232.059633304314,
      64569.23005207473,
      64569.23005207473,
      64888.92117176585,
      64888.92117176585,
      65170.26188570911,
      65170.26188570911,
      65430.47570078776,
      65430.47570078776,
      65641.55262938362,
      65641.55262938362,
      65800.22529244765,
      65800.22529244765,
      65963.47574907947,
      65963.47574907947,
      66098.60042646945,
      66098.60042646945,
      66245.32141444286,
      66245.32141444286,
      66371.79850465986,
      66371.79850465986,
      66494.98409681364,
      66494.98409681364,
      66598.39214196458,
      66598.39214196458,
      66694.15352736061,
      66694.15352736061,
      66741.30914081054,
      66741.30914081054,
      66825.89651808728,
      66825.89651808728,
      66913.39290718103,
      66913.39290718103,
      66980.56084085486,
      66980.56084085486,
      67031.41118801344,
      67031.41118801344,
      67088.66009686257,
      67088.66009686257,
      67139.50834990165,
      67139.50834990165
    ],
    "v26_prices": [
      60000,
      60000,
      57676.67882823415,
      57676.67882823415,
      57352.67882823415,
      57352.67882823415,
      57188.107399662724,
      57188.107399662724,
      57193.52093349731,
      57193.52093349731,
      57163.455687738286,
      57163.455687738286,
      57103.95155550688,
      57103.95155550688,
      57088.81755655785,
      57088.81755655785,
      57204.40160051138,
      57204.40160051138,
      57115.14036669569,
      57115.14036669569,
      54777.969947925274,
      54777.969947925274,
      54458.27882823415,
      54458.27882823415,
      54176.9381142909,
      54176.9381142909,
      53916.72429921225,
      53916.72429921225,
      53705.6473706164,
      53705.6473706164,
      53546.97470755236,
      53546.97470755236,
      53383.72425092054,
      53383.72425092054,
      53248.59957353056,
      53248.59957353056,
      53101.87858555715,
      53101.87858555715,
      52975.40149534015,
      52975.40149534015,
      52852.21590318636,
      52852.21590318636,
      52748.80785803544,
      52748.80785803544,
      52653.04647263939,
      52653.04647263939,
      52605.89085918947,
      52605.89085918947,
      52521.30348191274,
      52521.30348191274,
      52433.807092818985,
      52433.807092818985,
      52366.63915914517,
      52366.63915914517,
      52315.788811986575,
      52315.788811986575,
      52258.53990313744,
      52258.53990313744,
      52207.69165009836
    ]
  },
  "history": [
    {
      "timestamp": 1772922948.4630203,
      "chain_id": "v27",
      "price": 60000,
      "metadata": {
        "initial": true
      }
    },
    {
      "timestamp": 1772922948.4630203,
      "chain_id": "v26",
      "price": 60000,
      "metadata": {
        "initial": true
      }
    },
    {
      "timestamp": 1772923009.5384402,
      "chain_id": "v27",
      "price": 61670.52117176585,
      "metadata": {
        "fork_sustained": true,
        "fork_depth": 24
      }
    },
    {
      "timestamp": 1772923009.53845,
      "chain_id": "v26",
      "price": 57676.67882823415,
      "metadata": {
        "fork_sustained": true,
        "fork_depth": 24
      }
    },
    {
      "timestamp": 1772923070.496815,
      "chain_id": "v27",
      "price": 61994.52117176586,
      "metadata": {
        "fork_sustained": true,
        "fork_depth": 50
      }
    },
    {
      "timestamp": 1772923070.4968226,
      "chain_id": "v26",
      "price": 57352.67882823415,
      "metadata": {
        "fork_sustained": true,
        "fork_depth": 50
      }
    },
    {
      "timestamp": 1772923130.883649,
      "chain_id": "v27",
      "price": 62159.09260033729,
      "metadata": {
        "fork_sustained": true,
        "fork_depth": 70
      }
    },
    {
      "timestamp": 1772923130.883654,
      "chain_id": "v26",
      "price": 57188.107399662724,
      "metadata": {
        "fork_sustained": true,
        "fork_depth": 70
      }
    },
    {
      "timestamp": 1772923190.9650779,
      "chain_id": "v27",
      "price": 62153.67906650269,
      "metadata": {
        "fork_sustained": true,
        "fork_depth": 95
      }
    },
    {
      "timestamp": 1772923190.9650834,
      "chain_id": "v26",
      "price": 57193.52093349731,
      "metadata": {
        "fork_sustained": true,
        "fork_depth": 95
      }
    },
    {
      "timestamp": 1772923251.4838054,
      "chain_id": "v27",
      "price": 62183.744312261726,
      "metadata": {
        "fork_sustained": true,
        "fork_depth": 121
      }
    },
    {
      "timestamp": 1772923251.4838126,
      "chain_id": "v26",
      "price": 57163.455687738286,
      "metadata": {
        "fork_sustained": true,
        "fork_depth": 121
      }
    },
    {
      "timestamp": 1772923311.953746,
      "chain_id": "v27",
      "price": 62243.248444493125,
      "metadata": {
        "fork_sustained": true,
        "fork_depth": 143
      }
    },
    {
      "timestamp": 1772923311.9537537,
      "chain_id": "v26",
      "price": 57103.95155550688,
      "metadata": {
        "fork_sustained": true,
        "fork_depth": 143
      }
    },
    {
      "timestamp": 1772923372.6339653,
      "chain_id": "v27",
      "price": 62258.38244344216,
      "metadata": {
        "fork_sustained": true,
        "fork_depth": 173
      }
    },
    {
      "timestamp": 1772923372.6339724,
      "chain_id": "v26",
      "price": 57088.81755655785,
      "metadata": {
        "fork_sustained": true,
        "fork_depth": 173
      }
    },
    {
      "timestamp": 1772923433.4715502,
      "chain_id": "v27",
      "price": 62142.79839948863,