{
  "timestamps": [
    0,
    60,
    121,
    181,
    242,
    302,
    362,
    423,
    483,
    544,
    605,
    665,
    726,
    787,
    847,
    908,
    969,
    1030,
    1091,
    1151,
    1212,
    1272,
    1332,
    1393,
    1453,
    1513,
    1573,
    1634,
    1694,
    1755,
    1800
  ],
  "v27_price": [
    60000,
    60000,
    62012.62771345851,
    61871.06839142463,
    62293.93003903991,
    62130.78155961237,
    62097.21512604593,
    62021.09830169382,
    62144.914794798235,
    62196.66090847927,
    62255.43063316655,
    65722.2250905077,
    66144.58337610912,
    66564.01936181018,
    66854.12925192007,
    67107.97540576622,
    67323.83097876464,
    67523.8047584264,
    67715.66771345852,
    67904.26086935206,
    68082.03622866425,
    68216.94406103737,
    68352.75479335991,
    68494.28832144744,
    68562.87287624947,
    68659.78846066505,
    68772.6473123397,
    68864.20177990396,
    68938.44661757663,
    69009.81165175966,
    69076.2150381432
  ],
  "v26_price": [
    60000,
    60000,
    57909.13228654149,
    58050.691608575384,
    57627.829960960094,
    57790.97844038765,
    57824.54487395407,
    57900.66169830619,
    57776.84520520178,
    57725.09909152074,
    57666.32936683346,
    54199.53490949231,
    53777.17662389088,
    53357.74063818984,
    53067.63074807995,
    52813.784594233795,
    52597.92902123537,
    52397.9552415736,
    52206.09228654149,
    52017.49913064795,
    51839.72377133576,
    51704.81593896263,
    51569.0052066401,
    51427.471678552545,
    51358.88712375054,
    51261.97153933496,
    51149.11268766031,
    51057.558220096056,
    50983.313382423374,
    50911.94834824034,
    50845.54496185681
  ],
  "v27_hashrate": [
    26.89,
    26.89,
    26.89,
    26.89,
    26.89,
    26.89,
    26.89,
    26.89,
    26.89,
    26.89,
    98.36999999999999,
    98.36999999999999,
    98.36999999999999,
    98.36999999999999,
    98.36999999999999,
    98.36999999999999,
    98.36999999999999,
    98.36999999999999,
    98.36999999999999,
    98.36999999999999,
    98.36999999999999,
    98.36999999999999,
    98.36999999999999,
    98.36999999999999,
    98.36999999999999,
    98.36999999999999,
    98.36999999999999,
    98.36999999999999,
    98.36999999999999,
    98.36999999999999,
    98.36999999999999
  ],
  "v26_hashrate": [
    71.48,
    71.48,
    71.48,
    71.48,
    71.48,
    71.48,
    71.48,
    71.48,
    71.48,
    71.48,
    0.0,
    0.0,
    0.0,
    0.0,
    0.0,
    0.0,
    0.0,
    0.0,
    0.0,
    0.0,
    0.0,
    0.0,
    0.0,
    0.0,
    0.0,
    0.0,
    0.0,
    0.0,
    0.0,
    0.0,
    0.0
  ],
  "v27_economic": [
    91.6158976121543,
    91.6158976121543,
    91.6158976121543,
    91.6158976121543,
    91.6158976121543,
    91.6158976121543,
    91.6158976121543,
    91.6158976121543,
    91.6158976121543,
    91.6158976121543,
    91.6158976121543,
    91.6158976121543,
    91.6158976121543,
    91.6158976121543,
    91.6158976121543,
    91.6158976121543,
    91.6158976121543,
    91.6158976121543,
    91.6158976121543,
    91.6158976121543,
    91.6521311116027,
    91.6521311116027,
    91.6521311116027,
    91.6521311116027,
    91.6521311116027,
    91.6521311116027,
    91.6521311116027,
    91.6521311116027,
    91.6521311116027,
    91.6521311116027,
    91.6521311116027
  ],
  "v26_economic": [
    8.384102387845706,
    8.384102387845706,
    8.384102387845706,
    8.384102387845706,
    8.384102387845706,
    8.384102387845706,
    8.384102387845706,
    8.384102387845706,
    8.384102387845706,
    8.384102387845706,
    8.384102387845706,
    8.384102387845706,
    8.384102387845706,
    8.384102387845706,
    8.384102387845706,
    8.384102387845706,
    8.384102387845706,
    8.384102387845706,
    8.384102387845706,
    8.384102387845706,
    8.347868888397297,
    8.347868888397297,
    8.347868888397297,
    8.347868888397297,
    8.347868888397297,
    8.347868888397297,
    8.347868888397297,
    8.347868888397297,
    8.347868888397297,
    8.347868888397297,
    8.347868888397297
  ],
  "v27_blocks": [
    0,
    6,
    13,
    24,
    30,
    36,
    41,
    54,
    64,
    75,
    85,
    112,
    144,
    170,
    196,
    221,
    247,
    275,
    306,
    339,
    366,
    397,
    433,
    452,
    483,
    520,
    553,
    582,
    612,
    642,
    665
  ],
  "v26_blocks": [
    0,
    19,
    46,
    62,
    87,
    107,
    129,
    155,
    177,
    199,
    220,
    220,
    220,
    220,
    220,
    220,
    220,
    220,
    220,
    220,
    220,
    220,
    220,
    220,
    221,
    221,
    221,
    221,
    221,
    221,
    221
  ],
  "v27_difficulty": [
    1.0,
    1.0,
    1.0,
    1.0,
    1.0,
    1.0,
    1.0,
    1.0,
    1.0,
    1.0,
    1.0,
    1.0,
    1.0,
    1.0,
    1.0,
    1.0,
    1.0,
    1.0,
    1.0,
    1.0,
    1.0,
    1.0,
    1.0,
    1.0,
    1.0,
    1.0,
    1.0,
    1.0,
    1.0,
    1.0,
    1.0
  ],
  "v26_difficulty": [
    1.0,
    1.0,
    1.0,
    1.0,
    1.0,
    1.0,
    1.0,
    1.0,
    1.0,
    1.0,
    1.0,
    1.0,
    1.0,
    1.0,
    1.0,
    1.0,
    1.0,
    1.0,
    1.0,
    1.0,
    1.0,
    1.0,
    1.0,
    1.0,
    1.0,
    1.0,
    1.0,
    1.0,
    1.0,
    1.0,
    1.0
  ],
  "v27_chainwork": [
    0.0,
    6.0,
    13.0,
    24.0,
    30.0,
    36.0,
    41.0,
    54.0,
    64.0,
    75.0,
    85.0,
    112.0,
    144.0,
    170.0,
    196.0,
    221.0,
    247.0,
    275.0,
    306.0,
    339.0,
    366.0,
    397.0,
    433.0,
    452.0,
    483.0,
    520.0,
    553.0,
    582.0,
    612.0,
    642.0,
    665.0
  ],
  "v26_chainwork": [
    0.0,
    19.0,
    46.0,
    62.0,
    87.0,
    107.0,
    129.0,
    155.0,
    177.0,
    199.0,
    220.0,
    220.0,
    220.0,
    220.0,
    220.0,
    220.0,
    220.0,
    220.0,
    220.0,
    220.0,
    220.0,
    220.0,
    220.0,
    220.0,
    221.0,
    221.0,
    221.0,
    221.0,
    221.0,
    221.0,
    221.0
  ],
  "v27_fee_rate": [
    1.0,
    1.0,
    0.023151531013838617,
    0.023151531013838617,
    0.023151531013838617,
    0.023151531013838617,
    0.023151531013838617,
    0.023151531013838617,
    0.023151531013838617,
    0.023151531013838617,
    0.023151531013838617,
    0.006328602917171095,
    0.006328602917171095,
    0.006328602917171095,
    0.006328602917171095,
    0.006328602917171095,
    0.006328602917171095,
    0.006328602917171095,
    0.006328602917171095,
    0.006328602917171095,
    0.006328602917171095,
    0.006329479754185564,
    0.006329479754185564,
    0.006329479754185564,
    0.006329479754185564,
    0.006329479754185564,
    0.006329479754185564,
    0.006329479754185564,
    0.006329479754185564,
    0.006329479754185564,
    0.006329479754185564
  ],
  "v26_fee_rate": [
    1.0,
    1.0,
    0.0006172635381162015,
    0.0006172635381162015,
    0.0006172635381162015,
    0.0006172635381162015,
    0.0006172635381162015,
    0.0006172635381162015,
    0.0006172635381162015,
    0.0006172635381162015,
    0.0006172635381162015,
    0.4412199770454608,
    0.4412199770454608,
    0.4412199770454608,
    0.4412199770454608,
    0.4412199770454608,
    0.4412199770454608,
    0.4412199770454608,
    0.4412199770454608,
    0.4412199770454608,
    0.4412199770454608,
    0.44035743247432724,
    0.44035743247432724,
    0.44035743247432724,
    0.44035743247432724,
    0.44035743247432724,
    0.44035743247432724,
    0.44035743247432724,
    0.44035743247432724,
    0.44035743247432724,
    0.44035743247432724
  ],