{
  "blocks_mined": {
    "v27": 875,
    "v26": 76
  },
  "total_blocks": 951,
  "final_hashrate": {
    "v27": 86.4,
    "v26": 0.0
  },
  "final_economic": {
    "v27": 100.0,
    "v26": 0.0
  },
  "final_prices": {
    "v27": 70889.80679079957,
    "v26": 48457.39320920045
  }
}