{
  "blocks_mined": {
    "v27": 25,
    "v26": 244
  },
  "total_blocks": 269,
  "final_hashrate": {
    "v27": 0.0,
    "v26": 86.4
  },
  "final_economic": {
    "v27": 49.93445229928321,
    "v26": 50.065547700716785
  },
  "final_prices": {
    "v27": 54750.029012756095,
    "v26": 64597.17098724392
  }
}