{
  "config": {
    "base_price": 60000,
    "max_divergence": 0.2,
    "coefficients": {
      "chain_weight": 0.3,
      "economic_weight": 0.5,
      "hashrate_weight": 0.2
    }
  },
  "current_prices": {
    "v27": 67440.1129928963,
    "v26": 52481.64700710368
  },
  "timeline": {
    "timestamps": [
      1771186568.968504,
      1771186629.602363,
      1771186629.6023955,
      1771186690.1507714,
      1771186690.1508002,
      1771186750.6848364,
      1771186750.6848693,
      1771186810.721001,
      1771186810.7210357,
      1771186870.8654325,
      1771186870.865442,
      1771186931.2321765,
      1771186931.2321851,
      1771186991.30469,
      1771186991.3047132,
      1771187051.732457,
      1771187051.7324803,
      1771187112.099773,
      1771187112.099811,
      1771187172.5959578,
      1771187172.5959666,
      1771187233.34351,
      1771187233.3435583,
      1771187293.3491323,
      1771187293.3491454,
      1771187353.4275734,
      1771187353.427589,
      1771187413.761449,
      1771187413.76149,
      1771187474.133615,
      1771187474.1336384,
      1771187534.2722416,
      1771187534.2722516,
      1771187594.574405,
      1771187594.5744133,
      1771187655.100673,
      1771187655.100679,
      1771187715.2925212,
      1771187715.2925444
    ],
    "v27_prices": [
      60000,
      60000,
      60000,
      65978.0801914121,
      65978.0801914121,
      65192.62564595755,
      65192.62564595755,
      65192.62564595755,
      65192.62564595755,
      64632.625645957545,
      64632.625645957545,
      64441.32129813146,
      64441.32129813146,
      65006.81919434464,
      65006.81919434464,
      64881.27429460619,
      64881.27429460619,
      64918.33993167183,
      64918.33993167183,
      66593.74564595753,
      66593.74564595753,
      66805.95617227333,
      66805.95617227333,
      66905.3522033346,
      66905.3522033346,
      67032.19340715157,
      67032.19340715157,
      67121.74564595753,
      67121.74564595753,
      67228.0747598816,
      67228.0747598816,
      67255.07897929088,
      67255.07897929088,
      67317.09448316685,
      67317.09448316685,
      67392.71338789302,
      67392.71338789302,
      67440.1129928963,
      67440.1129928963
    ],
    "v26_prices": [
      60000,
      60000,
      60000,
      60000,
      53943.67980858792,
      53943.67980858792,
      54729.13435404246,
      54729.13435404246,
      54729.13435404246,
      54729.13435404246,
      55289.134354042464,
      55289.134354042464,
      55480.438701868545,
      55480.438701868545,
      54914.94080565536,
      54914.94080565536,
      55040.48570539381,
      55040.48570539381,
      55003.420068328174,
      55003.420068328174,
      53328.014354042454,
      53328.014354042454,
      53115.803827726675,
      53115.803827726675,
      53016.407796665415,
      53016.407796665415,
      52889.56659284843,
      52889.56659284843,
      52800.01435404246,
      52800.01435404246,
      52693.685240118415,
      52693.685240118415,
      52666.681020709126,
      52666.681020709126,
      52604.665516833156,
      52604.665516833156,
      52529.04661210698,
      52529.04661210698,
      52481.64700710368
    ]
  },
  "history": [
    {
      "timestamp": 1771186568.968504,
      "chain_id": "v27",
      "price": 60000,
      "metadata": {
        "initial": true
      }
    },
    {
      "timestamp": 1771186568.968504,
      "chain_id": "v26",
      "price": 60000,
      "metadata": {
        "initial": true
      }
    },
    {
      "timestamp": 1771186629.602363,
      "chain_id": "v27",
      "price": 60000,
      "metadata": {}
    },
    {
      "timestamp": 1771186629.6023955,
      "chain_id": "v26",
      "price": 60000,
      "metadata": {}
    },
    {
      "timestamp": 1771186690.1507714,
      "chain_id": "v27",
      "price": 65978.0801914121,
      "metadata": {
        "fork_sustained": true,
        "fork_depth": 11
      }
    },
    {
      "timestamp": 1771186690.1508002,
      "chain_id": "v26",
      "price": 53943.67980858792,
      "metadata": {
        "fork_sustained": true,
        "fork_depth": 11
      }
    },
    {
      "timestamp": 1771186750.6848364,
      "chain_id": "v27",
      "price": 65192.62564595755,
      "metadata": {
        "fork_sustained": true,
        "fork_depth": 15
      }
    },
    {
      "timestamp": 1771186750.6848693,
      "chain_id": "v26",
      "price": 54729.13435404246,
      "metadata": {
        "fork_sustained": true,
        "fork_depth": 15
      }
    },
    {
      "timestamp": 1771186810.721001,
      "chain_id": "v27",
      "price": 65192.62564595755,
      "metadata": {
        "fork_sustained": true,
        "fork_depth": 15
      }
    },
    {
      "timestamp": 1771186810.7210357,
      "chain_id": "v26",
      "price": 54729.13435404246,
      "metadata": {
        "fork_sustained": true,
        "fork_depth": 15
      }
    },
    {
      "timestamp": 1771186870.8654325,
      "chain_id": "v27",
      "price": 64632.625645957545,
      "metadata": {
        "fork_sustained": true,
        "fork_depth": 18
      }
    },
    {
      "timestamp": 1771186870.865442,
      "chain_id": "v26",
      "price": 55289.134354042464,
      "metadata": {
        "fork_sustained": true,
        "fork_depth": 18
      }
    },
    {
      "timestamp": 1771186931.2321765,
      "chain_id": "v27",
      "price": 64441.32129813146,
      "metadata": {
        "fork_sustained": true,
        "fork_depth": 23
      }
    },
    {
      "timestamp": 1771186931.2321851,
      "chain_id": "v26",
      "price": 55480.438701868545,
      "metadata": {
        "fork_sustained": true,
        "fork_depth": 23
      }
    },
    {
      "timestamp": 1771186991.30469,
      "chain_id": "v27",
      "price": 65006.81919434464,
      "metadata": {
        "fork_sustained": true,
        "fork_depth": 31
      }
    },
    {
      "timestamp": 1771186991.3047132,
      "chain_id": "v26",
      "price": 54914.94080565536,
      "metadata": {
        "fork_sustained": true,
        "fork_depth": 31
      }
    },
    {
      "timestamp": 1771187051.732457,
      "chain_id": "v27",
      "price": 64881.27429460619,
      "metadata": {
        "fork_sustained": true,
        "fork_depth": 37
      }
    },
    {
      "timestamp": 1771187051.7324803,
      "chain_id": "v26",
      "price": 55040.48570539381,
      "metadata": {
        "fork_sustained": true,
        "fork_depth": 37
      }
    },
    {
      "timestamp": 1771187112.099773,
      "chain_id": "v27",
      "price": 64918.33993167183,
      "metadata": {
        "fork_sustained": true,
        "fork_depth": 42
      }
    },
    {
      "timestamp": 1771187112.099811,
      "chain_id": "v26",
      "price": 55003.420068328174,
      "metadata": {
        "fork_sustained": true,
        "fork_depth": 42
      }
    },
    {
      "timestamp": 1771187172.5959578,
      "chain_id": "v27",
      "price": 66593.74564595753,
      "metadata": {
        "fork_sustained": true,
        "fork_depth": 50
      }
    },
    {
      "timestamp": 1771187172.5959666,
      "chain_id": "v26",
      "price": 53328.014354042454,
      "metadata": {
        "fork_sustained": true,
        "fork_depth": 50
      }
    },
    {
      "timestamp": 1771187233.34351,
      "chain_id": "v27",
      "price": 66805.95617227333,
      "metadata": {
        "fork_sustained": true,
        "fork_depth": 57
      }
    },
    {
      "timestamp": 1771187233.3435583,
      "chain_id": "v26",
      "price": 53115.803827726675,
      "metadata": {
        "fork_sustained": true,
        "fork_depth": 57
      }
    },
    {
      "timestamp": 1771187293.3491323,
      "chain_id": "v27",
      "price": 66905.3522033346,
      "metadata": {
        "fork_sustained": true,
        "fork_depth": 61
      }
    },
    {
      "timestamp": 1771187293.3491454,
      "chain_id": "v26",