{
  "blocks_mined": {
    "v27": 5983,
    "v26": 805
  },
  "total_blocks": 6788,
  "final_hashrate": {
    "v27": 86.4,
    "v26": 0.0
  },
  "final_economic": {
    "v27": 100.0,
    "v26": 0.0
  },
  "final_prices": {
    "v27": 70571.69341387096,
    "v26": 48775.50658612904
  }
}