{
  "blocks_mined": {
    "v27": 4230,
    "v26": 698
  },
  "total_blocks": 4928,
  "final_hashrate": {
    "v27": 86.4,
    "v26": 0.0
  },
  "final_economic": {
    "v27": 100.0,
    "v26": 0.0
  },
  "final_prices": {
    "v27": 70030.57892080827,
    "v26": 49316.621079191755
  }
}