{
  "config": {
    "base_price": 60000,
    "max_divergence": 0.2,
    "coefficients": {
      "chain_weight": 0.3,
      "economic_weight": 0.5,
      "hashrate_weight": 0.2
    }
  },
  "current_prices": {
    "v27": 57970.271634824,
    "v26": 61376.92836517602
  },
  "timeline": {
    "timestamps": [
      1772824906.0957506,
      1772824967.1485486,
      1772824967.1485586,
      1772825028.0866635,
      1772825028.08667,
      1772825088.4994555,
      1772825088.499462,
      1772825148.6390424,
      1772825148.6390524,
      1772825209.1999612,
      1772825209.1999693,
      1772825269.7771857,
      1772825269.7771943,
      1772825330.4456477,
      1772825330.4456558,
      1772825391.0552258,
      1772825391.0552325,
      1772825451.8222983,
      1772825451.8223042,
      1772825512.3943968,
      1772825512.3944027,
      1772825573.3486254,
      1772825573.3486333,
      1772825634.352558,
      1772825634.3525672,
      1772825694.7515364,
      1772825694.7515433,
      1772825755.293131,
      1772825755.29314,
      1772825816.1321204,
      1772825816.132128,
      1772825876.899486,
      1772825876.8994944,
      1772825937.5741544,
      1772825937.5741618,
      1772825997.8903277,
      1772825997.8903337,
      1772826058.4907193,
      1772826058.4907272,
      1772826119.4928195,
      1772826119.4928262,
      1772826179.819025,
      1772826179.8190308,
      1772826240.0558178,
      1772826240.0558267,
      1772826300.2413445,
      1772826300.2413533,
      1772826360.981963,
      1772826360.9819708,
      1772826421.5916915,
      1772826421.5916975,
      1772826482.3295946,
      1772826482.329603,
      1772826543.0323174,
      1772826543.0323246,
      1772826603.70887,
      1772826603.7088773,
      1772826664.6893687,
      1772826664.689374
    ],
    "v27_prices": [
      60000,
      59986.715224772524,
      59986.715224772524,
      60310.71522477252,
      60310.71522477252,
      60475.28665334395,
      60475.28665334395,
      60469.873119509364,
      60469.873119509364,
      60499.93836526839,
      60499.93836526839,
      60559.442497499804,
      60559.442497499804,
      60574.57649644882,
      60574.57649644882,
      60458.992452495295,
      60458.992452495295,
      60548.25368631098,
      60548.25368631098,
      61134.42487728218,
      61134.42487728218,
      61265.68829996388,
      61265.68829996388,
      61321.39028882922,
      61321.39028882922,
      61365.45616977031,
      61365.45616977031,
      61424.771950841096,
      61424.771950841096,
      61464.3562244044,
      61464.3562244044,
      61526.62024779449,
      61526.62024779449,
      61534.85212838804,
      61534.85212838804,
      61570.27756946522,
      61570.27756946522,
      61576.58384761481,
      61576.58384761481,
      59146.49671371477,
      59146.49671371477,
      58978.098561939325,
      58978.098561939325,
      58821.684949874165,
      58821.684949874165,
      58663.03536240491,
      58663.03536240491,
      58511.739508528975,
      58511.739508528975,
      58396.793405540266,
      58396.793405540266,
      58279.59805466087,
      58279.59805466087,
      58171.391198413905,
      58171.391198413905,
      58059.566754225096,
      58059.566754225096,
      57970.271634824,
      57970.271634824
    ],
    "v26_prices": [
      60000,
      60000,
      59360.48477522749,
      59360.48477522749,
      59036.48477522749,
      59036.48477522749,
      58871.91334665606,
      58871.91334665606,
      58877.32688049065,
      58877.32688049065,
      58847.26163473162,
      58847.26163473162,
      58787.757502500215,
      58787.757502500215,
      58772.623503551185,
      58772.623503551185,
      58888.20754750471,
      58888.20754750471,
      58798.946313689026,
      58798.946313689026,
      58212.77512271784,
      58212.77512271784,
      58081.51170003613,
      58081.51170003613,
      58025.809711170776,
      58025.809711170776,
      57981.743830229694,
      57981.743830229694,
      57922.42804915891,
      57922.42804915891,
      57882.843775595604,
      57882.843775595604,
      57820.57975220551,
      57820.57975220551,
      57812.34787161197,
      57812.34787161197,
      57776.922430534774,
      57776.922430534774,
      57770.616152385184,
      57770.616152385184,
      60200.70328628524,
      60200.70328628524,
      60369.10143806068,
      60369.10143806068,
      60525.51505012585,
      60525.51505012585,
      60684.164637595095,
      60684.164637595095,
      60835.46049147103,
      60835.46049147103,
      60950.406594459746,
      60950.406594459746,
      61067.60194533913,
      61067.60194533913,
      61175.808801586114,
      61175.808801586114,
      61287.63324577491,
      61287.63324577491,
      61376.92836517602
    ]
  },
  "history": [
    {
      "timestamp": 1772824906.0957506,
      "chain_id": "v27",
      "price": 60000,
      "metadata": {
        "initial": true
      }
    },
    {
      "timestamp": 1772824906.0957506,
      "chain_id": "v26",
      "price": 60000,
      "metadata": {
        "initial": true
      }
    },
    {
      "timestamp": 1772824967.1485486,
      "chain_id": "v27",
      "price": 59986.715224772524,
      "metadata": {
        "fork_sustained": true,
        "fork_depth": 24
      }
    },
    {
      "timestamp": 1772824967.1485586,
      "chain_id": "v26",
      "price": 59360.48477522749,
      "metadata": {
        "fork_sustained": true,
        "fork_depth": 24
      }
    },
    {
      "timestamp": 1772825028.0866635,
      "chain_id": "v27",
      "price": 60310.71522477252,
      "metadata": {
        "fork_sustained": true,
        "fork_depth": 50
      }
    },
    {
      "timestamp": 1772825028.08667,
      "chain_id": "v26",
      "price": 59036.48477522749,
      "metadata": {
        "fork_sustained": true,
        "fork_depth": 50
      }
    },
    {
      "timestamp": 1772825088.4994555,
      "chain_id": "v27",
      "price": 60475.28665334395,
      "metadata": {
        "fork_sustained": true,
        "fork_depth": 70
      }
    },
    {
      "timestamp": 1772825088.499462,
      "chain_id": "v26",
      "price": 58871.91334665606,
      "metadata": {
        "fork_sustained": true,
        "fork_depth": 70
      }
    },
    {
      "timestamp": 1772825148.6390424,
      "chain_id": "v27",
      "price": 60469.873119509364,
      "metadata": {
        "fork_sustained": true,
        "fork_depth": 95
      }
    },
    {
      "timestamp": 1772825148.6390524,
      "chain_id": "v26",
      "price": 58877.32688049065,
      "metadata": {
        "fork_sustained": true,
        "fork_depth": 95
      }
    },
    {
      "timestamp": 1772825209.1999612,
      "chain_id": "v27",
      "price": 60499.93836526839,
      "metadata": {
        "fork_sustained": true,
        "fork_depth": 121
      }
    },
    {
      "timestamp": 1772825209.1999693,
      "chain_id": "v26",
      "price": 58847.26163473162,
      "metadata": {
        "fork_sustained": true,
        "fork_depth": 121
      }
    },
    {
      "timestamp": 1772825269.7771857,
      "chain_id": "v27",
      "price": 60559.442497499804,
      "metadata": {
        "fork_sustained": true,
        "fork_depth": 143
      }
    },
    {
      "timestamp": 1772825269.7771943,
      "chain_id": "v26",
      "price": 58787.757502500215,
      "metadata": {
        "fork_sustained": true,
        "fork_depth": 143
      }
    },
    {
      "timestamp": 1772825330.4456477,
      "chain_id": "v27",
      "price": 60574.57649644882,
      "metadata": {
        "fork_sustained": true,
        "fork_depth": 173
      }
    },
    {
      "timestamp": 1772825330.4456558,
      "chain_id": "v26",
      "price": 58772.623503551185,
      "metadata": {
        "fork_sustained": true,
        "fork_depth": 173
      }
    },
    {
      "timestamp": 1772825391.0552258,
      "chain_id": "v27",