{
  "timestamps": [
    0,
    60,
    120,
    180,
    240,
    301,
    361,
    422,
    482,
    543,
    604,
    665,
    725,
    785,
    846,
    907,
    967,
    1028,
    1089,
    1150,
    1211,
    1271,
    1332,
    1392,
    1452,
    1512,
    1573,
    1634,
    1694,
    1754,
    1800
  ],
  "v27_price": [
    60000,
    60000,
    60232.44117176585,
    60046.23427521412,
    60465.38234823644,
    60264.02011913428,
    60245.02858435326,
    60168.911760001145,
    60292.728253105575,
    60344.4743667866,
    60403.24409147389,
    63316.76117176585,
    63666.005884756785,
    63920.15100227433,
    64154.85640986109,
    64435.00934694833,
    64609.1399246527,
    64816.11601047553,
    64894.94298994767,
    65067.9062099338,
    65183.66894753439,
    65873.37511890937,
    66036.25024433124,
    66210.15477309501,
    66291.92557724183,
    66413.02287893066,
    66539.96033924064,
    66655.31289443761,
    66740.28202188834,
    66827.63548709918,
    66906.146948709
  ],
  "v26_price": [
    60000,
    60000,
    59689.31882823416,
    59875.525724785875,
    59456.37765176357,
    59657.73988086573,
    59676.73141564674,
    59752.84823999886,
    59629.03174689444,
    59577.28563321341,
    59518.515908526126,
    56604.99882823416,
    56255.754115243224,
    56001.60899772568,
    55766.90359013892,
    55486.75065305168,
    55312.62007534732,
    55105.64398952448,
    55026.817010052335,
    54853.85379006621,
    54738.09105246562,
    54048.38488109064,
    53885.50975566876,
    53711.60522690499,
    53629.83442275818,
    53508.73712106936,
    53381.79966075937,
    53266.4471055624,
    53181.47797811167,
    53094.12451290083,
    53015.613051290995
  ],
  "v27_hashrate": [
    26.89,
    26.89,
    26.89,
    26.89,
    26.89,
    26.89,
    26.89,
    26.89,
    26.89,
    26.89,
    86.98,
    86.98,
    86.98,
    86.98,
    86.98,
    86.98,
    86.98,
    86.98,
    86.98,
    86.98,
    98.36999999999999,
    98.36999999999999,
    98.36999999999999,
    98.36999999999999,
    98.36999999999999,
    98.36999999999999,
    98.36999999999999,
    98.36999999999999,
    98.36999999999999,
    98.36999999999999,
    98.36999999999999
  ],
  "v26_hashrate": [
    71.48,
    71.48,
    71.48,
    71.48,
    71.48,
    71.48,
    71.48,
    71.48,
    71.48,
    71.48,
    11.39,
    11.39,
    11.39,
    11.39,
    11.39,
    11.39,
    11.39,
    11.39,
    11.39,
    11.39,
    0.0,
    0.0,
    0.0,
    0.0,
    0.0,
    0.0,
    0.0,
    0.0,
    0.0,
    0.0,
    0.0
  ],
  "v27_economic": [
    76.18100976471541,
    76.18100976471541,
    76.18100976471541,
    76.18100976471541,
    76.18100976471541,
    76.18100976471541,
    76.18100976471541,
    76.18100976471541,
    76.18100976471541,
    76.18100976471541,
    76.18100976471541,
    76.18100976471541,
    76.18100976471541,
    76.18100976471541,
    76.18100976471541,
    76.18100976471541,
    76.18100976471541,
    76.18100976471541,
    76.18100976471541,
    76.18100976471541,
    76.21724326416383,
    76.21724326416383,
    76.21724326416383,
    76.21724326416383,
    76.21724326416383,
    76.21724326416383,
    76.21724326416383,
    76.21724326416383,
    76.21724326416383,
    76.21724326416383,
    76.21724326416383
  ],
  "v26_economic": [
    23.818990235284577,
    23.818990235284577,
    23.818990235284577,
    23.818990235284577,
    23.818990235284577,
    23.818990235284577,
    23.818990235284577,
    23.818990235284577,
    23.818990235284577,
    23.818990235284577,
    23.818990235284577,
    23.818990235284577,
    23.818990235284577,
    23.818990235284577,
    23.818990235284577,
    23.818990235284577,
    23.818990235284577,
    23.818990235284577,
    23.818990235284577,
    23.818990235284577,
    23.782756735836173,
    23.782756735836173,
    23.782756735836173,
    23.782756735836173,
    23.782756735836173,
    23.782756735836173,
    23.782756735836173,
    23.782756735836173,
    23.782756735836173,
    23.782756735836173,
    23.782756735836173
  ],
  "v27_blocks": [
    0,
    6,
    13,
    24,
    29,
    36,
    41,
    54,
    64,
    75,
    85,
    108,
    128,
    149,
    178,
    198,
    226,
    246,
    273,
    297,
    321,
    352,
    389,
    408,
    440,
    475,
    510,
    538,
    569,
    599,
    622
  ],
  "v26_blocks": [
    0,
    18,
    45,
    61,
    85,
    107,
    129,
    155,
    177,
    199,
    221,
    223,
    226,
    229,
    233,
    235,
    239,
    249,
    251,
    256,
    256,
    256,
    256,
    256,
    257,
    257,
    257,
    257,
    257,
    257,
    257
  ],
  "v27_difficulty": [
    1.0,
    1.0,
    1.0,
    1.0,
    1.0,
    1.0,
    1.0,
    1.0,
    1.0,
    1.0,
    1.0,
    1.0,
    1.0,
    1.0,
    1.0,
    1.0,
    1.0,
    1.0,
    1.0,
    1.0,
    1.0,
    1.0,
    1.0,
    1.0,
    1.0,
    1.0,
    1.0,
    1.0,
    1.0,
    1.0,
    1.0
  ],
  "v26_difficulty": [
    1.0,
    1.0,
    1.0,
    1.0,
    1.0,
    1.0,
    1.0,
    1.0,
    1.0,
    1.0,
    1.0,
    1.0,
    1.0,
    1.0,
    1.0,
    1.0,
    1.0,
    1.0,
    1.0,
    1.0,
    1.0,
    1.0,
    1.0,
    1.0,
    1.0,
    1.0,
    1.0,
    1.0,
    1.0,
    1.0,
    1.0
  ],
  "v27_chainwork": [
    0.0,
    6.0,
    13.0,
    24.0,
    29.0,
    36.0,
    41.0,
    54.0,
    64.0,
    75.0,
    85.0,
    108.0,
    128.0,
    149.0,
    178.0,
    198.0,
    226.0,
    246.0,
    273.0,
    297.0,
    321.0,
    352.0,
    389.0,
    408.0,
    440.0,
    475.0,
    510.0,
    538.0,
    569.0,
    599.0,
    622.0
  ],
  "v26_chainwork": [
    0.0,
    18.0,
    45.0,
    61.0,
    85.0,
    107.0,
    129.0,
    155.0,
    177.0,
    199.0,
    221.0,
    223.0,
    226.0,
    229.0,
    233.0,
    235.0,
    239.0,
    249.0,
    251.0,
    256.0,
    256.0,
    256.0,
    256.0,
    256.0,
    257.0,
    257.0,
    257.0,
    257.0,
    257.0,
    257.0,
    257.0
  ],
  "v27_fee_rate": [
    1.0,
    1.0,
    0.02044383244966705,
    0.02044383244966705,
    0.02044383244966705,
    0.02044383244966705,
    0.02044383244966705,
    0.02044383244966705,
    0.02044383244966705,
    0.02044383244966705,
    0.02044383244966705,
    0.006320242062215992,
    0.006320242062215992,
    0.006320242062215992,
    0.006320242062215992,
    0.006320242062215992,
    0.006320242062215992,
    0.006320242062215992,
    0.006320242062215992,
    0.006320242062215992,
    0.006320242062215992,
    0.005589314923540311,
    0.005589314923540311,
    0.005589314923540311,
    0.005589314923540311,
    0.005589314923540311,
    0.005589314923540311,
    0.005589314923540311,
    0.005589314923540311,
    0.005589314923540311,
    0.005589314923540311
  ],
  "v26_fee_rate": [
    1.0,
    1.0,
    0.0016358703426849433,
    0.0016358703426849433,
    0.0016358703426849433,
    0.0016358703426849433,
    0.0016358703426849433,
    0.0016358703426849433,
    0.0016358703426849433,
    0.0016358703426849433,
    0.0016358703426849433,
    0.010266199481573288,
    0.010266199481573288,
    0.010266199481573288,
    0.010266199481573288,
    0.010266199481573288,
    0.010266199481573288,
    0.010266199481573288,
    0.010266199481573288,
    0.010266199481573288,
    0.010266199481573288,
    1.168457576380064,
    1.168457576380064,
    1.168457576380064,
    1.168457576380064,
    1.168457576380064,
    1.168457576380064,
    1.168457576380064,
    1.168457576380064,
    1.168457576380064,
    1.168457576380064
  ],