{
  "config": {
    "base_price": 60000,
    "max_divergence": 0.2,
    "coefficients": {
      "chain_weight": 0.3,
      "economic_weight": 0.5,
      "hashrate_weight": 0.2
    }
  },
  "current_prices": {
    "v27": 54303.08266235426,
    "v26": 65044.11733764575
  },
  "timeline": {
    "timestamps": [
      1772671974.1467392,
      1772672035.4292583,
      1772672035.4293332,
      1772672095.7122722,
      1772672095.712284,
      1772672155.8823671,
      1772672155.8823905,
      1772672216.6055436,
      1772672216.6055503,
      1772672276.9434886,
      1772672276.9435241,
      1772672337.17967,
      1772672337.1796877,
      1772672397.8969421,
      1772672397.8969643,
      1772672458.3241727,
      1772672458.3241808,
      1772672518.9143422,
      1772672518.9143507,
      1772672579.6037688,
      1772672579.6038136,
      1772672639.9838939,
      1772672639.9839258,
      1772672700.6725483,
      1772672700.672594,
      1772672761.343325,
      1772672761.343372,
      1772672821.8441389,
      1772672821.8441448,
      1772672882.1425283,
      1772672882.1425397,
      1772672942.587692,
      1772672942.5877147,
      1772673003.033055,
      1772673003.0330784,
      1772673063.5244405,
      1772673063.5244477,
      1772673124.335159,
      1772673124.335169,
      1772673185.1082127,
      1772673185.1082294,
      1772673245.4205976,
      1772673245.4206355,
      1772673305.6679018,
      1772673305.6679268,
      1772673365.6915545,
      1772673365.6915772,
      1772673426.108318,
      1772673426.1083395,
      1772673487.0061545,
      1772673487.0061643,
      1772673547.7030346,
      1772673547.7030444,
      1772673608.2761953,
      1772673608.2762039,
      1772673669.0354826,
      1772673669.035505,
      1772673729.7729275,
      1772673729.7729623
    ],
    "v27_prices": [
      60000,
      57694.33369979446,
      57694.33369979446,
      57933.10920999853,
      57933.10920999853,
      58124.76848240315,
      58124.76848240315,
      58168.527248181555,
      58168.527248181555,
      58201.056388870085,
      58201.056388870085,
      58262.41880617743,
      58262.41880617743,
      58274.807072575524,
      58274.807072575524,
      58194.33369979446,
      58194.33369979446,
      58201.32059935777,
      58201.32059935777,
      56415.33914726528,
      56415.33914726528,
      56151.586711393655,
      56151.586711393655,
      55903.63117534014,
      55903.63117534014,
      55702.65961073227,
      55702.65961073227,
      55531.01071210082,
      55531.01071210082,
      55390.84082447746,
      55390.84082447746,
      55270.71534037095,
      55270.71534037095,
      55147.279562180374,
      55147.279562180374,
      55040.97967886471,
      55040.97967886471,
      54934.36455738016,
      54934.36455738016,
      54846.09211249439,
      54846.09211249439,
      54753.07978636619,
      54753.07978636619,
      54669.81742238931,
      54669.81742238931,
      54625.83311281739,
      54625.83311281739,
      54570.13488588348,
      54570.13488588348,
      54496.74183434322,
      54496.74183434322,
      54437.46148495601,
      54437.46148495601,
      54389.633230405474,
      54389.633230405474,
      54343.33458119031,
      54343.33458119031,
      54303.08266235426,
      54303.08266235426
    ],
    "v26_prices": [
      60000,
      60000,
      61652.86630020555,
      61652.86630020555,
      61414.09079000146,
      61414.09079000146,
      61222.43151759684,
      61222.43151759684,
      61178.672751818456,
      61178.672751818456,
      61146.14361112991,
      61146.14361112991,
      61084.78119382258,
      61084.78119382258,
      61072.39292742448,
      61072.39292742448,
      61152.86630020555,
      61152.86630020555,
      61145.87940064221,
      61145.87940064221,
      62931.860852734724,
      62931.860852734724,
      63195.61328860636,
      63195.61328860636,
      63443.568824659866,
      63443.568824659866,
      63644.540389267735,
      63644.540389267735,
      63816.189287899186,
      63816.189287899186,
      63956.35917552254,
      63956.35917552254,
      64076.484659629044,
      64076.484659629044,
      64199.92043781963,
      64199.92043781963,
      64306.220321135304,
      64306.220321135304,
      64412.835442619835,
      64412.835442619835,
      64501.10788750561,
      64501.10788750561,
      64594.12021363381,
      64594.12021363381,
      64677.3825776107,
      64677.3825776107,
      64721.366887182616,
      64721.366887182616,
      64777.065114116514,
      64777.065114116514,
      64850.45816565678,
      64850.45816565678,
      64909.738515043995,
      64909.738515043995,
      64957.56676959453,
      64957.56676959453,
      65003.865418809684,
      65003.865418809684,
      65044.11733764575
    ]
  },
  "history": [
    {
      "timestamp": 1772671974.1467392,
      "chain_id": "v27",
      "price": 60000,
      "metadata": {
        "initial": true
      }
    },
    {
      "timestamp": 1772671974.1467392,
      "chain_id": "v26",
      "price": 60000,
      "metadata": {
        "initial": true
      }
    },
    {
      "timestamp": 1772672035.4292583,
      "chain_id": "v27",
      "price": 57694.33369979446,
      "metadata": {
        "fork_sustained": true,
        "fork_depth": 24
      }
    },
    {
      "timestamp": 1772672035.4293332,
      "chain_id": "v26",
      "price": 61652.86630020555,
      "metadata": {
        "fork_sustained": true,
        "fork_depth": 24
      }
    },
    {
      "timestamp": 1772672095.7122722,
      "chain_id": "v27",
      "price": 57933.10920999853,
      "metadata": {
        "fork_sustained": true,
        "fork_depth": 49
      }
    },
    {
      "timestamp": 1772672095.712284,
      "chain_id": "v26",
      "price": 61414.09079000146,
      "metadata": {
        "fork_sustained": true,
        "fork_depth": 49
      }
    },
    {
      "timestamp": 1772672155.8823671,
      "chain_id": "v27",
      "price": 58124.76848240315,
      "metadata": {
        "fork_sustained": true,
        "fork_depth": 69
      }
    },
    {
      "timestamp": 1772672155.8823905,
      "chain_id": "v26",
      "price": 61222.43151759684,
      "metadata": {
        "fork_sustained": true,
        "fork_depth": 69
      }
    },
    {
      "timestamp": 1772672216.6055436,
      "chain_id": "v27",
      "price": 58168.527248181555,
      "metadata": {
        "fork_sustained": true,
        "fork_depth": 93
      }
    },
    {
      "timestamp": 1772672216.6055503,
      "chain_id": "v26",
      "price": 61178.672751818456,
      "metadata": {
        "fork_sustained": true,
        "fork_depth": 93
      }
    },
    {
      "timestamp": 1772672276.9434886,
      "chain_id": "v27",
      "price": 58201.056388870085,
      "metadata": {
        "fork_sustained": true,
        "fork_depth": 119
      }
    },
    {
      "timestamp": 1772672276.9435241,
      "chain_id": "v26",
      "price": 61146.14361112991,
      "metadata": {
        "fork_sustained": true,
        "fork_depth": 119
      }
    },
    {
      "timestamp": 1772672337.17967,
      "chain_id": "v27",
      "price": 58262.41880617743,
      "metadata": {
        "fork_sustained": true,
        "fork_depth": 141
      }
    },
    {
      "timestamp": 1772672337.1796877,
      "chain_id": "v26",
      "price": 61084.78119382258,
      "metadata": {
        "fork_sustained": true,
        "fork_depth": 141
      }
    },
    {
      "timestamp": 1772672397.8969421,
      "chain_id": "v27",
      "price": 58274.807072575524,
      "metadata": {
        "fork_sustained": true,
        "fork_depth": 169
      }
    },
    {
      "timestamp": 1772672397.8969643,
      "chain_id": "v26",
      "price": 61072.39292742448,
      "metadata": {
        "fork_sustained": true,
        "fork_depth": 169
      }
    },
    {
      "timestamp": 1772672458.3241727,
      "chain_id": "v27",