{
  "config": {
    "base_price": 60000,
    "max_divergence": 0.2,
    "coefficients": {
      "chain_weight": 0.3,
      "economic_weight": 0.5,
      "hashrate_weight": 0.2
    }
  },
  "current_prices": {
    "v27": 62603.91756374095,
    "v26": 56743.28243625906
  },
  "timeline": {
    "timestamps": [
      1772583386.4163117,
      1772583447.6561308,
      1772583447.6561418,
      1772583507.6852825,
      1772583507.6852946,
      1772583568.0698032,
      1772583568.0698087,
      1772583628.1603727,
      1772583628.1603785,
      1772583688.691828,
      1772583688.6918342,
      1772583749.135763,
      1772583749.1357741,
      1772583809.7947295,
      1772583809.7947354,
      1772583870.439978,
      1772583870.4399838,
      1772583930.5230558,
      1772583930.5230613,
      1772583991.060297,
      1772583991.060302,
      1772584051.919334,
      1772584051.9193394,
      1772584112.6962028,
      1772584112.6962132,
      1772584173.700624,
      1772584173.7006297,
      1772584234.0786498,
      1772584234.0786552,
      1772584294.5364993,
      1772584294.5365093,
      1772584354.994231,
      1772584354.9942374,
      1772584415.5146053,
      1772584415.514611,
      1772584475.980085,
      1772584475.9800925,
      1772584536.4241095,
      1772584536.424117,
      1772584596.9527874,
      1772584596.952794,
      1772584657.8846092,
      1772584657.884615,
      1772584718.2331183,
      1772584718.2331233,
      1772584779.095424,
      1772584779.0954316,
      1772584840.1229038,
      1772584840.122909,
      1772584900.3416018,
      1772584900.3416069,
      1772584960.8524277,
      1772584960.8524337,
      1772585020.9941576,
      1772585020.9941628,
      1772585081.4056344,
      1772585081.4056401,
      1772585141.7230582,
      1772585141.7230637
    ],
    "v27_prices": [
      60000,
      58543.45298449252,
      58543.45298449252,
      58867.45298449252,
      58867.45298449252,
      58973.887767101216,
      58973.887767101216,
      59026.61087922936,
      59026.61087922936,
      59056.67612498839,
      59056.67612498839,
      59088.52340702774,
      59088.52340702774,
      59131.31425616882,
      59131.31425616882,
      59031.51268598506,
      59031.51268598506,
      59088.08817762557,
      59088.08817762557,
      59108.56926356229,
      59108.56926356229,
      59133.219041489545,
      59133.219041489545,
      59110.32371677413,
      59110.32371677413,
      59090.37703086174,
      59090.37703086174,
      59032.22894005165,
      59032.22894005165,
      59021.68358749996,
      59021.68358749996,
      59059.45408522818,
      59059.45408522818,
      59049.62633112712,
      59049.62633112712,
      59032.22423190905,
      59032.22423190905,
      59012.94060597417,
      59012.94060597417,
      61360.634046015526,
      61360.634046015526,
      61544.41607905858,
      61544.41607905858,
      61715.10345504342,
      61715.10345504342,
      61859.85918184358,
      61859.85918184358,
      62016.118090519114,
      62016.118090519114,
      62148.78605699233,
      62148.78605699233,
      62286.46903182544,
      62286.46903182544,
      62391.91683470934,
      62391.91683470934,
      62503.44346558561,
      62503.44346558561,
      62603.91756374095,
      62603.91756374095
    ],
    "v26_prices": [
      60000,
      60000,
      60803.74701550749,
      60803.74701550749,
      60479.74701550747,
      60479.74701550747,
      60373.31223289878,
      60373.31223289878,
      60320.58912077064,
      60320.58912077064,
      60290.52387501162,
      60290.52387501162,
      60258.676592972275,
      60258.676592972275,
      60215.88574383118,
      60215.88574383118,
      60315.68731401494,
      60315.68731401494,
      60259.11182237444,
      60259.11182237444,
      60238.630736437706,
      60238.630736437706,
      60213.98095851046,
      60213.98095851046,
      60236.87628322587,
      60236.87628322587,
      60256.82296913826,
      60256.82296913826,
      60314.97105994835,
      60314.97105994835,
      60325.51641250004,
      60325.51641250004,
      60287.74591477183,
      60287.74591477183,
      60297.57366887289,
      60297.57366887289,
      60314.975768090946,
      60314.975768090946,
      60334.25939402584,
      60334.25939402584,
      57986.56595398448,
      57986.56595398448,
      57802.783920941416,
      57802.783920941416,
      57632.09654495659,
      57632.09654495659,
      57487.34081815644,
      57487.34081815644,
      57331.08190948089,
      57331.08190948089,
      57198.41394300768,
      57198.41394300768,
      57060.730968174554,
      57060.730968174554,
      56955.28316529067,
      56955.28316529067,
      56843.75653441439,
      56843.75653441439,
      56743.28243625906
    ]
  },
  "history": [
    {
      "timestamp": 1772583386.4163117,
      "chain_id": "v27",
      "price": 60000,
      "metadata": {
        "initial": true
      }
    },
    {
      "timestamp": 1772583386.4163117,
      "chain_id": "v26",
      "price": 60000,
      "metadata": {
        "initial": true
      }
    },
    {
      "timestamp": 1772583447.6561308,
      "chain_id": "v27",
      "price": 58543.45298449252,
      "metadata": {
        "fork_sustained": true,
        "fork_depth": 24
      }
    },
    {
      "timestamp": 1772583447.6561418,
      "chain_id": "v26",
      "price": 60803.74701550749,
      "metadata": {
        "fork_sustained": true,
        "fork_depth": 24
      }
    },
    {
      "timestamp": 1772583507.6852825,
      "chain_id": "v27",
      "price": 58867.45298449252,
      "metadata": {
        "fork_sustained": true,
        "fork_depth": 50
      }
    },
    {
      "timestamp": 1772583507.6852946,
      "chain_id": "v26",
      "price": 60479.74701550747,
      "metadata": {
        "fork_sustained": true,
        "fork_depth": 50
      }
    },
    {
      "timestamp": 1772583568.0698032,
      "chain_id": "v27",
      "price": 58973.887767101216,
      "metadata": {
        "fork_sustained": true,
        "fork_depth": 69
      }
    },
    {
      "timestamp": 1772583568.0698087,
      "chain_id": "v26",
      "price": 60373.31223289878,
      "metadata": {
        "fork_sustained": true,
        "fork_depth": 69
      }
    },
    {
      "timestamp": 1772583628.1603727,
      "chain_id": "v27",
      "price": 59026.61087922936,
      "metadata": {
        "fork_sustained": true,
        "fork_depth": 95
      }
    },
    {
      "timestamp": 1772583628.1603785,
      "chain_id": "v26",
      "price": 60320.58912077064,
      "metadata": {
        "fork_sustained": true,
        "fork_depth": 95
      }
    },
    {
      "timestamp": 1772583688.691828,
      "chain_id": "v27",
      "price": 59056.67612498839,
      "metadata": {
        "fork_sustained": true,
        "fork_depth": 121
      }
    },
    {
      "timestamp": 1772583688.6918342,
      "chain_id": "v26",
      "price": 60290.52387501162,
      "metadata": {
        "fork_sustained": true,
        "fork_depth": 121
      }
    },
    {
      "timestamp": 1772583749.135763,
      "chain_id": "v27",
      "price": 59088.52340702774,
      "metadata": {
        "fork_sustained": true,
        "fork_depth": 142
      }
    },
    {
      "timestamp": 1772583749.1357741,
      "chain_id": "v26",
      "price": 60258.676592972275,
      "metadata": {
        "fork_sustained": true,
        "fork_depth": 142
      }
    },
    {
      "timestamp": 1772583809.7947295,
      "chain_id": "v27",
      "price": 59131.31425616882,
      "metadata": {
        "fork_sustained": true,
        "fork_depth": 173
      }
    },
    {
      "timestamp": 1772583809.7947354,
      "chain_id": "v26",
      "price": 60215.88574383118,
      "metadata": {
        "fork_sustained": true,
        "fork_depth": 173
      }
    },
    {
      "timestamp": 1772583870.439978,
      "chain_id": "v27",
      "price": 59031.51268598506,