{
  "config": {
    "base_price": 60000,
    "max_divergence": 0.2,
    "coefficients": {
      "chain_weight": 0.3,
      "economic_weight": 0.5,
      "hashrate_weight": 0.2
    }
  },
  "current_prices": {
    "v27": 61250.63995930983,
    "v26": 58096.560040690165
  },
  "timeline": {
    "timestamps": [
      1772713362.9395335,
      1772713424.0061343,
      1772713424.006144,
      1772713484.952997,
      1772713484.953004,
      1772713545.345947,
      1772713545.3459547,
      1772713605.479594,
      1772713605.4796016,
      1772713666.0090516,
      1772713666.0090573,
      1772713726.4852746,
      1772713726.4852805,
      1772713787.1196513,
      1772713787.1196613,
      1772713847.700035,
      1772713847.7000408,
      1772713908.4128492,
      1772713908.4128568,
      1772713969.0703504,
      1772713969.0703554,
      1772714029.9773607,
      1772714029.9773703,
      1772714090.9410207,
      1772714090.9410257,
      1772714151.3031137,
      1772714151.3031216,
      1772714211.7835908,
      1772714211.783599,
      1772714272.4727893,
      1772714272.4727952,
      1772714333.0823414,
      1772714333.0823467,
      1772714393.6873214,
      1772714393.6873286,
      1772714454.0234754,
      1772714454.0234807,
      1772714514.5171013,
      1772714514.5171068,
      1772714575.2631125,
      1772714575.2631183,
      1772714635.3689003,
      1772714635.3689058,
      1772714695.6380472,
      1772714695.638053,
      1772714756.2888489,
      1772714756.2888575,
      1772714816.7774904,
      1772714816.7774956,
      1772714877.377175,
      1772714877.3771822,
      1772714937.4856267,
      1772714937.4856324,
      1772714998.006045,
      1772714998.0060503,
      1772715058.4364462,
      1772715058.4364517,
      1772715119.099851,
      1772715119.099859
    ],
    "v27_prices": [
      60000,
      60948.89005162586,
      60948.89005162586,
      61272.89005162585,
      61272.89005162585,
      61437.46148019728,
      61437.46148019728,
      61432.0479463627,
      61432.0479463627,
      61462.11319212172,
      61462.11319212172,
      61521.61732435313,
      61521.61732435313,
      61536.75132330215,
      61536.75132330215,
      61421.16727934862,
      61421.16727934862,
      61510.428513164305,
      61510.428513164305,
      62096.59970413551,
      62096.59970413551,
      62227.86312681721,
      62227.86312681721,
      62283.65536883714,
      62283.65536883714,
      62327.93545868417,
      62327.93545868417,
      62387.44547694216,
      62387.44547694216,
      62427.18506708522,
      62427.18506708522,
      62489.60115017188,
      62489.60115017188,
      62497.948171110584,
      62497.948171110584,
      62533.46459080533,
      62533.46459080533,
      62539.85524457056,
      62539.85524457056,
      61573.24035078462,
      61573.24035078462,
      61515.13999863386,
      61515.13999863386,
      61454.758774939735,
      61454.758774939735,
      61439.36052092419,
      61439.36052092419,
      61389.10955237524,
      61389.10955237524,
      61338.82119069848,
      61338.82119069848,
      61293.38312156384,
      61293.38312156384,
      61284.318592851116,
      61284.318592851116,
      61287.1475670007,
      61287.1475670007,
      61250.63995930983,
      61250.63995930983
    ],
    "v26_prices": [
      60000,
      60000,
      58398.309948374146,
      58398.309948374146,
      58074.30994837415,
      58074.30994837415,
      57909.738519802726,
      57909.738519802726,
      57915.152053637314,
      57915.152053637314,
      57885.08680787829,
      57885.08680787829,
      57825.58267564688,
      57825.58267564688,
      57810.44867669785,
      57810.44867669785,
      57926.03272065138,
      57926.03272065138,
      57836.77148683569,
      57836.77148683569,
      57250.6002958645,
      57250.6002958645,
      57119.336873182794,
      57119.336873182794,
      57063.54463116286,
      57063.54463116286,
      57019.26454131583,
      57019.26454131583,
      56959.75452305784,
      56959.75452305784,
      56920.01493291478,
      56920.01493291478,
      56857.598849828115,
      56857.598849828115,
      56849.251828889406,
      56849.251828889406,
      56813.73540919467,
      56813.73540919467,
      56807.34475542944,
      56807.34475542944,
      57773.95964921539,
      57773.95964921539,
      57832.06000136614,
      57832.06000136614,
      57892.44122506027,
      57892.44122506027,
      57907.83947907581,
      57907.83947907581,
      57958.09044762476,
      57958.09044762476,
      58008.37880930152,
      58008.37880930152,
      58053.81687843614,
      58053.81687843614,
      58062.88140714888,
      58062.88140714888,
      58060.052432999306,
      58060.052432999306,
      58096.560040690165
    ]
  },
  "history": [
    {
      "timestamp": 1772713362.9395335,
      "chain_id": "v27",
      "price": 60000,
      "metadata": {
        "initial": true
      }
    },
    {
      "timestamp": 1772713362.9395335,
      "chain_id": "v26",
      "price": 60000,
      "metadata": {
        "initial": true
      }
    },
    {
      "timestamp": 1772713424.0061343,
      "chain_id": "v27",
      "price": 60948.89005162586,
      "metadata": {
        "fork_sustained": true,
        "fork_depth": 24
      }
    },
    {
      "timestamp": 1772713424.006144,
      "chain_id": "v26",
      "price": 58398.309948374146,
      "metadata": {
        "fork_sustained": true,
        "fork_depth": 24
      }
    },
    {
      "timestamp": 1772713484.952997,
      "chain_id": "v27",
      "price": 61272.89005162585,
      "metadata": {
        "fork_sustained": true,
        "fork_depth": 50
      }
    },
    {
      "timestamp": 1772713484.953004,
      "chain_id": "v26",
      "price": 58074.30994837415,
      "metadata": {
        "fork_sustained": true,
        "fork_depth": 50
      }
    },
    {
      "timestamp": 1772713545.345947,
      "chain_id": "v27",
      "price": 61437.46148019728,
      "metadata": {
        "fork_sustained": true,
        "fork_depth": 70
      }
    },
    {
      "timestamp": 1772713545.3459547,
      "chain_id": "v26",
      "price": 57909.738519802726,
      "metadata": {
        "fork_sustained": true,
        "fork_depth": 70
      }
    },
    {
      "timestamp": 1772713605.479594,
      "chain_id": "v27",
      "price": 61432.0479463627,
      "metadata": {
        "fork_sustained": true,
        "fork_depth": 95
      }
    },
    {
      "timestamp": 1772713605.4796016,
      "chain_id": "v26",
      "price": 57915.152053637314,
      "metadata": {
        "fork_sustained": true,
        "fork_depth": 95
      }
    },
    {
      "timestamp": 1772713666.0090516,
      "chain_id": "v27",
      "price": 61462.11319212172,
      "metadata": {
        "fork_sustained": true,
        "fork_depth": 121
      }
    },
    {
      "timestamp": 1772713666.0090573,
      "chain_id": "v26",
      "price": 57885.08680787829,
      "metadata": {
        "fork_sustained": true,
        "fork_depth": 121
      }
    },
    {
      "timestamp": 1772713726.4852746,
      "chain_id": "v27",
      "price": 61521.61732435313,
      "metadata": {
        "fork_sustained": true,
        "fork_depth": 143
      }
    },
    {
      "timestamp": 1772713726.4852805,
      "chain_id": "v26",
      "price": 57825.58267564688,
      "metadata": {
        "fork_sustained": true,
        "fork_depth": 143
      }
    },
    {
      "timestamp": 1772713787.1196513,
      "chain_id": "v27",
      "price": 61536.75132330215,
      "metadata": {
        "fork_sustained": true,
        "fork_depth": 173
      }
    },
    {
      "timestamp": 1772713787.1196613,
      "chain_id": "v26",
      "price": 57810.44867669785,
      "metadata": {
        "fork_sustained": true,
        "fork_depth": 173
      }
    },
    {
      "timestamp": 1772713847.700035,
      "chain_id": "v27",
      "price": 61421.16727934862,