{
  "blocks_mined": {
    "v27": 218,
    "v26": 7
  },
  "total_blocks": 225,
  "final_hashrate": {
    "v27": 86.4,
    "v26": 0.0
  },
  "final_economic": {
    "v27": 100.0,
    "v26": 0.0
  },
  "final_prices": {
    "v27": 71158.71832460734,
    "v26": 48188.48167539267
  }
}