{
  "blocks_mined": {
    "v27": 133,
    "v26": 5784
  },
  "total_blocks": 5917,
  "final_hashrate": {
    "v27": 0.0,
    "v26": 86.4
  },
  "final_economic": {
    "v27": 56.73664319629601,
    "v26": 43.26335680370397
  },
  "final_prices": {
    "v27": 55063.087734584085,
    "v26": 64284.11226541592
  }
}