{
  "config": {
    "base_price": 60000,
    "max_divergence": 0.2,
    "coefficients": {
      "chain_weight": 0.3,
      "economic_weight": 0.5,
      "hashrate_weight": 0.2
    }
  },
  "current_prices": {
    "v27": 48703.44827586207,
    "v26": 71218.31172413794
  },
  "timeline": {
    "timestamps": [
      1772235377.9073167,
      1772235438.5781164,
      1772235438.578127,
      1772235498.8773263,
      1772235498.8773327,
      1772235559.3855655,
      1772235559.3855736,
      1772235619.9901958,
      1772235619.9902022,
      1772235680.4744966,
      1772235680.4745054,
      1772235740.992194,
      1772235740.9922016,
      1772235801.779261,
      1772235801.779267,
      1772235862.41364,
      1772235862.4136474,
      1772235923.2231429,
      1772235923.223149,
      1772235983.888902,
      1772235983.8889081,
      1772236044.3545215,
      1772236044.3545275,
      1772236104.9221053,
      1772236104.922114,
      1772236165.3463259,
      1772236165.346334,
      1772236225.7833033,
      1772236225.7833114,
      1772236286.2323534,
      1772236286.232359,
      1772236346.7074847,
      1772236346.7074926,
      1772236407.1717117,
      1772236407.1717174,
      1772236467.7414293,
      1772236467.7414348,
      1772236528.3026066,
      1772236528.302614,
      1772236588.8382175,
      1772236588.8382251,
      1772236649.355,
      1772236649.355005,
      1772236709.975698,
      1772236709.9757054,
      1772236770.3748016,
      1772236770.3748114,
      1772236830.9468977,
      1772236830.9469056,
      1772236891.6326094,
      1772236891.632615,
      1772236952.4038434,
      1772236952.4038515,
      1772237012.9329772,
      1772237012.9329824,
      1772237073.4895043,
      1772237073.4895098,
      1772237133.622467,
      1772237133.622473
    ],
    "v27_prices": [
      60000,
      50953.31877819766,
      50953.31877819766,
      50905.57342010747,
      50905.57342010747,
      51324.721493129786,
      51324.721493129786,
      51137.93416281304,
      51137.93416281304,
      51104.36772924661,
      51104.36772924661,
      51018.096106132885,
      51018.096106132885,
      51143.20888808776,
      51143.20888808776,
      51195.91254806415,
      51195.91254806415,
      51255.416680295566,
      51255.416680295566,
      49957.28155339806,
      49957.28155339806,
      49800.00000000001,
      49800.00000000001,
      49643.47826086957,
      49643.47826086957,
      49538.931297709925,
      49538.931297709925,
      49446.88995215311,
      49446.88995215311,
      49362.16216216217,
      49362.16216216217,
      49284.07643312102,
      49284.07643312102,
      49216.90140845071,
      49216.90140845071,
      49143.28922495274,
      49143.28922495274,
      49078.07486631016,
      49078.07486631016,
      49023.35025380711,
      49023.35025380711,
      48973.913043478264,
      48973.913043478264,
      48921.9512195122,
      48921.9512195122,
      48902.654867256635,
      48902.654867256635,
      48863.18758815233,
      48863.18758815233,
      48819.27710843374,
      48819.27710843374,
      48783.61075544175,
      48783.61075544175,
      48755.55555555556,
      48755.55555555556,
      48728.57142857143,
      48728.57142857143,
      48703.44827586207,
      48703.44827586207
    ],
    "v26_prices": [
      60000,
      60000,
      68968.44122180235,
      68968.44122180235,
      69016.18657989254,
      69016.18657989254,
      68597.03850687023,
      68597.03850687023,
      68783.82583718697,
      68783.82583718697,
      68817.3922707534,
      68817.3922707534,
      68903.66389386714,
      68903.66389386714,
      68778.55111191224,
      68778.55111191224,
      68725.84745193586,
      68725.84745193586,
      68666.34331970445,
      68666.34331970445,
      69964.47844660195,
      69964.47844660195,
      70121.76000000001,
      70121.76000000001,
      70278.28173913044,
      70278.28173913044,
      70382.82870229009,
      70382.82870229009,
      70474.8700478469,
      70474.8700478469,
      70559.59783783785,
      70559.59783783785,
      70637.68356687899,
      70637.68356687899,
      70704.8585915493,
      70704.8585915493,
      70778.47077504726,
      70778.47077504726,
      70843.68513368984,
      70843.68513368984,
      70898.4097461929,
      70898.4097461929,
      70947.84695652174,
      70947.84695652174,
      70999.80878048782,
      70999.80878048782,
      71019.10513274337,
      71019.10513274337,
      71058.57241184768,
      71058.57241184768,
      71102.48289156627,
      71102.48289156627,
      71138.14924455827,
      71138.14924455827,
      71166.20444444445,
      71166.20444444445,
      71193.18857142857,
      71193.18857142857,
      71218.31172413794
    ]
  },
  "history": [
    {
      "timestamp": 1772235377.9073167,
      "chain_id": "v27",
      "price": 60000,
      "metadata": {
        "initial": true
      }
    },
    {
      "timestamp": 1772235377.9073167,
      "chain_id": "v26",
      "price": 60000,
      "metadata": {
        "initial": true
      }
    },
    {
      "timestamp": 1772235438.5781164,
      "chain_id": "v27",
      "price": 50953.31877819766,
      "metadata": {
        "fork_sustained": true,
        "fork_depth": 26
      }
    },
    {
      "timestamp": 1772235438.578127,
      "chain_id": "v26",
      "price": 68968.44122180235,
      "metadata": {
        "fork_sustained": true,
        "fork_depth": 26
      }
    },
    {
      "timestamp": 1772235498.8773263,
      "chain_id": "v27",
      "price": 50905.57342010747,
      "metadata": {
        "fork_sustained": true,
        "fork_depth": 58
      }
    },
    {
      "timestamp": 1772235498.8773327,
      "chain_id": "v26",
      "price": 69016.18657989254,
      "metadata": {
        "fork_sustained": true,
        "fork_depth": 58
      }
    },
    {
      "timestamp": 1772235559.3855655,
      "chain_id": "v27",
      "price": 51324.721493129786,
      "metadata": {
        "fork_sustained": true,
        "fork_depth": 85
      }
    },
    {
      "timestamp": 1772235559.3855736,
      "chain_id": "v26",
      "price": 68597.03850687023,
      "metadata": {
        "fork_sustained": true,
        "fork_depth": 85
      }
    },
    {
      "timestamp": 1772235619.9901958,
      "chain_id": "v27",
      "price": 51137.93416281304,
      "metadata": {
        "fork_sustained": true,
        "fork_depth": 117
      }
    },
    {
      "timestamp": 1772235619.9902022,
      "chain_id": "v26",
      "price": 68783.82583718697,
      "metadata": {
        "fork_sustained": true,
        "fork_depth": 117
      }
    },
    {
      "timestamp": 1772235680.4744966,
      "chain_id": "v27",
      "price": 51104.36772924661,
      "metadata": {
        "fork_sustained": true,
        "fork_depth": 143
      }
    },
    {
      "timestamp": 1772235680.4745054,
      "chain_id": "v26",
      "price": 68817.3922707534,
      "metadata": {
        "fork_sustained": true,
        "fork_depth": 143
      }
    },
    {
      "timestamp": 1772235740.992194,
      "chain_id": "v27",
      "price": 51018.096106132885,
      "metadata": {
        "fork_sustained": true,
        "fork_depth": 171
      }
    },
    {
      "timestamp": 1772235740.9922016,
      "chain_id": "v26",
      "price": 68903.66389386714,
      "metadata": {
        "fork_sustained": true,
        "fork_depth": 171
      }
    },
    {
      "timestamp": 1772235801.779261,
      "chain_id": "v27",
      "price": 51143.20888808776,
      "metadata": {
        "fork_sustained": true,
        "fork_depth": 210
      }
    },
    {
      "timestamp": 1772235801.779267,
      "chain_id": "v26",
      "price": 68778.55111191224,
      "metadata": {
        "fork_sustained": true,
        "fork_depth": 210
      }
    },
    {
      "timestamp": 1772235862.41364,
      "chain_id": "v27",
      "price": 51195.91254806415,