{
  "blocks_mined": {
    "v27": 2981,
    "v26": 211
  },
  "total_blocks": 3192,
  "final_hashrate": {
    "v27": 86.4,
    "v26": 0.0
  },
  "final_economic": {
    "v27": 100.0,
    "v26": 0.0
  },
  "final_prices": {
    "v27": 70773.53895611306,
    "v26": 48573.66104388697
  }
}