{
  "blocks_mined": {
    "v27": 419,
    "v26": 795
  },
  "total_blocks": 1214,
  "final_hashrate": {
    "v27": 0.0,
    "v26": 86.4
  },
  "final_economic": {
    "v27": 56.737060138721,
    "v26": 43.262939861279
  },
  "final_prices": {
    "v27": 57341.90392583915,
    "v26": 62005.29607416084
  }
}