{
  "blocks_mined": {
    "v27": 1220,
    "v26": 5551
  },
  "total_blocks": 6771,
  "final_hashrate": {
    "v27": 0.0,
    "v26": 86.4
  },
  "final_economic": {
    "v27": 56.737060138721,
    "v26": 43.262939861279
  },
  "final_prices": {
    "v27": 55591.28874774268,
    "v26": 62948.27248282746
  }
}