{
  "blocks_mined": {
    "v27": 5311,
    "v26": 1273
  },
  "total_blocks": 6584,
  "final_hashrate": {
    "v27": 86.4,
    "v26": 0.0
  },
  "final_economic": {
    "v27": 100.0,
    "v26": 0.0
  },
  "final_prices": {
    "v27": 70122.67413126984,
    "v26": 49224.52586873017
  }
}