{
  "blocks_mined": {
    "v27": 88,
    "v26": 29
  },
  "total_blocks": 117,
  "final_hashrate": {
    "v27": 86.4,
    "v26": 0.0
  },
  "final_economic": {
    "v27": 100.0,
    "v26": 0.0
  },
  "final_prices": {
    "v27": 69421.61860465117,
    "v26": 49925.58139534884
  }
}