{
  "config": {
    "base_price": 60000,
    "max_divergence": 0.2,
    "coefficients": {
      "chain_weight": 0.3,
      "economic_weight": 0.5,
      "hashrate_weight": 0.2
    }
  },
  "current_prices": {
    "v27": 56963.38419322126,
    "v26": 62958.37580677874
  },
  "timeline": {
    "timestamps": [
      1772168967.349085,
      1772169028.691927,
      1772169028.691936,
      1772169089.0684025,
      1772169089.0684087,
      1772169149.0711422,
      1772169149.0711505,
      1772169209.124165,
      1772169209.1241736,
      1772169269.3602898,
      1772169269.3602965,
      1772169329.863866,
      1772169329.8638725,
      1772169390.4468925,
      1772169390.446901,
      1772169450.7525768,
      1772169450.752583,
      1772169511.079082,
      1772169511.0790884,
      1772169571.683272,
      1772169571.6832807,
      1772169631.9521985,
      1772169631.9522064,
      1772169692.610682,
      1772169692.6106915,
      1772169753.3755236,
      1772169753.37553,
      1772169813.8719277,
      1772169813.8719335,
      1772169874.7704396,
      1772169874.770445,
      1772169935.2787545,
      1772169935.2787607,
      1772169996.0926087,
      1772169996.0926144,
      1772170056.8913248,
      1772170056.8913326,
      1772170117.3145387,
      1772170117.314545,
      1772170177.978474,
      1772170177.9784822,
      1772170238.697774,
      1772170238.6977818,
      1772170299.2731812,
      1772170299.2731886,
      1772170360.0224035,
      1772170360.0224094,
      1772170420.746921,
      1772170420.7469265,
      1772170481.482688,
      1772170481.4826958,
      1772170542.1236482,
      1772170542.1236582,
      1772170602.7477283,
      1772170602.747736,
      1772170663.4097364,
      1772170663.4097419,
      1772170723.877057,
      1772170723.8770657
    ],
    "v27_prices": [
      60000,
      62217.14734593062,
      62217.14734593062,
      62323.96053274381,
      62323.96053274381,
      62434.729763513045,
      62434.729763513045,
      62429.95522770402,
      62429.95522770402,
      62388.575917359194,
      62388.575917359194,
      62464.939553722834,
      62464.939553722834,
      62385.43455610265,
      62385.43455610265,
      62356.99696999077,
      62356.99696999077,
      62296.268225051506,
      62296.268225051506,
      60790.18598728925,
      60790.18598728925,
      60391.729271591175,
      60391.729271591175,
      60247.212439098315,
      60247.212439098315,
      60095.45380654125,
      60095.45380654125,
      59926.22606661292,
      59926.22606661292,
      59777.26949201983,
      59777.26949201983,
      59720.25591735919,
      59720.25591735919,
      59611.82218241943,
      59611.82218241943,
      59530.78223314867,
      59530.78223314867,
      59439.404853529406,
      59439.404853529406,
      57930.23894766222,
      57930.23894766222,
      57784.01235048021,
      57784.01235048021,
      57605.10309061147,
      57605.10309061147,
      57515.05219642896,
      57515.05219642896,
      57391.22222441313,
      57391.22222441313,
      57263.572280995555,
      57263.572280995555,
      57199.80885255613,
      57199.80885255613,
      57117.58297618272,
      57117.58297618272,
      57031.222812282445,
      57031.222812282445,
      56963.38419322126,
      56963.38419322126
    ],
    "v26_prices": [
      60000,
      60000,
      57704.61265406938,
      57704.61265406938,
      57597.7994672562,
      57597.7994672562,
      57487.03023648697,
      57487.03023648697,
      57491.80477229598,
      57491.80477229598,
      57533.18408264081,
      57533.18408264081,
      57456.82044627717,
      57456.82044627717,
      57536.32544389735,
      57536.32544389735,
      57564.763030009235,
      57564.763030009235,
      57625.49177494851,
      57625.49177494851,
      59131.57401271074,
      59131.57401271074,
      59530.030728408834,
      59530.030728408834,
      59674.54756090168,
      59674.54756090168,
      59826.30619345875,
      59826.30619345875,
      59995.53393338708,
      59995.53393338708,
      60144.490507980176,
      60144.490507980176,
      60201.504082640815,
      60201.504082640815,
      60309.937817580576,
      60309.937817580576,
      60390.97776685135,
      60390.97776685135,
      60482.35514647059,
      60482.35514647059,
      61991.52105233778,
      61991.52105233778,
      62137.7476495198,
      62137.7476495198,
      62316.656909388534,
      62316.656909388534,
      62406.70780357105,
      62406.70780357105,
      62530.537775586876,
      62530.537775586876,
      62658.18771900445,
      62658.18771900445,
      62721.95114744386,
      62721.95114744386,
      62804.17702381728,
      62804.17702381728,
      62890.53718771755,
      62890.53718771755,
      62958.37580677874
    ]
  },
  "history": [
    {
      "timestamp": 1772168967.349085,
      "chain_id": "v27",
      "price": 60000,
      "metadata": {
        "initial": true
      }
    },
    {
      "timestamp": 1772168967.349085,
      "chain_id": "v26",
      "price": 60000,
      "metadata": {
        "initial": true
      }
    },
    {
      "timestamp": 1772169028.691927,
      "chain_id": "v27",
      "price": 62217.14734593062,
      "metadata": {
        "fork_sustained": true,
        "fork_depth": 28
      }
    },
    {
      "timestamp": 1772169028.691936,
      "chain_id": "v26",
      "price": 57704.61265406938,
      "metadata": {
        "fork_sustained": true,
        "fork_depth": 28
      }
    },
    {
      "timestamp": 1772169089.0684025,
      "chain_id": "v27",
      "price": 62323.96053274381,
      "metadata": {
        "fork_sustained": true,
        "fork_depth": 65
      }
    },
    {
      "timestamp": 1772169089.0684087,
      "chain_id": "v26",
      "price": 57597.7994672562,
      "metadata": {
        "fork_sustained": true,
        "fork_depth": 65
      }
    },
    {
      "timestamp": 1772169149.0711422,
      "chain_id": "v27",
      "price": 62434.729763513045,
      "metadata": {
        "fork_sustained": true,
        "fork_depth": 91
      }
    },
    {
      "timestamp": 1772169149.0711505,
      "chain_id": "v26",
      "price": 57487.03023648697,
      "metadata": {
        "fork_sustained": true,
        "fork_depth": 91
      }
    },
    {
      "timestamp": 1772169209.124165,
      "chain_id": "v27",
      "price": 62429.95522770402,
      "metadata": {
        "fork_sustained": true,
        "fork_depth": 116
      }
    },
    {
      "timestamp": 1772169209.1241736,
      "chain_id": "v26",
      "price": 57491.80477229598,
      "metadata": {
        "fork_sustained": true,
        "fork_depth": 116
      }
    },
    {
      "timestamp": 1772169269.3602898,
      "chain_id": "v27",
      "price": 62388.575917359194,
      "metadata": {
        "fork_sustained": true,
        "fork_depth": 144
      }
    },
    {
      "timestamp": 1772169269.3602965,
      "chain_id": "v26",
      "price": 57533.18408264081,
      "metadata": {
        "fork_sustained": true,
        "fork_depth": 144
      }
    },
    {
      "timestamp": 1772169329.863866,
      "chain_id": "v27",
      "price": 62464.939553722834,
      "metadata": {
        "fork_sustained": true,
        "fork_depth": 165
      }
    },
    {
      "timestamp": 1772169329.8638725,
      "chain_id": "v26",
      "price": 57456.82044627717,
      "metadata": {
        "fork_sustained": true,
        "fork_depth": 165
      }
    },
    {
      "timestamp": 1772169390.4468925,
      "chain_id": "v27",
      "price": 62385.43455610265,
      "metadata": {
        "fork_sustained": true,
        "fork_depth": 191
      }
    },
    {
      "timestamp": 1772169390.446901,
      "chain_id": "v26",
      "price": 57536.32544389735,
      "metadata": {
        "fork_sustained": true,
        "fork_depth": 191
      }
    },
    {
      "timestamp": 1772169450.7525768,
      "chain_id": "v27",
      "price": 62356.99696999077,