{
  "blocks_mined": {
    "v27": 3345,
    "v26": 1509
  },
  "total_blocks": 4854,
  "final_hashrate": {
    "v27": 86.4,
    "v26": 0.0
  },
  "final_economic": {
    "v27": 56.737060138721,
    "v26": 43.262939861279
  },
  "final_prices": {
    "v27": 63423.22672984735,
    "v26": 55923.97327015265
  }
}