{
  "blocks_mined": {
    "v27": 4267,
    "v26": 2957
  },
  "total_blocks": 7224,
  "final_hashrate": {
    "v27": 86.4,
    "v26": 0.0
  },
  "final_economic": {
    "v27": 56.737060138721,
    "v26": 43.262939861279
  },
  "final_prices": {
    "v27": 63571.53947598623,
    "v26": 55775.660524013765
  }
}