{
  "blocks_mined": {
    "v27": 1657,
    "v26": 791
  },
  "total_blocks": 2448,
  "final_hashrate": {
    "v27": 86.4,
    "v26": 0.0
  },
  "final_economic": {
    "v27": 56.73741253525133,
    "v26": 43.26258746474866
  },
  "final_prices": {
    "v27": 63976.070491083396,
    "v26": 55371.1295089166
  }
}