{
  "blocks_mined": {
    "v27": 13,
    "v26": 462
  },
  "total_blocks": 475,
  "final_hashrate": {
    "v27": 0.0,
    "v26": 86.4
  },
  "final_economic": {
    "v27": 0.0,
    "v26": 100.0
  },
  "final_prices": {
    "v27": 48173.07692307692,
    "v26": 71174.12307692309
  }
}