{
  "blocks_mined": {
    "v27": 45,
    "v26": 668
  },
  "total_blocks": 713,
  "final_hashrate": {
    "v27": 0.0,
    "v26": 86.4
  },
  "final_economic": {
    "v27": 0.0,
    "v26": 100.0
  },
  "final_prices": {
    "v27": 48455.555555555555,
    "v26": 70891.64444444445
  }
}