{
  "blocks_mined": {
    "v27": 7,
    "v26": 654
  },
  "total_blocks": 661,
  "final_hashrate": {
    "v27": 0.0,
    "v26": 86.4
  },
  "final_economic": {
    "v27": 62.148876597346025,
    "v26": 37.85112340265398
  },
  "final_prices": {
    "v27": 55492.703901358946,
    "v26": 63854.496098641066
  }
}