{
  "blocks_mined": {
    "v27": 1202,
    "v26": 128
  },
  "total_blocks": 1330,
  "final_hashrate": {
    "v27": 98.36999999999999,
    "v26": 0.0
  },
  "final_economic": {
    "v27": 50.0,
    "v26": 50.0
  },
  "final_prices": {
    "v27": 65152.78391143405,
    "v26": 54768.976088565956
  }
}