{
  "timestamps": [
    0,
    60,
    120,
    180,
    241,
    301,
    361,
    421,
    482,
    542,
    603,
    663,
    723,
    784,
    844,
    900
  ],
  "v27_price": [
    60000,
    60000,
    60000,
    64843.90564595755,
    64363.90564595754,
    64363.90564595754,
    64123.90564595755,
    64345.44410749601,
    63643.90564595755,
    63609.61993167182,
    63330.05949211139,
    64092.23608074016,
    64312.42767985586,
    64353.10564595755,
    64317.811528310485,
    64353.10564595755
  ],
  "v26_price": [
    60000,
    60000,
    60000,
    55077.85435404246,
    55557.854354042465,
    55557.854354042465,
    55797.854354042465,
    55576.315892504004,
    56277.854354042465,
    56312.140068328175,
    56591.700507888614,
    55829.523919259846,
    55609.33232014415,
    55568.65435404246,
    55603.94847168951,
    55568.65435404246
  ],
  "v27_hashrate": [
    55.915,
    55.915,
    55.915,
    55.915,
    55.915,
    55.915,
    55.915,
    55.915,
    55.915,
    55.915,
    65.69,
    65.69,
    65.69,
    65.69,
    65.69,
    65.69
  ],
  "v26_hashrate": [
    42.455000000000005,
    42.455000000000005,
    42.455000000000005,
    42.455000000000005,
    42.455000000000005,
    42.455000000000005,
    42.455000000000005,
    42.455000000000005,
    42.455000000000005,
    42.455000000000005,
    32.68,
    32.68,
    32.68,
    32.68,
    32.68,
    32.68
  ],
  "v27_economic": [
    69.99988038297951,
    69.99988038297951,
    69.99988038297951,
    69.99988038297951,
    69.99988038297951,
    69.99988038297951,
    69.99988038297951,
    69.99988038297951,
    69.99988038297951,
    69.99988038297951,
    69.99988038297951,
    69.99988038297951,
    69.99988038297951,
    69.99988038297951,
    69.99988038297951,
    69.99988038297951
  ],
  "v26_economic": [
    30.000119617020477,
    30.000119617020477,
    30.000119617020477,
    30.000119617020477,
    30.000119617020477,
    30.000119617020477,
    30.000119617020477,
    30.000119617020477,
    30.000119617020477,
    30.000119617020477,
    30.000119617020477,
    30.000119617020477,
    30.000119617020477,
    30.000119617020477,
    30.000119617020477,
    30.000119617020477
  ],
  "v27_blocks": [
    0,
    3,
    8,
    11,
    11,
    14,
    19,
    19,
    22,
    23,
    29,
    39,
    42,
    45,
    48,
    53
  ],
  "v26_blocks": [
    0,
    1,
    2,
    4,
    4,
    6,
    7,
    11,
    13,
    16,
    17,
    20,
    21,
    23,
    24,
    26
  ],
  "v27_difficulty": [
    1.0,
    1.0,
    1.0,
    1.0,
    1.0,
    1.0,
    1.0,
    1.0,
    1.0,
    1.0,
    1.0,
    1.0,
    1.0,
    1.0,
    1.0,
    1.0
  ],
  "v26_difficulty": [
    1.0,
    1.0,
    1.0,
    1.0,
    1.0,
    1.0,
    1.0,
    1.0,
    1.0,
    1.0,
    1.0,
    1.0,
    1.0,
    1.0,
    1.0,
    1.0
  ],
  "v27_chainwork": [
    0.0,
    3.0,
    8.0,
    11.0,
    11.0,
    14.0,
    19.0,
    19.0,
    22.0,
    23.0,
    29.0,
    39.0,
    42.0,
    45.0,
    48.0,
    53.0
  ],
  "v26_chainwork": [
    0.0,
    1.0,
    2.0,
    4.0,
    4.0,
    6.0,
    7.0,
    11.0,
    13.0,
    16.0,
    17.0,
    20.0,
    21.0,
    23.0,
    24.0,
    26.0
  ],
  "v27_fee_rate": [
    1.0,
    1.0,
    0.04172998347566826,
    0.04172998347566826,
    0.04172998347566826,
    0.04172998347566826,
    0.04172998347566826,
    0.04172998347566826,
    0.04172998347566826,
    0.04172998347566826,
    0.04172998347566826,
    0.035520353570436765,
    0.035520353570436765,
    0.035520353570436765,
    0.035520353570436765,
    0.035520353570436765
  ],
  "v26_fee_rate": [
    1.0,
    1.0,
    0.0235543824588704,
    0.0235543824588704,
    0.0235543824588704,
    0.0235543824588704,
    0.0235543824588704,
    0.0235543824588704,
    0.0235543824588704,
    0.0235543824588704,
    0.0235543824588704,
    0.030599795204753456,
    0.030599795204753456,
    0.030599795204753456,
    0.030599795204753456,
    0.030599795204753456
  ],
  "v27_fee_revenue_btc": [
    0.01,
    0.01,
    0.0004172998347566826,
    0.0004172998347566826,
    0.0004172998347566826,
    0.0004172998347566826,
    0.0004172998347566826,
    0.0004172998347566826,
    0.0004172998347566826,
    0.0004172998347566826,
    0.0004172998347566826,
    0.0003552035357043677,
    0.0003552035357043677,
    0.0003552035357043677,
    0.0003552035357043677,
    0.0003552035357043677
  ],
  "v26_fee_revenue_btc": [
    0.01,
    0.01,
    0.00023554382458870396,
    0.00023554382458870396,
    0.00023554382458870396,
    0.00023554382458870396,
    0.00023554382458870396,
    0.00023554382458870396,
    0.00023554382458870396,
    0.00023554382458870396,
    0.00023554382458870396,
    0.0003059979520475346,
    0.0003059979520475346,
    0.0003059979520475346,
    0.0003059979520475346,
    0.0003059979520475346
  ],
  "v27_congestion": [
    0.04172993554679991,
    0.04172993554679991,
    0.04172993554679991,
    0.04172993554679991,
    0.04172993554679991,
    0.04172993554679991,
    0.04172993554679991,
    0.04172993554679991,
    0.04172993554679991,
    0.04172993554679991,
    0.03552031277362334,
    0.03552031277362334,
    0.03552031277362334,
    0.03552031277362334,
    0.03552031277362334,
    0.03552031277362334
  ],
  "v26_congestion": [
    0.023554445583182565,
    0.023554445583182565,
    0.023554445583182565,
    0.023554445583182565,
    0.023554445583182565,
    0.023554445583182565,
    0.023554445583182565,
    0.023554445583182565,
    0.023554445583182565,
    0.023554445583182565,
    0.030599877210343206,
    0.030599877210343206,
    0.030599877210343206,
    0.030599877210343206,
    0.030599877210343206,
    0.030599877210343206
  ],
  "v27_mempool_mb": [
    0,
    0,
    0,
    0,
    0,
    0,
    0,
    0,
    0,
    0,
    0,
    0,
    0,
    0,
    0,
    0
  ],
  "v26_mempool_mb": [
    0,
    0,
    0,
    0,
    0,
    0,
    0,
    0,
    0,
    0,
    0,
    0,
    0,
    0,
    0,
    0
  ],
  "v27_transactional": [
    69.99996078125972,
    69.99996078125972,
    69.99996078125972,
    69.99996078125972,
    69.99996078125972,
    69.99996078125972,
    69.99996078125972,
    69.99996078125972,
    69.99996078125972,
    69.99996078125972,
    69.99996078125972,
    69.99996078125972,
    69.99996078125972,
    69.99996078125972,
    69.99996078125972,
    69.99996078125972
  ],
  "v26_transactional": [
    30.000039218740287,
    30.000039218740287,
    30.000039218740287,
    30.000039218740287,
    30.000039218740287,
    30.000039218740287,
    30.000039218740287,
    30.000039218740287,
    30.000039218740287,
    30.000039218740287,
    30.000039218740287,
    30.000039218740287,
    30.000039218740287,
    30.000039218740287,
    30.000039218740287,
    30.000039218740287
  ],
  "v27_solo_hashrate": [
    0.0,
    0.0,
    0.0,
    0.0,
    0.0,
    0.0,
    0.0,
    0.0,
    0.0,
    0.0,
    0.0,
    0.0,
    0.0,
    0.0,
    0.0,
    0.0
  ],
  "v26_solo_hashrate": [
    0.0,
    0.0,
    0.0,
    0.0,
    0.0,
    0.0,
    0.0,
    0.0,
    0.0,
    0.0,
    0.0,
    0.0,
    0.0,
    0.0,
    0.0,
    0.0
  ]
}