{
  "blocks_mined": {
    "v27": 735,
    "v26": 464
  },
  "total_blocks": 1199,
  "final_hashrate": {
    "v27": 86.4,
    "v26": 0.0
  },
  "final_economic": {
    "v27": 50.12210820410434,
    "v26": 49.87789179589566
  },
  "final_prices": {
    "v27": 62434.22597212257,
    "v26": 56912.974027877426
  }
}