{
  "blocks_mined": {
    "v27": 437,
    "v26": 756
  },
  "total_blocks": 1193,
  "final_hashrate": {
    "v27": 0.0,
    "v26": 86.4
  },
  "final_economic": {
    "v27": 70.16741709688209,
    "v26": 29.832582903117906
  },
  "final_prices": {
    "v27": 59185.240115748966,
    "v26": 60161.95988425103
  }
}