{
  "blocks_mined": {
    "v27": 15,
    "v26": 1202
  },
  "total_blocks": 1217,
  "final_hashrate": {
    "v27": 0.0,
    "v26": 86.4
  },
  "final_economic": {
    "v27": 70.16741709688209,
    "v26": 29.832582903117906
  },
  "final_prices": {
    "v27": 56501.552192618015,
    "v26": 62845.64780738199
  }
}