{
  "blocks_mined": {
    "v27": 1984,
    "v26": 1424
  },
  "total_blocks": 3408,
  "final_hashrate": {
    "v27": 50.5,
    "v26": 35.9
  },
  "final_economic": {
    "v27": 56.737060138721,
    "v26": 43.262939861279
  },
  "final_prices": {
    "v27": 61431.38526974386,
    "v26": 57915.814730256134
  }
}