{
  "blocks_mined": {
    "v27": 157,
    "v26": 167
  },
  "total_blocks": 324,
  "final_hashrate": {
    "v27": 50.5,
    "v26": 35.9
  },
  "final_economic": {
    "v27": 62.14929353977099,
    "v26": 37.850706460229006
  },
  "final_prices": {
    "v27": 61268.581891439186,
    "v26": 58078.61810856081
  }
}