{
  "blocks_mined": {
    "v27": 9,
    "v26": 624
  },
  "total_blocks": 633,
  "final_hashrate": {
    "v27": 0.0,
    "v26": 86.4
  },
  "final_economic": {
    "v27": 0.0,
    "v26": 100.0
  },
  "final_prices": {
    "v27": 48062.608695652176,
    "v26": 71284.59130434782
  }
}