{
  "blocks_mined": {
    "v27": 2571,
    "v26": 1517
  },
  "total_blocks": 4088,
  "final_hashrate": {
    "v27": 86.4,
    "v26": 0.0
  },
  "final_economic": {
    "v27": 56.737060138721,
    "v26": 43.262939861279
  },
  "final_prices": {
    "v27": 63227.39737966772,
    "v26": 56119.80262033229
  }
}