{
  "blocks_mined": {
    "v27": 2856,
    "v26": 413
  },
  "total_blocks": 3269,
  "final_hashrate": {
    "v27": 86.4,
    "v26": 0.0
  },
  "final_economic": {
    "v27": 100.0,
    "v26": 0.0
  },
  "final_prices": {
    "v27": 70279.12889144593,
    "v26": 49068.07110855409
  }
}