{
  "blocks_mined": {
    "v27": 5925,
    "v26": 1430
  },
  "total_blocks": 7355,
  "final_hashrate": {
    "v27": 86.4,
    "v26": 0.0
  },
  "final_economic": {
    "v27": 100.0,
    "v26": 0.0
  },
  "final_prices": {
    "v27": 70188.9219981369,
    "v26": 49158.2780018631
  }
}