{
  "blocks_mined": {
    "v27": 406,
    "v26": 793
  },
  "total_blocks": 1199,
  "final_hashrate": {
    "v27": 0.0,
    "v26": 86.4
  },
  "final_economic": {
    "v27": 56.737060138721,
    "v26": 43.262939861279
  },
  "final_prices": {
    "v27": 57285.318912029936,
    "v26": 62061.88108797007
  }
}