{
  "timestamps": [
    0,
    60,
    120,
    180,
    241,
    301,
    361,
    422,
    483,
    543,
    604,
    664,
    725,
    785,
    846,
    907,
    967,
    1028,
    1089,
    1149,
    1210,
    1270,
    1331,
    1391,
    1451,
    1511,
    1572,
    1633,
    1693,
    1754,
    1800
  ],
  "v27_price": [
    60000,
    60000,
    57694.33369979446,
    57933.10920999853,
    58124.76848240315,
    58168.527248181555,
    58201.056388870085,
    58262.41880617743,
    58274.807072575524,
    58194.33369979446,
    58201.32059935777,
    57855.33914726528,
    57790.46698018942,
    57734.59629443558,
    57737.27856743333,
    57685.98363131787,
    57671.94996883582,
    57613.90358961874,
    57592.23325956106,
    57562.71953100962,
    57532.89544098408,
    60284.62417845858,
    60483.83335191565,
    60646.66987285846,
    60840.110327496244,
    60981.36311303439,
    61127.483624904715,
    61252.52245371738,
    61376.63263613579,
    61491.640055885,
    61605.36724595015
  ],
  "v26_price": [
    60000,
    60000,
    61652.86630020555,
    61414.09079000146,
    61222.43151759684,
    61178.672751818456,
    61146.14361112991,
    61084.78119382258,
    61072.39292742448,
    61152.86630020555,
    61145.87940064221,
    61491.860852734724,
    61556.73301981057,
    61612.60370556443,
    61609.921432566676,
    61661.216368682144,
    61675.250031164185,
    61733.29641038127,
    61754.96674043895,
    61784.48046899038,
    61814.30455901592,
    59062.575821541424,
    58863.366648084346,
    58700.530127141545,
    58507.08967250376,
    58365.83688696561,
    58219.7163750953,
    58094.67754628262,
    57970.56736386421,
    57855.559944115,
    57741.83275404986
  ],
  "v27_hashrate": [
    38.1,
    38.1,
    38.1,
    38.1,
    38.1,
    38.1,
    38.1,
    38.1,
    38.1,
    38.1,
    30.0,
    30.0,
    30.0,
    30.0,
    30.0,
    30.0,
    30.0,
    30.0,
    30.0,
    30.0,
    86.4,
    86.4,
    86.4,
    86.4,
    86.4,
    86.4,
    86.4,
    86.4,
    86.4,
    86.4,
    86.4
  ],
  "v26_hashrate": [
    48.3,
    48.3,
    48.3,
    48.3,
    48.3,
    48.3,
    48.3,
    48.3,
    48.3,
    48.3,
    56.39999999999999,
    56.39999999999999,
    56.39999999999999,
    56.39999999999999,
    56.39999999999999,
    56.39999999999999,
    56.39999999999999,
    56.39999999999999,
    56.39999999999999,
    56.39999999999999,
    0.0,
    0.0,
    0.0,
    0.0,
    0.0,
    0.0,
    0.0,
    0.0,
    0.0,
    0.0,
    0.0
  ],
  "v27_economic": [
    43.046114164953785,
    43.046114164953785,
    43.046114164953785,
    43.046114164953785,
    43.046114164953785,
    43.046114164953785,
    43.046114164953785,
    43.046114164953785,
    43.046114164953785,
    43.046114164953785,
    43.046114164953785,
    43.046114164953785,
    43.046114164953785,
    43.046114164953785,
    43.046114164953785,
    43.046114164953785,
    43.046114164953785,
    43.046114164953785,
    43.046114164953785,
    43.046114164953785,
    43.046114164953785,
    43.046114164953785,
    43.046114164953785,
    43.046114164953785,
    43.046114164953785,
    43.046114164953785,
    43.046114164953785,
    43.046114164953785,
    43.046114164953785,
    43.046114164953785,
    43.046114164953785
  ],
  "v26_economic": [
    56.9538858350462,
    56.9538858350462,
    56.9538858350462,
    56.9538858350462,
    56.9538858350462,
    56.9538858350462,
    56.9538858350462,
    56.9538858350462,
    56.9538858350462,
    56.9538858350462,
    56.9538858350462,
    56.9538858350462,
    56.9538858350462,
    56.9538858350462,
    56.9538858350462,
    56.9538858350462,
    56.9538858350462,
    56.9538858350462,
    56.9538858350462,
    56.9538858350462,
    56.9538858350462,
    56.9538858350462,
    56.9538858350462,
    56.9538858350462,
    56.9538858350462,
    56.9538858350462,
    56.9538858350462,
    56.9538858350462,
    56.9538858350462,
    56.9538858350462,
    56.9538858350462
  ],
  "v27_blocks": [
    0,
    9,
    20,
    30,
    41,
    53,
    64,
    77,
    88,
    102,
    116,
    125,
    133,
    146,
    168,
    196,
    220,
    245,
    269,
    285,
    335,
    424,
    463,
    507,
    543,
    581,
    609,
    639,
    669,
    701,
    721
  ],
  "v26_blocks": [
    0,
    15,
    29,
    39,
    52,
    66,
    77,
    92,
    110,
    127,
    141,
    173,
    206,
    238,
    273,
    304,
    341,
    371,
    403,
    428,
    453,
    453,
    454,
    454,
    455,
    455,
    455,
    455,
    455,
    455,
    455
  ],
  "v27_difficulty": [
    1.0,
    1.0,
    1.0,
    1.0,
    1.0,
    1.0,
    1.0,
    1.0,
    1.0,
    1.0,
    1.0,
    1.0,
    1.0,
    0.3687580025608195,
    0.3687580025608195,
    0.3687580025608195,
    0.3687580025608195,
    0.3687580025608195,
    0.3687580025608195,
    0.3687580025608195,
    0.28320614596670934,
    0.28320614596670934,
    0.6685522134296089,
    0.6685522134296089,
    0.6685522134296089,
    0.8751956248533062,
    0.8751956248533062,
    0.8751956248533062,
    0.8751956248533062,
    0.8751956248533062,
    0.8458266441535308
  ],
  "v26_difficulty": [
    1.0,
    1.0,
    1.0,
    1.0,
    1.0,
    1.0,
    1.0,
    1.0,
    1.0,
    1.0,
    1.0,
    0.4682926829268293,
    0.4682926829268293,
    0.4682926829268293,
    0.4682926829268293,
    0.5330762556637425,
    0.5330762556637425,
    0.5330762556637425,
    0.5330762556637425,
    0.5330762556637425,
    0.5312317011458748,
    0.5312317011458748,
    0.5312317011458748,
    0.5312317011458748,
    0.5312317011458748,
    0.5312317011458748,
    0.5312317011458748,
    0.5312317011458748,
    0.5312317011458748,
    0.5312317011458748,
    0.5312317011458748
  ],
  "v27_chainwork": [
    0.0,
    9.0,
    20.0,
    30.0,
    41.0,
    53.0,
    64.0,
    77.0,
    88.0,
    102.0,
    116.0,
    125.0,
    133.0,
    144.73751600512162,
    152.85019206145944,
    163.17541613316212,
    172.02560819462155,
    181.2445582586418,
    190.09475032010124,
    195.9948783610742,
    210.41184122919228,
    235.61718822023,
    258.60795600428196,
    288.02425339518527,
    312.0921330786516,
    338.53033424609555,
    363.0358117419877,
    389.2916804875864,
    415.5475492331851,
    443.5538092284904,
    461.0283527448565
  ],
  "v26_chainwork": [
    0.0,
    15.0,
    29.0,
    39.0,
    52.0,
    66.0,
    77.0,
    92.0,
    110.0,
    127.0,
    141.0,
    157.58048780487806,
    173.03414634146344,
    188.019512195122,
    204.40975609756103,
    219.96336643208315,
    239.68718789164114,
    255.67947556155303,
    272.7379157427924,
    286.0648221343856,
    299.3529928811041,
    299.3529928811041,
    299.88422458225,
    299.88422458225,
    300.4154562833959,
    300.4154562833959,
    300.4154562833959,
    300.4154562833959,
    300.4154562833959,
    300.4154562833959,
    300.4154562833959
  ],
  "v27_fee_rate": [
    1.0,
    1.0,
    0.007533103934418018,
    0.007533103934418018,
    0.007533103934418018,
    0.007533103934418018,
    0.007533103934418018,
    0.007533103934418018,
    0.007533103934418018,
    0.007533103934418018,
    0.007533103934418018,
    0.009567041996710882,
    0.009567041996710882,
    0.009567041996710882,
    0.0035279232971225792,
    0.0035279232971225792,
    0.0035279232971225792,
    0.0035279232971225792,
    0.0035279232971225792,
    0.0035279232971225792,
    0.0035279232971225792,
    0.0009407795458993542,
    0.0009407795458993542,
    0.002220856632942738,
    0.002220856632942738,
    0.002220856632942738,
    0.002907303228579584,
    0.002907303228579584,
    0.002907303228579584,
    0.002907303228579584,
    0.002907303228579584
  ],