{
  "config": {
    "base_price": 60000,
    "max_divergence": 0.2,
    "coefficients": {
      "chain_weight": 0.3,
      "economic_weight": 0.5,
      "hashrate_weight": 0.2
    }
  },
  "current_prices": {
    "v27": 57974.76479638398,
    "v26": 61372.43520361602
  },
  "timeline": {
    "timestamps": [
      1772849866.605703,
      1772849927.6355066,
      1772849927.635515,
      1772849988.6203108,
      1772849988.6203167,
      1772850049.0072362,
      1772850049.0072656,
      1772850109.1421628,
      1772850109.1421707,
      1772850169.6814058,
      1772850169.6814132,
      1772850230.1439266,
      1772850230.143935,
      1772850290.802099,
      1772850290.8021069,
      1772850351.3808196,
      1772850351.3808274,
      1772850412.070282,
      1772850412.070288,
      1772850472.582808,
      1772850472.5828137,
      1772850533.4418566,
      1772850533.4418626,
      1772850594.3723202,
      1772850594.3723273,
      1772850654.6904173,
      1772850654.6904273,
      1772850715.12337,
      1772850715.1233757,
      1772850775.1615605,
      1772850775.1615684,
      1772850835.696497,
      1772850835.6965027,
      1772850896.1799738,
      1772850896.17998,
      1772850956.432404,
      1772850956.4324098,
      1772851016.945579,
      1772851016.9455855,
      1772851077.5056224,
      1772851077.5056288,
      1772851137.6464677,
      1772851137.6464741,
      1772851197.9232643,
      1772851197.9232705,
      1772851257.9541745,
      1772851257.95418,
      1772851318.5985174,
      1772851318.5985227,
      1772851379.122455,
      1772851379.1224627,
      1772851439.6942914,
      1772851439.6942976,
      1772851500.23531,
      1772851500.2353158,
      1772851560.8044531,
      1772851560.8044612,
      1772851621.3336453,
      1772851621.3336527
    ],
    "v27_prices": [
      60000,
      59986.715224772524,
      59986.715224772524,
      60310.71522477252,
      60310.71522477252,
      60475.28665334395,
      60475.28665334395,
      60469.873119509364,
      60469.873119509364,
      60499.93836526839,
      60499.93836526839,
      60559.442497499804,
      60559.442497499804,
      60574.57649644882,
      60574.57649644882,
      60458.992452495295,
      60458.992452495295,
      60548.25368631098,
      60548.25368631098,
      61134.42487728218,
      61134.42487728218,
      61265.68829996388,
      61265.68829996388,
      61321.480541983816,
      61321.480541983816,
      61365.760631830846,
      61365.760631830846,
      61425.27065008883,
      61425.27065008883,
      61461.21687584401,
      61461.21687584401,
      61523.1692444118,
      61523.1692444118,
      61534.71469540763,
      61534.71469540763,
      61570.346012754606,
      61570.346012754606,
      61577.68041771723,
      61577.68041771723,
      59157.725624970924,
      59157.725624970924,
      58988.03818300575,
      58988.03818300575,
      58828.95520006658,
      58828.95520006658,
      58669.452851038084,
      58669.452851038084,
      58511.059123467254,
      58511.059123467254,
      58394.3923766383,
      58394.3923766383,
      58275.585398527626,
      58275.585398527626,
      58172.61591067892,
      58172.61591067892,
      58065.87348757654,
      58065.87348757654,
      57974.76479638398,
      57974.76479638398
    ],
    "v26_prices": [
      60000,
      60000,
      59360.48477522749,
      59360.48477522749,
      59036.48477522749,
      59036.48477522749,
      58871.91334665606,
      58871.91334665606,
      58877.32688049065,
      58877.32688049065,
      58847.26163473162,
      58847.26163473162,
      58787.757502500215,
      58787.757502500215,
      58772.623503551185,
      58772.623503551185,
      58888.20754750471,
      58888.20754750471,
      58798.946313689026,
      58798.946313689026,
      58212.77512271784,
      58212.77512271784,
      58081.51170003613,
      58081.51170003613,
      58025.71945801619,
      58025.71945801619,
      57981.43936816917,
      57981.43936816917,
      57921.92934991117,
      57921.92934991117,
      57885.98312415599,
      57885.98312415599,
      57824.030755588195,
      57824.030755588195,
      57812.48530459237,
      57812.48530459237,
      57776.85398724539,
      57776.85398724539,
      57769.51958228277,
      57769.51958228277,
      60189.47437502909,
      60189.47437502909,
      60359.16181699425,
      60359.16181699425,
      60518.244799933425,
      60518.244799933425,
      60677.74714896193,
      60677.74714896193,
      60836.14087653276,
      60836.14087653276,
      60952.80762336171,
      60952.80762336171,
      61071.61460147239,
      61071.61460147239,
      61174.584089321084,
      61174.584089321084,
      61281.32651242347,
      61281.32651242347,
      61372.43520361602
    ]
  },
  "history": [
    {
      "timestamp": 1772849866.605703,
      "chain_id": "v27",
      "price": 60000,
      "metadata": {
        "initial": true
      }
    },
    {
      "timestamp": 1772849866.605703,
      "chain_id": "v26",
      "price": 60000,
      "metadata": {
        "initial": true
      }
    },
    {
      "timestamp": 1772849927.6355066,
      "chain_id": "v27",
      "price": 59986.715224772524,
      "metadata": {
        "fork_sustained": true,
        "fork_depth": 24
      }
    },
    {
      "timestamp": 1772849927.635515,
      "chain_id": "v26",
      "price": 59360.48477522749,
      "metadata": {
        "fork_sustained": true,
        "fork_depth": 24
      }
    },
    {
      "timestamp": 1772849988.6203108,
      "chain_id": "v27",
      "price": 60310.71522477252,
      "metadata": {
        "fork_sustained": true,
        "fork_depth": 50
      }
    },
    {
      "timestamp": 1772849988.6203167,
      "chain_id": "v26",
      "price": 59036.48477522749,
      "metadata": {
        "fork_sustained": true,
        "fork_depth": 50
      }
    },
    {
      "timestamp": 1772850049.0072362,
      "chain_id": "v27",
      "price": 60475.28665334395,
      "metadata": {
        "fork_sustained": true,
        "fork_depth": 70
      }
    },
    {
      "timestamp": 1772850049.0072656,
      "chain_id": "v26",
      "price": 58871.91334665606,
      "metadata": {
        "fork_sustained": true,
        "fork_depth": 70
      }
    },
    {
      "timestamp": 1772850109.1421628,
      "chain_id": "v27",
      "price": 60469.873119509364,
      "metadata": {
        "fork_sustained": true,
        "fork_depth": 95
      }
    },
    {
      "timestamp": 1772850109.1421707,
      "chain_id": "v26",
      "price": 58877.32688049065,
      "metadata": {
        "fork_sustained": true,
        "fork_depth": 95
      }
    },
    {
      "timestamp": 1772850169.6814058,
      "chain_id": "v27",
      "price": 60499.93836526839,
      "metadata": {
        "fork_sustained": true,
        "fork_depth": 121
      }
    },
    {
      "timestamp": 1772850169.6814132,
      "chain_id": "v26",
      "price": 58847.26163473162,
      "metadata": {
        "fork_sustained": true,
        "fork_depth": 121
      }
    },
    {
      "timestamp": 1772850230.1439266,
      "chain_id": "v27",
      "price": 60559.442497499804,
      "metadata": {
        "fork_sustained": true,
        "fork_depth": 143
      }
    },
    {
      "timestamp": 1772850230.143935,
      "chain_id": "v26",
      "price": 58787.757502500215,
      "metadata": {
        "fork_sustained": true,
        "fork_depth": 143
      }
    },
    {
      "timestamp": 1772850290.802099,
      "chain_id": "v27",
      "price": 60574.57649644882,
      "metadata": {
        "fork_sustained": true,
        "fork_depth": 173
      }
    },
    {
      "timestamp": 1772850290.8021069,
      "chain_id": "v26",
      "price": 58772.623503551185,
      "metadata": {
        "fork_sustained": true,
        "fork_depth": 173
      }
    },
    {
      "timestamp": 1772850351.3808196,
      "chain_id": "v27",