{
  "config": {
    "base_price": 60000,
    "max_divergence": 0.2,
    "coefficients": {
      "chain_weight": 0.3,
      "economic_weight": 0.5,
      "hashrate_weight": 0.2
    }
  },
  "current_prices": {
    "v27": 61597.36663967881,
    "v26": 57749.833360321194
  },
  "timeline": {
    "timestamps": [
      1772706150.3035955,
      1772706211.6839247,
      1772706211.6839383,
      1772706271.968663,
      1772706271.968672,
      1772706331.9988222,
      1772706331.9988453,
      1772706392.1166623,
      1772706392.1166966,
      1772706452.6446822,
      1772706452.6447046,
      1772706512.695889,
      1772706512.695897,
      1772706573.1106465,
      1772706573.1106856,
      1772706633.5638885,
      1772706633.5638998,
      1772706694.2459536,
      1772706694.2459767,
      1772706754.9005408,
      1772706754.9005756,
      1772706815.1748395,
      1772706815.1748507,
      1772706875.3560433,
      1772706875.356066,
      1772706935.5939484,
      1772706935.593963,
      1772706995.9344614,
      1772706995.934478,
      1772707056.1951623,
      1772707056.1951833,
      1772707116.59288,
      1772707116.5929031,
      1772707176.7452273,
      1772707176.7452602,
      1772707236.7697835,
      1772707236.7698188,
      1772707297.0112782,
      1772707297.0113,
      1772707358.0091608,
      1772707358.0091732,
      1772707418.145955,
      1772707418.1459653,
      1772707478.1903443,
      1772707478.1903522,
      1772707538.2587254,
      1772707538.2587593,
      1772707599.0441654,
      1772707599.0441828,
      1772707659.5540035,
      1772707659.554026,
      1772707719.9085941,
      1772707719.908617,
      1772707780.8643944,
      1772707780.864401,
      1772707841.3404229,
      1772707841.3404455,
      1772707901.5003953,
      1772707901.5004306
    ],
    "v27_prices": [
      60000,
      57694.33369979446,
      57694.33369979446,
      57933.10920999853,
      57933.10920999853,
      58124.76848240315,
      58124.76848240315,
      58168.527248181555,
      58168.527248181555,
      58201.056388870085,
      58201.056388870085,
      58262.41880617743,
      58262.41880617743,
      58274.807072575524,
      58274.807072575524,
      58194.33369979446,
      58194.33369979446,
      58201.32059935777,
      58201.32059935777,
      57855.33914726528,
      57855.33914726528,
      57790.217709522556,
      57790.217709522556,
      57734.11288184772,
      57734.11288184772,
      57736.6155328905,
      57736.6155328905,
      57685.26634927045,
      57685.26634927045,
      57671.51400825136,
      57671.51400825136,
      57617.03477445172,
      57617.03477445172,
      57587.888454047534,
      57587.888454047534,
      57565.36661744287,
      57565.36661744287,
      57535.29916636048,
      57535.29916636048,
      60272.06876029966,
      60272.06876029966,
      60470.37116406961,
      60470.37116406961,
      60626.531368114614,
      60626.531368114614,
      60820.51214008726,
      60820.51214008726,
      60969.91341675833,
      60969.91341675833,
      61123.04621192401,
      61123.04621192401,
      61239.4038104033,
      61239.4038104033,
      61364.11434928443,
      61364.11434928443,
      61479.67095439911,
      61479.67095439911,
      61597.36663967881,
      61597.36663967881
    ],
    "v26_prices": [
      60000,
      60000,
      61652.86630020555,
      61652.86630020555,
      61414.09079000146,
      61414.09079000146,
      61222.43151759684,
      61222.43151759684,
      61178.672751818456,
      61178.672751818456,
      61146.14361112991,
      61146.14361112991,
      61084.78119382258,
      61084.78119382258,
      61072.39292742448,
      61072.39292742448,
      61152.86630020555,
      61152.86630020555,
      61145.87940064221,
      61145.87940064221,
      61491.860852734724,
      61491.860852734724,
      61556.982290477456,
      61556.982290477456,
      61613.08711815228,
      61613.08711815228,
      61610.584467109504,
      61610.584467109504,
      61661.93365072955,
      61661.93365072955,
      61675.68599174864,
      61675.68599174864,
      61730.16522554828,
      61730.16522554828,
      61759.31154595248,
      61759.31154595248,
      61781.83338255713,
      61781.83338255713,
      61811.90083363953,
      61811.90083363953,
      59075.13123970034,
      59075.13123970034,
      58876.82883593039,
      58876.82883593039,
      58720.66863188539,
      58720.66863188539,
      58526.687859912745,
      58526.687859912745,
      58377.28658324168,
      58377.28658324168,
      58224.15378807599,
      58224.15378807599,
      58107.7961895967,
      58107.7961895967,
      57983.085650715584,
      57983.085650715584,
      57867.52904560089,
      57867.52904560089,
      57749.833360321194
    ]
  },
  "history": [
    {
      "timestamp": 1772706150.3035955,
      "chain_id": "v27",
      "price": 60000,
      "metadata": {
        "initial": true
      }
    },
    {
      "timestamp": 1772706150.3035955,
      "chain_id": "v26",
      "price": 60000,
      "metadata": {
        "initial": true
      }
    },
    {
      "timestamp": 1772706211.6839247,
      "chain_id": "v27",
      "price": 57694.33369979446,
      "metadata": {
        "fork_sustained": true,
        "fork_depth": 24
      }
    },
    {
      "timestamp": 1772706211.6839383,
      "chain_id": "v26",
      "price": 61652.86630020555,
      "metadata": {
        "fork_sustained": true,
        "fork_depth": 24
      }
    },
    {
      "timestamp": 1772706271.968663,
      "chain_id": "v27",
      "price": 57933.10920999853,
      "metadata": {
        "fork_sustained": true,
        "fork_depth": 49
      }
    },
    {
      "timestamp": 1772706271.968672,
      "chain_id": "v26",
      "price": 61414.09079000146,
      "metadata": {
        "fork_sustained": true,
        "fork_depth": 49
      }
    },
    {
      "timestamp": 1772706331.9988222,
      "chain_id": "v27",
      "price": 58124.76848240315,
      "metadata": {
        "fork_sustained": true,
        "fork_depth": 69
      }
    },
    {
      "timestamp": 1772706331.9988453,
      "chain_id": "v26",
      "price": 61222.43151759684,
      "metadata": {
        "fork_sustained": true,
        "fork_depth": 69
      }
    },
    {
      "timestamp": 1772706392.1166623,
      "chain_id": "v27",
      "price": 58168.527248181555,
      "metadata": {
        "fork_sustained": true,
        "fork_depth": 93
      }
    },
    {
      "timestamp": 1772706392.1166966,
      "chain_id": "v26",
      "price": 61178.672751818456,
      "metadata": {
        "fork_sustained": true,
        "fork_depth": 93
      }
    },
    {
      "timestamp": 1772706452.6446822,
      "chain_id": "v27",
      "price": 58201.056388870085,
      "metadata": {
        "fork_sustained": true,
        "fork_depth": 119
      }
    },
    {
      "timestamp": 1772706452.6447046,
      "chain_id": "v26",
      "price": 61146.14361112991,
      "metadata": {
        "fork_sustained": true,
        "fork_depth": 119
      }
    },
    {
      "timestamp": 1772706512.695889,
      "chain_id": "v27",
      "price": 58262.41880617743,
      "metadata": {
        "fork_sustained": true,
        "fork_depth": 141
      }
    },
    {
      "timestamp": 1772706512.695897,
      "chain_id": "v26",
      "price": 61084.78119382258,
      "metadata": {
        "fork_sustained": true,
        "fork_depth": 141
      }
    },
    {
      "timestamp": 1772706573.1106465,
      "chain_id": "v27",
      "price": 58274.807072575524,
      "metadata": {
        "fork_sustained": true,
        "fork_depth": 169
      }
    },
    {
      "timestamp": 1772706573.1106856,
      "chain_id": "v26",
      "price": 61072.39292742448,
      "metadata": {
        "fork_sustained": true,
        "fork_depth": 169
      }
    },
    {
      "timestamp": 1772706633.5638885,
      "chain_id": "v27",
      "price": 58194.33369979446,