{
  "blocks_mined": {
    "v27": 3906,
    "v26": 197
  },
  "total_blocks": 4103,
  "final_hashrate": {
    "v27": 98.36999999999999,
    "v26": 0.0
  },
  "final_economic": {
    "v27": 50.0,
    "v26": 50.0
  },
  "final_prices": {
    "v27": 65552.1135025709,
    "v26": 54369.646497429116
  }
}