{
  "config": {
    "base_price": 60000,
    "max_divergence": 0.2,
    "coefficients": {
      "chain_weight": 0.3,
      "economic_weight": 0.5,
      "hashrate_weight": 0.2
    }
  },
  "current_prices": {
    "v27": 57992.82035391583,
    "v26": 61354.379646084184
  },
  "timeline": {
    "timestamps": [
      1772810916.0766075,
      1772810977.3705006,
      1772810977.370508,
      1772811038.3670688,
      1772811038.3670774,
      1772811098.810409,
      1772811098.8104143,
      1772811159.0022054,
      1772811159.002212,
      1772811219.5504043,
      1772811219.55041,
      1772811280.029435,
      1772811280.02944,
      1772811340.7284036,
      1772811340.7284112,
      1772811401.3038514,
      1772811401.3038595,
      1772811462.1752062,
      1772811462.1752193,
      1772811522.792493,
      1772811522.7924984,
      1772811583.7441733,
      1772811583.7441833,
      1772811644.7510939,
      1772811644.751102,
      1772811705.2796068,
      1772811705.2796154,
      1772811765.4662023,
      1772811765.4662106,
      1772811826.1162262,
      1772811826.116234,
      1772811886.6821942,
      1772811886.6822004,
      1772811947.3688593,
      1772811947.3688648,
      1772812007.7363434,
      1772812007.7363508,
      1772812067.8858814,
      1772812067.885887,
      1772812128.611475,
      1772812128.6114812,
      1772812188.886619,
      1772812188.8866267,
      1772812249.0304804,
      1772812249.0304878,
      1772812309.604525,
      1772812309.6045327,
      1772812370.3168359,
      1772812370.3168435,
      1772812430.893049,
      1772812430.8930542,
      1772812491.5373287,
      1772812491.5373359,
      1772812552.121072,
      1772812552.1210856,
      1772812612.7446692,
      1772812612.7446744,
      1772812673.5862544,
      1772812673.5862637
    ],
    "v27_prices": [
      60000,
      59986.715224772524,
      59986.715224772524,
      60310.71522477252,
      60310.71522477252,
      60475.28665334395,
      60475.28665334395,
      60469.873119509364,
      60469.873119509364,
      60499.93836526839,
      60499.93836526839,
      60559.442497499804,
      60559.442497499804,
      60574.57649644882,
      60574.57649644882,
      60458.992452495295,
      60458.992452495295,
      60548.25368631098,
      60548.25368631098,
      61177.29984015714,
      61177.29984015714,
      61286.4019320651,
      61286.4019320651,
      61341.60052672549,
      61341.60052672549,
      61390.09927622302,
      61390.09927622302,
      61444.68381572213,
      61444.68381572213,
      61484.01881763923,
      61484.01881763923,
      61543.07921085519,
      61543.07921085519,
      61544.805061168896,
      61544.805061168896,
      61573.93200001039,
      61573.93200001039,
      61618.75834081979,
      61618.75834081979,
      59175.16799318291,
      59175.16799318291,
      59006.208873716925,
      59006.208873716925,
      58846.201885092385,
      58846.201885092385,
      58688.387176134675,
      58688.387176134675,
      58529.89604240193,
      58529.89604240193,
      58413.102326245105,
      58413.102326245105,
      58294.1178738086,
      58294.1178738086,
      58190.955221883785,
      58190.955221883785,
      58084.17793587777,
      58084.17793587777,
      57992.82035391583,
      57992.82035391583
    ],
    "v26_prices": [
      60000,
      60000,
      59360.48477522749,
      59360.48477522749,
      59036.48477522749,
      59036.48477522749,
      58871.91334665606,
      58871.91334665606,
      58877.32688049065,
      58877.32688049065,
      58847.26163473162,
      58847.26163473162,
      58787.757502500215,
      58787.757502500215,
      58772.623503551185,
      58772.623503551185,
      58888.20754750471,
      58888.20754750471,
      58798.946313689026,
      58798.946313689026,
      58169.900159842866,
      58169.900159842866,
      58060.79806793491,
      58060.79806793491,
      58005.59947327452,
      58005.59947327452,
      57957.10072377699,
      57957.10072377699,
      57902.51618427788,
      57902.51618427788,
      57863.181182360786,
      57863.181182360786,
      57804.12078914481,
      57804.12078914481,
      57802.394938831116,
      57802.394938831116,
      57773.26799998963,
      57773.26799998963,
      57728.44165918021,
      57728.44165918021,
      60172.0320068171,
      60172.0320068171,
      60340.99112628309,
      60340.99112628309,
      60500.99811490763,
      60500.99811490763,
      60658.81282386533,
      60658.81282386533,
      60817.30395759807,
      60817.30395759807,
      60934.0976737549,
      60934.0976737549,
      61053.0821261914,
      61053.0821261914,
      61156.24477811622,
      61156.24477811622,
      61263.02206412223,
      61263.02206412223,
      61354.379646084184
    ]
  },
  "history": [
    {
      "timestamp": 1772810916.0766075,
      "chain_id": "v27",
      "price": 60000,
      "metadata": {
        "initial": true
      }
    },
    {
      "timestamp": 1772810916.0766075,
      "chain_id": "v26",
      "price": 60000,
      "metadata": {
        "initial": true
      }
    },
    {
      "timestamp": 1772810977.3705006,
      "chain_id": "v27",
      "price": 59986.715224772524,
      "metadata": {
        "fork_sustained": true,
        "fork_depth": 24
      }
    },
    {
      "timestamp": 1772810977.370508,
      "chain_id": "v26",
      "price": 59360.48477522749,
      "metadata": {
        "fork_sustained": true,
        "fork_depth": 24
      }
    },
    {
      "timestamp": 1772811038.3670688,
      "chain_id": "v27",
      "price": 60310.71522477252,
      "metadata": {
        "fork_sustained": true,
        "fork_depth": 50
      }
    },
    {
      "timestamp": 1772811038.3670774,
      "chain_id": "v26",
      "price": 59036.48477522749,
      "metadata": {
        "fork_sustained": true,
        "fork_depth": 50
      }
    },
    {
      "timestamp": 1772811098.810409,
      "chain_id": "v27",
      "price": 60475.28665334395,
      "metadata": {
        "fork_sustained": true,
        "fork_depth": 70
      }
    },
    {
      "timestamp": 1772811098.8104143,
      "chain_id": "v26",
      "price": 58871.91334665606,
      "metadata": {
        "fork_sustained": true,
        "fork_depth": 70
      }
    },
    {
      "timestamp": 1772811159.0022054,
      "chain_id": "v27",
      "price": 60469.873119509364,
      "metadata": {
        "fork_sustained": true,
        "fork_depth": 95
      }
    },
    {
      "timestamp": 1772811159.002212,
      "chain_id": "v26",
      "price": 58877.32688049065,
      "metadata": {
        "fork_sustained": true,
        "fork_depth": 95
      }
    },
    {
      "timestamp": 1772811219.5504043,
      "chain_id": "v27",
      "price": 60499.93836526839,
      "metadata": {
        "fork_sustained": true,
        "fork_depth": 121
      }
    },
    {
      "timestamp": 1772811219.55041,
      "chain_id": "v26",
      "price": 58847.26163473162,
      "metadata": {
        "fork_sustained": true,
        "fork_depth": 121
      }
    },
    {
      "timestamp": 1772811280.029435,
      "chain_id": "v27",
      "price": 60559.442497499804,
      "metadata": {
        "fork_sustained": true,
        "fork_depth": 143
      }
    },
    {
      "timestamp": 1772811280.02944,
      "chain_id": "v26",
      "price": 58787.757502500215,
      "metadata": {
        "fork_sustained": true,
        "fork_depth": 143
      }
    },
    {
      "timestamp": 1772811340.7284036,
      "chain_id": "v27",
      "price": 60574.57649644882,
      "metadata": {
        "fork_sustained": true,
        "fork_depth": 173
      }
    },
    {
      "timestamp": 1772811340.7284112,
      "chain_id": "v26",
      "price": 58772.623503551185,
      "metadata": {
        "fork_sustained": true,
        "fork_depth": 173
      }
    },
    {
      "timestamp": 1772811401.3038514,
      "chain_id": "v27",
      "price": 60458.992452495295,