{
  "blocks_mined": {
    "v27": 371,
    "v26": 11
  },
  "total_blocks": 382,
  "final_hashrate": {
    "v27": 98.36999999999999,
    "v26": 0.0
  },
  "final_economic": {
    "v27": 55.003229654033994,
    "v26": 44.99677034596602
  },
  "final_prices": {
    "v27": 66313.45060837903,
    "v26": 53608.309391620984
  }
}