{
  "blocks_mined": {
    "v27": 1827,
    "v26": 1302
  },
  "total_blocks": 3129,
  "final_hashrate": {
    "v27": 50.5,
    "v26": 35.9
  },
  "final_economic": {
    "v27": 56.737060138721,
    "v26": 43.262939861279
  },
  "final_prices": {
    "v27": 61446.79757217336,
    "v26": 57900.40242782665
  }
}