{
  "blocks_mined": {
    "v27": 3419,
    "v26": 1521
  },
  "total_blocks": 4940,
  "final_hashrate": {
    "v27": 86.4,
    "v26": 0.0
  },
  "final_economic": {
    "v27": 56.737060138721,
    "v26": 43.262939861279
  },
  "final_prices": {
    "v27": 63434.84816418856,
    "v26": 55912.351835811445
  }
}