{
  "blocks_mined": {
    "v27": 23,
    "v26": 650
  },
  "total_blocks": 673,
  "final_hashrate": {
    "v27": 0.0,
    "v26": 86.4
  },
  "final_economic": {
    "v27": 0.0,
    "v26": 100.0
  },
  "final_prices": {
    "v27": 48255.07246376812,
    "v26": 71092.12753623188
  }
}