{
  "config": {
    "base_price": 60000,
    "max_divergence": 0.2,
    "coefficients": {
      "chain_weight": 0.3,
      "economic_weight": 0.5,
      "hashrate_weight": 0.2
    }
  },
  "current_prices": {
    "v27": 57428.55707452897,
    "v26": 62493.20292547103
  },
  "timeline": {
    "timestamps": [
      1771315773.594437,
      1771315834.1115613,
      1771315834.1115725,
      1771315894.507811,
      1771315894.5078454,
      1771315954.5880203,
      1771315954.5880413,
      1771316014.7649364,
      1771316014.7649577,
      1771316075.081548,
      1771316075.0815701,
      1771316135.1752486,
      1771316135.1752815,
      1771316195.7653065,
      1771316195.7653284,
      1771316256.325323,
      1771316256.3253462,
      1771316316.797577,
      1771316316.7975924,
      1771316377.6894217,
      1771316377.6894426,
      1771316438.0244756,
      1771316438.0245082,
      1771316498.2670295,
      1771316498.267037,
      1771316558.8439488,
      1771316558.8439867,
      1771316619.1805398,
      1771316619.1805785
    ],
    "v27_prices": [
      60000,
      58910.14564595754,
      58910.14564595754,
      58138.71707452897,
      58138.71707452897,
      58710.145645957535,
      58710.145645957535,
      58550.14564595754,
      58550.14564595754,
      58262.14564595755,
      58262.14564595755,
      58503.694033054315,
      58503.694033054315,
      58402.45333826523,
      58402.45333826523,
      58362.31955900102,
      58362.31955900102,
      58468.636211995276,
      58468.636211995276,
      57771.41421738612,
      57771.41421738612,
      57652.159559001026,
      57652.159559001026,
      57599.985645957546,
      57599.985645957546,
      57493.65653203349,
      57493.65653203349,
      57428.55707452897,
      57428.55707452897
    ],
    "v26_prices": [
      60000,
      60000,
      61011.61435404247,
      61011.61435404247,
      61783.042925471025,
      61783.042925471025,
      61211.61435404246,
      61211.61435404246,
      61371.61435404247,
      61371.61435404247,
      61659.61435404246,
      61659.61435404246,
      61418.06596694568,
      61418.06596694568,
      61519.306661734765,
      61519.306661734765,
      61559.44044099899,
      61559.44044099899,
      61453.123788004734,
      61453.123788004734,
      62150.34578261389,
      62150.34578261389,
      62269.600440998984,
      62269.600440998984,
      62321.77435404245,
      62321.77435404245,
      62428.10346796652,
      62428.10346796652,
      62493.20292547103
    ]
  },
  "history": [
    {
      "timestamp": 1771315773.594437,
      "chain_id": "v27",
      "price": 60000,
      "metadata": {
        "initial": true
      }
    },
    {
      "timestamp": 1771315773.594437,
      "chain_id": "v26",
      "price": 60000,
      "metadata": {
        "initial": true
      }
    },
    {
      "timestamp": 1771315834.1115613,
      "chain_id": "v27",
      "price": 58910.14564595754,
      "metadata": {
        "fork_sustained": true,
        "fork_depth": 8
      }
    },
    {
      "timestamp": 1771315834.1115725,
      "chain_id": "v26",
      "price": 61011.61435404247,
      "metadata": {
        "fork_sustained": true,
        "fork_depth": 8
      }
    },
    {
      "timestamp": 1771315894.507811,
      "chain_id": "v27",
      "price": 58138.71707452897,
      "metadata": {
        "fork_sustained": true,
        "fork_depth": 14
      }
    },
    {
      "timestamp": 1771315894.5078454,
      "chain_id": "v26",
      "price": 61783.042925471025,
      "metadata": {
        "fork_sustained": true,
        "fork_depth": 14
      }
    },
    {
      "timestamp": 1771315954.5880203,
      "chain_id": "v27",
      "price": 58710.145645957535,
      "metadata": {
        "fork_sustained": true,
        "fork_depth": 18
      }
    },
    {
      "timestamp": 1771315954.5880413,
      "chain_id": "v26",
      "price": 61211.61435404246,
      "metadata": {
        "fork_sustained": true,
        "fork_depth": 18
      }
    },
    {
      "timestamp": 1771316014.7649364,
      "chain_id": "v27",
      "price": 58550.14564595754,
      "metadata": {
        "fork_sustained": true,
        "fork_depth": 20
      }
    },
    {
      "timestamp": 1771316014.7649577,
      "chain_id": "v26",
      "price": 61371.61435404247,
      "metadata": {
        "fork_sustained": true,
        "fork_depth": 20
      }
    },
    {
      "timestamp": 1771316075.081548,
      "chain_id": "v27",
      "price": 58262.14564595755,
      "metadata": {
        "fork_sustained": true,
        "fork_depth": 25
      }
    },
    {
      "timestamp": 1771316075.0815701,
      "chain_id": "v26",
      "price": 61659.61435404246,
      "metadata": {
        "fork_sustained": true,
        "fork_depth": 25
      }
    },
    {
      "timestamp": 1771316135.1752486,
      "chain_id": "v27",
      "price": 58503.694033054315,
      "metadata": {
        "fork_sustained": true,
        "fork_depth": 31
      }
    },
    {
      "timestamp": 1771316135.1752815,
      "chain_id": "v26",
      "price": 61418.06596694568,
      "metadata": {
        "fork_sustained": true,
        "fork_depth": 31
      }
    },
    {
      "timestamp": 1771316195.7653065,
      "chain_id": "v27",
      "price": 58402.45333826523,
      "metadata": {
        "fork_sustained": true,
        "fork_depth": 39
      }
    },
    {
      "timestamp": 1771316195.7653284,
      "chain_id": "v26",
      "price": 61519.306661734765,
      "metadata": {
        "fork_sustained": true,
        "fork_depth": 39
      }
    },
    {
      "timestamp": 1771316256.325323,
      "chain_id": "v27",
      "price": 58362.31955900102,
      "metadata": {
        "fork_sustained": true,
        "fork_depth": 46
      }
    },
    {
      "timestamp": 1771316256.3253462,
      "chain_id": "v26",
      "price": 61559.44044099899,
      "metadata": {
        "fork_sustained": true,
        "fork_depth": 46
      }
    },
    {
      "timestamp": 1771316316.797577,
      "chain_id": "v27",
      "price": 58468.636211995276,
      "metadata": {
        "fork_sustained": true,
        "fork_depth": 53
      }
    },
    {
      "timestamp": 1771316316.7975924,
      "chain_id": "v26",
      "price": 61453.123788004734,
      "metadata": {
        "fork_sustained": true,
        "fork_depth": 53
      }
    },
    {
      "timestamp": 1771316377.6894217,
      "chain_id": "v27",
      "price": 57771.41421738612,
      "metadata": {
        "fork_sustained": true,
        "fork_depth": 63
      }
    },
    {
      "timestamp": 1771316377.6894426,
      "chain_id": "v26",
      "price": 62150.34578261389,
      "metadata": {
        "fork_sustained": true,
        "fork_depth": 63
      }
    },
    {
      "timestamp": 1771316438.0244756,
      "chain_id": "v27",
      "price": 57652.159559001026,
      "metadata": {
        "fork_sustained": true,
        "fork_depth": 69
      }
    },
    {
      "timestamp": 1771316438.0245082,
      "chain_id": "v26",
      "price": 62269.600440998984,
      "metadata": {
        "fork_sustained": true,
        "fork_depth": 69
      }
    },
    {
      "timestamp": 1771316498.2670295,
      "chain_id": "v27",
      "price": 57599.985645957546,
      "metadata": {
        "fork_sustained": true,
        "fork_depth": 72
      }
    },
    {
      "timestamp": 1771316498.267037,
      "chain_id": "v26",
      "price": 62321.77435404245,
      "metadata": {
        "fork_sustained": true,
        "fork_depth": 72
      }
    },
    {
      "timestamp": 1771316558.8439488,
      "chain_id": "v27",
      "price": 57493.65653203349,
      "metadata": {
        "fork_sustained": true,
        "fork_depth": 79
      }
    },
    {
      "timestamp": 1771316558.8439867,
      "chain_id": "v26",
      "price": 62428.10346796652,
      "metadata": {
        "fork_sustained": true,