{
  "timestamps": [
    0,
    60,
    121,
    181,
    241,
    302,
    362,
    423,
    483,
    544,
    605,
    665,
    725,
    786,
    846,
    906,
    966,
    1027,
    1088,
    1148,
    1209,
    1269,
    1329,
    1390,
    1450,
    1511,
    1571,
    1632,
    1693,
    1754,
    1800
  ],
  "v27_price": [
    60000,
    60000,
    57694.33369979446,
    57933.10920999853,
    58124.76848240315,
    58168.527248181555,
    58201.056388870085,
    58262.41880617743,
    58274.807072575524,
    58194.33369979446,
    58201.32059935777,
    57855.33914726528,
    57790.715480370825,
    57735.07828618723,
    57737.9512604611,
    57686.82944639746,
    57672.967087612255,
    57618.13094311784,
    57588.71532991443,
    57569.34576895664,
    57532.47602432841,
    60288.13563348369,
    60485.5222418983,
    60634.07038427182,
    60829.363198509745,
    60979.66651732771,
    61133.283871802574,
    61248.66990152579,
    61384.245742305815,
    61498.07884663626,
    61610.71130796161
  ],
  "v26_price": [
    60000,
    60000,
    61652.86630020555,
    61414.09079000146,
    61222.43151759684,
    61178.672751818456,
    61146.14361112991,
    61084.78119382258,
    61072.39292742448,
    61152.86630020555,
    61145.87940064221,
    61491.860852734724,
    61556.48451962918,
    61612.12171381277,
    61609.2487395389,
    61660.37055360254,
    61674.23291238775,
    61729.06905688216,
    61758.48467008556,
    61777.85423104336,
    61814.7239756716,
    59059.064366516315,
    58861.67775810169,
    58713.12961572818,
    58517.836801490266,
    58367.5334826723,
    58213.91612819743,
    58098.530098474206,
    57962.95425769419,
    57849.121153363754,
    57736.488692038394
  ],
  "v27_hashrate": [
    38.1,
    38.1,
    38.1,
    38.1,
    38.1,
    38.1,
    38.1,
    38.1,
    38.1,
    38.1,
    30.0,
    30.0,
    30.0,
    30.0,
    30.0,
    30.0,
    30.0,
    30.0,
    30.0,
    30.0,
    86.4,
    86.4,
    86.4,
    86.4,
    86.4,
    86.4,
    86.4,
    86.4,
    86.4,
    86.4,
    86.4
  ],
  "v26_hashrate": [
    48.3,
    48.3,
    48.3,
    48.3,
    48.3,
    48.3,
    48.3,
    48.3,
    48.3,
    48.3,
    56.39999999999999,
    56.39999999999999,
    56.39999999999999,
    56.39999999999999,
    56.39999999999999,
    56.39999999999999,
    56.39999999999999,
    56.39999999999999,
    56.39999999999999,
    56.39999999999999,
    0.0,
    0.0,
    0.0,
    0.0,
    0.0,
    0.0,
    0.0,
    0.0,
    0.0,
    0.0,
    0.0
  ],
  "v27_economic": [
    43.046114164953785,
    43.046114164953785,
    43.046114164953785,
    43.046114164953785,
    43.046114164953785,
    43.046114164953785,
    43.046114164953785,
    43.046114164953785,
    43.046114164953785,
    43.046114164953785,
    43.046114164953785,
    43.046114164953785,
    43.046114164953785,
    43.046114164953785,
    43.046114164953785,
    43.046114164953785,
    43.046114164953785,
    43.046114164953785,
    43.046114164953785,
    43.046114164953785,
    43.046114164953785,
    43.046114164953785,
    43.046114164953785,
    43.046114164953785,
    43.046114164953785,
    43.046114164953785,
    43.046114164953785,
    43.046114164953785,
    43.046114164953785,
    43.046114164953785,
    43.046114164953785
  ],
  "v26_economic": [
    56.9538858350462,
    56.9538858350462,
    56.9538858350462,
    56.9538858350462,
    56.9538858350462,
    56.9538858350462,
    56.9538858350462,
    56.9538858350462,
    56.9538858350462,
    56.9538858350462,
    56.9538858350462,
    56.9538858350462,
    56.9538858350462,
    56.9538858350462,
    56.9538858350462,
    56.9538858350462,
    56.9538858350462,
    56.9538858350462,
    56.9538858350462,
    56.9538858350462,
    56.9538858350462,
    56.9538858350462,
    56.9538858350462,
    56.9538858350462,
    56.9538858350462,
    56.9538858350462,
    56.9538858350462,
    56.9538858350462,
    56.9538858350462,
    56.9538858350462,
    56.9538858350462
  ],
  "v27_blocks": [
    0,
    9,
    20,
    30,
    41,
    53,
    64,
    77,
    88,
    102,
    116,
    125,
    133,
    146,
    168,
    195,
    220,
    244,
    269,
    284,
    334,
    422,
    459,
    503,
    541,
    581,
    607,
    640,
    670,
    702,
    722
  ],
  "v26_blocks": [
    0,
    15,
    29,
    39,
    52,
    66,
    77,
    92,
    110,
    127,
    141,
    173,
    206,
    238,
    273,
    303,
    340,
    371,
    401,
    427,
    451,
    451,
    452,
    452,
    453,
    453,
    453,
    453,
    453,
    453,
    453
  ],
  "v27_difficulty": [
    1.0,
    1.0,
    1.0,
    1.0,
    1.0,
    1.0,
    1.0,
    1.0,
    1.0,
    1.0,
    1.0,
    1.0,
    1.0,
    0.3687580025608195,
    0.3687580025608195,
    0.3687580025608195,
    0.3687580025608195,
    0.3687580025608195,
    0.3687580025608195,
    0.3687580025608195,
    0.28320614596670934,
    0.28320614596670934,
    0.6685522134296089,
    0.6685522134296089,
    0.6685522134296089,
    0.8673109795843575,
    0.8673109795843575,
    0.8673109795843575,
    0.8673109795843575,
    0.8673109795843575,
    0.8525104509225084
  ],
  "v26_difficulty": [
    1.0,
    1.0,
    1.0,
    1.0,
    1.0,
    1.0,
    1.0,
    1.0,
    1.0,
    1.0,
    1.0,
    0.4675324675324675,
    0.4675324675324675,
    0.4675324675324675,
    0.4675324675324675,
    0.5343228200371057,
    0.5343228200371057,
    0.5343228200371057,
    0.5343228200371057,
    0.5343228200371057,
    0.5306378350713326,
    0.5306378350713326,
    0.5306378350713326,
    0.5306378350713326,
    0.5306378350713326,
    0.5306378350713326,
    0.5306378350713326,
    0.5306378350713326,
    0.5306378350713326,
    0.5306378350713326,
    0.5306378350713326
  ],
  "v27_chainwork": [
    0.0,
    9.0,
    20.0,
    30.0,
    41.0,
    53.0,
    64.0,
    77.0,
    88.0,
    102.0,
    116.0,
    125.0,
    133.0,
    144.73751600512162,
    152.85019206145944,
    162.8066581306013,
    172.02560819462155,
    180.875800256081,
    190.09475032010124,
    195.6261203585134,
    210.12863508322556,
    235.05077592829656,
    255.93374715056348,
    285.3500445414668,
    310.7550286517924,
    338.49091101975097,
    361.0409964889447,
    389.66225881522905,
    415.6815882027603,
    443.43553954946026,
    460.75215808382404
  ],
  "v26_chainwork": [
    0.0,
    15.0,
    29.0,
    39.0,
    52.0,
    66.0,
    77.0,
    92.0,
    110.0,
    127.0,
    141.0,
    157.55844155844147,
    172.9870129870128,
    187.94805194805167,
    204.31168831168793,
    219.33951762523168,
    239.10946196660507,
    255.67346938775574,
    271.7031539888693,
    285.5955473098344,
    298.3492802763753,
    298.3492802763753,
    298.8799181114466,
    298.8799181114466,
    299.41055594651795,
    299.41055594651795,
    299.41055594651795,
    299.41055594651795,
    299.41055594651795,
    299.41055594651795,
    299.41055594651795
  ],
  "v27_fee_rate": [
    1.0,
    1.0,
    0.007533103934418018,
    0.007533103934418018,
    0.007533103934418018,
    0.007533103934418018,
    0.007533103934418018,
    0.007533103934418018,
    0.007533103934418018,
    0.007533103934418018,
    0.007533103934418018,
    0.009567041996710882,
    0.009567041996710882,
    0.009567041996710882,
    0.0035279232971225792,
    0.0035279232971225792,
    0.0035279232971225792,
    0.0035279232971225792,
    0.0035279232971225792,
    0.0035279232971225792,
    0.0035279232971225792,
    0.0009407795458993542,
    0.0009407795458993542,
    0.002220856632942738,
    0.002220856632942738,
    0.002220856632942738,
    0.0028811113076013897,
    0.0028811113076013897,
    0.0028811113076013897,
    0.0028811113076013897,
    0.0028811113076013897
  ],