{
  "blocks_mined": {
    "v27": 3195,
    "v26": 10
  },
  "total_blocks": 3205,
  "final_hashrate": {
    "v27": 86.4,
    "v26": 0.0
  },
  "final_economic": {
    "v27": 65.32084694618887,
    "v26": 34.679153053811135
  },
  "final_prices": {
    "v27": 67170.85773675622,
    "v26": 52176.342263243794
  }
}