{
  "blocks_mined": {
    "v27": 74,
    "v26": 90
  },
  "total_blocks": 164,
  "final_hashrate": {
    "v27": 50.5,
    "v26": 35.9
  },
  "final_economic": {
    "v27": 83.99903262942908,
    "v26": 16.00096737057092
  },
  "final_prices": {
    "v27": 63653.88391553149,
    "v26": 55693.31608446851
  }
}