{
  "config": {
    "base_price": 60000,
    "max_divergence": 0.2,
    "coefficients": {
      "chain_weight": 0.3,
      "economic_weight": 0.5,
      "hashrate_weight": 0.2
    }
  },
  "current_prices": {
    "v27": 54023.25513503016,
    "v26": 65898.50486496984
  },
  "timeline": {
    "timestamps": [
      1772290969.3527753,
      1772291030.1230772,
      1772291030.1230872,
      1772291090.433494,
      1772291090.4335027,
      1772291150.6418612,
      1772291150.6418688,
      1772291211.175541,
      1772291211.1755483,
      1772291271.2792401,
      1772291271.279256,
      1772291331.6713223,
      1772291331.671328,
      1772291392.1352904,
      1772291392.1352956,
      1772291452.6920314,
      1772291452.6920393,
      1772291513.2473872,
      1772291513.2473948,
      1772291573.7743049,
      1772291573.7743106,
      1772291634.2971168,
      1772291634.2971253,
      1772291694.9103162,
      1772291694.9103246,
      1772291755.4367678,
      1772291755.4367774,
      1772291815.9487832,
      1772291815.9487882,
      1772291876.4357376,
      1772291876.435745,
      1772291936.9925096,
      1772291936.9925177,
      1772291997.4815683,
      1772291997.4815755,
      1772292058.020364,
      1772292058.0203698,
      1772292118.784467,
      1772292118.7844725,
      1772292179.348057,
      1772292179.3480628,
      1772292239.9579384,
      1772292239.9579456,
      1772292300.7521024,
      1772292300.7521076,
      1772292361.150204,
      1772292361.1502113,
      1772292421.303338,
      1772292421.3033433,
      1772292482.0117028,
      1772292482.0117083,
      1772292542.7419758,
      1772292542.741984,
      1772292603.2974985,
      1772292603.2975035,
      1772292663.997105,
      1772292663.9971101,
      1772292724.1823168,
      1772292724.1823242
    ],
    "v27_prices": [
      60000,
      54014.652984492524,
      54014.652984492524,
      54014.652984492524,
      54014.652984492524,
      54014.652984492524,
      54014.652984492524,
      54014.652984492524,
      54014.652984492524,
      54014.652984492524,
      54014.652984492524,
      54014.652984492524,
      54014.652984492524,
      54014.652984492524,
      54014.652984492524,
      54014.652984492524,
      54014.652984492524,
      54014.652984492524,
      54014.652984492524,
      54014.652984492524,
      54014.652984492524,
      54014.652984492524,
      54014.652984492524,
      54014.652984492524,
      54014.652984492524,
      54014.652984492524,
      54014.652984492524,
      54014.652984492524,
      54014.652984492524,
      54014.652984492524,
      54014.652984492524,
      54014.652984492524,
      54014.652984492524,
      54014.652984492524,
      54014.652984492524,
      54014.652984492524,
      54014.652984492524,
      54014.652984492524,
      54014.652984492524,
      54014.652984492524,
      54014.652984492524,
      54014.652984492524,
      54014.652984492524,
      54014.652984492524,
      54014.652984492524,
      54014.652984492524,
      54014.652984492524,
      54025.27245351907,
      54025.27245351907,
      54024.76534404309,
      54024.76534404309,
      54024.27865294172,
      54024.27865294172,
      54023.93133500798,
      54023.93133500798,
      54023.56387558163,
      54023.56387558163,
      54023.25513503016,
      54023.25513503016
    ],
    "v26_prices": [
      60000,
      60000,
      65907.10701550748,
      65907.10701550748,
      65907.10701550748,
      65907.10701550748,
      65907.10701550748,
      65907.10701550748,
      65907.10701550748,
      65907.10701550748,
      65907.10701550748,
      65907.10701550748,
      65907.10701550748,
      65907.10701550748,
      65907.10701550748,
      65907.10701550748,
      65907.10701550748,
      65907.10701550748,
      65907.10701550748,
      65907.10701550748,
      65907.10701550748,
      65907.10701550748,
      65907.10701550748,
      65907.10701550748,
      65907.10701550748,
      65907.10701550748,
      65907.10701550748,
      65907.10701550748,
      65907.10701550748,
      65907.10701550748,
      65907.10701550748,
      65907.10701550748,
      65907.10701550748,
      65907.10701550748,
      65907.10701550748,
      65907.10701550748,
      65907.10701550748,
      65907.10701550748,
      65907.10701550748,
      65907.10701550748,
      65907.10701550748,
      65907.10701550748,
      65907.10701550748,
      65907.10701550748,
      65907.10701550748,
      65907.10701550748,
      65907.10701550748,
      65907.10701550748,
      65896.48754648093,
      65896.48754648093,
      65896.99465595692,
      65896.99465595692,
      65897.48134705829,
      65897.48134705829,
      65897.82866499202,
      65897.82866499202,
      65898.19612441838,
      65898.19612441838,
      65898.50486496984
    ]
  },
  "history": [
    {
      "timestamp": 1772290969.3527753,
      "chain_id": "v27",
      "price": 60000,
      "metadata": {
        "initial": true
      }
    },
    {
      "timestamp": 1772290969.3527753,
      "chain_id": "v26",
      "price": 60000,
      "metadata": {
        "initial": true
      }
    },
    {
      "timestamp": 1772291030.1230772,
      "chain_id": "v27",
      "price": 54014.652984492524,
      "metadata": {
        "fork_sustained": true,
        "fork_depth": 24
      }
    },
    {
      "timestamp": 1772291030.1230872,
      "chain_id": "v26",
      "price": 65907.10701550748,
      "metadata": {
        "fork_sustained": true,
        "fork_depth": 24
      }
    },
    {
      "timestamp": 1772291090.433494,
      "chain_id": "v27",
      "price": 54014.652984492524,
      "metadata": {
        "fork_sustained": true,
        "fork_depth": 55
      }
    },
    {
      "timestamp": 1772291090.4335027,
      "chain_id": "v26",
      "price": 65907.10701550748,
      "metadata": {
        "fork_sustained": true,
        "fork_depth": 55
      }
    },
    {
      "timestamp": 1772291150.6418612,
      "chain_id": "v27",
      "price": 54014.652984492524,
      "metadata": {
        "fork_sustained": true,
        "fork_depth": 88
      }
    },
    {
      "timestamp": 1772291150.6418688,
      "chain_id": "v26",
      "price": 65907.10701550748,
      "metadata": {
        "fork_sustained": true,
        "fork_depth": 88
      }
    },
    {
      "timestamp": 1772291211.175541,
      "chain_id": "v27",
      "price": 54014.652984492524,
      "metadata": {
        "fork_sustained": true,
        "fork_depth": 116
      }
    },
    {
      "timestamp": 1772291211.1755483,
      "chain_id": "v26",
      "price": 65907.10701550748,
      "metadata": {
        "fork_sustained": true,
        "fork_depth": 116
      }
    },
    {
      "timestamp": 1772291271.2792401,
      "chain_id": "v27",
      "price": 54014.652984492524,
      "metadata": {
        "fork_sustained": true,
        "fork_depth": 143
      }
    },
    {
      "timestamp": 1772291271.279256,
      "chain_id": "v26",
      "price": 65907.10701550748,
      "metadata": {
        "fork_sustained": true,
        "fork_depth": 143
      }
    },
    {
      "timestamp": 1772291331.6713223,
      "chain_id": "v27",
      "price": 54014.652984492524,
      "metadata": {
        "fork_sustained": true,
        "fork_depth": 164
      }
    },
    {
      "timestamp": 1772291331.671328,
      "chain_id": "v26",
      "price": 65907.10701550748,
      "metadata": {
        "fork_sustained": true,
        "fork_depth": 164
      }
    },
    {
      "timestamp": 1772291392.1352904,
      "chain_id": "v27",
      "price": 54014.652984492524,
      "metadata": {
        "fork_sustained": true,
        "fork_depth": 189
      }
    },
    {
      "timestamp": 1772291392.1352956,
      "chain_id": "v26",
      "price": 65907.10701550748,
      "metadata": {
        "fork_sustained": true,
        "fork_depth": 189
      }
    },
    {
      "timestamp": 1772291452.6920314,
      "chain_id": "v27",