{
  "config": {
    "base_price": 60000,
    "max_divergence": 0.2,
    "coefficients": {
      "chain_weight": 0.3,
      "economic_weight": 0.5,
      "hashrate_weight": 0.2
    }
  },
  "current_prices": {
    "v27": 55092.5261036549,
    "v26": 64829.23389634511
  },
  "timeline": {
    "timestamps": [
      1772038619.8373106,
      1772038680.630412,
      1772038680.6304195,
      1772038741.409134,
      1772038741.4091427,
      1772038802.0845318,
      1772038802.0845394,
      1772038862.092613,
      1772038862.092624,
      1772038922.7865245,
      1772038922.7865298,
      1772038983.5965765,
      1772038983.596582,
      1772039043.7623963,
      1772039043.762405,
      1772039103.9067914,
      1772039103.9067965,
      1772039164.0375462,
      1772039164.0375543,
      1772039224.2578986,
      1772039224.257906,
      1772039284.3710961,
      1772039284.371104,
      1772039344.4310503,
      1772039344.4310582,
      1772039404.571012,
      1772039404.5710194,
      1772039465.2921307,
      1772039465.2921405,
      1772039525.4140773,
      1772039525.4140823,
      1772039585.4751031,
      1772039585.4751098,
      1772039645.6075191,
      1772039645.6075265,
      1772039705.6963367,
      1772039705.6963453,
      1772039766.4730973,
      1772039766.4731023,
      1772039826.6753094,
      1772039826.6753144,
      1772039886.7408092,
      1772039886.740814,
      1772039946.923541,
      1772039946.923548,
      1772040007.0414429,
      1772040007.0414476,
      1772040067.1364083,
      1772040067.136413,
      1772040127.2140636,
      1772040127.2140684,
      1772040187.3574636,
      1772040187.3574688,
      1772040247.4577072,
      1772040247.457715,
      1772040307.6345785,
      1772040307.6345873,
      1772040367.8997269,
      1772040367.899735
    ],
    "v27_prices": [
      60000,
      59491.12806422397,
      59491.12806422397,
      57691.12806422398,
      57691.12806422398,
      58141.12806422398,
      58141.12806422398,
      58141.12806422398,
      58141.12806422398,
      57605.41377850969,
      57605.41377850969,
      57757.79473089065,
      57757.79473089065,
      57331.12806422398,
      57331.12806422398,
      57262.556635652545,
      57262.556635652545,
      57391.12806422398,
      57391.12806422398,
      56064.814843885,
      56064.814843885,
      55929.63883345475,
      55929.63883345475,
      55870.9962995181,
      55870.9962995181,
      55752.40806422398,
      55752.40806422398,
      55680.40806422398,
      55680.40806422398,
      55605.05922701468,
      55605.05922701468,
      55571.194581077914,
      55571.194581077914,
      55500.40806422398,
      55500.40806422398,
      55464.408064223986,
      55464.408064223986,
      55407.884699738,
      55407.884699738,
      55332.61145405449,
      55332.61145405449,
      55314.45765100084,
      55314.45765100084,
      55270.175506084444,
      55270.175506084444,
      55240.408064223986,
      55240.408064223986,
      55217.55092136684,
      55217.55092136684,
      55200.40806422398,
      55200.40806422398,
      55172.593494687564,
      55172.593494687564,
      55154.254218070135,
      55154.254218070135,
      55127.22145962327,
      55127.22145962327,
      55092.5261036549,
      55092.5261036549
    ],
    "v26_prices": [
      60000,
      60000,
      60430.63193577602,
      60430.63193577602,
      62230.63193577602,
      62230.63193577602,
      61780.63193577603,
      61780.63193577603,
      61780.63193577603,
      61780.63193577603,
      62316.34622149031,
      62316.34622149031,
      62163.96526910936,
      62163.96526910936,
      62590.63193577602,
      62590.63193577602,
      62659.20336434745,
      62659.20336434745,
      62530.63193577603,
      62530.63193577603,
      63856.94515611501,
      63856.94515611501,
      63992.121166545265,
      63992.121166545265,
      64050.76370048191,
      64050.76370048191,
      64169.35193577603,
      64169.35193577603,
      64241.35193577604,
      64241.35193577604,
      64316.70077298532,
      64316.70077298532,
      64350.565418922095,
      64350.565418922095,
      64421.35193577603,
      64421.35193577603,
      64457.35193577602,
      64457.35193577602,
      64513.87530026201,
      64513.87530026201,
      64589.14854594552,
      64589.14854594552,
      64607.30234899916,
      64607.30234899916,
      64651.584493915565,
      64651.584493915565,
      64681.35193577602,
      64681.35193577602,
      64704.20907863317,
      64704.20907863317,
      64721.35193577604,
      64721.35193577604,
      64749.166505312445,
      64749.166505312445,
      64767.505781929875,
      64767.505781929875,
      64794.538540376736,
      64794.538540376736,
      64829.23389634511
    ]
  },
  "history": [
    {
      "timestamp": 1772038619.8373106,
      "chain_id": "v27",
      "price": 60000,
      "metadata": {
        "initial": true
      }
    },
    {
      "timestamp": 1772038619.8373106,
      "chain_id": "v26",
      "price": 60000,
      "metadata": {
        "initial": true
      }
    },
    {
      "timestamp": 1772038680.630412,
      "chain_id": "v27",
      "price": 59491.12806422397,
      "metadata": {
        "fork_sustained": true,
        "fork_depth": 6
      }
    },
    {
      "timestamp": 1772038680.6304195,
      "chain_id": "v26",
      "price": 60430.63193577602,
      "metadata": {
        "fork_sustained": true,
        "fork_depth": 6
      }
    },
    {
      "timestamp": 1772038741.409134,
      "chain_id": "v27",
      "price": 57691.12806422398,
      "metadata": {
        "fork_sustained": true,
        "fork_depth": 12
      }
    },
    {
      "timestamp": 1772038741.4091427,
      "chain_id": "v26",
      "price": 62230.63193577602,
      "metadata": {
        "fork_sustained": true,
        "fork_depth": 12
      }
    },
    {
      "timestamp": 1772038802.0845318,
      "chain_id": "v27",
      "price": 58141.12806422398,
      "metadata": {
        "fork_sustained": true,
        "fork_depth": 16
      }
    },
    {
      "timestamp": 1772038802.0845394,
      "chain_id": "v26",
      "price": 61780.63193577603,
      "metadata": {
        "fork_sustained": true,
        "fork_depth": 16
      }
    },
    {
      "timestamp": 1772038862.092613,
      "chain_id": "v27",
      "price": 58141.12806422398,
      "metadata": {
        "fork_sustained": true,
        "fork_depth": 16
      }
    },
    {
      "timestamp": 1772038862.092624,
      "chain_id": "v26",
      "price": 61780.63193577603,
      "metadata": {
        "fork_sustained": true,
        "fork_depth": 16
      }
    },
    {
      "timestamp": 1772038922.7865245,
      "chain_id": "v27",
      "price": 57605.41377850969,
      "metadata": {
        "fork_sustained": true,
        "fork_depth": 21
      }
    },
    {
      "timestamp": 1772038922.7865298,
      "chain_id": "v26",
      "price": 62316.34622149031,
      "metadata": {
        "fork_sustained": true,
        "fork_depth": 21
      }
    },
    {
      "timestamp": 1772038983.5965765,
      "chain_id": "v27",
      "price": 57757.79473089065,
      "metadata": {
        "fork_sustained": true,
        "fork_depth": 27
      }
    },
    {
      "timestamp": 1772038983.596582,
      "chain_id": "v26",
      "price": 62163.96526910936,
      "metadata": {
        "fork_sustained": true,
        "fork_depth": 27
      }
    },
    {
      "timestamp": 1772039043.7623963,
      "chain_id": "v27",
      "price": 57331.12806422398,
      "metadata": {
        "fork_sustained": true,
        "fork_depth": 35
      }
    },
    {
      "timestamp": 1772039043.762405,
      "chain_id": "v26",
      "price": 62590.63193577602,
      "metadata": {
        "fork_sustained": true,
        "fork_depth": 35
      }
    },
    {
      "timestamp": 1772039103.9067914,
      "chain_id": "v27",
      "price": 57262.556635652545,