{
  "blocks_mined": {
    "v27": 5711,
    "v26": 231
  },
  "total_blocks": 5942,
  "final_hashrate": {
    "v27": 86.4,
    "v26": 0.0
  },
  "final_economic": {
    "v27": 100.0,
    "v26": 0.0
  },
  "final_prices": {
    "v27": 71025.19993185201,
    "v26": 48322.000068147994
  }
}