{
  "blocks_mined": {
    "v27": 5258,
    "v26": 1547
  },
  "total_blocks": 6805,
  "final_hashrate": {
    "v27": 86.4,
    "v26": 0.0
  },
  "final_economic": {
    "v27": 56.73741253525133,
    "v26": 43.26258746474866
  },
  "final_prices": {
    "v27": 64138.76566708939,
    "v26": 55208.43433291061
  }
}