{
  "blocks_mined": {
    "v27": 10,
    "v26": 1037
  },
  "total_blocks": 1047,
  "final_hashrate": {
    "v27": 0.0,
    "v26": 86.4
  },
  "final_economic": {
    "v27": 0.0,
    "v26": 100.0
  },
  "final_prices": {
    "v27": 48058.2406471183,
    "v26": 71288.9593528817
  }
}