{
  "timestamps": [
    0,
    60,
    120,
    181,
    242,
    302,
    363,
    424,
    485,
    545,
    605,
    666,
    727,
    787,
    848,
    909,
    969,
    1030,
    1091,
    1152,
    1212,
    1273,
    1334,
    1394,
    1455,
    1515,
    1576,
    1636,
    1697,
    1758,
    1800
  ],
  "v27_price": [
    60000,
    60000,
    66117.73576591155,
    66295.75774393354,
    66270.86578196294,
    66213.36740699774,
    66155.45005162584,
    66169.16433734013,
    66134.87862305442,
    66086.37688089415,
    65988.71320952059,
    66864.92697470277,
    66982.55801622762,
    67099.80153410563,
    67178.21368798948,
    67247.31323452371,
    67310.97756840437,
    67367.64286346518,
    67420.25005162586,
    67475.68463809202,
    67524.82877503011,
    67569.13230427467,
    67606.55120157571,
    67646.9567969011,
    67657.96277744201,
    67687.9702234584,
    67720.52962236179,
    67748.49692213438,
    67769.8433917567,
    67790.37859412498,
    67808.88463872384
  ],
  "v26_price": [
    60000,
    60000,
    53804.02423408843,
    53626.002256066466,
    53650.89421803708,
    53708.39259300225,
    53766.30994837415,
    53752.59566265986,
    53786.88137694558,
    53835.383119105856,
    53933.04679047942,
    53056.83302529724,
    52939.20198377238,
    52821.95846589437,
    52743.54631201052,
    52674.446765476285,
    52610.78243159563,
    52554.117136534835,
    52501.50994837416,
    52446.075361907984,
    52396.9312249699,
    52352.62769572534,
    52315.20879842429,
    52274.80320309892,
    52263.797222557994,
    52233.789776541606,
    52201.2303776382,
    52173.26307786563,
    52151.91660824331,
    52131.38140587502,
    52112.875361276165
  ],
  "v27_hashrate": [
    78.82,
    78.82,
    78.82,
    78.82,
    78.82,
    78.82,
    78.82,
    78.82,
    78.82,
    78.82,
    98.36999999999999,
    98.36999999999999,
    98.36999999999999,
    98.36999999999999,
    98.36999999999999,
    98.36999999999999,
    98.36999999999999,
    98.36999999999999,
    98.36999999999999,
    98.36999999999999,
    98.36999999999999,
    98.36999999999999,
    98.36999999999999,
    98.36999999999999,
    98.36999999999999,
    98.36999999999999,
    98.36999999999999,
    98.36999999999999,
    98.36999999999999,
    98.36999999999999,
    98.36999999999999
  ],
  "v26_hashrate": [
    19.55,
    19.55,
    19.55,
    19.55,
    19.55,
    19.55,
    19.55,
    19.55,
    19.55,
    19.55,
    0.0,
    0.0,
    0.0,
    0.0,
    0.0,
    0.0,
    0.0,
    0.0,
    0.0,
    0.0,
    0.0,
    0.0,
    0.0,
    0.0,
    0.0,
    0.0,
    0.0,
    0.0,
    0.0,
    0.0,
    0.0
  ],
  "v27_economic": [
    70.16741709688209,
    70.16741709688209,
    70.16741709688209,
    70.16741709688209,
    70.16741709688209,
    70.16741709688209,
    70.16741709688209,
    70.16741709688209,
    70.16741709688209,
    70.16741709688209,
    70.16741709688209,
    70.16741709688209,
    70.16741709688209,
    70.16741709688209,
    70.16741709688209,
    70.16741709688209,
    70.16741709688209,
    70.16741709688209,
    70.16741709688209,
    70.16741709688209,
    70.2036505963305,
    70.2036505963305,
    70.2036505963305,
    70.2036505963305,
    70.2036505963305,
    70.2036505963305,
    70.2036505963305,
    70.2036505963305,
    70.2036505963305,
    70.2036505963305,
    70.2036505963305
  ],
  "v26_economic": [
    29.832582903117906,
    29.832582903117906,
    29.832582903117906,
    29.832582903117906,
    29.832582903117906,
    29.832582903117906,
    29.832582903117906,
    29.832582903117906,
    29.832582903117906,
    29.832582903117906,
    29.832582903117906,
    29.832582903117906,
    29.832582903117906,
    29.832582903117906,
    29.832582903117906,
    29.832582903117906,
    29.832582903117906,
    29.832582903117906,
    29.832582903117906,
    29.832582903117906,
    29.796349403669502,
    29.796349403669502,
    29.796349403669502,
    29.796349403669502,
    29.796349403669502,
    29.796349403669502,
    29.796349403669502,
    29.796349403669502,
    29.796349403669502,
    29.796349403669502,
    29.796349403669502
  ],
  "v27_blocks": [
    0,
    23,
    55,
    75,
    101,
    124,
    145,
    173,
    201,
    229,
    248,
    275,
    307,
    332,
    357,
    383,
    409,
    436,
    468,
    500,
    529,
    559,
    595,
    615,
    646,
    683,
    718,
    747,
    777,
    806,
    828
  ],
  "v26_blocks": [
    0,
    5,
    10,
    14,
    20,
    26,
    30,
    37,
    45,
    56,
    64,
    64,
    64,
    64,
    64,
    64,
    64,
    64,
    64,
    64,
    64,
    64,
    64,
    65,
    65,
    65,
    65,
    65,
    65,
    65,
    65
  ],
  "v27_difficulty": [
    1.0,
    1.0,
    1.0,
    1.0,
    1.0,
    1.0,
    1.0,
    1.0,
    1.0,
    1.0,
    1.0,
    1.0,
    1.0,
    1.0,
    1.0,
    1.0,
    1.0,
    1.0,
    1.0,
    1.0,
    1.0,
    1.0,
    1.0,
    1.0,
    1.0,
    1.0,
    1.0,
    1.0,
    1.0,
    1.0,
    1.0
  ],
  "v26_difficulty": [
    1.0,
    1.0,
    1.0,
    1.0,
    1.0,
    1.0,
    1.0,
    1.0,
    1.0,
    1.0,
    1.0,
    1.0,
    1.0,
    1.0,
    1.0,
    1.0,
    1.0,
    1.0,
    1.0,
    1.0,
    1.0,
    1.0,
    1.0,
    1.0,
    1.0,
    1.0,
    1.0,
    1.0,
    1.0,
    1.0,
    1.0
  ],
  "v27_chainwork": [
    0.0,
    23.0,
    55.0,
    75.0,
    101.0,
    124.0,
    145.0,
    173.0,
    201.0,
    229.0,
    248.0,
    275.0,
    307.0,
    332.0,
    357.0,
    383.0,
    409.0,
    436.0,
    468.0,
    500.0,
    529.0,
    559.0,
    595.0,
    615.0,
    646.0,
    683.0,
    718.0,
    747.0,
    777.0,
    806.0,
    828.0
  ],
  "v26_chainwork": [
    0.0,
    5.0,
    10.0,
    14.0,
    20.0,
    26.0,
    30.0,
    37.0,
    45.0,
    56.0,
    64.0,
    64.0,
    64.0,
    64.0,
    64.0,
    64.0,
    64.0,
    64.0,
    64.0,
    64.0,
    64.0,
    64.0,
    64.0,
    65.0,
    65.0,
    65.0,
    65.0,
    65.0,
    65.0,
    65.0,
    65.0
  ],
  "v27_fee_rate": [
    1.0,
    1.0,
    0.0064629888197199024,
    0.0064629888197199024,
    0.0064629888197199024,
    0.0064629888197199024,
    0.0064629888197199024,
    0.0064629888197199024,
    0.0064629888197199024,
    0.0064629888197199024,
    0.0064629888197199024,
    0.005178537956392423,
    0.005178537956392423,
    0.005178537956392423,
    0.005178537956392423,
    0.005178537956392423,
    0.005178537956392423,
    0.005178537956392423,
    0.005178537956392423,
    0.005178537956392423,
    0.005178537956392423,
    0.0051794147934068925,
    0.0051794147934068925,
    0.0051794147934068925,
    0.0051794147934068925,
    0.0051794147934068925,
    0.0051794147934068925,
    0.0051794147934068925,
    0.0051794147934068925,
    0.0051794147934068925,
    0.0051794147934068925
  ],
  "v26_fee_rate": [
    1.0,
    1.0,
    0.008043677130247779,
    0.008043677130247779,
    0.008043677130247779,
    0.008043677130247779,
    0.008043677130247779,
    0.008043677130247779,
    0.008043677130247779,
    0.008043677130247779,
    0.008043677130247779,
    1.5725388789634405,
    1.5725388789634405,
    1.5725388789634405,
    1.5725388789634405,
    1.5725388789634405,
    1.5725388789634405,
    1.5725388789634405,
    1.5725388789634405,
    1.5725388789634405,
    1.5725388789634405,
    1.5716763343923068,
    1.5716763343923068,
    1.5716763343923068,
    1.5716763343923068,
    1.5716763343923068,
    1.5716763343923068,
    1.5716763343923068,
    1.5716763343923068,
    1.5716763343923068,
    1.5716763343923068
  ],