{
  "blocks_mined": {
    "v27": 159,
    "v26": 5132
  },
  "total_blocks": 5291,
  "final_hashrate": {
    "v27": 0.0,
    "v26": 86.4
  },
  "final_economic": {
    "v27": 56.73664319629601,
    "v26": 43.26335680370397
  },
  "final_prices": {
    "v27": 55060.67023180493,
    "v26": 64286.52976819508
  }
}