{
  "blocks_mined": {
    "v27": 1387,
    "v26": 989
  },
  "total_blocks": 2376,
  "final_hashrate": {
    "v27": 50.5,
    "v26": 35.9
  },
  "final_economic": {
    "v27": 56.737060138721,
    "v26": 43.262939861279
  },
  "final_prices": {
    "v27": 61436.53580267719,
    "v26": 57910.66419732281
  }
}