{
  "timestamps": [
    0,
    60,
    121,
    181,
    242,
    302,
    363,
    423,
    484,
    544,
    605,
    665,
    726,
    787,
    847,
    907,
    967,
    1027,
    1087,
    1148,
    1208,
    1269,
    1330,
    1390,
    1451,
    1511,
    1571,
    1632,
    1692,
    1753,
    1800
  ],
  "v27_price": [
    60000,
    60000,
    59986.715224772524,
    60310.71522477252,
    60475.28665334395,
    60469.873119509364,
    60499.93836526839,
    60559.442497499804,
    60574.57649644882,
    60458.992452495295,
    60548.25368631098,
    59694.424877282174,
    59595.929463638844,
    59425.42808474174,
    59375.062419607166,
    59306.690946800416,
    59272.48495632775,
    59188.897192655684,
    59127.863995720305,
    59083.71185652902,
    59034.783020884046,
    62191.97008936274,
    62396.23689500271,
    62616.658619901,
    62819.23121678627,
    63034.579291630835,
    63180.32014874618,
    63355.89917313212,
    63478.78861301167,
    63606.42778943897,
    63716.48055526914
  ],
  "v26_price": [
    60000,
    60000,
    59360.48477522749,
    59036.48477522749,
    58871.91334665606,
    58877.32688049065,
    58847.26163473162,
    58787.757502500215,
    58772.623503551185,
    58888.20754750471,
    58798.946313689026,
    59652.77512271784,
    59751.27053636116,
    59921.771915258265,
    59972.13758039284,
    60040.50905319959,
    60074.71504367225,
    60158.30280734431,
    60219.3360042797,
    60263.48814347098,
    60312.41697911595,
    57155.22991063727,
    56950.963104997296,
    56730.54138009902,
    56527.96878321375,
    56312.62070836916,
    56166.87985125383,
    55991.300826867875,
    55868.41138698834,
    55740.77221056104,
    55630.719444730865
  ],
  "v27_hashrate": [
    38.1,
    38.1,
    38.1,
    38.1,
    38.1,
    38.1,
    38.1,
    38.1,
    38.1,
    38.1,
    20.5,
    20.5,
    20.5,
    20.5,
    20.5,
    20.5,
    20.5,
    20.5,
    20.5,
    20.5,
    86.4,
    86.4,
    86.4,
    86.4,
    86.4,
    86.4,
    86.4,
    86.4,
    86.4,
    86.4,
    86.4
  ],
  "v26_hashrate": [
    48.3,
    48.3,
    48.3,
    48.3,
    48.3,
    48.3,
    48.3,
    48.3,
    48.3,
    48.3,
    65.9,
    65.9,
    65.9,
    65.9,
    65.9,
    65.9,
    65.9,
    65.9,
    65.9,
    65.9,
    0.0,
    0.0,
    0.0,
    0.0,
    0.0,
    0.0,
    0.0,
    0.0,
    0.0,
    0.0,
    0.0
  ],
  "v27_economic": [
    62.14929353977099,
    62.14929353977099,
    62.14929353977099,
    62.14929353977099,
    62.14929353977099,
    62.14929353977099,
    62.14929353977099,
    62.14929353977099,
    62.14929353977099,
    62.14929353977099,
    62.14929353977099,
    62.14929353977099,
    62.14929353977099,
    62.14929353977099,
    62.14929353977099,
    62.14929353977099,
    62.14929353977099,
    62.14929353977099,
    62.14929353977099,
    62.14929353977099,
    62.14929353977099,
    62.14929353977099,
    62.14929353977099,
    62.14929353977099,
    62.14929353977099,
    62.14929353977099,
    62.14929353977099,
    62.14929353977099,
    62.14929353977099,
    62.14929353977099,
    62.14929353977099
  ],
  "v26_economic": [
    37.850706460229006,
    37.850706460229006,
    37.850706460229006,
    37.850706460229006,
    37.850706460229006,
    37.850706460229006,
    37.850706460229006,
    37.850706460229006,
    37.850706460229006,
    37.850706460229006,
    37.850706460229006,
    37.850706460229006,
    37.850706460229006,
    37.850706460229006,
    37.850706460229006,
    37.850706460229006,
    37.850706460229006,
    37.850706460229006,
    37.850706460229006,
    37.850706460229006,
    37.850706460229006,
    37.850706460229006,
    37.850706460229006,
    37.850706460229006,
    37.850706460229006,
    37.850706460229006,
    37.850706460229006,
    37.850706460229006,
    37.850706460229006,
    37.850706460229006,
    37.850706460229006
  ],
  "v27_blocks": [
    0,
    9,
    21,
    31,
    42,
    54,
    65,
    79,
    89,
    106,
    117,
    127,
    130,
    138,
    154,
    176,
    194,
    211,
    230,
    241,
    271,
    360,
    445,
    482,
    525,
    557,
    594,
    619,
    647,
    673,
    692
  ],
  "v26_blocks": [
    0,
    15,
    29,
    39,
    53,
    67,
    78,
    94,
    113,
    128,
    142,
    184,
    228,
    264,
    305,
    330,
    364,
    394,
    423,
    447,
    477,
    477,
    477,
    478,
    478,
    478,
    478,
    478,
    478,
    478,
    478
  ],
  "v27_difficulty": [
    1.0,
    1.0,
    1.0,
    1.0,
    1.0,
    1.0,
    1.0,
    1.0,
    1.0,
    1.0,
    1.0,
    1.0,
    1.0,
    1.0,
    0.34782608695652173,
    0.34782608695652173,
    0.34782608695652173,
    0.34782608695652173,
    0.34782608695652173,
    0.34782608695652173,
    0.34782608695652173,
    0.25489545303684036,
    0.8067020931275827,
    0.8067020931275827,
    0.8067020931275827,
    0.8067020931275827,
    1.0371884054497493,
    1.0371884054497493,
    1.0371884054497493,
    1.0371884054497493,
    1.0371884054497493
  ],
  "v26_difficulty": [
    1.0,
    1.0,
    1.0,
    1.0,
    1.0,
    1.0,
    1.0,
    1.0,
    1.0,
    1.0,
    1.0,
    0.4729064039408867,
    0.4729064039408867,
    0.4729064039408867,
    0.6516604992104085,
    0.6516604992104085,
    0.6516604992104085,
    0.6516604992104085,
    0.6516604992104085,
    0.6585200834126234,
    0.6585200834126234,
    0.6585200834126234,
    0.6585200834126234,
    0.6585200834126234,
    0.6585200834126234,
    0.6585200834126234,
    0.6585200834126234,
    0.6585200834126234,
    0.6585200834126234,
    0.6585200834126234,
    0.6585200834126234
  ],
  "v27_chainwork": [
    0.0,
    9.0,
    21.0,
    31.0,
    42.0,
    54.0,
    65.0,
    79.0,
    89.0,
    106.0,
    117.0,
    127.0,
    130.0,
    138.0,
    147.4782608695653,
    155.13043478260897,
    161.39130434782652,
    167.30434782608754,
    173.9130434782616,
    177.73913043478345,
    188.17391304347936,
    212.4394291403937,
    241.27902896970545,
    271.1270064154255,
    305.815196419911,
    331.6296633999932,
    365.62639446751234,
    391.55610460375584,
    420.59737995634856,
    447.5642784980418,
    467.27085820158686
  ],
  "v26_chainwork": [
    0.0,
    15.0,
    29.0,
    39.0,
    53.0,
    67.0,
    78.0,
    94.0,
    113.0,
    128.0,
    142.0,
    162.91625615763587,
    183.72413793103533,
    200.7487684729076,
    223.17675065406607,
    239.46826313432626,
    261.62472010748036,
    281.17453508379344,
    300.0726895608961,
    315.8154353049792,
    335.5710378073575,
    335.5710378073575,
    335.5710378073575,
    336.22955789077014,
    336.22955789077014,
    336.22955789077014,
    336.22955789077014,
    336.22955789077014,
    336.22955789077014,
    336.22955789077014,
    336.22955789077014
  ],
  "v27_fee_rate": [
    1.0,
    1.0,
    0.011842429905214525,
    0.011842429905214525,
    0.011842429905214525,
    0.011842429905214525,
    0.011842429905214525,
    0.011842429905214525,
    0.011842429905214525,
    0.011842429905214525,
    0.011842429905214525,
    0.022009589238471874,
    0.022009589238471874,
    0.022009589238471874,
    0.022009589238471874,
    0.007655509300338042,
    0.007655509300338042,
    0.007655509300338042,
    0.007655509300338042,
    0.007655509300338042,
    0.007655509300338042,
    0.0018164113501959473,
    0.0013311106077771831,
    0.0042127456597783365,
    0.0042127456597783365,
    0.0042127456597783365,
    0.0042127456597783365,
    0.005416387276857862,
    0.005416387276857862,
    0.005416387276857862,
    0.005416387276857862
  ],