{
  "blocks_mined": {
    "v27": 5259,
    "v26": 1546
  },
  "total_blocks": 6805,
  "final_hashrate": {
    "v27": 86.4,
    "v26": 0.0
  },
  "final_economic": {
    "v27": 56.73741253525133,
    "v26": 43.26258746474866
  },
  "final_prices": {
    "v27": 64139.93186216552,
    "v26": 55207.2681378345
  }
}