{
  "blocks_mined": {
    "v27": 364,
    "v26": 20
  },
  "total_blocks": 384,
  "final_hashrate": {
    "v27": 87.11999999999999,
    "v26": 11.25
  },
  "final_economic": {
    "v27": 55.003229654033994,
    "v26": 44.99677034596602
  },
  "final_prices": {
    "v27": 65597.35691945828,
    "v26": 54324.40308054172
  }
}