{
  "blocks_mined": {
    "v27": 4193,
    "v26": 1442
  },
  "total_blocks": 5635,
  "final_hashrate": {
    "v27": 86.4,
    "v26": 0.0
  },
  "final_economic": {
    "v27": 56.7374039157685,
    "v26": 43.26259608423149
  },
  "final_prices": {
    "v27": 63770.05881038624,
    "v26": 55577.14118961376
  }
}