{
  "blocks_mined": {
    "v27": 81,
    "v26": 1223
  },
  "total_blocks": 1304,
  "final_hashrate": {
    "v27": 0.0,
    "v26": 98.36999999999999
  },
  "final_economic": {
    "v27": 50.0,
    "v26": 50.0
  },
  "final_prices": {
    "v27": 54487.17560147941,
    "v26": 65434.5843985206
  }
}