{
  "timestamps": [
    0,
    60,
    120,
    180,
    241,
    302,
    362,
    423,
    483,
    544,
    605,
    666,
    726,
    787,
    848,
    908,
    969,
    1029,
    1090,
    1150,
    1211,
    1271,
    1331,
    1392,
    1452,
    1513,
    1574,
    1634,
    1695,
    1756,
    1800
  ],
  "v27_price": [
    60000,
    60000,
    59986.715224772524,
    60310.71522477252,
    60417.15000738122,
    60469.873119509364,
    60499.93836526839,
    60531.78564730773,
    60574.57649644882,
    60474.77492626506,
    60531.350417905574,
    61162.22410508139,
    61291.88235871846,
    61341.87533393844,
    61385.62471880321,
    61444.68381572213,
    61484.01881763923,
    61543.37994440936,
    61545.42528394102,
    61574.744378149626,
    61611.03258672974,
    59167.96031048823,
    58997.60337486781,
    58839.73498100336,
    58696.871504786606,
    58539.790738661744,
    58423.91704904965,
    58305.76564190737,
    58199.94946336142,
    58088.86519835851,
    57999.76023207415
  ],
  "v26_price": [
    60000,
    60000,
    59360.48477522749,
    59036.48477522749,
    58930.04999261879,
    58877.32688049065,
    58847.26163473162,
    58815.41435269228,
    58772.623503551185,
    58872.42507373495,
    58815.84958209444,
    58184.9758949186,
    58055.317641281545,
    58005.32466606156,
    57961.57528119678,
    57902.51618427788,
    57863.181182360786,
    57803.82005559064,
    57801.77471605899,
    57772.455621850386,
    57736.16741327025,
    60179.23968951177,
    60349.5966251322,
    60507.46501899665,
    60650.3284952134,
    60807.40926133827,
    60923.282950950364,
    61041.434358092636,
    61147.25053663858,
    61258.3348016415,
    61347.439767925855
  ],
  "v27_hashrate": [
    38.1,
    38.1,
    38.1,
    38.1,
    38.1,
    38.1,
    38.1,
    38.1,
    38.1,
    38.1,
    50.5,
    50.5,
    50.5,
    50.5,
    50.5,
    50.5,
    50.5,
    50.5,
    50.5,
    50.5,
    0.0,
    0.0,
    0.0,
    0.0,
    0.0,
    0.0,
    0.0,
    0.0,
    0.0,
    0.0,
    0.0
  ],
  "v26_hashrate": [
    48.3,
    48.3,
    48.3,
    48.3,
    48.3,
    48.3,
    48.3,
    48.3,
    48.3,
    48.3,
    35.9,
    35.9,
    35.9,
    35.9,
    35.9,
    35.9,
    35.9,
    35.9,
    35.9,
    35.9,
    86.4,
    86.4,
    86.4,
    86.4,
    86.4,
    86.4,
    86.4,
    86.4,
    86.4,
    86.4,
    86.4
  ],
  "v27_economic": [
    62.14929353977099,
    62.14929353977099,
    62.14929353977099,
    62.14929353977099,
    62.14929353977099,
    62.14929353977099,
    62.14929353977099,
    62.14929353977099,
    62.14929353977099,
    62.14929353977099,
    62.14929353977099,
    62.14929353977099,
    62.14929353977099,
    62.14929353977099,
    62.14929353977099,
    62.14929353977099,
    62.14929353977099,
    62.14929353977099,
    62.14929353977099,
    62.14929353977099,
    62.14929353977099,
    62.14929353977099,
    62.14929353977099,
    62.14929353977099,
    62.14929353977099,
    62.14929353977099,
    62.14929353977099,
    62.14929353977099,
    62.14929353977099,
    62.14929353977099,
    62.14929353977099
  ],
  "v26_economic": [
    37.850706460229006,
    37.850706460229006,
    37.850706460229006,
    37.850706460229006,
    37.850706460229006,
    37.850706460229006,
    37.850706460229006,
    37.850706460229006,
    37.850706460229006,
    37.850706460229006,
    37.850706460229006,
    37.850706460229006,
    37.850706460229006,
    37.850706460229006,
    37.850706460229006,
    37.850706460229006,
    37.850706460229006,
    37.850706460229006,
    37.850706460229006,
    37.850706460229006,
    37.850706460229006,
    37.850706460229006,
    37.850706460229006,
    37.850706460229006,
    37.850706460229006,
    37.850706460229006,
    37.850706460229006,
    37.850706460229006,
    37.850706460229006,
    37.850706460229006,
    37.850706460229006
  ],
  "v27_blocks": [
    0,
    9,
    21,
    30,
    42,
    54,
    64,
    79,
    89,
    105,
    118,
    138,
    160,
    195,
    233,
    269,
    305,
    334,
    360,
    394,
    420,
    420,
    420,
    421,
    421,
    421,
    421,
    421,
    421,
    421,
    421
  ],
  "v26_blocks": [
    0,
    15,
    29,
    39,
    53,
    67,
    78,
    94,
    112,
    128,
    141,
    164,
    184,
    208,
    230,
    253,
    273,
    307,
    332,
    364,
    406,
    469,
    528,
    582,
    618,
    647,
    679,
    710,
    744,
    773,
    793
  ],
  "v27_difficulty": [
    1.0,
    1.0,
    1.0,
    1.0,
    1.0,
    1.0,
    1.0,
    1.0,
    1.0,
    1.0,
    1.0,
    1.0,
    0.4108416547788873,
    0.4108416547788873,
    0.4108416547788873,
    0.4108416547788873,
    0.49715292679125855,
    0.49715292679125855,
    0.49715292679125855,
    0.49715292679125855,
    0.49715292679125855,
    0.49715292679125855,
    0.49715292679125855,
    0.49715292679125855,
    0.49715292679125855,
    0.49715292679125855,
    0.49715292679125855,
    0.49715292679125855,
    0.49715292679125855,
    0.49715292679125855,
    0.49715292679125855
  ],
  "v26_difficulty": [
    1.0,
    1.0,
    1.0,
    1.0,
    1.0,
    1.0,
    1.0,
    1.0,
    1.0,
    1.0,
    1.0,
    0.46905537459283386,
    0.46905537459283386,
    0.46905537459283386,
    0.46905537459283386,
    0.46905537459283386,
    0.46905537459283386,
    0.34996877689828015,
    0.34996877689828015,
    0.34996877689828015,
    0.34996877689828015,
    0.43257943238929053,
    0.43257943238929053,
    0.8475025614157529,
    0.8475025614157529,
    0.8475025614157529,
    0.8475025614157529,
    0.8475025614157529,
    0.8908056119990395,
    0.8908056119990395,
    0.8908056119990395
  ],
  "v27_chainwork": [
    0.0,
    9.0,
    21.0,
    30.0,
    42.0,
    54.0,
    64.0,
    79.0,
    89.0,
    105.0,
    118.0,
    138.0,
    150.57346647646227,
    164.9529243937235,
    180.5649072753214,
    195.3552068473615,
    211.6127980436116,
    226.0302329205577,
    238.95620901713005,
    255.85940852803236,
    268.78538462460546,
    268.78538462460546,
    268.78538462460546,
    269.28253755139673,
    269.28253755139673,
    269.28253755139673,
    269.28253755139673,
    269.28253755139673,
    269.28253755139673,
    269.28253755139673,
    269.28253755139673
  ],
  "v26_chainwork": [
    0.0,
    15.0,
    29.0,
    39.0,
    53.0,
    67.0,
    78.0,
    94.0,
    112.0,
    128.0,
    141.0,
    153.38110749185682,
    162.76221498371365,
    174.01954397394184,
    184.33876221498434,
    195.1270358306197,
    204.5081433224765,
    218.1933807024367,
    226.94260012489406,
    238.14160098563946,
    252.8402896153678,
    277.94491681312616,
    303.4671033240934,
    329.3159314472731,
    359.82602365824016,
    384.40359793929696,
    411.523679904601,
    437.7962593084893,
    467.65061961062383,
    493.48398235859605,
    511.3000945985769
  ],
  "v27_fee_rate": [
    1.0,
    1.0,
    0.011842429905214525,
    0.011842429905214525,
    0.011842429905214525,
    0.011842429905214525,
    0.011842429905214525,
    0.011842429905214525,
    0.011842429905214525,
    0.011842429905214525,
    0.011842429905214525,
    0.00893458573046878,
    0.00893458573046878,
    0.003670699986269627,
    0.003670699986269627,
    0.003670699986269627,
    0.003670699986269627,
    0.004441855445569969,
    0.004441855445569969,
    0.004441855445569969,
    0.004441855445569969,
    2.243137000012834,
    2.243137000012834,
    2.243137000012834,
    2.243137000012834,
    2.243137000012834,
    2.243137000012834,
    2.243137000012834,
    2.243137000012834,
    2.243137000012834,
    2.243137000012834
  ],