{
  "blocks_mined": {
    "v27": 91,
    "v26": 91
  },
  "total_blocks": 182,
  "final_hashrate": {
    "v27": 47.0,
    "v26": 47.0
  },
  "final_economic": {
    "v27": 50.0,
    "v26": 50.0
  },
  "final_prices": {
    "v27": 59896.44943820225,
    "v26": 59815.550561797754
  }
}