{
  "blocks_mined": {
    "v27": 176,
    "v26": 4801
  },
  "total_blocks": 4977,
  "final_hashrate": {
    "v27": 0.0,
    "v26": 86.4
  },
  "final_economic": {
    "v27": 56.73664319629601,
    "v26": 43.26335680370397
  },
  "final_prices": {
    "v27": 55151.53147302443,
    "v26": 64195.66852697556
  }
}