{
  "blocks_mined": {
    "v27": 8,
    "v26": 1392
  },
  "total_blocks": 1400,
  "final_hashrate": {
    "v27": 0.0,
    "v26": 86.4
  },
  "final_economic": {
    "v27": 0.0,
    "v26": 100.0
  },
  "final_prices": {
    "v27": 48042.76169265034,
    "v26": 71304.43830734967
  }
}