{
  "blocks_mined": {
    "v27": 44,
    "v26": 135
  },
  "total_blocks": 179,
  "final_hashrate": {
    "v27": 0.0,
    "v26": 98.36999999999999
  },
  "final_economic": {
    "v27": 43.046114164953785,
    "v26": 56.9538858350462
  },
  "final_prices": {
    "v27": 54986.223354966874,
    "v26": 64935.53664503313
  }
}