{
  "blocks_mined": {
    "v27": 86,
    "v26": 674
  },
  "total_blocks": 760,
  "final_hashrate": {
    "v27": 0.0,
    "v26": 86.4
  },
  "final_economic": {
    "v27": 0.0,
    "v26": 100.0
  },
  "final_prices": {
    "v27": 48889.6551724138,
    "v26": 70457.54482758621
  }
}