{
  "timestamps": [
    0,
    60,
    121,
    181,
    242,
    302,
    363,
    423,
    483,
    543,
    604,
    664,
    724,
    785,
    845,
    905,
    966,
    1026,
    1087,
    1147,
    1207,
    1267,
    1328,
    1388,
    1448,
    1509,
    1569,
    1629,
    1690,
    1750,
    1800
  ],
  "v27_price": [
    60000,
    60000,
    60000,
    58580.25369979446,
    58703.33062287138,
    58580.25369979446,
    58755.25369979446,
    58620.253699794455,
    58597.2749763902,
    58465.96798550874,
    58914.79915433992,
    57761.171732581344,
    57779.33062287138,
    57691.03630849011,
    57528.253699794455,
    57463.848636503324,
    57505.66546450034,
    57430.16674327272,
    57350.37134685328,
    57349.1108426516,
    57249.35714807032,
    55934.764469025235,
    55865.53369979446,
    55757.53369979446,
    55530.497203444094,
    55447.223840639526,
    55354.72288898365,
    55297.112647162874,
    55229.227967310384,
    55153.26376114415,
    55117.340928710124
  ],
  "v26_price": [
    60000,
    60000,
    60000,
    61341.50630020554,
    61218.42937712861,
    61341.50630020554,
    61166.50630020554,
    61301.50630020555,
    61324.4850236098,
    61455.792014491264,
    61006.96084566008,
    62160.58826741866,
    62142.42937712862,
    62230.7236915099,
    62393.50630020555,
    62457.911363496685,
    62416.094535499666,
    62491.59325672729,
    62571.38865314672,
    62572.64915734841,
    62672.40285192968,
    63986.995530974775,
    64056.22630020554,
    64164.22630020554,
    64391.26279655591,
    64474.53615936048,
    64567.03711101636,
    64624.64735283712,
    64692.532032689625,
    64768.496238855856,
    64804.419071289885
  ],
  "v27_hashrate": [
    46.14,
    46.14,
    46.14,
    46.14,
    46.14,
    46.14,
    46.14,
    46.14,
    46.14,
    46.14,
    26.89,
    26.89,
    26.89,
    26.89,
    26.89,
    26.89,
    26.89,
    26.89,
    26.89,
    26.89,
    0.0,
    0.0,
    0.0,
    0.0,
    0.0,
    0.0,
    0.0,
    0.0,
    0.0,
    0.0,
    0.0
  ],
  "v26_hashrate": [
    52.23,
    52.23,
    52.23,
    52.23,
    52.23,
    52.23,
    52.23,
    52.23,
    52.23,
    52.23,
    71.48,
    71.48,
    71.48,
    71.48,
    71.48,
    71.48,
    71.48,
    71.48,
    71.48,
    71.48,
    98.36999999999999,
    98.36999999999999,
    98.36999999999999,
    98.36999999999999,
    98.36999999999999,
    98.36999999999999,
    98.36999999999999,
    98.36999999999999,
    98.36999999999999,
    98.36999999999999,
    98.36999999999999
  ],
  "v27_economic": [
    43.046114164953785,
    43.046114164953785,
    43.046114164953785,
    43.046114164953785,
    43.046114164953785,
    43.046114164953785,
    43.046114164953785,
    43.046114164953785,
    43.046114164953785,
    43.046114164953785,
    43.046114164953785,
    43.046114164953785,
    43.046114164953785,
    43.046114164953785,
    43.046114164953785,
    43.046114164953785,
    43.046114164953785,
    43.046114164953785,
    43.046114164953785,
    43.046114164953785,
    43.046114164953785,
    43.046114164953785,
    43.046114164953785,
    43.046114164953785,
    43.046114164953785,
    43.046114164953785,
    43.046114164953785,
    43.046114164953785,
    43.046114164953785,
    43.046114164953785,
    43.046114164953785
  ],
  "v26_economic": [
    56.9538858350462,
    56.9538858350462,
    56.9538858350462,
    56.9538858350462,
    56.9538858350462,
    56.9538858350462,
    56.9538858350462,
    56.9538858350462,
    56.9538858350462,
    56.9538858350462,
    56.9538858350462,
    56.9538858350462,
    56.9538858350462,
    56.9538858350462,
    56.9538858350462,
    56.9538858350462,
    56.9538858350462,
    56.9538858350462,
    56.9538858350462,
    56.9538858350462,
    56.9538858350462,
    56.9538858350462,
    56.9538858350462,
    56.9538858350462,
    56.9538858350462,
    56.9538858350462,
    56.9538858350462,
    56.9538858350462,
    56.9538858350462,
    56.9538858350462,
    56.9538858350462
  ],
  "v27_blocks": [
    0,
    1,
    4,
    6,
    12,
    15,
    18,
    21,
    21,
    27,
    28,
    30,
    31,
    32,
    33,
    36,
    38,
    41,
    45,
    45,
    45,
    45,
    45,
    45,
    45,
    45,
    45,
    45,
    45,
    45,
    45
  ],
  "v26_blocks": [
    0,
    3,
    5,
    7,
    15,
    17,
    22,
    26,
    28,
    28,
    33,
    35,
    38,
    43,
    46,
    49,
    54,
    61,
    67,
    71,
    72,
    75,
    80,
    92,
    97,
    103,
    107,
    112,
    118,
    121,
    125
  ],
  "v27_difficulty": [
    1.0,
    1.0,
    1.0,
    1.0,
    1.0,
    1.0,
    1.0,
    1.0,
    1.0,
    1.0,
    1.0,
    1.0,
    1.0,
    1.0,
    1.0,
    1.0,
    1.0,
    1.0,
    1.0,
    1.0,
    1.0,
    1.0,
    1.0,
    1.0,
    1.0,
    1.0,
    1.0,
    1.0,
    1.0,
    1.0,
    1.0
  ],
  "v26_difficulty": [
    1.0,
    1.0,
    1.0,
    1.0,
    1.0,
    1.0,
    1.0,
    1.0,
    1.0,
    1.0,
    1.0,
    1.0,
    1.0,
    1.0,
    1.0,
    1.0,
    1.0,
    1.0,
    1.0,
    1.0,
    1.0,
    1.0,
    1.0,
    1.0,
    1.0,
    1.0,
    1.0,
    1.0,
    1.0,
    1.0,
    1.0
  ],
  "v27_chainwork": [
    0.0,
    1.0,
    4.0,
    6.0,
    12.0,
    15.0,
    18.0,
    21.0,
    21.0,
    27.0,
    28.0,
    30.0,
    31.0,
    32.0,
    33.0,
    36.0,
    38.0,
    41.0,
    45.0,
    45.0,
    45.0,
    45.0,
    45.0,
    45.0,
    45.0,
    45.0,
    45.0,
    45.0,
    45.0,
    45.0,
    45.0
  ],
  "v26_chainwork": [
    0.0,
    3.0,
    5.0,
    7.0,
    15.0,
    17.0,
    22.0,
    26.0,
    28.0,
    28.0,
    33.0,
    35.0,
    38.0,
    43.0,
    46.0,
    49.0,
    54.0,
    61.0,
    67.0,
    71.0,
    72.0,
    75.0,
    80.0,
    92.0,
    97.0,
    103.0,
    107.0,
    112.0,
    118.0,
    121.0,
    125.0
  ],
  "v27_fee_rate": [
    1.0,
    1.0,
    0.031102217154456706,
    0.031102217154456706,
    0.031102217154456706,
    0.031102217154456706,
    0.031102217154456706,
    0.031102217154456706,
    0.031102217154456706,
    0.031102217154456706,
    0.031102217154456706,
    0.053367657103258914,
    0.053367657103258914,
    0.053367657103258914,
    0.053367657103258914,
    0.053367657103258914,
    0.053367657103258914,
    0.053367657103258914,
    0.053367657103258914,
    0.053367657103258914,
    0.053367657103258914,
    14.350562995066324,
    14.350562995066324,
    14.350562995066324,
    14.350562995066324,
    14.350562995066324,
    14.350562995066324,
    14.350562995066324,
    14.350562995066324,
    14.350562995066324,
    14.350562995066324
  ],
  "v26_fee_rate": [
    1.0,
    1.0,
    0.036344572732657496,
    0.036344572732657496,
    0.036344572732657496,
    0.036344572732657496,
    0.036344572732657496,
    0.036344572732657496,
    0.036344572732657496,
    0.036344572732657496,
    0.036344572732657496,
    0.026556757608095984,
    0.026556757608095984,
    0.026556757608095984,
    0.026556757608095984,
    0.026556757608095984,
    0.026556757608095984,
    0.026556757608095984,
    0.026556757608095984,
    0.026556757608095984,
    0.026556757608095984,
    0.019297316598827906,
    0.019297316598827906,
    0.019297316598827906,
    0.019297316598827906,
    0.019297316598827906,
    0.019297316598827906,
    0.019297316598827906,
    0.019297316598827906,
    0.019297316598827906,
    0.019297316598827906
  ],