{
  "timestamps": [
    0,
    60,
    121,
    181,
    242,
    302,
    363,
    423,
    483,
    544,
    604,
    665,
    725,
    785,
    846,
    906,
    966,
    1026,
    1087,
    1147,
    1208,
    1269,
    1329,
    1390,
    1451,
    1511,
    1572,
    1632,
    1693,
    1753,
    1814,
    1874,
    1934,
    1995,
    2056,
    2116,
    2177,
    2237,
    2297,
    2357,
    2418,
    2479,
    2500
  ],
  "v27_price": [
    60000,
    60000,
    62623.179130434786,
    62859.33473684211,
    62368.10666666667,
    62651.89871559634,
    62584.89323741007,
    62679.217777777776,
    62571.13528281337,
    62515.092649443715,
    62452.43547344791,
    63798.62944974687,
    63962.53506318449,
    64131.119342215556,
    64262.77709117391,
    64381.951012330705,
    64489.948687271215,
    64567.58907914655,
    64642.989756792,
    64717.24347256232,
    64783.34712673305,
    64849.695421770695,
    64908.03585254568,
    64960.35436049496,
    64981.03914848821,
    65019.6341000161,
    65067.79112119816,
    65106.884761805166,
    65134.68051116188,
    65163.42189249495,
    65189.27797683104,
    65215.78522015694,
    65239.71915031719,
    65259.186681067964,
    65280.31230941712,
    65295.6180749902,
    65311.57066231995,
    65328.03507620778,
    65342.619929065,
    65356.505408211546,
    65372.95316884814,
    65385.792243694006,
    65398.45090602251
  ],
  "v26_price": [
    60000,
    60000,
    57298.58086956522,
    57062.4252631579,
    57553.653333333335,
    57269.861284403676,
    57336.866762589925,
    57242.542222222226,
    57350.624717186634,
    57406.667350556294,
    57469.3245265521,
    56123.13055025314,
    55959.22493681551,
    55790.640657784454,
    55658.98290882609,
    55539.808987669305,
    55431.811312728794,
    55354.170920853445,
    55278.77024320801,
    55204.51652743768,
    55138.41287326695,
    55072.064578229314,
    55013.72414745432,
    54961.405639505036,
    54940.720851511796,
    54902.125899983905,
    54853.96887880184,
    54814.87523819483,
    54787.07948883813,
    54758.33810750505,
    54732.48202316897,
    54705.97477984307,
    54682.0408496828,
    54662.57331893204,
    54641.447690582885,
    54626.14192500981,
    54610.18933768004,
    54593.724923792215,
    54579.140070935,
    54565.254591788456,
    54548.80683115186,
    54535.967756305996,
    54523.3090939775
  ],
  "v27_hashrate": [
    68.78,
    68.78,
    68.78,
    68.78,
    68.78,
    68.78,
    68.78,
    68.78,
    68.78,
    68.78,
    98.36999999999999,
    98.36999999999999,
    98.36999999999999,
    98.36999999999999,
    98.36999999999999,
    98.36999999999999,
    98.36999999999999,
    98.36999999999999,
    98.36999999999999,
    98.36999999999999,
    98.36999999999999,
    98.36999999999999,
    98.36999999999999,
    98.36999999999999,
    98.36999999999999,
    98.36999999999999,
    98.36999999999999,
    98.36999999999999,
    98.36999999999999,
    98.36999999999999,
    98.36999999999999,
    98.36999999999999,
    98.36999999999999,
    98.36999999999999,
    98.36999999999999,
    98.36999999999999,
    98.36999999999999,
    98.36999999999999,
    98.36999999999999,
    98.36999999999999,
    98.36999999999999,
    98.36999999999999,
    98.36999999999999
  ],
  "v26_hashrate": [
    29.59,
    29.59,
    29.59,
    29.59,
    29.59,
    29.59,
    29.59,
    29.59,
    29.59,
    29.59,
    0.0,
    0.0,
    0.0,
    0.0,
    0.0,
    0.0,
    0.0,
    0.0,
    0.0,
    0.0,
    0.0,
    0.0,
    0.0,
    0.0,
    0.0,
    0.0,
    0.0,
    0.0,
    0.0,
    0.0,
    0.0,
    0.0,
    0.0,
    0.0,
    0.0,
    0.0,
    0.0,
    0.0,
    0.0,
    0.0,
    0.0,
    0.0,
    0.0
  ],
  "v27_economic": [
    50.0,
    50.0,
    50.0,
    50.0,
    50.0,
    50.0,
    50.0,
    50.0,
    50.0,
    50.0,
    50.0,
    50.0,
    50.0,
    50.0,
    50.0,
    50.0,
    50.0,
    50.0,
    50.0,
    50.0,
    50.0,
    50.0,
    50.0,
    50.0,
    50.0,
    50.0,
    50.0,
    50.0,
    50.0,
    50.0,
    50.0,
    50.0,
    50.0,
    50.0,
    50.0,
    50.0,
    50.0,
    50.0,
    50.0,
    50.0,
    50.0,
    50.0,
    50.0
  ],
  "v26_economic": [
    50.0,
    50.0,
    50.0,
    50.0,
    50.0,
    50.0,
    50.0,
    50.0,
    50.0,
    50.0,
    50.0,
    50.0,
    50.0,
    50.0,
    50.0,
    50.0,
    50.0,
    50.0,
    50.0,
    50.0,
    50.0,
    50.0,
    50.0,
    50.0,
    50.0,
    50.0,
    50.0,
    50.0,
    50.0,
    50.0,
    50.0,
    50.0,
    50.0,
    50.0,
    50.0,
    50.0,
    50.0,
    50.0,
    50.0,
    50.0,
    50.0,
    50.0,
    50.0
  ],
  "v27_blocks": [
    0,
    17,
    44,
    57,
    81,
    102,
    121,
    145,
    175,
    205,
    230,
    265,
    307,
    345,
    385,
    427,
    454,
    482,
    513,
    544,
    579,
    614,
    649,
    671,
    701,
    741,
    776,
    803,
    833,
    862,
    893,
    923,
    949,
    979,
    1002,
    1029,
    1059,
    1087,
    1115,
    1150,
    1179,
    1209,
    1218
  ],
  "v26_blocks": [
    0,
    6,
    13,
    24,
    28,
    37,
    41,
    53,
    63,
    74,
    85,
    85,
    85,
    85,
    85,
    85,
    85,
    85,
    85,
    85,
    85,
    85,
    85,
    86,
    86,
    86,
    86,
    86,
    86,
    86,
    86,
    86,
    86,
    86,
    86,
    86,
    86,
    86,
    86,
    86,
    86,
    86,
    86
  ],
  "v27_difficulty": [
    1.0,
    1.0,
    1.0,
    1.0,
    1.0,
    1.0,
    1.0,
    0.6889952153110048,
    0.6889952153110048,
    0.6889952153110048,
    0.6889952153110048,
    0.6889952153110048,
    0.7137792158617604,
    0.7137792158617604,
    0.7137792158617604,
    0.7137792158617604,
    0.9517056211490138,
    0.9517056211490138,
    0.9517056211490138,
    0.9517056211490138,
    0.9386685578456027,
    0.9386685578456027,
    0.9386685578456027,
    0.9386685578456027,
    0.9386685578456027,
    0.9938843553659322,
    0.9938843553659322,
    0.9938843553659322,
    0.9938843553659322,
    0.9938843553659322,
    1.0259451410228977,
    1.0259451410228977,
    1.0259451410228977,
    1.0259451410228977,
    1.0259451410228977,
    0.9380069860780779,
    0.9380069860780779,
    0.9380069860780779,
    0.9380069860780779,
    0.9380069860780779,
    0.9315379723809877,
    0.9315379723809877,
    0.9315379723809877
  ],
  "v26_difficulty": [
    1.0,
    1.0,
    1.0,
    1.0,
    1.0,
    1.0,
    1.0,
    1.0,
    1.0,
    1.0,
    1.0,
    1.0,
    1.0,
    1.0,
    1.0,
    1.0,
    1.0,
    1.0,
    1.0,
    1.0,
    1.0,
    1.0,
    1.0,
    1.0,
    1.0,
    1.0,
    1.0,
    1.0,
    1.0,
    1.0,
    1.0,
    1.0,
    1.0,
    1.0,
    1.0,
    1.0,
    1.0,
    1.0,
    1.0,
    1.0,
    1.0,
    1.0,
    1.0
  ],
  "v27_chainwork": [
    0.0,
    17.0,
    44.0,
    57.0,
    81.0,
    102.0,
    121.0,
    144.688995215311,
    165.35885167464087,
    186.02870813397075,
    203.25358851674565,
    227.3684210526305,
    256.7771161061569,
    283.9007263089028,
    312.45189494337217,
    342.430622009565,
    366.93704175415206,
    393.58479914632454,
    423.0876734019441,
    452.5905476575636,
    485.86113320786905,
    518.7145327324661,
    551.5679322570631,
    572.218640529667,
    600.378697265036,
    639.0849713267876,
    673.8709237645953,
    700.7058013594756,
    730.5223320204536,
    759.3449783260658,
    791.0851561264626,
    821.8635103571505,
    848.5380840237467,
    879.3164382544346,
    902.913176497962,
    928.7669940517399,
    956.9072036340831,
    983.1713992442701,
    1009.4355948544571,
    1042.265839367191,
    1069.2933785936332,
    1097.2395177650621,
    1105.6233595164908
  ],