{
  "blocks_mined": {
    "v27": 6,
    "v26": 779
  },
  "total_blocks": 785,
  "final_hashrate": {
    "v27": 0.0,
    "v26": 86.4
  },
  "final_economic": {
    "v27": 0.0,
    "v26": 100.0
  },
  "final_prices": {
    "v27": 48038.65771812081,
    "v26": 71308.5422818792
  }
}