{
  "config": {
    "base_price": 60000,
    "max_divergence": 0.2,
    "coefficients": {
      "chain_weight": 0.3,
      "economic_weight": 0.5,
      "hashrate_weight": 0.2
    }
  },
  "current_prices": {
    "v27": 61605.70176473549,
    "v26": 57741.49823526452
  },
  "timeline": {
    "timestamps": [
      1772765704.2135866,
      1772765765.334265,
      1772765765.3342795,
      1772765825.8841305,
      1772765825.8841412,
      1772765886.0713222,
      1772765886.0713344,
      1772765946.5245833,
      1772765946.524605,
      1772766006.9302435,
      1772766006.9302547,
      1772766067.1558027,
      1772766067.1558254,
      1772766127.8399055,
      1772766127.839922,
      1772766188.6561751,
      1772766188.6561837,
      1772766249.3063648,
      1772766249.306386,
      1772766310.1516047,
      1772766310.1516402,
      1772766370.2465627,
      1772766370.2465768,
      1772766430.455948,
      1772766430.455955,
      1772766491.0813053,
      1772766491.081335,
      1772766551.6060483,
      1772766551.6060588,
      1772766611.9277554,
      1772766611.9277766,
      1772766672.9748917,
      1772766672.9749138,
      1772766733.4774284,
      1772766733.4774601,
      1772766793.5233297,
      1772766793.5233378,
      1772766854.0655668,
      1772766854.0656013,
      1772766914.942661,
      1772766914.942701,
      1772766975.978843,
      1772766975.9788492,
      1772767036.2217197,
      1772767036.2217395,
      1772767096.4708204,
      1772767096.4708507,
      1772767157.022996,
      1772767157.0230064,
      1772767217.8623528,
      1772767217.8623924,
      1772767278.1603734,
      1772767278.1604044,
      1772767339.0884352,
      1772767339.088444,
      1772767399.77221,
      1772767399.7722192,
      1772767460.2345257,
      1772767460.234561
    ],
    "v27_prices": [
      60000,
      57694.33369979446,
      57694.33369979446,
      57933.10920999853,
      57933.10920999853,
      58124.76848240315,
      58124.76848240315,
      58168.527248181555,
      58168.527248181555,
      58201.056388870085,
      58201.056388870085,
      58262.41880617743,
      58262.41880617743,
      58274.807072575524,
      58274.807072575524,
      58194.33369979446,
      58194.33369979446,
      58201.32059935777,
      58201.32059935777,
      57855.33914726528,
      57855.33914726528,
      57790.715480370825,
      57790.715480370825,
      57735.07828618723,
      57735.07828618723,
      57737.9512604611,
      57737.9512604611,
      57686.82944639746,
      57686.82944639746,
      57673.22139330768,
      57673.22139330768,
      57618.93587497948,
      57618.93587497948,
      57589.91367567878,
      57589.91367567878,
      57567.49227431439,
      57567.49227431439,
      57537.50726201593,
      57537.50726201593,
      60284.8869997314,
      60284.8869997314,
      60481.78671286569,
      60481.78671286569,
      60629.29976859134,
      60629.29976859134,
      60828.49344553987,
      60828.49344553987,
      60978.265496761225,
      60978.265496761225,
      61135.84388391244,
      61135.84388391244,
      61245.84811753057,
      61245.84811753057,
      61376.61419094482,
      61376.61419094482,
      61490.04369801876,
      61490.04369801876,
      61605.70176473549,
      61605.70176473549
    ],
    "v26_prices": [
      60000,
      60000,
      61652.86630020555,
      61652.86630020555,
      61414.09079000146,
      61414.09079000146,
      61222.43151759684,
      61222.43151759684,
      61178.672751818456,
      61178.672751818456,
      61146.14361112991,
      61146.14361112991,
      61084.78119382258,
      61084.78119382258,
      61072.39292742448,
      61072.39292742448,
      61152.86630020555,
      61152.86630020555,
      61145.87940064221,
      61145.87940064221,
      61491.860852734724,
      61491.860852734724,
      61556.48451962918,
      61556.48451962918,
      61612.12171381277,
      61612.12171381277,
      61609.2487395389,
      61609.2487395389,
      61660.37055360254,
      61660.37055360254,
      61673.97860669233,
      61673.97860669233,
      61728.264125020534,
      61728.264125020534,
      61757.28632432123,
      61757.28632432123,
      61779.707725685614,
      61779.707725685614,
      61809.69273798406,
      61809.69273798406,
      59062.3130002686,
      59062.3130002686,
      58865.41328713432,
      58865.41328713432,
      58717.90023140867,
      58717.90023140867,
      58518.70655446013,
      58518.70655446013,
      58368.93450323878,
      58368.93450323878,
      58211.35611608756,
      58211.35611608756,
      58101.35188246944,
      58101.35188246944,
      57970.58580905519,
      57970.58580905519,
      57857.15630198123,
      57857.15630198123,
      57741.49823526452
    ]
  },
  "history": [
    {
      "timestamp": 1772765704.2135866,
      "chain_id": "v27",
      "price": 60000,
      "metadata": {
        "initial": true
      }
    },
    {
      "timestamp": 1772765704.2135866,
      "chain_id": "v26",
      "price": 60000,
      "metadata": {
        "initial": true
      }
    },
    {
      "timestamp": 1772765765.334265,
      "chain_id": "v27",
      "price": 57694.33369979446,
      "metadata": {
        "fork_sustained": true,
        "fork_depth": 24
      }
    },
    {
      "timestamp": 1772765765.3342795,
      "chain_id": "v26",
      "price": 61652.86630020555,
      "metadata": {
        "fork_sustained": true,
        "fork_depth": 24
      }
    },
    {
      "timestamp": 1772765825.8841305,
      "chain_id": "v27",
      "price": 57933.10920999853,
      "metadata": {
        "fork_sustained": true,
        "fork_depth": 49
      }
    },
    {
      "timestamp": 1772765825.8841412,
      "chain_id": "v26",
      "price": 61414.09079000146,
      "metadata": {
        "fork_sustained": true,
        "fork_depth": 49
      }
    },
    {
      "timestamp": 1772765886.0713222,
      "chain_id": "v27",
      "price": 58124.76848240315,
      "metadata": {
        "fork_sustained": true,
        "fork_depth": 69
      }
    },
    {
      "timestamp": 1772765886.0713344,
      "chain_id": "v26",
      "price": 61222.43151759684,
      "metadata": {
        "fork_sustained": true,
        "fork_depth": 69
      }
    },
    {
      "timestamp": 1772765946.5245833,
      "chain_id": "v27",
      "price": 58168.527248181555,
      "metadata": {
        "fork_sustained": true,
        "fork_depth": 93
      }
    },
    {
      "timestamp": 1772765946.524605,
      "chain_id": "v26",
      "price": 61178.672751818456,
      "metadata": {
        "fork_sustained": true,
        "fork_depth": 93
      }
    },
    {
      "timestamp": 1772766006.9302435,
      "chain_id": "v27",
      "price": 58201.056388870085,
      "metadata": {
        "fork_sustained": true,
        "fork_depth": 119
      }
    },
    {
      "timestamp": 1772766006.9302547,
      "chain_id": "v26",
      "price": 61146.14361112991,
      "metadata": {
        "fork_sustained": true,
        "fork_depth": 119
      }
    },
    {
      "timestamp": 1772766067.1558027,
      "chain_id": "v27",
      "price": 58262.41880617743,
      "metadata": {
        "fork_sustained": true,
        "fork_depth": 141
      }
    },
    {
      "timestamp": 1772766067.1558254,
      "chain_id": "v26",
      "price": 61084.78119382258,
      "metadata": {
        "fork_sustained": true,
        "fork_depth": 141
      }
    },
    {
      "timestamp": 1772766127.8399055,
      "chain_id": "v27",
      "price": 58274.807072575524,
      "metadata": {
        "fork_sustained": true,
        "fork_depth": 169
      }
    },
    {
      "timestamp": 1772766127.839922,
      "chain_id": "v26",
      "price": 61072.39292742448,
      "metadata": {
        "fork_sustained": true,
        "fork_depth": 169
      }
    },
    {
      "timestamp": 1772766188.6561751,
      "chain_id": "v27",
      "price": 58194.33369979446,