{
  "blocks_mined": {
    "v27": 721,
    "v26": 453
  },
  "total_blocks": 1174,
  "final_hashrate": {
    "v27": 86.4,
    "v26": 0.0
  },
  "final_economic": {
    "v27": 43.046114164953785,
    "v26": 56.9538858350462
  },
  "final_prices": {
    "v27": 61605.70176473549,
    "v26": 57741.49823526452
  }
}