{
  "blocks_mined": {
    "v27": 173,
    "v26": 133
  },
  "total_blocks": 306,
  "final_hashrate": {
    "v27": 58.599999999999994,
    "v26": 27.799999999999997
  },
  "final_economic": {
    "v27": 50.12210820410434,
    "v26": 49.87789179589566
  },
  "final_prices": {
    "v27": 61081.998439037976,
    "v26": 58265.20156096203
  }
}