{
  "blocks_mined": {
    "v27": 289,
    "v26": 11
  },
  "total_blocks": 300,
  "final_hashrate": {
    "v27": 86.4,
    "v26": 0.0
  },
  "final_economic": {
    "v27": 100.0,
    "v26": 0.0
  },
  "final_prices": {
    "v27": 71135.43529411765,
    "v26": 48211.76470588236
  }
}