{
  "blocks_mined": {
    "v27": 7,
    "v26": 811
  },
  "total_blocks": 818,
  "final_hashrate": {
    "v27": 0.0,
    "v26": 86.4
  },
  "final_economic": {
    "v27": 0.0,
    "v26": 100.0
  },
  "final_prices": {
    "v27": 48047.3061760841,
    "v26": 71299.8938239159
  }
}