{
  "blocks_mined": {
    "v27": 45,
    "v26": 1808
  },
  "total_blocks": 1853,
  "final_hashrate": {
    "v27": 0.0,
    "v26": 86.4
  },
  "final_economic": {
    "v27": 0.0,
    "v26": 100.0
  },
  "final_prices": {
    "v27": 48866.48392248066,
    "v26": 70480.71607751935
  }
}