{
  "blocks_mined": {
    "v27": 162,
    "v26": 5066
  },
  "total_blocks": 5228,
  "final_hashrate": {
    "v27": 0.0,
    "v26": 86.4
  },
  "final_economic": {
    "v27": 56.73664319629601,
    "v26": 43.26335680370397
  },
  "final_prices": {
    "v27": 55098.18820137876,
    "v26": 64249.01179862124
  }
}