{
  "blocks_mined": {
    "v27": 414,
    "v26": 796
  },
  "total_blocks": 1210,
  "final_hashrate": {
    "v27": 0.0,
    "v26": 86.4
  },
  "final_economic": {
    "v27": 62.14929353977099,
    "v26": 37.850706460229006
  },
  "final_prices": {
    "v27": 57942.03647044447,
    "v26": 61405.16352955554
  }
}