{
  "blocks_mined": {
    "v27": 190,
    "v26": 16
  },
  "total_blocks": 206,
  "final_hashrate": {
    "v27": 86.4,
    "v26": 0.0
  },
  "final_economic": {
    "v27": 100.0,
    "v26": 0.0
  },
  "final_prices": {
    "v27": 70769.42222222223,
    "v26": 48577.77777777778
  }
}