{
  "blocks_mined": {
    "v27": 257,
    "v26": 60
  },
  "total_blocks": 317,
  "final_hashrate": {
    "v27": 86.4,
    "v26": 0.0
  },
  "final_economic": {
    "v27": 100.0,
    "v26": 0.0
  },
  "final_prices": {
    "v27": 69867.0606271777,
    "v26": 49480.139372822305
  }
}