{
  "blocks_mined": {
    "v27": 1127,
    "v26": 159
  },
  "total_blocks": 1286,
  "final_hashrate": {
    "v27": 86.4,
    "v26": 0.0
  },
  "final_economic": {
    "v27": 100.0,
    "v26": 0.0
  },
  "final_prices": {
    "v27": 70434.19839486358,
    "v26": 48913.00160513644
  }
}