{
  "blocks_mined": {
    "v27": 10,
    "v26": 258
  },
  "total_blocks": 268,
  "final_hashrate": {
    "v27": 0.0,
    "v26": 86.4
  },
  "final_economic": {
    "v27": 0.0,
    "v26": 100.0
  },
  "final_prices": {
    "v27": 48317.180616740094,
    "v26": 71030.01938325992
  }
}