{
  "blocks_mined": {
    "v27": 15,
    "v26": 376
  },
  "total_blocks": 391,
  "final_hashrate": {
    "v27": 0.0,
    "v26": 86.4
  },
  "final_economic": {
    "v27": 0.0,
    "v26": 100.0
  },
  "final_prices": {
    "v27": 48188.37209302326,
    "v26": 71158.82790697674
  }
}