{
  "config": {
    "base_price": 60000,
    "max_divergence": 0.2,
    "coefficients": {
      "chain_weight": 0.3,
      "economic_weight": 0.5,
      "hashrate_weight": 0.2
    }
  },
  "current_prices": {
    "v27": 52716.18121276148,
    "v26": 66631.01878723851
  },
  "timeline": {
    "timestamps": [
      1772552651.3948162,
      1772552712.9173396,
      1772552712.917351,
      1772552773.9001265,
      1772552773.9001324,
      1772552834.2980857,
      1772552834.298093,
      1772552894.4254167,
      1772552894.4254246,
      1772552954.9853144,
      1772552954.98532,
      1772553015.4659793,
      1772553015.4659889,
      1772553076.1097157,
      1772553076.1097229,
      1772553136.704931,
      1772553136.7049394,
      1772553197.3689919,
      1772553197.3690004,
      1772553258.0861962,
      1772553258.0862036,
      1772553319.0652423,
      1772553319.0652657,
      1772553380.0781012,
      1772553380.0781066,
      1772553441.018353,
      1772553441.0183587,
      1772553501.5102656,
      1772553501.510273,
      1772553562.0099745,
      1772553562.0099819,
      1772553622.5054786,
      1772553622.5054872,
      1772553682.984558,
      1772553682.9845662,
      1772553743.6290002,
      1772553743.6290076,
      1772553804.2500944,
      1772553804.2500994,
      1772553865.0643075,
      1772553865.064314,
      1772553925.807733,
      1772553925.807738,
      1772553986.3549378,
      1772553986.3549435,
      1772554046.7388551,
      1772554046.7388606,
      1772554107.4207678,
      1772554107.420775,
      1772554168.1153295,
      1772554168.115337,
      1772554228.6504414,
      1772554228.6504512,
      1772554289.2104135,
      1772554289.2104187,
      1772554349.7254274,
      1772554349.7254343,
      1772554409.742586,
      1772554409.742596
    ],
    "v27_prices": [
      60000,
      56138.01591735919,
      56138.01591735919,
      56462.01591735919,
      56462.01591735919,
      56626.58734593062,
      56626.58734593062,
      56621.17381209603,
      56621.17381209603,
      56651.23905785506,
      56651.23905785506,
      56710.74319008646,
      56710.74319008646,
      56725.87718903549,
      56725.87718903549,
      56610.29314508196,
      56610.29314508196,
      56699.55437889765,
      56699.55437889765,
      54861.725569868846,
      54861.725569868846,
      54558.05071260494,
      54558.05071260494,
      54303.02844402932,
      54303.02844402932,
      54109.204903165075,
      54109.204903165075,
      53950.01413177787,
      53950.01413177787,
      53809.88314875307,
      53809.88314875307,
      53681.2476428028,
      53681.2476428028,
      53574.572517777335,
      53574.572517777335,
      53448.96224552972,
      53448.96224552972,
      53349.42900652035,
      53349.42900652035,
      53251.385369822296,
      53251.385369822296,
      53155.56510497528,
      53155.56510497528,
      53089.57667662564,
      53089.57667662564,
      53042.138020519975,
      53042.138020519975,
      52972.247623091906,
      52972.247623091906,
      52899.47641574978,
      52899.47641574978,
      52847.64936092152,
      52847.64936092152,
      52800.293082545046,
      52800.293082545046,
      52759.5060777196,
      52759.5060777196,
      52716.18121276148,
      52716.18121276148
    ],
    "v26_prices": [
      60000,
      60000,
      63209.18408264081,
      63209.18408264081,
      62885.18408264082,
      62885.18408264082,
      62720.61265406939,
      62720.61265406939,
      62726.02618790398,
      62726.02618790398,
      62695.96094214494,
      62695.96094214494,
      62636.45680991355,
      62636.45680991355,
      62621.322810964506,
      62621.322810964506,
      62736.90685491803,
      62736.90685491803,
      62647.64562110236,
      62647.64562110236,
      64485.47443013116,
      64485.47443013116,
      64789.149287395056,
      64789.149287395056,
      65044.171555970686,
      65044.171555970686,
      65237.99509683492,
      65237.99509683492,
      65397.185868222135,
      65397.185868222135,
      65537.31685124693,
      65537.31685124693,
      65665.95235719721,
      65665.95235719721,
      65772.62748222267,
      65772.62748222267,
      65898.23775447029,
      65898.23775447029,
      65997.77099347964,
      65997.77099347964,
      66095.8146301777,
      66095.8146301777,
      66191.63489502473,
      66191.63489502473,
      66257.62332337437,
      66257.62332337437,
      66305.06197948003,
      66305.06197948003,
      66374.9523769081,
      66374.9523769081,
      66447.72358425023,
      66447.72358425023,
      66499.55063907849,
      66499.55063907849,
      66546.90691745497,
      66546.90691745497,
      66587.6939222804,
      66587.6939222804,
      66631.01878723851
    ]
  },
  "history": [
    {
      "timestamp": 1772552651.3948162,
      "chain_id": "v27",
      "price": 60000,
      "metadata": {
        "initial": true
      }
    },
    {
      "timestamp": 1772552651.3948162,
      "chain_id": "v26",
      "price": 60000,
      "metadata": {
        "initial": true
      }
    },
    {
      "timestamp": 1772552712.9173396,
      "chain_id": "v27",
      "price": 56138.01591735919,
      "metadata": {
        "fork_sustained": true,
        "fork_depth": 24
      }
    },
    {
      "timestamp": 1772552712.917351,
      "chain_id": "v26",
      "price": 63209.18408264081,
      "metadata": {
        "fork_sustained": true,
        "fork_depth": 24
      }
    },
    {
      "timestamp": 1772552773.9001265,
      "chain_id": "v27",
      "price": 56462.01591735919,
      "metadata": {
        "fork_sustained": true,
        "fork_depth": 50
      }
    },
    {
      "timestamp": 1772552773.9001324,
      "chain_id": "v26",
      "price": 62885.18408264082,
      "metadata": {
        "fork_sustained": true,
        "fork_depth": 50
      }
    },
    {
      "timestamp": 1772552834.2980857,
      "chain_id": "v27",
      "price": 56626.58734593062,
      "metadata": {
        "fork_sustained": true,
        "fork_depth": 70
      }
    },
    {
      "timestamp": 1772552834.298093,
      "chain_id": "v26",
      "price": 62720.61265406939,
      "metadata": {
        "fork_sustained": true,
        "fork_depth": 70
      }
    },
    {
      "timestamp": 1772552894.4254167,
      "chain_id": "v27",
      "price": 56621.17381209603,
      "metadata": {
        "fork_sustained": true,
        "fork_depth": 95
      }
    },
    {
      "timestamp": 1772552894.4254246,
      "chain_id": "v26",
      "price": 62726.02618790398,
      "metadata": {
        "fork_sustained": true,
        "fork_depth": 95
      }
    },
    {
      "timestamp": 1772552954.9853144,
      "chain_id": "v27",
      "price": 56651.23905785506,
      "metadata": {
        "fork_sustained": true,
        "fork_depth": 121
      }
    },
    {
      "timestamp": 1772552954.98532,
      "chain_id": "v26",
      "price": 62695.96094214494,
      "metadata": {
        "fork_sustained": true,
        "fork_depth": 121
      }
    },
    {
      "timestamp": 1772553015.4659793,
      "chain_id": "v27",
      "price": 56710.74319008646,
      "metadata": {
        "fork_sustained": true,
        "fork_depth": 143
      }
    },
    {
      "timestamp": 1772553015.4659889,
      "chain_id": "v26",
      "price": 62636.45680991355,
      "metadata": {
        "fork_sustained": true,
        "fork_depth": 143
      }
    },
    {
      "timestamp": 1772553076.1097157,
      "chain_id": "v27",
      "price": 56725.87718903549,
      "metadata": {
        "fork_sustained": true,
        "fork_depth": 173
      }
    },
    {
      "timestamp": 1772553076.1097229,
      "chain_id": "v26",
      "price": 62621.322810964506,
      "metadata": {
        "fork_sustained": true,
        "fork_depth": 173
      }
    },
    {
      "timestamp": 1772553136.704931,
      "chain_id": "v27",
      "price": 56610.29314508196,