{
  "blocks_mined": {
    "v27": 891,
    "v26": 17
  },
  "total_blocks": 908,
  "final_hashrate": {
    "v27": 86.4,
    "v26": 0.0
  },
  "final_economic": {
    "v27": 100.0,
    "v26": 0.0
  },
  "final_prices": {
    "v27": 71239.98350515464,
    "v26": 48107.216494845365
  }
}