{
  "config": {
    "base_price": 60000,
    "max_divergence": 0.2,
    "coefficients": {
      "chain_weight": 0.3,
      "economic_weight": 0.5,
      "hashrate_weight": 0.2
    }
  },
  "current_prices": {
    "v27": 67474.68682242814,
    "v26": 52447.073177571874
  },
  "timeline": {
    "timestamps": [
      1771332690.2686024,
      1771332751.2070615,
      1771332751.207113,
      1771332811.3246973,
      1771332811.3247414,
      1771332871.4012005,
      1771332871.4012256,
      1771332932.2487466,
      1771332932.2487702,
      1771332992.5333846,
      1771332992.5334334,
      1771333053.0701458,
      1771333053.0701783,
      1771333113.6482556,
      1771333113.6482644,
      1771333174.246146,
      1771333174.2461529,
      1771333234.663703,
      1771333234.6637452,
      1771333295.333222,
      1771333295.333228,
      1771333355.4482036,
      1771333355.4482164,
      1771333415.6609523,
      1771333415.6609619,
      1771333476.2844982,
      1771333476.2845194,
      1771333536.643278,
      1771333536.6433003
    ],
    "v27_prices": [
      60000,
      66811.58564595754,
      66811.58564595754,
      67131.58564595753,
      67131.58564595753,
      66474.74354069438,
      66474.74354069438,
      66583.01421738611,
      66583.01421738611,
      66780.81641518832,
      66780.81641518832,
      66486.58564595754,
      66486.58564595754,
      66531.58564595754,
      66531.58564595754,
      66539.24522042563,
      66539.24522042563,
      66503.89333826523,
      66503.89333826523,
      67178.8885031004,
      67178.8885031004,
      67293.17421738611,
      67293.17421738611,
      67335.44427609452,
      67335.44427609452,
      67421.74564595753,
      67421.74564595753,
      67474.68682242814,
      67474.68682242814
    ],
    "v26_prices": [
      60000,
      60000,
      53110.17435404246,
      53110.17435404246,
      52790.17435404246,
      52790.17435404246,
      53447.01645930561,
      53447.01645930561,
      53338.745782613885,
      53338.745782613885,
      53140.94358481169,
      53140.94358481169,
      53435.17435404246,
      53435.17435404246,
      53390.17435404246,
      53390.17435404246,
      53382.51477957437,
      53382.51477957437,
      53417.86666173477,
      53417.86666173477,
      52742.8714968996,
      52742.8714968996,
      52628.58578261389,
      52628.58578261389,
      52586.31572390547,
      52586.31572390547,
      52500.01435404246,
      52500.01435404246,
      52447.073177571874
    ]
  },
  "history": [
    {
      "timestamp": 1771332690.2686024,
      "chain_id": "v27",
      "price": 60000,
      "metadata": {
        "initial": true
      }
    },
    {
      "timestamp": 1771332690.2686024,
      "chain_id": "v26",
      "price": 60000,
      "metadata": {
        "initial": true
      }
    },
    {
      "timestamp": 1771332751.2070615,
      "chain_id": "v27",
      "price": 66811.58564595754,
      "metadata": {
        "fork_sustained": true,
        "fork_depth": 9
      }
    },
    {
      "timestamp": 1771332751.207113,
      "chain_id": "v26",
      "price": 53110.17435404246,
      "metadata": {
        "fork_sustained": true,
        "fork_depth": 9
      }
    },
    {
      "timestamp": 1771332811.3246973,
      "chain_id": "v27",
      "price": 67131.58564595753,
      "metadata": {
        "fork_sustained": true,
        "fork_depth": 15
      }
    },
    {
      "timestamp": 1771332811.3247414,
      "chain_id": "v26",
      "price": 52790.17435404246,
      "metadata": {
        "fork_sustained": true,
        "fork_depth": 15
      }
    },
    {
      "timestamp": 1771332871.4012005,
      "chain_id": "v27",
      "price": 66474.74354069438,
      "metadata": {
        "fork_sustained": true,
        "fork_depth": 19
      }
    },
    {
      "timestamp": 1771332871.4012256,
      "chain_id": "v26",
      "price": 53447.01645930561,
      "metadata": {
        "fork_sustained": true,
        "fork_depth": 19
      }
    },
    {
      "timestamp": 1771332932.2487466,
      "chain_id": "v27",
      "price": 66583.01421738611,
      "metadata": {
        "fork_sustained": true,
        "fork_depth": 21
      }
    },
    {
      "timestamp": 1771332932.2487702,
      "chain_id": "v26",
      "price": 53338.745782613885,
      "metadata": {
        "fork_sustained": true,
        "fork_depth": 21
      }
    },
    {
      "timestamp": 1771332992.5333846,
      "chain_id": "v27",
      "price": 66780.81641518832,
      "metadata": {
        "fork_sustained": true,
        "fork_depth": 26
      }
    },
    {
      "timestamp": 1771332992.5334334,
      "chain_id": "v26",
      "price": 53140.94358481169,
      "metadata": {
        "fork_sustained": true,
        "fork_depth": 26
      }
    },
    {
      "timestamp": 1771333053.0701458,
      "chain_id": "v27",
      "price": 66486.58564595754,
      "metadata": {
        "fork_sustained": true,
        "fork_depth": 32
      }
    },
    {
      "timestamp": 1771333053.0701783,
      "chain_id": "v26",
      "price": 53435.17435404246,
      "metadata": {
        "fork_sustained": true,
        "fork_depth": 32
      }
    },
    {
      "timestamp": 1771333113.6482556,
      "chain_id": "v27",
      "price": 66531.58564595754,
      "metadata": {
        "fork_sustained": true,
        "fork_depth": 40
      }
    },
    {
      "timestamp": 1771333113.6482644,
      "chain_id": "v26",
      "price": 53390.17435404246,
      "metadata": {
        "fork_sustained": true,
        "fork_depth": 40
      }
    },
    {
      "timestamp": 1771333174.246146,
      "chain_id": "v27",
      "price": 66539.24522042563,
      "metadata": {
        "fork_sustained": true,
        "fork_depth": 47
      }
    },
    {
      "timestamp": 1771333174.2461529,
      "chain_id": "v26",
      "price": 53382.51477957437,
      "metadata": {
        "fork_sustained": true,
        "fork_depth": 47
      }
    },
    {
      "timestamp": 1771333234.663703,
      "chain_id": "v27",
      "price": 66503.89333826523,
      "metadata": {
        "fork_sustained": true,
        "fork_depth": 52
      }
    },
    {
      "timestamp": 1771333234.6637452,
      "chain_id": "v26",
      "price": 53417.86666173477,
      "metadata": {
        "fork_sustained": true,
        "fork_depth": 52
      }
    },
    {
      "timestamp": 1771333295.333222,
      "chain_id": "v27",
      "price": 67178.8885031004,
      "metadata": {
        "fork_sustained": true,
        "fork_depth": 63
      }
    },
    {
      "timestamp": 1771333295.333228,
      "chain_id": "v26",
      "price": 52742.8714968996,
      "metadata": {
        "fork_sustained": true,
        "fork_depth": 63
      }
    },
    {
      "timestamp": 1771333355.4482036,
      "chain_id": "v27",
      "price": 67293.17421738611,
      "metadata": {
        "fork_sustained": true,
        "fork_depth": 70
      }
    },
    {
      "timestamp": 1771333355.4482164,
      "chain_id": "v26",
      "price": 52628.58578261389,
      "metadata": {
        "fork_sustained": true,
        "fork_depth": 70
      }
    },
    {
      "timestamp": 1771333415.6609523,
      "chain_id": "v27",
      "price": 67335.44427609452,
      "metadata": {
        "fork_sustained": true,
        "fork_depth": 73
      }
    },
    {
      "timestamp": 1771333415.6609619,
      "chain_id": "v26",
      "price": 52586.31572390547,
      "metadata": {
        "fork_sustained": true,
        "fork_depth": 73
      }
    },
    {
      "timestamp": 1771333476.2844982,
      "chain_id": "v27",
      "price": 67421.74564595753,
      "metadata": {
        "fork_sustained": true,
        "fork_depth": 80
      }
    },
    {
      "timestamp": 1771333476.2845194,
      "chain_id": "v26",
      "price": 52500.01435404246,
      "metadata": {
        "fork_sustained": true,
        "fork_depth": 80
      }
    },
    {
      "timestamp": 1771333536.643278,