{
  "blocks_mined": {
    "v27": 1815,
    "v26": 1323
  },
  "total_blocks": 3138,
  "final_hashrate": {
    "v27": 50.5,
    "v26": 35.9
  },
  "final_economic": {
    "v27": 56.737060138721,
    "v26": 43.262939861279
  },
  "final_prices": {
    "v27": 61410.625523695126,
    "v26": 57936.57447630488
  }
}