{
  "timestamps": [
    0,
    60,
    121,
    181,
    241,
    301,
    362,
    422,
    483,
    544,
    605,
    665,
    726,
    786,
    847,
    908,
    968,
    1029,
    1090,
    1150,
    1211,
    1272,
    1332,
    1393,
    1453,
    1514,
    1574,
    1635,
    1696,
    1756,
    1800
  ],
  "v27_price": [
    60000,
    60000,
    59066.44698332587,
    59239.78031665919,
    59283.29680017568,
    59230.54954742842,
    59170.641243811515,
    59220.83294823815,
    59193.626470505355,
    59167.16229090812,
    59083.553901564854,
    57937.31260334861,
    57655.44149312978,
    57548.03345786957,
    57411.01095495707,
    57367.52494720106,
    57240.47784474908,
    57173.74495185233,
    57048.1003166592,
    57016.57161121829,
    57011.07174523062,
    53639.026418354115,
    53366.22160698178,
    53079.533599101946,
    52932.42126340476,
    52716.19468723911,
    52475.69118914242,
    52274.90647050535,
    52121.70308550963,
    51969.631745230625,
    51837.193803425595
  ],
  "v26_price": [
    60000,
    60000,
    60855.31301667415,
    60681.97968334081,
    60638.463199824335,
    60691.21045257158,
    60751.1187561885,
    60700.927051761864,
    60728.13352949466,
    60754.59770909188,
    60838.206098435156,
    61984.44739665139,
    62266.31850687023,
    62373.72654213044,
    62510.74904504294,
    62554.23505279894,
    62681.28215525093,
    62748.01504814768,
    62873.65968334082,
    62905.18838878172,
    62910.68825476939,
    66282.7335816459,
    66555.53839301824,
    66842.22640089806,
    66989.33873659525,
    67205.5653127609,
    67446.06881085759,
    67646.85352949465,
    67800.05691449039,
    67952.12825476938,
    68084.56619657441
  ],
  "v27_hashrate": [
    91.63999999999999,
    91.63999999999999,
    91.63999999999999,
    91.63999999999999,
    91.63999999999999,
    91.63999999999999,
    91.63999999999999,
    91.63999999999999,
    91.63999999999999,
    91.63999999999999,
    68.78,
    68.78,
    68.78,
    68.78,
    68.78,
    68.78,
    68.78,
    68.78,
    68.78,
    68.78,
    0.0,
    0.0,
    0.0,
    0.0,
    0.0,
    0.0,
    0.0,
    0.0,
    0.0,
    0.0,
    0.0
  ],
  "v26_hashrate": [
    6.7299999999999995,
    6.7299999999999995,
    6.7299999999999995,
    6.7299999999999995,
    6.7299999999999995,
    6.7299999999999995,
    6.7299999999999995,
    6.7299999999999995,
    6.7299999999999995,
    6.7299999999999995,
    29.59,
    29.59,
    29.59,
    29.59,
    29.59,
    29.59,
    29.59,
    29.59,
    29.59,
    29.59,
    98.36999999999999,
    98.36999999999999,
    98.36999999999999,
    98.36999999999999,
    98.36999999999999,
    98.36999999999999,
    98.36999999999999,
    98.36999999999999,
    98.36999999999999,
    98.36999999999999,
    98.36999999999999
  ],
  "v27_economic": [
    0.008835972159936437,
    0.008835972159936437,
    0.008835972159936437,
    0.008835972159936437,
    0.008835972159936437,
    0.008835972159936437,
    0.008835972159936437,
    0.008835972159936437,
    0.008835972159936437,
    0.008835972159936437,
    0.008835972159936437,
    0.008835972159936437,
    0.008835972159936437,
    0.008835972159936437,
    0.008835972159936437,
    0.008835972159936437,
    0.008835972159936437,
    0.008835972159936437,
    0.008835972159936437,
    0.008835972159936437,
    0.008835972159936437,
    0.008835972159936437,
    0.008835972159936437,
    0.008835972159936437,
    0.008835972159936437,
    0.008835972159936437,
    0.008835972159936437,
    0.008835972159936437,
    0.008835972159936437,
    0.008835972159936437,
    0.008835972159936437
  ],
  "v26_economic": [
    99.99116402784006,
    99.99116402784006,
    99.99116402784006,
    99.99116402784006,
    99.99116402784006,
    99.99116402784006,
    99.99116402784006,
    99.99116402784006,
    99.99116402784006,
    99.99116402784006,
    99.99116402784006,
    99.99116402784006,
    99.99116402784006,
    99.99116402784006,
    99.99116402784006,
    99.99116402784006,
    99.99116402784006,
    99.99116402784006,
    99.99116402784006,
    99.99116402784006,
    99.99116402784006,
    99.99116402784006,
    99.99116402784006,
    99.99116402784006,
    99.99116402784006,
    99.99116402784006,
    99.99116402784006,
    99.99116402784006,
    99.99116402784006,
    99.99116402784006,
    99.99116402784006
  ],
  "v27_blocks": [
    0,
    25,
    57,
    87,
    111,
    142,
    162,
    184,
    219,
    246,
    270,
    285,
    301,
    319,
    342,
    367,
    380,
    399,
    423,
    444,
    462,
    462,
    462,
    463,
    463,
    463,
    463,
    463,
    463,
    463,
    463
  ],
  "v26_blocks": [
    0,
    2,
    3,
    4,
    6,
    9,
    9,
    11,
    14,
    19,
    23,
    38,
    46,
    57,
    64,
    78,
    86,
    101,
    110,
    116,
    128,
    158,
    193,
    213,
    244,
    282,
    317,
    346,
    377,
    406,
    428
  ],
  "v27_difficulty": [
    1.0,
    1.0,
    1.0,
    1.0,
    1.0,
    1.0,
    1.0,
    1.0,
    1.0,
    1.0,
    1.0,
    1.0,
    1.0,
    1.0,
    1.0,
    1.0,
    1.0,
    1.0,
    1.0,
    1.0,
    1.0,
    1.0,
    1.0,
    1.0,
    1.0,
    1.0,
    1.0,
    1.0,
    1.0,
    1.0,
    1.0
  ],
  "v26_difficulty": [
    1.0,
    1.0,
    1.0,
    1.0,
    1.0,
    1.0,
    1.0,
    1.0,
    1.0,
    1.0,
    1.0,
    1.0,
    1.0,
    1.0,
    1.0,
    1.0,
    1.0,
    1.0,
    1.0,
    1.0,
    1.0,
    1.0,
    1.0,
    1.0,
    1.0,
    1.0,
    1.0,
    1.0,
    1.0,
    1.0,
    1.0
  ],
  "v27_chainwork": [
    0.0,
    25.0,
    57.0,
    87.0,
    111.0,
    142.0,
    162.0,
    184.0,
    219.0,
    246.0,
    270.0,
    285.0,
    301.0,
    319.0,
    342.0,
    367.0,
    380.0,
    399.0,
    423.0,
    444.0,
    462.0,
    462.0,
    462.0,
    463.0,
    463.0,
    463.0,
    463.0,
    463.0,
    463.0,
    463.0,
    463.0
  ],
  "v26_chainwork": [
    0.0,
    2.0,
    3.0,
    4.0,
    6.0,
    9.0,
    9.0,
    11.0,
    14.0,
    19.0,
    23.0,
    38.0,
    46.0,
    57.0,
    64.0,
    78.0,
    86.0,
    101.0,
    110.0,
    116.0,
    128.0,
    158.0,
    193.0,
    213.0,
    244.0,
    282.0,
    317.0,
    346.0,
    377.0,
    406.0,
    428.0
  ],
  "v27_fee_rate": [
    1.0,
    1.0,
    2.2953056406958635e-07,
    2.2953056406958635e-07,
    2.2953056406958635e-07,
    2.2953056406958635e-07,
    2.2953056406958635e-07,
    2.2953056406958635e-07,
    2.2953056406958635e-07,
    2.2953056406958635e-07,
    2.2953056406958635e-07,
    3.058182740816646e-07,
    3.058182740816646e-07,
    3.058182740816646e-07,
    3.058182740816646e-07,
    3.058182740816646e-07,
    3.058182740816646e-07,
    3.058182740816646e-07,
    3.058182740816646e-07,
    3.058182740816646e-07,
    3.058182740816646e-07,
    0.0002103418089133689,
    0.0002103418089133689,
    0.0002103418089133689,
    0.0002103418089133689,
    0.0002103418089133689,
    0.0002103418089133689,
    0.0002103418089133689,
    0.0002103418089133689,
    0.0002103418089133689,
    0.0002103418089133689
  ],
  "v26_fee_rate": [
    1.0,
    1.0,
    0.09905581463384476,
    0.09905581463384476,
    0.09905581463384476,
    0.09905581463384476,
    0.09905581463384476,
    0.09905581463384476,
    0.09905581463384476,
    0.09905581463384476,
    0.09905581463384476,
    0.022529423199924813,
    0.022529423199924813,
    0.022529423199924813,
    0.022529423199924813,
    0.022529423199924813,
    0.022529423199924813,
    0.022529423199924813,
    0.022529423199924813,
    0.022529423199924813,
    0.022529423199924813,
    0.006776920122860377,
    0.006776920122860377,
    0.006776920122860377,
    0.006776920122860377,
    0.006776920122860377,
    0.006776920122860377,
    0.006776920122860377,
    0.006776920122860377,
    0.006776920122860377,
    0.006776920122860377
  ],