{
  "blocks_mined": {
    "v27": 3137,
    "v26": 1510
  },
  "total_blocks": 4647,
  "final_hashrate": {
    "v27": 86.4,
    "v26": 0.0
  },
  "final_economic": {
    "v27": 56.737060138721,
    "v26": 43.262939861279
  },
  "final_prices": {
    "v27": 63366.14182039064,
    "v26": 55981.05817960936
  }
}