{
  "blocks_mined": {
    "v27": 1091,
    "v26": 752
  },
  "total_blocks": 1843,
  "final_hashrate": {
    "v27": 50.5,
    "v26": 35.9
  },
  "final_economic": {
    "v27": 56.737060138721,
    "v26": 43.262939861279
  },
  "final_prices": {
    "v27": 61515.03428132314,
    "v26": 57832.16571867686
  }
}