{
  "blocks_mined": {
    "v27": 47,
    "v26": 147
  },
  "total_blocks": 194,
  "final_hashrate": {
    "v27": 30.0,
    "v26": 56.39999999999999
  },
  "final_economic": {
    "v27": 62.14929353977099,
    "v26": 37.850706460229006
  },
  "final_prices": {
    "v27": 58349.0780154702,
    "v26": 60998.121984529804
  }
}