{
  "blocks_mined": {
    "v27": 5,
    "v26": 626
  },
  "total_blocks": 631,
  "final_hashrate": {
    "v27": 0.0,
    "v26": 86.4
  },
  "final_economic": {
    "v27": 0.0,
    "v26": 100.0
  },
  "final_prices": {
    "v27": 48061.016949152545,
    "v26": 71286.18305084747
  }
}