{
  "blocks_mined": {
    "v27": 708,
    "v26": 45
  },
  "total_blocks": 753,
  "final_hashrate": {
    "v27": 86.4,
    "v26": 0.0
  },
  "final_economic": {
    "v27": 100.0,
    "v26": 0.0
  },
  "final_prices": {
    "v27": 70895.31715481172,
    "v26": 48451.88284518829
  }
}