{
  "config": {
    "base_price": 60000,
    "max_divergence": 0.2,
    "coefficients": {
      "chain_weight": 0.3,
      "economic_weight": 0.5,
      "hashrate_weight": 0.2
    }
  },
  "current_prices": {
    "v27": 49762.41299303945,
    "v26": 70159.34700696055
  },
  "timeline": {
    "timestamps": [
      1772275628.9297462,
      1772275689.5789149,
      1772275689.5789227,
      1772275749.6568513,
      1772275749.6568604,
      1772275810.1487887,
      1772275810.1487947,
      1772275870.8161166,
      1772275870.816124,
      1772275931.3634195,
      1772275931.3634272,
      1772275991.4116178,
      1772275991.4116235,
      1772276051.8025472,
      1772276051.8025525,
      1772276112.5575829,
      1772276112.5575902,
      1772276173.5057218,
      1772276173.5057292,
      1772276233.8265986,
      1772276233.8266096,
      1772276294.3036406,
      1772276294.3036454,
      1772276354.8788493,
      1772276354.878855,
      1772276415.3432796,
      1772276415.3432848,
      1772276475.8098242,
      1772276475.8098297,
      1772276536.2462761,
      1772276536.2462866,
      1772276596.7148826,
      1772276596.7148879,
      1772276657.2335017,
      1772276657.2335083,
      1772276717.7777522,
      1772276717.7777617,
      1772276778.5249038,
      1772276778.5249088,
      1772276839.0275257,
      1772276839.027533,
      1772276899.5649495,
      1772276899.5649586,
      1772276960.2375276,
      1772276960.2375329,
      1772277020.6271954,
      1772277020.6272004,
      1772277081.171205,
      1772277081.1712122,
      1772277141.8363607,
      1772277141.8363664,
      1772277202.4443579,
      1772277202.4443626,
      1772277263.0019536,
      1772277263.001959,
      1772277323.6893485,
      1772277323.6893566,
      1772277384.2024627,
      1772277384.2024686
    ],
    "v27_prices": [
      60000,
      56702.50031665919,
      56702.50031665919,
      56860.39505350131,
      56860.39505350131,
      56307.37836543968,
      56307.37836543968,
      56544.60557981709,
      56544.60557981709,
      56548.21460237348,
      56548.21460237348,
      56669.77304393192,
      56669.77304393192,
      56551.76140040304,
      56551.76140040304,
      56458.43252004903,
      56458.43252004903,
      56334.470576882246,
      56334.470576882246,
      53023.255813953496,
      53023.255813953496,
      52609.756097560974,
      52609.756097560974,
      52200.0,
      52200.0,
      51927.272727272735,
      51927.272727272735,
      51678.832116788326,
      51678.832116788326,
      51467.889908256875,
      51467.889908256875,
      51272.72727272728,
      51272.72727272728,
      51079.42973523422,
      51079.42973523422,
      50896.551724137935,
      50896.551724137935,
      50729.241877256325,
      50729.241877256325,
      50597.9381443299,
      50597.9381443299,
      50470.58823529412,
      50470.58823529412,
      50329.73805855162,
      50329.73805855162,
      50267.46268656717,
      50267.46268656717,
      50167.189728958634,
      50167.189728958634,
      50055.75101488498,
      50055.75101488498,
      49965.329883570506,
      49965.329883570506,
      49891.90535491906,
      49891.90535491906,
      49823.769507803125,
      49823.769507803125,
      49762.41299303945,
      49762.41299303945
    ],
    "v26_prices": [
      60000,
      60000,
      63219.25968334082,
      63219.25968334082,
      63061.3649464987,
      63061.3649464987,
      63614.381634560326,
      63614.381634560326,
      63377.15442018292,
      63377.15442018292,
      63373.54539762652,
      63373.54539762652,
      63251.98695606808,
      63251.98695606808,
      63369.99859959697,
      63369.99859959697,
      63463.32747995098,
      63463.32747995098,
      63587.28942311776,
      63587.28942311776,
      66898.50418604651,
      66898.50418604651,
      67312.00390243903,
      67312.00390243903,
      67721.76000000001,
      67721.76000000001,
      67994.48727272727,
      67994.48727272727,
      68242.92788321168,
      68242.92788321168,
      68453.87009174313,
      68453.87009174313,
      68649.03272727273,
      68649.03272727273,
      68842.33026476578,
      68842.33026476578,
      69025.20827586208,
      69025.20827586208,
      69192.5181227437,
      69192.5181227437,
      69323.82185567012,
      69323.82185567012,
      69451.17176470588,
      69451.17176470588,
      69592.02194144839,
      69592.02194144839,
      69654.29731343285,
      69654.29731343285,
      69754.57027104138,
      69754.57027104138,
      69866.00898511503,
      69866.00898511503,
      69956.4301164295,
      69956.4301164295,
      70029.85464508095,
      70029.85464508095,
      70097.99049219688,
      70097.99049219688,
      70159.34700696055
    ]
  },
  "history": [
    {
      "timestamp": 1772275628.9297462,
      "chain_id": "v27",
      "price": 60000,
      "metadata": {
        "initial": true
      }
    },
    {
      "timestamp": 1772275628.9297462,
      "chain_id": "v26",
      "price": 60000,
      "metadata": {
        "initial": true
      }
    },
    {
      "timestamp": 1772275689.5789149,
      "chain_id": "v27",
      "price": 56702.50031665919,
      "metadata": {
        "fork_sustained": true,
        "fork_depth": 24
      }
    },
    {
      "timestamp": 1772275689.5789227,
      "chain_id": "v26",
      "price": 63219.25968334082,
      "metadata": {
        "fork_sustained": true,
        "fork_depth": 24
      }
    },
    {
      "timestamp": 1772275749.6568513,
      "chain_id": "v27",
      "price": 56860.39505350131,
      "metadata": {
        "fork_sustained": true,
        "fork_depth": 57
      }
    },
    {
      "timestamp": 1772275749.6568604,
      "chain_id": "v26",
      "price": 63061.3649464987,
      "metadata": {
        "fork_sustained": true,
        "fork_depth": 57
      }
    },
    {
      "timestamp": 1772275810.1487887,
      "chain_id": "v27",
      "price": 56307.37836543968,
      "metadata": {
        "fork_sustained": true,
        "fork_depth": 82
      }
    },
    {
      "timestamp": 1772275810.1487947,
      "chain_id": "v26",
      "price": 63614.381634560326,
      "metadata": {
        "fork_sustained": true,
        "fork_depth": 82
      }
    },
    {
      "timestamp": 1772275870.8161166,
      "chain_id": "v27",
      "price": 56544.60557981709,
      "metadata": {
        "fork_sustained": true,
        "fork_depth": 114
      }
    },
    {
      "timestamp": 1772275870.816124,
      "chain_id": "v26",
      "price": 63377.15442018292,
      "metadata": {
        "fork_sustained": true,
        "fork_depth": 114
      }
    },
    {
      "timestamp": 1772275931.3634195,
      "chain_id": "v27",
      "price": 56548.21460237348,
      "metadata": {
        "fork_sustained": true,
        "fork_depth": 140
      }
    },
    {
      "timestamp": 1772275931.3634272,
      "chain_id": "v26",
      "price": 63373.54539762652,
      "metadata": {
        "fork_sustained": true,
        "fork_depth": 140
      }
    },
    {
      "timestamp": 1772275991.4116178,
      "chain_id": "v27",
      "price": 56669.77304393192,
      "metadata": {
        "fork_sustained": true,
        "fork_depth": 165
      }
    },
    {
      "timestamp": 1772275991.4116235,
      "chain_id": "v26",
      "price": 63251.98695606808,
      "metadata": {
        "fork_sustained": true,
        "fork_depth": 165
      }
    },
    {
      "timestamp": 1772276051.8025472,
      "chain_id": "v27",
      "price": 56551.76140040304,
      "metadata": {
        "fork_sustained": true,
        "fork_depth": 203
      }
    },
    {
      "timestamp": 1772276051.8025525,
      "chain_id": "v26",
      "price": 63369.99859959697,
      "metadata": {
        "fork_sustained": true,
        "fork_depth": 203
      }
    },
    {
      "timestamp": 1772276112.5575829,
      "chain_id": "v27",
      "price": 56458.43252004903,