{
  "blocks_mined": {
    "v27": 30,
    "v26": 120
  },
  "total_blocks": 150,
  "final_hashrate": {
    "v27": 0.0,
    "v26": 98.36999999999999
  },
  "final_economic": {
    "v27": 43.046114164953785,
    "v26": 56.9538858350462
  },
  "final_prices": {
    "v27": 54655.18887220825,
    "v26": 65266.57112779174
  }
}