{
  "blocks_mined": {
    "v27": 1776,
    "v26": 129
  },
  "total_blocks": 1905,
  "final_hashrate": {
    "v27": 86.4,
    "v26": 0.0
  },
  "final_economic": {
    "v27": 100.0,
    "v26": 0.0
  },
  "final_prices": {
    "v27": 70858.35789473685,
    "v26": 48488.84210526316
  }
}