{
  "blocks_mined": {
    "v27": 7,
    "v26": 683
  },
  "total_blocks": 690,
  "final_hashrate": {
    "v27": 0.0,
    "v26": 86.4
  },
  "final_economic": {
    "v27": 0.0,
    "v26": 100.0
  },
  "final_prices": {
    "v27": 48077.53846153847,
    "v26": 71269.66153846154
  }
}