{
  "blocks_mined": {
    "v27": 5932,
    "v26": 231
  },
  "total_blocks": 6163,
  "final_hashrate": {
    "v27": 86.4,
    "v26": 0.0
  },
  "final_economic": {
    "v27": 100.0,
    "v26": 0.0
  },
  "final_prices": {
    "v27": 71036.5177944917,
    "v26": 48310.68220550831
  }
}