{
  "blocks_mined": {
    "v27": 28,
    "v26": 1803
  },
  "total_blocks": 1831,
  "final_hashrate": {
    "v27": 0.0,
    "v26": 86.4
  },
  "final_economic": {
    "v27": 0.0,
    "v26": 100.0
  },
  "final_prices": {
    "v27": 48112.562814070356,
    "v26": 71234.63718592965
  }
}