{
  "blocks_mined": {
    "v27": 5,
    "v26": 607
  },
  "total_blocks": 612,
  "final_hashrate": {
    "v27": 0.0,
    "v26": 86.4
  },
  "final_economic": {
    "v27": 0.0,
    "v26": 100.0
  },
  "final_prices": {
    "v27": 48050.97345132744,
    "v26": 71296.22654867258
  }
}