{
  "blocks_mined": {
    "v27": 1881,
    "v26": 191
  },
  "total_blocks": 2072,
  "final_hashrate": {
    "v27": 86.4,
    "v26": 0.0
  },
  "final_economic": {
    "v27": 100.0,
    "v26": 0.0
  },
  "final_prices": {
    "v27": 70686.29664885867,
    "v26": 48660.903351141336
  }
}