{
  "blocks_mined": {
    "v27": 4293,
    "v26": 1539
  },
  "total_blocks": 5832,
  "final_hashrate": {
    "v27": 86.4,
    "v26": 0.0
  },
  "final_economic": {
    "v27": 56.737121878272376,
    "v26": 43.26287812172761
  },
  "final_prices": {
    "v27": 63708.85453841301,
    "v26": 55638.345461587
  }
}