{
  "timestamps": [
    0,
    60,
    120,
    180,
    241,
    302,
    362,
    422,
    482,
    543,
    604,
    664,
    725,
    785,
    845,
    906,
    967,
    1028,
    1088,
    1149,
    1210,
    1270,
    1330,
    1391,
    1451,
    1512,
    1572,
    1632,
    1692,
    1753,
    1813,
    1873,
    1934,
    1994,
    2055,
    2115,
    2176,
    2237,
    2297,
    2358,
    2418,
    2479,
    2500
  ],
  "v27_price": [
    60000,
    60000,
    62623.179130434786,
    62859.33473684211,
    62368.10666666667,
    62651.89871559634,
    62584.89323741007,
    62679.217777777776,
    62571.1514159904,
    62515.538081829356,
    62453.229368881024,
    63799.675533714166,
    63968.10499230645,
    64132.535158385894,
    64267.49004392797,
    64383.51445132954,
    64493.9283699807,
    64572.338580402175,
    64650.26200105061,
    64726.427965926334,
    64789.986803794665,
    64857.76079861683,
    64917.38802626256,
    64965.045722848525,
    64988.46311963512,
    65024.38654714274,
    65069.820025252215,
    65108.44559747262,
    65136.91256208855,
    65166.19181711115,
    65192.51906002652,
    65219.204989531085,
    65240.90538982318,
    65261.305399767225,
    65280.518507283035,
    65296.0248461225,
    65312.44539271615,
    65328.91599826469,
    65344.51959436152,
    65357.923573319575,
    65374.288248617435,
    65386.433143758426,
    65399.72929755737
  ],
  "v26_price": [
    60000,
    60000,
    57298.58086956522,
    57062.4252631579,
    57553.653333333335,
    57269.861284403676,
    57336.866762589925,
    57242.542222222226,
    57350.60858400961,
    57406.22191817066,
    57468.530631118985,
    56122.084466285836,
    55953.65500769355,
    55789.22484161411,
    55654.269956072036,
    55538.24554867047,
    55427.83163001931,
    55349.42141959783,
    55271.497998949395,
    55195.33203407367,
    55131.773196205344,
    55063.999201383165,
    55004.371973737434,
    54956.71427715148,
    54933.29688036488,
    54897.37345285727,
    54851.939974747795,
    54813.31440252737,
    54784.84743791144,
    54755.56818288886,
    54729.240939973475,
    54702.55501046892,
    54680.85461017682,
    54660.45460023278,
    54641.241492716974,
    54625.735153877504,
    54609.31460728385,
    54592.84400173531,
    54577.240405638484,
    54563.836426680435,
    54547.47175138256,
    54535.326856241576,
    54522.03070244264
  ],
  "v27_hashrate": [
    68.78,
    68.78,
    68.78,
    68.78,
    68.78,
    68.78,
    68.78,
    68.78,
    68.78,
    68.78,
    98.36999999999999,
    98.36999999999999,
    98.36999999999999,
    98.36999999999999,
    98.36999999999999,
    98.36999999999999,
    98.36999999999999,
    98.36999999999999,
    98.36999999999999,
    98.36999999999999,
    98.36999999999999,
    98.36999999999999,
    98.36999999999999,
    98.36999999999999,
    98.36999999999999,
    98.36999999999999,
    98.36999999999999,
    98.36999999999999,
    98.36999999999999,
    98.36999999999999,
    98.36999999999999,
    98.36999999999999,
    98.36999999999999,
    98.36999999999999,
    98.36999999999999,
    98.36999999999999,
    98.36999999999999,
    98.36999999999999,
    98.36999999999999,
    98.36999999999999,
    98.36999999999999,
    98.36999999999999,
    98.36999999999999
  ],
  "v26_hashrate": [
    29.59,
    29.59,
    29.59,
    29.59,
    29.59,
    29.59,
    29.59,
    29.59,
    29.59,
    29.59,
    0.0,
    0.0,
    0.0,
    0.0,
    0.0,
    0.0,
    0.0,
    0.0,
    0.0,
    0.0,
    0.0,
    0.0,
    0.0,
    0.0,
    0.0,
    0.0,
    0.0,
    0.0,
    0.0,
    0.0,
    0.0,
    0.0,
    0.0,
    0.0,
    0.0,
    0.0,
    0.0,
    0.0,
    0.0,
    0.0,
    0.0,
    0.0,
    0.0
  ],
  "v27_economic": [
    50.0,
    50.0,
    50.0,
    50.0,
    50.0,
    50.0,
    50.0,
    50.0,
    50.0,
    50.0,
    50.0,
    50.0,
    50.0,
    50.0,
    50.0,
    50.0,
    50.0,
    50.0,
    50.0,
    50.0,
    50.0,
    50.0,
    50.0,
    50.0,
    50.0,
    50.0,
    50.0,
    50.0,
    50.0,
    50.0,
    50.0,
    50.0,
    50.0,
    50.0,
    50.0,
    50.0,
    50.0,
    50.0,
    50.0,
    50.0,
    50.0,
    50.0,
    50.0
  ],
  "v26_economic": [
    50.0,
    50.0,
    50.0,
    50.0,
    50.0,
    50.0,
    50.0,
    50.0,
    50.0,
    50.0,
    50.0,
    50.0,
    50.0,
    50.0,
    50.0,
    50.0,
    50.0,
    50.0,
    50.0,
    50.0,
    50.0,
    50.0,
    50.0,
    50.0,
    50.0,
    50.0,
    50.0,
    50.0,
    50.0,
    50.0,
    50.0,
    50.0,
    50.0,
    50.0,
    50.0,
    50.0,
    50.0,
    50.0,
    50.0,
    50.0,
    50.0,
    50.0,
    50.0
  ],
  "v27_blocks": [
    0,
    17,
    44,
    57,
    81,
    102,
    121,
    145,
    175,
    205,
    230,
    266,
    307,
    346,
    385,
    428,
    455,
    484,
    516,
    546,
    582,
    618,
    650,
    674,
    702,
    740,
    775,
    803,
    834,
    864,
    895,
    922,
    949,
    976,
    999,
    1027,
    1058,
    1089,
    1117,
    1153,
    1180,
    1211,
    1219
  ],
  "v26_blocks": [
    0,
    6,
    13,
    24,
    28,
    37,
    41,
    53,
    63,
    74,
    85,
    85,
    85,
    85,
    85,
    85,
    85,
    85,
    85,
    85,
    85,
    85,
    85,
    86,
    86,
    86,
    86,
    86,
    86,
    86,
    86,
    86,
    86,
    86,
    86,
    86,
    86,
    86,
    86,
    86,
    86,
    86,
    86
  ],
  "v27_difficulty": [
    1.0,
    1.0,
    1.0,
    1.0,
    1.0,
    1.0,
    1.0,
    0.6906474820143885,
    0.6906474820143885,
    0.6906474820143885,
    0.6906474820143885,
    0.6906474820143885,
    0.7154909166192226,
    0.7154909166192226,
    0.7154909166192226,
    0.7154909166192226,
    0.9584250417969121,
    0.9584250417969121,
    0.9584250417969121,
    0.9584250417969121,
    0.9485443712629233,
    0.9485443712629233,
    0.9485443712629233,
    0.9485443712629233,
    0.9485443712629233,
    0.9862121982805845,
    0.9862121982805845,
    0.9862121982805845,
    0.9862121982805845,
    1.0403996817025947,
    1.0403996817025947,
    1.0403996817025947,
    1.0403996817025947,
    1.0403996817025947,
    1.0403996817025947,
    0.9107450101226361,
    0.9107450101226361,
    0.9107450101226361,
    0.9107450101226361,
    0.9503426192584028,
    0.9503426192584028,
    0.9503426192584028,
    0.9503426192584028
  ],
  "v26_difficulty": [
    1.0,
    1.0,
    1.0,
    1.0,
    1.0,
    1.0,
    1.0,
    1.0,
    1.0,
    1.0,
    1.0,
    1.0,
    1.0,
    1.0,
    1.0,
    1.0,
    1.0,
    1.0,
    1.0,
    1.0,
    1.0,
    1.0,
    1.0,
    1.0,
    1.0,
    1.0,
    1.0,
    1.0,
    1.0,
    1.0,
    1.0,
    1.0,
    1.0,
    1.0,
    1.0,
    1.0,
    1.0,
    1.0,
    1.0,
    1.0,
    1.0,
    1.0,
    1.0
  ],
  "v27_chainwork": [
    0.0,
    17.0,
    44.0,
    57.0,
    81.0,
    102.0,
    121.0,
    144.69064748201438,
    165.4100719424459,
    186.12949640287744,
    203.39568345323704,
    228.25899280575487,
    257.04756482583645,
    284.9517105739859,
    312.85585632213537,
    343.6219657367617,
    368.52770536456694,
    396.32203157667664,
    426.991632914177,
    455.74438416808357,
    490.1884016495677,
    524.3359990150323,
    554.6894188954441,
    577.454483805753,
    604.0137262011133,
    640.811768849456,
    675.3291957892754,
    702.943137341131,
    733.5157154878282,
    763.1020814362448,
    795.3544715690266,
    823.4452629749978,
    851.5360543809691,
    879.6268457869403,
    903.556038466101,
    930.2237907937538,
    958.4568861075538,
    986.6899814213539,
    1012.1908417047862,
    1045.017259678335,
    1070.6765103983128,
    1100.1371315953243,
    1107.7398725493917
  ],