{
  "config": {
    "base_price": 60000,
    "max_divergence": 0.2,
    "coefficients": {
      "chain_weight": 0.3,
      "economic_weight": 0.5,
      "hashrate_weight": 0.2
    }
  },
  "current_prices": {
    "v27": 66107.286472835,
    "v26": 53814.473527165006
  },
  "timeline": {
    "timestamps": [
      1771994415.8479178,
      1771994476.4904995,
      1771994476.4905055,
      1771994536.6037884,
      1771994536.6037953,
      1771994597.2987185,
      1771994597.298726,
      1771994657.304942,
      1771994657.3049474,
      1771994717.4338715,
      1771994717.433879,
      1771994778.1716733,
      1771994778.171681,
      1771994838.3628845,
      1771994838.3628902,
      1771994899.1163995,
      1771994899.116405,
      1771994959.85917,
      1771994959.8591752,
      1771995020.57872,
      1771995020.5787256,
      1771995081.1855357,
      1771995081.185541,
      1771995141.2677653,
      1771995141.2677732,
      1771995201.4020646,
      1771995201.40207,
      1771995261.5301929,
      1771995261.5302002,
      1771995321.684605,
      1771995321.6846106,
      1771995381.7631977,
      1771995381.763203,
      1771995441.9279745,
      1771995441.927982,
      1771995502.07004,
      1771995502.0700455,
      1771995562.678321,
      1771995562.6783276,
      1771995623.0036876,
      1771995623.0036993,
      1771995683.0923703,
      1771995683.0923758,
      1771995743.2984712,
      1771995743.2984765,
      1771995803.4504445,
      1771995803.45045,
      1771995863.5863264,
      1771995863.586334,
      1771995923.7110357,
      1771995923.7110445,
      1771995983.903308,
      1771995983.9033146,
      1771996044.0455608,
      1771996044.0455682,
      1771996104.2588215,
      1771996104.258828,
      1771996165.0400867,
      1771996165.040093
    ],
    "v27_prices": [
      60000,
      60000,
      60000,
      64447.302609678525,
      64447.302609678525,
      63661.84806422398,
      63661.84806422398,
      63661.84806422398,
      63661.84806422398,
      64021.84806422398,
      64021.84806422398,
      63717.232679608605,
      63717.232679608605,
      64043.024534812226,
      64043.024534812226,
      64048.18952763862,
      64048.18952763862,
      63876.31614933037,
      63876.31614933037,
      65280.78875387915,
      65280.78875387915,
      65397.16806422397,
      65397.16806422397,
      65447.54119855234,
      65447.54119855234,
      65549.19509125101,
      65549.19509125101,
      65610.7756591607,
      65610.7756591607,
      65675.10924069457,
      65675.10924069457,
      65703.98624604216,
      65703.98624604216,
      65756.21061741548,
      65756.21061741548,
      65794.89533695126,
      65794.89533695126,
      65836.45377850969,
      65836.45377850969,
      65906.78344883937,
      65906.78344883937,
      65922.16806422398,
      65922.16806422398,
      65959.66806422398,
      65959.66806422398,
      65984.85463138815,
      65984.85463138815,
      66004.18245271318,
      66004.18245271318,
      66018.67156072747,
      66018.67156072747,
      66042.16806422398,
      66042.16806422398,
      66057.31706412043,
      66057.31706412043,
      66077.71007965466,
      66077.71007965466,
      66107.286472835,
      66107.286472835
    ],
    "v26_prices": [
      60000,
      60000,
      60000,
      60000,
      55474.457390321484,
      55474.457390321484,
      56259.911935776036,
      56259.911935776036,
      56259.911935776036,
      56259.911935776036,
      55899.911935776036,
      55899.911935776036,
      56204.52732039141,
      56204.52732039141,
      55878.73546518779,
      55878.73546518779,
      55873.570472361396,
      55873.570472361396,
      56045.443850669646,
      56045.443850669646,
      54640.97124612086,
      54640.97124612086,
      54524.59193577603,
      54524.59193577603,
      54474.21880144767,
      54474.21880144767,
      54372.564908749,
      54372.564908749,
      54310.98434083932,
      54310.98434083932,
      54246.65075930544,
      54246.65075930544,
      54217.773753957845,
      54217.773753957845,
      54165.54938258453,
      54165.54938258453,
      54126.86466304876,
      54126.86466304876,
      54085.30622149031,
      54085.30622149031,
      54014.976551160646,
      54014.976551160646,
      53999.59193577603,
      53999.59193577603,
      53962.09193577602,
      53962.09193577602,
      53936.90536861185,
      53936.90536861185,
      53917.57754728682,
      53917.57754728682,
      53903.08843927253,
      53903.08843927253,
      53879.59193577603,
      53879.59193577603,
      53864.44293587958,
      53864.44293587958,
      53844.049920345366,
      53844.049920345366,
      53814.473527165006
    ]
  },
  "history": [
    {
      "timestamp": 1771994415.8479178,
      "chain_id": "v27",
      "price": 60000,
      "metadata": {
        "initial": true
      }
    },
    {
      "timestamp": 1771994415.8479178,
      "chain_id": "v26",
      "price": 60000,
      "metadata": {
        "initial": true
      }
    },
    {
      "timestamp": 1771994476.4904995,
      "chain_id": "v27",
      "price": 60000,
      "metadata": {}
    },
    {
      "timestamp": 1771994476.4905055,
      "chain_id": "v26",
      "price": 60000,
      "metadata": {}
    },
    {
      "timestamp": 1771994536.6037884,
      "chain_id": "v27",
      "price": 64447.302609678525,
      "metadata": {
        "fork_sustained": true,
        "fork_depth": 11
      }
    },
    {
      "timestamp": 1771994536.6037953,
      "chain_id": "v26",
      "price": 55474.457390321484,
      "metadata": {
        "fork_sustained": true,
        "fork_depth": 11
      }
    },
    {
      "timestamp": 1771994597.2987185,
      "chain_id": "v27",
      "price": 63661.84806422398,
      "metadata": {
        "fork_sustained": true,
        "fork_depth": 15
      }
    },
    {
      "timestamp": 1771994597.298726,
      "chain_id": "v26",
      "price": 56259.911935776036,
      "metadata": {
        "fork_sustained": true,
        "fork_depth": 15
      }
    },
    {
      "timestamp": 1771994657.304942,
      "chain_id": "v27",
      "price": 63661.84806422398,
      "metadata": {
        "fork_sustained": true,
        "fork_depth": 15
      }
    },
    {
      "timestamp": 1771994657.3049474,
      "chain_id": "v26",
      "price": 56259.911935776036,
      "metadata": {
        "fork_sustained": true,
        "fork_depth": 15
      }
    },
    {
      "timestamp": 1771994717.4338715,
      "chain_id": "v27",
      "price": 64021.84806422398,
      "metadata": {
        "fork_sustained": true,
        "fork_depth": 20
      }
    },
    {
      "timestamp": 1771994717.433879,
      "chain_id": "v26",
      "price": 55899.911935776036,
      "metadata": {
        "fork_sustained": true,
        "fork_depth": 20
      }
    },
    {
      "timestamp": 1771994778.1716733,
      "chain_id": "v27",
      "price": 63717.232679608605,
      "metadata": {
        "fork_sustained": true,
        "fork_depth": 26
      }
    },
    {
      "timestamp": 1771994778.171681,
      "chain_id": "v26",
      "price": 56204.52732039141,
      "metadata": {
        "fork_sustained": true,
        "fork_depth": 26
      }
    },
    {
      "timestamp": 1771994838.3628845,
      "chain_id": "v27",
      "price": 64043.024534812226,
      "metadata": {
        "fork_sustained": true,
        "fork_depth": 34
      }
    },
    {
      "timestamp": 1771994838.3628902,
      "chain_id": "v26",
      "price": 55878.73546518779,
      "metadata": {
        "fork_sustained": true,
        "fork_depth": 34
      }
    },
    {
      "timestamp": 1771994899.1163995,
      "chain_id": "v27",
      "price": 64048.18952763862,
      "metadata": {
        "fork_sustained": true,
        "fork_depth": 41
      }
    },
    {
      "timestamp": 1771994899.116405,
      "chain_id": "v26",
      "price": 55873.570472361396,