{
  "blocks_mined": {
    "v27": 667,
    "v26": 19
  },
  "total_blocks": 686,
  "final_hashrate": {
    "v27": 86.4,
    "v26": 0.0
  },
  "final_economic": {
    "v27": 100.0,
    "v26": 0.0
  },
  "final_prices": {
    "v27": 71182.81643835617,
    "v26": 48164.38356164384
  }
}