{
  "blocks_mined": {
    "v27": 763,
    "v26": 19
  },
  "total_blocks": 782,
  "final_hashrate": {
    "v27": 86.4,
    "v26": 0.0
  },
  "final_economic": {
    "v27": 100.0,
    "v26": 0.0
  },
  "final_prices": {
    "v27": 71184.4340425532,
    "v26": 48162.76595744681
  }
}