{
  "blocks_mined": {
    "v27": 761,
    "v26": 70
  },
  "total_blocks": 831,
  "final_hashrate": {
    "v27": 86.4,
    "v26": 0.0
  },
  "final_economic": {
    "v27": 100.0,
    "v26": 0.0
  },
  "final_prices": {
    "v27": 69530.98378378378,
    "v26": 49816.21621621622
  }
}