{
  "blocks_mined": {
    "v27": 6,
    "v26": 238
  },
  "total_blocks": 244,
  "final_hashrate": {
    "v27": 0.0,
    "v26": 86.4
  },
  "final_economic": {
    "v27": 62.148876597346025,
    "v26": 37.85112340265398
  },
  "final_prices": {
    "v27": 55567.50986173229,
    "v26": 63779.690138267724
  }
}