{
  "blocks_mined": {
    "v27": 2868,
    "v26": 220
  },
  "total_blocks": 3088,
  "final_hashrate": {
    "v27": 86.4,
    "v26": 0.0
  },
  "final_economic": {
    "v27": 100.0,
    "v26": 0.0
  },
  "final_prices": {
    "v27": 70735.55468414346,
    "v26": 48611.64531585656
  }
}