{
  "blocks_mined": {
    "v27": 167,
    "v26": 14
  },
  "total_blocks": 181,
  "final_hashrate": {
    "v27": 86.4,
    "v26": 0.0
  },
  "final_economic": {
    "v27": 100.0,
    "v26": 0.0
  },
  "final_prices": {
    "v27": 70673.81870503598,
    "v26": 48673.381294964034
  }
}