{
  "config": {
    "base_price": 60000,
    "max_divergence": 0.2,
    "coefficients": {
      "chain_weight": 0.3,
      "economic_weight": 0.5,
      "hashrate_weight": 0.2
    }
  },
  "current_prices": {
    "v27": 57358.02939719114,
    "v26": 61989.17060280887
  },
  "timeline": {
    "timestamps": [
      1772922646.8695912,
      1772922708.0429952,
      1772922708.0430143,
      1772922768.3438132,
      1772922768.3438232,
      1772922828.5296,
      1772922828.5296085,
      1772922889.0942078,
      1772922889.094219,
      1772922949.710262,
      1772922949.7102685,
      1772923010.212306,
      1772923010.2123227,
      1772923070.7461216,
      1772923070.7461333,
      1772923130.894017,
      1772923130.894034,
      1772923191.324497,
      1772923191.3245115,
      1772923252.2159584,
      1772923252.2159812,
      1772923312.5109015,
      1772923312.5109224,
      1772923372.7272232,
      1772923372.7272358,
      1772923433.0206447,
      1772923433.0206532,
      1772923493.8507953,
      1772923493.8508062,
      1772923554.6761906,
      1772923554.6762002,
      1772923615.329224,
      1772923615.3292625,
      1772923675.936495,
      1772923675.9365087,
      1772923735.9751437,
      1772923735.9751527,
      1772923796.3943067,
      1772923796.3943155,
      1772923857.3122096,
      1772923857.31223,
      1772923918.1929276,
      1772923918.192949,
      1772923978.3974013,
      1772923978.3974361,
      1772924038.7802715,
      1772924038.7802935,
      1772924099.540961,
      1772924099.5409822,
      1772924159.7308307,
      1772924159.7308505,
      1772924220.7125673,
      1772924220.7126026,
      1772924281.222191,
      1772924281.2222028,
      1772924342.2029629,
      1772924342.202971,
      1772924402.7463186,
      1772924402.7463295
    ],
    "v27_prices": [
      60000,
      59337.24721664652,
      59337.24721664652,
      59576.02272685059,
      59576.02272685059,
      59767.68199925522,
      59767.68199925522,
      59811.44076503362,
      59811.44076503362,
      59843.969905722144,
      59843.969905722144,
      59905.3323230295,
      59905.3323230295,
      59917.72058942758,
      59917.72058942758,
      59837.247216646516,
      59837.247216646516,
      59844.23411620984,
      59844.23411620984,
      60482.252664117346,
      60482.252664117346,
      60642.858286645,
      60642.858286645,
      60681.11828167952,
      60681.11828167952,
      60721.339980378005,
      60721.339980378005,
      60773.44997504341,
      60773.44997504341,
      60805.78054997988,
      60805.78054997988,
      60857.558629163505,
      60857.558629163505,
      60886.1673867481,
      60886.1673867481,
      60940.677288602375,
      60940.677288602375,
      60964.15427113357,
      60964.15427113357,
      58567.32755498567,
      58567.32755498567,
      58391.85574346653,
      58391.85574346653,
      58235.57566790421,
      58235.57566790421,
      58089.992967328675,
      58089.992967328675,
      57918.64757823003,
      57918.64757823003,
      57777.65799404685,
      57777.65799404685,
      57652.322313365876,
      57652.322313365876,
      57549.82869637161,
      57549.82869637161,
      57437.91350286378,
      57437.91350286378,
      57358.02939719114,
      57358.02939719114
    ],
    "v26_prices": [
      60000,
      60000,
      60009.952783353474,
      60009.952783353474,
      59771.1772731494,
      59771.1772731494,
      59579.518000744785,
      59579.518000744785,
      59535.75923496639,
      59535.75923496639,
      59503.23009427786,
      59503.23009427786,
      59441.867676970505,
      59441.867676970505,
      59429.47941057242,
      59429.47941057242,
      59509.95278335348,
      59509.95278335348,
      59502.96588379016,
      59502.96588379016,
      58864.947335882665,
      58864.947335882665,
      58704.341713355,
      58704.341713355,
      58666.081718320485,
      58666.081718320485,
      58625.86001962199,
      58625.86001962199,
      58573.75002495658,
      58573.75002495658,
      58541.41945002013,
      58541.41945002013,
      58489.64137083651,
      58489.64137083651,
      58461.032613251904,
      58461.032613251904,
      58406.522711397636,
      58406.522711397636,
      58383.04572886642,
      58383.04572886642,
      60779.87244501434,
      60779.87244501434,
      60955.34425653348,
      60955.34425653348,
      61111.6243320958,
      61111.6243320958,
      61257.20703267133,
      61257.20703267133,
      61428.55242176997,
      61428.55242176997,
      61569.54200595315,
      61569.54200595315,
      61694.877686634114,
      61694.877686634114,
      61797.37130362839,
      61797.37130362839,
      61909.286497136214,
      61909.286497136214,
      61989.17060280887
    ]
  },
  "history": [
    {
      "timestamp": 1772922646.8695912,
      "chain_id": "v27",
      "price": 60000,
      "metadata": {
        "initial": true
      }
    },
    {
      "timestamp": 1772922646.8695912,
      "chain_id": "v26",
      "price": 60000,
      "metadata": {
        "initial": true
      }
    },
    {
      "timestamp": 1772922708.0429952,
      "chain_id": "v27",
      "price": 59337.24721664652,
      "metadata": {
        "fork_sustained": true,
        "fork_depth": 24
      }
    },
    {
      "timestamp": 1772922708.0430143,
      "chain_id": "v26",
      "price": 60009.952783353474,
      "metadata": {
        "fork_sustained": true,
        "fork_depth": 24
      }
    },
    {
      "timestamp": 1772922768.3438132,
      "chain_id": "v27",
      "price": 59576.02272685059,
      "metadata": {
        "fork_sustained": true,
        "fork_depth": 49
      }
    },
    {
      "timestamp": 1772922768.3438232,
      "chain_id": "v26",
      "price": 59771.1772731494,
      "metadata": {
        "fork_sustained": true,
        "fork_depth": 49
      }
    },
    {
      "timestamp": 1772922828.5296,
      "chain_id": "v27",
      "price": 59767.68199925522,
      "metadata": {
        "fork_sustained": true,
        "fork_depth": 69
      }
    },
    {
      "timestamp": 1772922828.5296085,
      "chain_id": "v26",
      "price": 59579.518000744785,
      "metadata": {
        "fork_sustained": true,
        "fork_depth": 69
      }
    },
    {
      "timestamp": 1772922889.0942078,
      "chain_id": "v27",
      "price": 59811.44076503362,
      "metadata": {
        "fork_sustained": true,
        "fork_depth": 93
      }
    },
    {
      "timestamp": 1772922889.094219,
      "chain_id": "v26",
      "price": 59535.75923496639,
      "metadata": {
        "fork_sustained": true,
        "fork_depth": 93
      }
    },
    {
      "timestamp": 1772922949.710262,
      "chain_id": "v27",
      "price": 59843.969905722144,
      "metadata": {
        "fork_sustained": true,
        "fork_depth": 119
      }
    },
    {
      "timestamp": 1772922949.7102685,
      "chain_id": "v26",
      "price": 59503.23009427786,
      "metadata": {
        "fork_sustained": true,
        "fork_depth": 119
      }
    },
    {
      "timestamp": 1772923010.212306,
      "chain_id": "v27",
      "price": 59905.3323230295,
      "metadata": {
        "fork_sustained": true,
        "fork_depth": 141
      }
    },
    {
      "timestamp": 1772923010.2123227,
      "chain_id": "v26",
      "price": 59441.867676970505,
      "metadata": {
        "fork_sustained": true,
        "fork_depth": 141
      }
    },
    {
      "timestamp": 1772923070.7461216,
      "chain_id": "v27",
      "price": 59917.72058942758,
      "metadata": {
        "fork_sustained": true,
        "fork_depth": 169
      }
    },
    {
      "timestamp": 1772923070.7461333,
      "chain_id": "v26",
      "price": 59429.47941057242,
      "metadata": {
        "fork_sustained": true,
        "fork_depth": 169
      }
    },
    {
      "timestamp": 1772923130.894017,
      "chain_id": "v27",
      "price": 59837.247216646516,