{
  "blocks_mined": {
    "v27": 17,
    "v26": 590
  },
  "total_blocks": 607,
  "final_hashrate": {
    "v27": 0.0,
    "v26": 86.4
  },
  "final_economic": {
    "v27": 0.0,
    "v26": 100.0
  },
  "final_prices": {
    "v27": 48215.49295774648,
    "v26": 71131.70704225352
  }
}