{
  "config": {
    "base_price": 60000,
    "max_divergence": 0.2,
    "coefficients": {
      "chain_weight": 0.3,
      "economic_weight": 0.5,
      "hashrate_weight": 0.2
    }
  },
  "current_prices": {
    "v27": 62423.66915019121,
    "v26": 56923.5308498088
  },
  "timeline": {
    "timestamps": [
      1772772267.5056648,
      1772772328.7412975,
      1772772328.741307,
      1772772388.788979,
      1772772388.7889895,
      1772772449.1593716,
      1772772449.1593769,
      1772772509.300395,
      1772772509.300401,
      1772772569.8237102,
      1772772569.8237166,
      1772772630.2693365,
      1772772630.2693462,
      1772772690.9370418,
      1772772690.937049,
      1772772751.4923077,
      1772772751.492313,
      1772772812.1614385,
      1772772812.1614442,
      1772772872.7343187,
      1772772872.7343268,
      1772772933.7094057,
      1772772933.7094107,
      1772772994.4743693,
      1772772994.474375,
      1772773055.5079246,
      1772773055.5079298,
      1772773115.8080769,
      1772773115.8080854,
      1772773176.0154157,
      1772773176.0154212,
      1772773236.1873887,
      1772773236.1873949,
      1772773296.3863657,
      1772773296.386378,
      1772773356.5277317,
      1772773356.5277371,
      1772773416.7565496,
      1772773416.7565548,
      1772773477.6603465,
      1772773477.6603525,
      1772773538.389266,
      1772773538.3892734,
      1772773599.1654148,
      1772773599.1654203,
      1772773659.5955172,
      1772773659.5955229,
      1772773719.5980775,
      1772773719.5980852,
      1772773779.8038924,
      1772773779.8038976,
      1772773839.9380336,
      1772773839.9380434,
      1772773900.145243,
      1772773900.1452663,
      1772773960.398311,
      1772773960.3983164,
      1772774020.644887,
      1772774020.6448956
    ],
    "v27_prices": [
      60000,
      58543.45298449252,
      58543.45298449252,
      58867.45298449252,
      58867.45298449252,
      58973.887767101216,
      58973.887767101216,
      59026.61087922936,
      59026.61087922936,
      59056.67612498839,
      59056.67612498839,
      59088.52340702774,
      59088.52340702774,
      59131.31425616882,
      59131.31425616882,
      59031.51268598506,
      59031.51268598506,
      59088.08817762557,
      59088.08817762557,
      58719.769263562295,
      58719.769263562295,
      58681.36221928517,
      58681.36221928517,
      58586.78458666067,
      58586.78458666067,
      58584.13356037219,
      58584.13356037219,
      58540.14463456459,
      58540.14463456459,
      58511.323074868626,
      58511.323074868626,
      58475.16245737441,
      58475.16245737441,
      58428.64119778552,
      58428.64119778552,
      58394.38126696481,
      58394.38126696481,
      58366.10839941984,
      58366.10839941984,
      61102.26967112924,
      61102.26967112924,
      61293.459704264664,
      61293.459704264664,
      61482.70345757199,
      61482.70345757199,
      61637.951343353205,
      61637.951343353205,
      61812.52662942345,
      61812.52662942345,
      61951.21221727642,
      61951.21221727642,
      62078.79118138233,
      62078.79118138233,
      62205.01996552764,
      62205.01996552764,
      62321.90152300569,
      62321.90152300569,
      62423.66915019121,
      62423.66915019121
    ],
    "v26_prices": [
      60000,
      60000,
      60803.74701550749,
      60803.74701550749,
      60479.74701550747,
      60479.74701550747,
      60373.31223289878,
      60373.31223289878,
      60320.58912077064,
      60320.58912077064,
      60290.52387501162,
      60290.52387501162,
      60258.676592972275,
      60258.676592972275,
      60215.88574383118,
      60215.88574383118,
      60315.68731401494,
      60315.68731401494,
      60259.11182237444,
      60259.11182237444,
      60627.43073643771,
      60627.43073643771,
      60665.83778071484,
      60665.83778071484,
      60760.415413339324,
      60760.415413339324,
      60763.066439627815,
      60763.066439627815,
      60807.05536543542,
      60807.05536543542,
      60835.876925131386,
      60835.876925131386,
      60872.03754262559,
      60872.03754262559,
      60918.558802214495,
      60918.558802214495,
      60952.818733035194,
      60952.818733035194,
      60981.09160058016,
      60981.09160058016,
      58244.93032887077,
      58244.93032887077,
      58053.74029573535,
      58053.74029573535,
      57864.496542428016,
      57864.496542428016,
      57709.24865664681,
      57709.24865664681,
      57534.67337057655,
      57534.67337057655,
      57395.98778272359,
      57395.98778272359,
      57268.40881861768,
      57268.40881861768,
      57142.180034472374,
      57142.180034472374,
      57025.298476994314,
      57025.298476994314,
      56923.5308498088
    ]
  },
  "history": [
    {
      "timestamp": 1772772267.5056648,
      "chain_id": "v27",
      "price": 60000,
      "metadata": {
        "initial": true
      }
    },
    {
      "timestamp": 1772772267.5056648,
      "chain_id": "v26",
      "price": 60000,
      "metadata": {
        "initial": true
      }
    },
    {
      "timestamp": 1772772328.7412975,
      "chain_id": "v27",
      "price": 58543.45298449252,
      "metadata": {
        "fork_sustained": true,
        "fork_depth": 24
      }
    },
    {
      "timestamp": 1772772328.741307,
      "chain_id": "v26",
      "price": 60803.74701550749,
      "metadata": {
        "fork_sustained": true,
        "fork_depth": 24
      }
    },
    {
      "timestamp": 1772772388.788979,
      "chain_id": "v27",
      "price": 58867.45298449252,
      "metadata": {
        "fork_sustained": true,
        "fork_depth": 50
      }
    },
    {
      "timestamp": 1772772388.7889895,
      "chain_id": "v26",
      "price": 60479.74701550747,
      "metadata": {
        "fork_sustained": true,
        "fork_depth": 50
      }
    },
    {
      "timestamp": 1772772449.1593716,
      "chain_id": "v27",
      "price": 58973.887767101216,
      "metadata": {
        "fork_sustained": true,
        "fork_depth": 69
      }
    },
    {
      "timestamp": 1772772449.1593769,
      "chain_id": "v26",
      "price": 60373.31223289878,
      "metadata": {
        "fork_sustained": true,
        "fork_depth": 69
      }
    },
    {
      "timestamp": 1772772509.300395,
      "chain_id": "v27",
      "price": 59026.61087922936,
      "metadata": {
        "fork_sustained": true,
        "fork_depth": 95
      }
    },
    {
      "timestamp": 1772772509.300401,
      "chain_id": "v26",
      "price": 60320.58912077064,
      "metadata": {
        "fork_sustained": true,
        "fork_depth": 95
      }
    },
    {
      "timestamp": 1772772569.8237102,
      "chain_id": "v27",
      "price": 59056.67612498839,
      "metadata": {
        "fork_sustained": true,
        "fork_depth": 121
      }
    },
    {
      "timestamp": 1772772569.8237166,
      "chain_id": "v26",
      "price": 60290.52387501162,
      "metadata": {
        "fork_sustained": true,
        "fork_depth": 121
      }
    },
    {
      "timestamp": 1772772630.2693365,
      "chain_id": "v27",
      "price": 59088.52340702774,
      "metadata": {
        "fork_sustained": true,
        "fork_depth": 142
      }
    },
    {
      "timestamp": 1772772630.2693462,
      "chain_id": "v26",
      "price": 60258.676592972275,
      "metadata": {
        "fork_sustained": true,
        "fork_depth": 142
      }
    },
    {
      "timestamp": 1772772690.9370418,
      "chain_id": "v27",
      "price": 59131.31425616882,
      "metadata": {
        "fork_sustained": true,
        "fork_depth": 173
      }
    },
    {
      "timestamp": 1772772690.937049,
      "chain_id": "v26",
      "price": 60215.88574383118,
      "metadata": {
        "fork_sustained": true,
        "fork_depth": 173
      }
    },
    {
      "timestamp": 1772772751.4923077,
      "chain_id": "v27",
      "price": 59031.51268598506,