{
  "blocks_mined": {
    "v27": 117,
    "v26": 805
  },
  "total_blocks": 922,
  "final_hashrate": {
    "v27": 0.0,
    "v26": 86.4
  },
  "final_economic": {
    "v27": 43.03727819279384,
    "v26": 56.96272180720615
  },
  "final_prices": {
    "v27": 54300.235967416935,
    "v26": 65046.96403258307
  }
}