{
  "config": {
    "base_price": 60000,
    "max_divergence": 0.2,
    "coefficients": {
      "chain_weight": 0.3,
      "economic_weight": 0.5,
      "hashrate_weight": 0.2
    }
  },
  "current_prices": {
    "v27": 59181.78760758249,
    "v26": 60165.41239241751
  },
  "timeline": {
    "timestamps": [
      1772617929.810219,
      1772617990.9359376,
      1772617990.9359457,
      1772618051.9102564,
      1772618051.910265,
      1772618112.3032172,
      1772618112.3032267,
      1772618172.3959122,
      1772618172.3959208,
      1772618232.9341683,
      1772618232.9341736,
      1772618293.4175084,
      1772618293.4175146,
      1772618354.0396166,
      1772618354.039625,
      1772618414.6363142,
      1772618414.6363213,
      1772618475.345316,
      1772618475.3453214,
      1772618535.8971746,
      1772618535.8971798,
      1772618595.9362698,
      1772618595.9362755,
      1772618656.804501,
      1772618656.804509,
      1772618717.3146186,
      1772618717.3146272,
      1772618777.9108377,
      1772618777.9108458,
      1772618838.5778127,
      1772618838.5778182,
      1772618899.5696647,
      1772618899.569671,
      1772618959.8064044,
      1772618959.8064122,
      1772619020.109234,
      1772619020.1092403,
      1772619080.3173287,
      1772619080.3173342,
      1772619141.2292197,
      1772619141.229228,
      1772619202.123134,
      1772619202.1231396,
      1772619263.0772777,
      1772619263.0772848,
      1772619323.1468685,
      1772619323.146874,
      1772619383.99995,
      1772619383.9999554,
      1772619444.616632,
      1772619444.6166372,
      1772619505.2682345,
      1772619505.2682421,
      1772619565.8250363,
      1772619565.825044,
      1772619626.446383,
      1772619626.4463887,
      1772619687.0151048,
      1772619687.0151107
    ],
    "v27_prices": [
      60000,
      60948.89005162586,
      60948.89005162586,
      61272.89005162585,
      61272.89005162585,
      61437.46148019728,
      61437.46148019728,
      61432.0479463627,
      61432.0479463627,
      61462.11319212172,
      61462.11319212172,
      61521.61732435313,
      61521.61732435313,
      61536.75132330215,
      61536.75132330215,
      61421.16727934862,
      61421.16727934862,
      61510.428513164305,
      61510.428513164305,
      62513.19893193472,
      62513.19893193472,
      62633.50343787878,
      62633.50343787878,
      62734.99312534898,
      62734.99312534898,
      62822.691751342565,
      62822.691751342565,
      62909.704309820336,
      62909.704309820336,
      62996.62720277351,
      62996.62720277351,
      63086.063533751294,
      63086.063533751294,
      63153.81098124347,
      63153.81098124347,
      63194.19350990359,
      63194.19350990359,
      63253.16338502249,
      63253.16338502249,
      60444.50976579859,
      60444.50976579859,
      60249.525729340734,
      60249.525729340734,
      60075.28064682731,
      60075.28064682731,
      59929.01618483624,
      59929.01618483624,
      59778.85046793197,
      59778.85046793197,
      59640.67939640998,
      59640.67939640998,
      59502.01094902736,
      59502.01094902736,
      59392.318264827285,
      59392.318264827285,
      59280.33525716366,
      59280.33525716366,
      59181.78760758249,
      59181.78760758249
    ],
    "v26_prices": [
      60000,
      60000,
      58398.309948374146,
      58398.309948374146,
      58074.30994837415,
      58074.30994837415,
      57909.738519802726,
      57909.738519802726,
      57915.152053637314,
      57915.152053637314,
      57885.08680787829,
      57885.08680787829,
      57825.58267564688,
      57825.58267564688,
      57810.44867669785,
      57810.44867669785,
      57926.03272065138,
      57926.03272065138,
      57836.77148683569,
      57836.77148683569,
      56834.00106806526,
      56834.00106806526,
      56713.69656212122,
      56713.69656212122,
      56612.20687465103,
      56612.20687465103,
      56524.50824865744,
      56524.50824865744,
      56437.49569017966,
      56437.49569017966,
      56350.572797226494,
      56350.572797226494,
      56261.136466248696,
      56261.136466248696,
      56193.38901875653,
      56193.38901875653,
      56153.00649009641,
      56153.00649009641,
      56094.03661497751,
      56094.03661497751,
      58902.69023420141,
      58902.69023420141,
      59097.67427065926,
      59097.67427065926,
      59271.91935317271,
      59271.91935317271,
      59418.18381516376,
      59418.18381516376,
      59568.349532068045,
      59568.349532068045,
      59706.52060359003,
      59706.52060359003,
      59845.18905097264,
      59845.18905097264,
      59954.88173517272,
      59954.88173517272,
      60066.86474283634,
      60066.86474283634,
      60165.41239241751
    ]
  },
  "history": [
    {
      "timestamp": 1772617929.810219,
      "chain_id": "v27",
      "price": 60000,
      "metadata": {
        "initial": true
      }
    },
    {
      "timestamp": 1772617929.810219,
      "chain_id": "v26",
      "price": 60000,
      "metadata": {
        "initial": true
      }
    },
    {
      "timestamp": 1772617990.9359376,
      "chain_id": "v27",
      "price": 60948.89005162586,
      "metadata": {
        "fork_sustained": true,
        "fork_depth": 24
      }
    },
    {
      "timestamp": 1772617990.9359457,
      "chain_id": "v26",
      "price": 58398.309948374146,
      "metadata": {
        "fork_sustained": true,
        "fork_depth": 24
      }
    },
    {
      "timestamp": 1772618051.9102564,
      "chain_id": "v27",
      "price": 61272.89005162585,
      "metadata": {
        "fork_sustained": true,
        "fork_depth": 50
      }
    },
    {
      "timestamp": 1772618051.910265,
      "chain_id": "v26",
      "price": 58074.30994837415,
      "metadata": {
        "fork_sustained": true,
        "fork_depth": 50
      }
    },
    {
      "timestamp": 1772618112.3032172,
      "chain_id": "v27",
      "price": 61437.46148019728,
      "metadata": {
        "fork_sustained": true,
        "fork_depth": 70
      }
    },
    {
      "timestamp": 1772618112.3032267,
      "chain_id": "v26",
      "price": 57909.738519802726,
      "metadata": {
        "fork_sustained": true,
        "fork_depth": 70
      }
    },
    {
      "timestamp": 1772618172.3959122,
      "chain_id": "v27",
      "price": 61432.0479463627,
      "metadata": {
        "fork_sustained": true,
        "fork_depth": 95
      }
    },
    {
      "timestamp": 1772618172.3959208,
      "chain_id": "v26",
      "price": 57915.152053637314,
      "metadata": {
        "fork_sustained": true,
        "fork_depth": 95
      }
    },
    {
      "timestamp": 1772618232.9341683,
      "chain_id": "v27",
      "price": 61462.11319212172,
      "metadata": {
        "fork_sustained": true,
        "fork_depth": 121
      }
    },
    {
      "timestamp": 1772618232.9341736,
      "chain_id": "v26",
      "price": 57885.08680787829,
      "metadata": {
        "fork_sustained": true,
        "fork_depth": 121
      }
    },
    {
      "timestamp": 1772618293.4175084,
      "chain_id": "v27",
      "price": 61521.61732435313,
      "metadata": {
        "fork_sustained": true,
        "fork_depth": 143
      }
    },
    {
      "timestamp": 1772618293.4175146,
      "chain_id": "v26",
      "price": 57825.58267564688,
      "metadata": {
        "fork_sustained": true,
        "fork_depth": 143
      }
    },
    {
      "timestamp": 1772618354.0396166,
      "chain_id": "v27",
      "price": 61536.75132330215,
      "metadata": {
        "fork_sustained": true,
        "fork_depth": 173
      }
    },
    {
      "timestamp": 1772618354.039625,
      "chain_id": "v26",
      "price": 57810.44867669785,
      "metadata": {
        "fork_sustained": true,
        "fork_depth": 173
      }
    },
    {
      "timestamp": 1772618414.6363142,
      "chain_id": "v27",
      "price": 61421.16727934862,