{
  "blocks_mined": {
    "v27": 437,
    "v26": 758
  },
  "total_blocks": 1195,
  "final_hashrate": {
    "v27": 0.0,
    "v26": 86.4
  },
  "final_economic": {
    "v27": 70.16741709688209,
    "v26": 29.832582903117906
  },
  "final_prices": {
    "v27": 59181.78760758249,
    "v26": 60165.41239241751
  }
}