{
  "blocks_mined": {
    "v27": 27,
    "v26": 532
  },
  "total_blocks": 559,
  "final_hashrate": {
    "v27": 0.0,
    "v26": 86.4
  },
  "final_economic": {
    "v27": 0.0,
    "v26": 100.0
  },
  "final_prices": {
    "v27": 48365.11156186613,
    "v26": 70982.08843813388
  }
}