{
  "blocks_mined": {
    "v27": 5,
    "v26": 1014
  },
  "total_blocks": 1019,
  "final_hashrate": {
    "v27": 0.0,
    "v26": 86.4
  },
  "final_economic": {
    "v27": 0.0,
    "v26": 100.0
  },
  "final_prices": {
    "v27": 48037.15170278639,
    "v26": 71310.04829721364
  }
}