{
  "blocks_mined": {
    "v27": 161,
    "v26": 5
  },
  "total_blocks": 166,
  "final_hashrate": {
    "v27": 86.4,
    "v26": 0.0
  },
  "final_economic": {
    "v27": 100.0,
    "v26": 0.0
  },
  "final_prices": {
    "v27": 71138.50434782609,
    "v26": 48208.69565217392
  }
}