{
  "blocks_mined": {
    "v27": 743,
    "v26": 45
  },
  "total_blocks": 788,
  "final_hashrate": {
    "v27": 86.4,
    "v26": 0.0
  },
  "final_economic": {
    "v27": 100.0,
    "v26": 0.0
  },
  "final_prices": {
    "v27": 70956.20662251656,
    "v26": 48390.99337748345
  }
}