{
  "blocks_mined": {
    "v27": 179,
    "v26": 19
  },
  "total_blocks": 198,
  "final_hashrate": {
    "v27": 86.4,
    "v26": 0.0
  },
  "final_economic": {
    "v27": 100.0,
    "v26": 0.0
  },
  "final_prices": {
    "v27": 70532.10566037736,
    "v26": 48815.09433962264
  }
}