{
  "blocks_mined": {
    "v27": 2998,
    "v26": 208
  },
  "total_blocks": 3206,
  "final_hashrate": {
    "v27": 86.4,
    "v26": 0.0
  },
  "final_economic": {
    "v27": 100.0,
    "v26": 0.0
  },
  "final_prices": {
    "v27": 70780.2695190178,
    "v26": 48566.930480982206
  }
}