{
  "blocks_mined": {
    "v27": 425,
    "v26": 98
  },
  "total_blocks": 523,
  "final_hashrate": {
    "v27": 86.4,
    "v26": 0.0
  },
  "final_economic": {
    "v27": 100.0,
    "v26": 0.0
  },
  "final_prices": {
    "v27": 69945.5606557377,
    "v26": 49401.6393442623
  }
}