{
  "timestamps": [
    0,
    60,
    120,
    180,
    240,
    301,
    362,
    422,
    483,
    543,
    604,
    664,
    725,
    786,
    846,
    907,
    967,
    1028,
    1089,
    1150,
    1210,
    1271,
    1332,
    1392,
    1453,
    1513,
    1573,
    1634,
    1694,
    1755,
    1816,
    1877,
    1937,
    1998,
    2058,
    2119,
    2179,
    2240,
    2301,
    2361,
    2421,
    2482,
    2500
  ],
  "v27_price": [
    60000,
    60000,
    54000.0,
    54000.0,
    54000.0,
    54000.0,
    54000.0,
    54000.0,
    54000.0,
    54000.0,
    54000.0,
    54000.0,
    54000.0,
    54000.0,
    54000.0,
    54000.0,
    54000.0,
    54000.0,
    54000.0,
    54000.0,
    54000.0,
    54000.0,
    54000.0,
    54000.0,
    54000.0,
    54010.732230911155,
    54010.23758702935,
    54009.696460863786,
    54009.32383471265,
    54008.978788072614,
    54008.66292268413,
    54008.31541766817,
    54008.06273860965,
    54007.81574324367,
    54007.58343106996,
    54007.39663375024,
    54007.20782199958,
    54006.98974668058,
    54006.83312640388,
    54006.660017304384,
    54006.46484604145,
    54006.305196780595,
    54006.148462660596
  ],
  "v26_price": [
    60000,
    60000,
    65921.76000000001,
    65921.76000000001,
    65921.76000000001,
    65921.76000000001,
    65921.76000000001,
    65921.76000000001,
    65921.76000000001,
    65921.76000000001,
    65921.76000000001,
    65921.76000000001,
    65921.76000000001,
    65921.76000000001,
    65921.76000000001,
    65921.76000000001,
    65921.76000000001,
    65921.76000000001,
    65921.76000000001,
    65921.76000000001,
    65921.76000000001,
    65921.76000000001,
    65921.76000000001,
    65921.76000000001,
    65921.76000000001,
    65911.02776908885,
    65911.52241297065,
    65912.06353913622,
    65912.43616528735,
    65912.78121192739,
    65913.09707731588,
    65913.44458233184,
    65913.69726139035,
    65913.94425675632,
    65914.17656893004,
    65914.36336624976,
    65914.55217800042,
    65914.77025331942,
    65914.92687359611,
    65915.09998269561,
    65915.29515395855,
    65915.45480321941,
    65915.61153733941
  ],
  "v27_hashrate": [
    0.0,
    0.0,
    0.0,
    0.0,
    0.0,
    0.0,
    0.0,
    0.0,
    0.0,
    0.0,
    0.0,
    0.0,
    0.0,
    0.0,
    0.0,
    0.0,
    0.0,
    0.0,
    0.0,
    0.0,
    0.0,
    0.0,
    0.0,
    0.0,
    0.0,
    0.0,
    0.0,
    0.0,
    0.0,
    0.0,
    0.0,
    0.0,
    0.0,
    0.0,
    0.0,
    0.0,
    0.0,
    0.0,
    0.0,
    0.0,
    0.0,
    0.0,
    0.0
  ],
  "v26_hashrate": [
    98.36999999999999,
    98.36999999999999,
    98.36999999999999,
    98.36999999999999,
    98.36999999999999,
    98.36999999999999,
    98.36999999999999,
    98.36999999999999,
    98.36999999999999,
    98.36999999999999,
    98.36999999999999,
    98.36999999999999,
    98.36999999999999,
    98.36999999999999,
    98.36999999999999,
    98.36999999999999,
    98.36999999999999,
    98.36999999999999,
    98.36999999999999,
    98.36999999999999,
    98.36999999999999,
    98.36999999999999,
    98.36999999999999,
    98.36999999999999,
    98.36999999999999,
    98.36999999999999,
    98.36999999999999,
    98.36999999999999,
    98.36999999999999,
    98.36999999999999,
    98.36999999999999,
    98.36999999999999,
    98.36999999999999,
    98.36999999999999,
    98.36999999999999,
    98.36999999999999,
    98.36999999999999,
    98.36999999999999,
    98.36999999999999,
    98.36999999999999,
    98.36999999999999,
    98.36999999999999,
    98.36999999999999
  ],
  "v27_economic": [
    50.0,
    50.0,
    50.0,
    50.0,
    50.0,
    50.0,
    50.0,
    50.0,
    50.0,
    50.0,
    50.0,
    50.0,
    50.0,
    50.0,
    50.0,
    50.0,
    50.0,
    50.0,
    50.0,
    50.0,
    50.0,
    50.0,
    50.0,
    50.0,
    50.0,
    50.0,
    50.0,
    50.0,
    50.0,
    50.0,
    50.0,
    50.0,
    50.0,
    50.0,
    50.0,
    50.0,
    50.0,
    50.0,
    50.0,
    50.0,
    50.0,
    50.0,
    50.0
  ],
  "v26_economic": [
    50.0,
    50.0,
    50.0,
    50.0,
    50.0,
    50.0,
    50.0,
    50.0,
    50.0,
    50.0,
    50.0,
    50.0,
    50.0,
    50.0,
    50.0,
    50.0,
    50.0,
    50.0,
    50.0,
    50.0,
    50.0,
    50.0,
    50.0,
    50.0,
    50.0,
    50.0,
    50.0,
    50.0,
    50.0,
    50.0,
    50.0,
    50.0,
    50.0,
    50.0,
    50.0,
    50.0,
    50.0,
    50.0,
    50.0,
    50.0,
    50.0,
    50.0,
    50.0
  ],
  "v27_blocks": [
    0,
    0,
    0,
    0,
    0,
    0,
    0,
    0,
    0,
    0,
    0,
    0,
    0,
    0,
    0,
    0,
    0,
    0,
    0,
    0,
    0,
    0,
    0,
    0,
    1,
    1,
    1,
    1,
    1,
    1,
    1,
    1,
    1,
    1,
    1,
    1,
    1,
    1,
    1,
    1,
    1,
    1,
    1
  ],
  "v26_blocks": [
    0,
    23,
    49,
    84,
    109,
    141,
    162,
    188,
    221,
    258,
    286,
    317,
    351,
    383,
    414,
    440,
    467,
    497,
    523,
    554,
    586,
    624,
    664,
    690,
    718,
    752,
    793,
    824,
    855,
    883,
    915,
    940,
    966,
    992,
    1015,
    1042,
    1075,
    1100,
    1129,
    1164,
    1195,
    1227,
    1236
  ],
  "v27_difficulty": [
    1.0,
    1.0,
    1.0,
    1.0,
    1.0,
    1.0,
    1.0,
    1.0,
    1.0,
    1.0,
    1.0,
    1.0,
    1.0,
    1.0,
    1.0,
    1.0,
    1.0,
    1.0,
    1.0,
    1.0,
    1.0,
    1.0,
    1.0,
    1.0,
    1.0,
    1.0,
    1.0,
    1.0,
    1.0,
    1.0,
    1.0,
    1.0,
    1.0,
    1.0,
    1.0,
    1.0,
    1.0,
    1.0,
    1.0,
    1.0,
    1.0,
    1.0,
    1.0
  ],
  "v26_difficulty": [
    1.0,
    1.0,
    1.0,
    1.0,
    1.0,
    1.0,
    0.9260450160771704,
    0.9260450160771704,
    0.9260450160771704,
    0.9260450160771704,
    0.9260450160771704,
    0.9040710665431358,
    0.9040710665431358,
    0.9040710665431358,
    0.9040710665431358,
    0.9433785042189243,
    0.9433785042189243,
    0.9433785042189243,
    0.9433785042189243,
    0.9433785042189243,
    0.8907967515247548,
    0.8907967515247548,
    0.8907967515247548,
    0.8907967515247548,
    0.8907967515247548,
    0.9572741210415275,
    0.9572741210415275,
    0.9572741210415275,
    0.9572741210415275,
    1.0854131766140154,
    1.0854131766140154,
    1.0854131766140154,
    1.0854131766140154,
    1.0854131766140154,
    0.9444078394708049,
    0.9444078394708049,
    0.9444078394708049,
    0.9444078394708049,
    0.9444078394708049,
    0.9096637383531498,
    0.9096637383531498,
    0.9096637383531498,
    0.9096637383531498
  ],
  "v27_chainwork": [
    0.0,
    0.0,
    0.0,
    0.0,
    0.0,
    0.0,
    0.0,
    0.0,
    0.0,
    0.0,
    0.0,
    0.0,
    0.0,
    0.0,
    0.0,
    0.0,
    0.0,
    0.0,
    0.0,
    0.0,
    0.0,
    0.0,
    0.0,
    0.0,
    1.0,
    1.0,
    1.0,
    1.0,
    1.0,
    1.0,
    1.0,
    1.0,
    1.0,
    1.0,
    1.0,
    1.0,
    1.0,
    1.0,
    1.0,
    1.0,
    1.0,
    1.0,
    1.0
  ],
  "v26_chainwork": [
    0.0,
    23.0,
    49.0,
    84.0,
    109.0,
    141.0,
    160.66881028938928,
    184.74598070739603,
    215.30546623794305,
    249.5691318327988,
    275.4983922829599,
    303.5685432448645,
    334.30695950733025,
    363.2372336367098,
    391.2634366995462,
    415.0837439310735,
    440.55496354498416,
    468.85631867155155,
    493.3841597812433,
    522.6288934120296,
    552.2911880200927,
    586.1414645780314,
    621.7733346390196,
    644.9340501786619,
    669.8763592213536,
    702.2907245977331,
    741.5389635604372,
    771.2144613127257,
    800.8899590650142,
    830.1282765100542,
    864.8614981617021,
    891.996827577052,
    920.217570169016,
    948.4383127609799,
    972.4157784630997,
    997.9147901288125,
    1029.0802488313502,
    1052.6904448181213,
    1080.0782721627756,
    1112.715617330843,
    1140.9151932197915,
    1170.024432847093,
    1178.2114064922716
  ],