{
  "blocks_mined": {
    "v27": 79,
    "v26": 168
  },
  "total_blocks": 247,
  "final_hashrate": {
    "v27": 30.0,
    "v26": 56.39999999999999
  },
  "final_economic": {
    "v27": 50.12210820410434,
    "v26": 49.87789179589566
  },
  "final_prices": {
    "v27": 57621.999923268035,
    "v26": 61725.20007673197
  }
}