{
  "config": {
    "base_price": 60000,
    "max_divergence": 0.2,
    "coefficients": {
      "chain_weight": 0.3,
      "economic_weight": 0.5,
      "hashrate_weight": 0.2
    }
  },
  "current_prices": {
    "v27": 66854.97617237567,
    "v26": 53066.78382762433
  },
  "timeline": {
    "timestamps": [
      1772211095.7675354,
      1772211156.7400491,
      1772211156.7400572,
      1772211217.117127,
      1772211217.1171331,
      1772211278.0810537,
      1772211278.0810587,
      1772211338.9114707,
      1772211338.911476,
      1772211399.7732606,
      1772211399.7732716,
      1772211460.3994632,
      1772211460.399471,
      1772211521.2536376,
      1772211521.2536433,
      1772211582.1461315,
      1772211582.1461403,
      1772211643.144129,
      1772211643.1441374,
      1772211703.3912966,
      1772211703.3913074,
      1772211764.1258457,
      1772211764.1258519,
      1772211824.9606268,
      1772211824.9606326,
      1772211885.158784,
      1772211885.1587927,
      1772211945.884604,
      1772211945.8846104,
      1772212006.5985727,
      1772212006.5985818,
      1772212067.2656562,
      1772212067.265664,
      1772212127.292777,
      1772212127.292785,
      1772212188.1949704,
      1772212188.194976,
      1772212249.1390915,
      1772212249.139099,
      1772212310.010324,
      1772212310.0103319,
      1772212371.021053,
      1772212371.0210605,
      1772212431.1884792,
      1772212431.1884847,
      1772212491.3379815,
      1772212491.3379884,
      1772212552.2320912,
      1772212552.2320988,
      1772212612.7647896,
      1772212612.7647967,
      1772212673.7063215,
      1772212673.706328,
      1772212734.633914,
      1772212734.633922,
      1772212795.6021097,
      1772212795.602115,
      1772212856.492921,
      1772212856.4929268
    ],
    "v27_prices": [
      60000,
      65155.560939058225,
      65155.560939058225,
      65333.58291708021,
      65333.58291708021,
      65308.69095510961,
      65308.69095510961,
      65251.192580144416,
      65251.192580144416,
      65193.275224772515,
      65193.275224772515,
      65206.989510486805,
      65206.989510486805,
      65172.703796201095,
      65172.703796201095,
      65124.20205404083,
      65124.20205404083,
      65026.53838266727,
      65026.53838266727,
      65925.82907092637,
      65925.82907092637,
      66041.6221274274,
      66041.6221274274,
      66157.03371533856,
      66157.03371533856,
      66231.32079439278,
      66231.32079439278,
      66302.24054543761,
      66302.24054543761,
      66364.91012410139,
      66364.91012410139,
      66418.65827562,
      66418.65827562,
      66472.47522477253,
      66472.47522477253,
      66525.43793663694,
      66525.43793663694,
      66573.99138818283,
      66573.99138818283,
      66617.80702849012,
      66617.80702849012,
      66654.76279454556,
      66654.76279454556,
      66694.66154257866,
      66694.66154257866,
      66704.37722700721,
      66704.37722700721,
      66735.00916019929,
      66735.00916019929,
      66767.98046395768,
      66767.98046395768,
      66794.01044060901,
      66794.01044060901,
      66815.83582177167,
      66815.83582177167,
      66836.10410083,
      66836.10410083,
      66854.97617237567,
      66854.97617237567
    ],
    "v26_prices": [
      60000,
      60000,
      54766.19906094177,
      54766.19906094177,
      54588.17708291979,
      54588.17708291979,
      54613.069044890406,
      54613.069044890406,
      54670.56741985558,
      54670.56741985558,
      54728.48477522749,
      54728.48477522749,
      54714.7704895132,
      54714.7704895132,
      54749.05620379891,
      54749.05620379891,
      54797.55794595919,
      54797.55794595919,
      54895.22161733275,
      54895.22161733275,
      53995.930929073635,
      53995.930929073635,
      53880.13787257261,
      53880.13787257261,
      53764.72628466145,
      53764.72628466145,
      53690.439205607225,
      53690.439205607225,
      53619.5194545624,
      53619.5194545624,
      53556.849875898624,
      53556.849875898624,
      53503.10172438002,
      53503.10172438002,
      53449.28477522748,
      53449.28477522748,
      53396.32206336307,
      53396.32206336307,
      53347.76861181718,
      53347.76861181718,
      53303.9529715099,
      53303.9529715099,
      53266.99720545445,
      53266.99720545445,
      53227.098457421336,
      53227.098457421336,
      53217.382772992794,
      53217.382772992794,
      53186.75083980072,
      53186.75083980072,
      53153.77953604234,
      53153.77953604234,
      53127.749559390984,
      53127.749559390984,
      53105.92417822833,
      53105.92417822833,
      53085.65589917002,
      53085.65589917002,
      53066.78382762433
    ]
  },
  "history": [
    {
      "timestamp": 1772211095.7675354,
      "chain_id": "v27",
      "price": 60000,
      "metadata": {
        "initial": true
      }
    },
    {
      "timestamp": 1772211095.7675354,
      "chain_id": "v26",
      "price": 60000,
      "metadata": {
        "initial": true
      }
    },
    {
      "timestamp": 1772211156.7400491,
      "chain_id": "v27",
      "price": 65155.560939058225,
      "metadata": {
        "fork_sustained": true,
        "fork_depth": 28
      }
    },
    {
      "timestamp": 1772211156.7400572,
      "chain_id": "v26",
      "price": 54766.19906094177,
      "metadata": {
        "fork_sustained": true,
        "fork_depth": 28
      }
    },
    {
      "timestamp": 1772211217.117127,
      "chain_id": "v27",
      "price": 65333.58291708021,
      "metadata": {
        "fork_sustained": true,
        "fork_depth": 65
      }
    },
    {
      "timestamp": 1772211217.1171331,
      "chain_id": "v26",
      "price": 54588.17708291979,
      "metadata": {
        "fork_sustained": true,
        "fork_depth": 65
      }
    },
    {
      "timestamp": 1772211278.0810537,
      "chain_id": "v27",
      "price": 65308.69095510961,
      "metadata": {
        "fork_sustained": true,
        "fork_depth": 89
      }
    },
    {
      "timestamp": 1772211278.0810587,
      "chain_id": "v26",
      "price": 54613.069044890406,
      "metadata": {
        "fork_sustained": true,
        "fork_depth": 89
      }
    },
    {
      "timestamp": 1772211338.9114707,
      "chain_id": "v27",
      "price": 65251.192580144416,
      "metadata": {
        "fork_sustained": true,
        "fork_depth": 121
      }
    },
    {
      "timestamp": 1772211338.911476,
      "chain_id": "v26",
      "price": 54670.56741985558,
      "metadata": {
        "fork_sustained": true,
        "fork_depth": 121
      }
    },
    {
      "timestamp": 1772211399.7732606,
      "chain_id": "v27",
      "price": 65193.275224772515,
      "metadata": {
        "fork_sustained": true,
        "fork_depth": 150
      }
    },
    {
      "timestamp": 1772211399.7732716,
      "chain_id": "v26",
      "price": 54728.48477522749,
      "metadata": {
        "fork_sustained": true,
        "fork_depth": 150
      }
    },
    {
      "timestamp": 1772211460.3994632,
      "chain_id": "v27",
      "price": 65206.989510486805,
      "metadata": {
        "fork_sustained": true,
        "fork_depth": 175
      }
    },
    {
      "timestamp": 1772211460.399471,
      "chain_id": "v26",
      "price": 54714.7704895132,
      "metadata": {
        "fork_sustained": true,
        "fork_depth": 175
      }
    },
    {
      "timestamp": 1772211521.2536376,
      "chain_id": "v27",
      "price": 65172.703796201095,
      "metadata": {
        "fork_sustained": true,
        "fork_depth": 210
      }
    },
    {
      "timestamp": 1772211521.2536433,
      "chain_id": "v26",
      "price": 54749.05620379891,
      "metadata": {
        "fork_sustained": true,
        "fork_depth": 210
      }
    },
    {
      "timestamp": 1772211582.1461315,
      "chain_id": "v27",
      "price": 65124.20205404083,