{
  "config": {
    "base_price": 60000,
    "max_divergence": 0.2,
    "coefficients": {
      "chain_weight": 0.3,
      "economic_weight": 0.5,
      "hashrate_weight": 0.2
    }
  },
  "current_prices": {
    "v27": 57991.932234912034,
    "v26": 61355.26776508797
  },
  "timeline": {
    "timestamps": [
      1772836460.8719664,
      1772836522.1034405,
      1772836522.103452,
      1772836582.5489252,
      1772836582.5489328,
      1772836642.9110932,
      1772836642.9111013,
      1772836703.0620222,
      1772836703.0620286,
      1772836763.6027658,
      1772836763.602771,
      1772836824.065648,
      1772836824.0656552,
      1772836884.8808343,
      1772836884.8808405,
      1772836945.5489426,
      1772836945.5489554,
      1772837006.296096,
      1772837006.2961042,
      1772837066.9128366,
      1772837066.912845,
      1772837127.9231582,
      1772837127.9231677,
      1772837187.945187,
      1772837187.945193,
      1772837248.4788306,
      1772837248.4788368,
      1772837309.439035,
      1772837309.4390435,
      1772837370.180087,
      1772837370.180098,
      1772837430.8087287,
      1772837430.8087366,
      1772837491.4525716,
      1772837491.4525795,
      1772837551.8496914,
      1772837551.849699,
      1772837612.639814,
      1772837612.6398218,
      1772837672.7750916,
      1772837672.775099,
      1772837733.0096295,
      1772837733.009637,
      1772837793.14409,
      1772837793.1440988,
      1772837853.2272992,
      1772837853.2273061,
      1772837913.944065,
      1772837913.9440732,
      1772837974.463882,
      1772837974.4638875,
      1772838035.0610797,
      1772838035.0610852,
      1772838095.6379812,
      1772838095.637986,
      1772838156.2114727,
      1772838156.2114825,
      1772838216.770499,
      1772838216.7705061
    ],
    "v27_prices": [
      60000,
      59986.715224772524,
      59986.715224772524,
      60310.71522477252,
      60310.71522477252,
      60417.15000738122,
      60417.15000738122,
      60469.873119509364,
      60469.873119509364,
      60499.93836526839,
      60499.93836526839,
      60531.78564730773,
      60531.78564730773,
      60574.57649644882,
      60574.57649644882,
      60474.77492626506,
      60474.77492626506,
      60531.350417905574,
      60531.350417905574,
      61162.22410508139,
      61162.22410508139,
      61291.88235871846,
      61291.88235871846,
      61347.06256948794,
      61347.06256948794,
      61381.13930170866,
      61381.13930170866,
      61445.169524619414,
      61445.169524619414,
      61480.22934291804,
      61480.22934291804,
      61538.86356735752,
      61538.86356735752,
      61543.87279688711,
      61543.87279688711,
      61574.24584291048,
      61574.24584291048,
      61619.262507625455,
      61619.262507625455,
      59178.39923281022,
      59178.39923281022,
      59009.68538073421,
      59009.68538073421,
      58849.111039496565,
      58849.111039496565,
      58693.09870511593,
      58693.09870511593,
      58529.700004882514,
      58529.700004882514,
      58416.61453196085,
      58416.61453196085,
      58293.580051644494,
      58293.580051644494,
      58190.28654019932,
      58190.28654019932,
      58086.657241447865,
      58086.657241447865,
      57991.932234912034,
      57991.932234912034
    ],
    "v26_prices": [
      60000,
      60000,
      59360.48477522749,
      59360.48477522749,
      59036.48477522749,
      59036.48477522749,
      58930.04999261879,
      58930.04999261879,
      58877.32688049065,
      58877.32688049065,
      58847.26163473162,
      58847.26163473162,
      58815.41435269228,
      58815.41435269228,
      58772.623503551185,
      58772.623503551185,
      58872.42507373495,
      58872.42507373495,
      58815.84958209444,
      58815.84958209444,
      58184.9758949186,
      58184.9758949186,
      58055.317641281545,
      58055.317641281545,
      58000.13743051207,
      58000.13743051207,
      57966.06069829134,
      57966.06069829134,
      57902.0304753806,
      57902.0304753806,
      57866.97065708196,
      57866.97065708196,
      57808.33643264248,
      57808.33643264248,
      57803.327203112894,
      57803.327203112894,
      57772.954157089516,
      57772.954157089516,
      57727.93749237455,
      57727.93749237455,
      60168.800767189794,
      60168.800767189794,
      60337.5146192658,
      60337.5146192658,
      60498.08896050345,
      60498.08896050345,
      60654.10129488407,
      60654.10129488407,
      60817.49999511749,
      60817.49999511749,
      60930.58546803916,
      60930.58546803916,
      61053.61994835552,
      61053.61994835552,
      61156.913459800686,
      61156.913459800686,
      61260.54275855215,
      61260.54275855215,
      61355.26776508797
    ]
  },
  "history": [
    {
      "timestamp": 1772836460.8719664,
      "chain_id": "v27",
      "price": 60000,
      "metadata": {
        "initial": true
      }
    },
    {
      "timestamp": 1772836460.8719664,
      "chain_id": "v26",
      "price": 60000,
      "metadata": {
        "initial": true
      }
    },
    {
      "timestamp": 1772836522.1034405,
      "chain_id": "v27",
      "price": 59986.715224772524,
      "metadata": {
        "fork_sustained": true,
        "fork_depth": 24
      }
    },
    {
      "timestamp": 1772836522.103452,
      "chain_id": "v26",
      "price": 59360.48477522749,
      "metadata": {
        "fork_sustained": true,
        "fork_depth": 24
      }
    },
    {
      "timestamp": 1772836582.5489252,
      "chain_id": "v27",
      "price": 60310.71522477252,
      "metadata": {
        "fork_sustained": true,
        "fork_depth": 50
      }
    },
    {
      "timestamp": 1772836582.5489328,
      "chain_id": "v26",
      "price": 59036.48477522749,
      "metadata": {
        "fork_sustained": true,
        "fork_depth": 50
      }
    },
    {
      "timestamp": 1772836642.9110932,
      "chain_id": "v27",
      "price": 60417.15000738122,
      "metadata": {
        "fork_sustained": true,
        "fork_depth": 69
      }
    },
    {
      "timestamp": 1772836642.9111013,
      "chain_id": "v26",
      "price": 58930.04999261879,
      "metadata": {
        "fork_sustained": true,
        "fork_depth": 69
      }
    },
    {
      "timestamp": 1772836703.0620222,
      "chain_id": "v27",
      "price": 60469.873119509364,
      "metadata": {
        "fork_sustained": true,
        "fork_depth": 95
      }
    },
    {
      "timestamp": 1772836703.0620286,
      "chain_id": "v26",
      "price": 58877.32688049065,
      "metadata": {
        "fork_sustained": true,
        "fork_depth": 95
      }
    },
    {
      "timestamp": 1772836763.6027658,
      "chain_id": "v27",
      "price": 60499.93836526839,
      "metadata": {
        "fork_sustained": true,
        "fork_depth": 121
      }
    },
    {
      "timestamp": 1772836763.602771,
      "chain_id": "v26",
      "price": 58847.26163473162,
      "metadata": {
        "fork_sustained": true,
        "fork_depth": 121
      }
    },
    {
      "timestamp": 1772836824.065648,
      "chain_id": "v27",
      "price": 60531.78564730773,
      "metadata": {
        "fork_sustained": true,
        "fork_depth": 142
      }
    },
    {
      "timestamp": 1772836824.0656552,
      "chain_id": "v26",
      "price": 58815.41435269228,
      "metadata": {
        "fork_sustained": true,
        "fork_depth": 142
      }
    },
    {
      "timestamp": 1772836884.8808343,
      "chain_id": "v27",
      "price": 60574.57649644882,
      "metadata": {
        "fork_sustained": true,
        "fork_depth": 173
      }
    },
    {
      "timestamp": 1772836884.8808405,
      "chain_id": "v26",
      "price": 58772.623503551185,
      "metadata": {
        "fork_sustained": true,
        "fork_depth": 173
      }
    },
    {
      "timestamp": 1772836945.5489426,
      "chain_id": "v27",
      "price": 60474.77492626506,