{
  "timestamps": [
    0,
    60,
    121,
    181,
    241,
    302,
    362,
    423,
    484,
    544,
    605,
    666,
    726,
    787,
    848,
    908,
    969,
    1030,
    1090,
    1151,
    1211,
    1271,
    1331,
    1391,
    1452,
    1513,
    1573,
    1634,
    1694,
    1755,
    1800
  ],
  "v27_price": [
    60000,
    60000,
    59986.715224772524,
    60310.71522477252,
    60417.15000738122,
    60469.873119509364,
    60499.93836526839,
    60531.78564730773,
    60574.57649644882,
    60474.77492626506,
    60531.350417905574,
    61162.22410508139,
    61291.88235871846,
    61347.06256948794,
    61381.13930170866,
    61445.169524619414,
    61480.22934291804,
    61538.86356735752,
    61543.87279688711,
    61574.24584291048,
    61619.262507625455,
    59178.39923281022,
    59009.68538073421,
    58849.111039496565,
    58693.09870511593,
    58529.700004882514,
    58416.61453196085,
    58293.580051644494,
    58190.28654019932,
    58086.657241447865,
    57991.932234912034
  ],
  "v26_price": [
    60000,
    60000,
    59360.48477522749,
    59036.48477522749,
    58930.04999261879,
    58877.32688049065,
    58847.26163473162,
    58815.41435269228,
    58772.623503551185,
    58872.42507373495,
    58815.84958209444,
    58184.9758949186,
    58055.317641281545,
    58000.13743051207,
    57966.06069829134,
    57902.0304753806,
    57866.97065708196,
    57808.33643264248,
    57803.327203112894,
    57772.954157089516,
    57727.93749237455,
    60168.800767189794,
    60337.5146192658,
    60498.08896050345,
    60654.10129488407,
    60817.49999511749,
    60930.58546803916,
    61053.61994835552,
    61156.913459800686,
    61260.54275855215,
    61355.26776508797
  ],
  "v27_hashrate": [
    38.1,
    38.1,
    38.1,
    38.1,
    38.1,
    38.1,
    38.1,
    38.1,
    38.1,
    38.1,
    50.5,
    50.5,
    50.5,
    50.5,
    50.5,
    50.5,
    50.5,
    50.5,
    50.5,
    50.5,
    0.0,
    0.0,
    0.0,
    0.0,
    0.0,
    0.0,
    0.0,
    0.0,
    0.0,
    0.0,
    0.0
  ],
  "v26_hashrate": [
    48.3,
    48.3,
    48.3,
    48.3,
    48.3,
    48.3,
    48.3,
    48.3,
    48.3,
    48.3,
    35.9,
    35.9,
    35.9,
    35.9,
    35.9,
    35.9,
    35.9,
    35.9,
    35.9,
    35.9,
    86.4,
    86.4,
    86.4,
    86.4,
    86.4,
    86.4,
    86.4,
    86.4,
    86.4,
    86.4,
    86.4
  ],
  "v27_economic": [
    62.14929353977099,
    62.14929353977099,
    62.14929353977099,
    62.14929353977099,
    62.14929353977099,
    62.14929353977099,
    62.14929353977099,
    62.14929353977099,
    62.14929353977099,
    62.14929353977099,
    62.14929353977099,
    62.14929353977099,
    62.14929353977099,
    62.14929353977099,
    62.14929353977099,
    62.14929353977099,
    62.14929353977099,
    62.14929353977099,
    62.14929353977099,
    62.14929353977099,
    62.14929353977099,
    62.14929353977099,
    62.14929353977099,
    62.14929353977099,
    62.14929353977099,
    62.14929353977099,
    62.14929353977099,
    62.14929353977099,
    62.14929353977099,
    62.14929353977099,
    62.14929353977099
  ],
  "v26_economic": [
    37.850706460229006,
    37.850706460229006,
    37.850706460229006,
    37.850706460229006,
    37.850706460229006,
    37.850706460229006,
    37.850706460229006,
    37.850706460229006,
    37.850706460229006,
    37.850706460229006,
    37.850706460229006,
    37.850706460229006,
    37.850706460229006,
    37.850706460229006,
    37.850706460229006,
    37.850706460229006,
    37.850706460229006,
    37.850706460229006,
    37.850706460229006,
    37.850706460229006,
    37.850706460229006,
    37.850706460229006,
    37.850706460229006,
    37.850706460229006,
    37.850706460229006,
    37.850706460229006,
    37.850706460229006,
    37.850706460229006,
    37.850706460229006,
    37.850706460229006,
    37.850706460229006
  ],
  "v27_blocks": [
    0,
    9,
    21,
    30,
    42,
    54,
    64,
    79,
    89,
    105,
    118,
    138,
    160,
    194,
    232,
    268,
    304,
    333,
    360,
    395,
    421,
    421,
    421,
    421,
    421,
    421,
    421,
    421,
    421,
    421,
    421
  ],
  "v26_blocks": [
    0,
    15,
    29,
    39,
    53,
    67,
    78,
    94,
    112,
    128,
    141,
    164,
    183,
    208,
    229,
    253,
    273,
    306,
    332,
    362,
    403,
    466,
    526,
    583,
    620,
    648,
    681,
    711,
    742,
    772,
    792
  ],
  "v27_difficulty": [
    1.0,
    1.0,
    1.0,
    1.0,
    1.0,
    1.0,
    1.0,
    1.0,
    1.0,
    1.0,
    1.0,
    1.0,
    0.4108416547788873,
    0.4108416547788873,
    0.4108416547788873,
    0.4108416547788873,
    0.4950727890222575,
    0.4950727890222575,
    0.4950727890222575,
    0.4950727890222575,
    0.4950727890222575,
    0.4950727890222575,
    0.4950727890222575,
    0.4950727890222575,
    0.4950727890222575,
    0.4950727890222575,
    0.4950727890222575,
    0.4950727890222575,
    0.4950727890222575,
    0.4950727890222575,
    0.4950727890222575
  ],
  "v26_difficulty": [
    1.0,
    1.0,
    1.0,
    1.0,
    1.0,
    1.0,
    1.0,
    1.0,
    1.0,
    1.0,
    1.0,
    0.46905537459283386,
    0.46905537459283386,
    0.46905537459283386,
    0.46905537459283386,
    0.46905537459283386,
    0.46905537459283386,
    0.3481648141307633,
    0.3481648141307633,
    0.3481648141307633,
    0.3481648141307633,
    0.430349641500686,
    0.430349641500686,
    0.860699283001372,
    0.860699283001372,
    0.860699283001372,
    0.860699283001372,
    0.860699283001372,
    0.9180792352014634,
    0.9180792352014634,
    0.9180792352014634
  ],
  "v27_chainwork": [
    0.0,
    9.0,
    21.0,
    30.0,
    42.0,
    54.0,
    64.0,
    79.0,
    89.0,
    105.0,
    118.0,
    138.0,
    150.57346647646227,
    164.5420827389446,
    180.1540656205425,
    194.9443651925826,
    211.0823629125166,
    225.43947379416213,
    238.80643909776313,
    256.1339867135422,
    269.0058792281202,
    269.0058792281202,
    269.0058792281202,
    269.0058792281202,
    269.0058792281202,
    269.0058792281202,
    269.0058792281202,
    269.0058792281202,
    269.0058792281202,
    269.0058792281202,
    269.0058792281202
  ],
  "v26_chainwork": [
    0.0,
    15.0,
    29.0,
    39.0,
    53.0,
    67.0,
    78.0,
    94.0,
    112.0,
    128.0,
    141.0,
    153.38110749185682,
    162.2931596091208,
    174.01954397394184,
    183.8697068403915,
    195.1270358306197,
    204.5081433224765,
    217.81094059572297,
    226.86322576312295,
    237.30817018704602,
    251.58292756640753,
    276.31159498722354,
    302.1325734772654,
    329.67495053331004,
    361.52082400436166,
    385.6204039284007,
    414.02348026744676,
    439.8444587574886,
    467.788495478933,
    495.3308725349764,
    513.6924572390054
  ],
  "v27_fee_rate": [
    1.0,
    1.0,
    0.011842429905214525,
    0.011842429905214525,
    0.011842429905214525,
    0.011842429905214525,
    0.011842429905214525,
    0.011842429905214525,
    0.011842429905214525,
    0.011842429905214525,
    0.011842429905214525,
    0.00893458573046878,
    0.00893458573046878,
    0.003670699986269627,
    0.003670699986269627,
    0.003670699986269627,
    0.003670699986269627,
    0.004423270276341642,
    0.004423270276341642,
    0.004423270276341642,
    0.004423270276341642,
    2.2337514895525294,
    2.2337514895525294,
    2.2337514895525294,
    2.2337514895525294,
    2.2337514895525294,
    2.2337514895525294,
    2.2337514895525294,
    2.2337514895525294,
    2.2337514895525294,
    2.2337514895525294
  ],