{
  "blocks_mined": {
    "v27": 6045,
    "v26": 150
  },
  "total_blocks": 6195,
  "final_hashrate": {
    "v27": 86.4,
    "v26": 0.0
  },
  "final_economic": {
    "v27": 100.0,
    "v26": 0.0
  },
  "final_prices": {
    "v27": 71147.3119098214,
    "v26": 48199.888090178625
  }
}