{
  "blocks_mined": {
    "v27": 4527,
    "v26": 693
  },
  "total_blocks": 5220,
  "final_hashrate": {
    "v27": 86.4,
    "v26": 0.0
  },
  "final_economic": {
    "v27": 100.0,
    "v26": 0.0
  },
  "final_prices": {
    "v27": 70346.02779539366,
    "v26": 49001.17220460636
  }
}