{
  "config": {
    "base_price": 60000,
    "max_divergence": 0.2,
    "coefficients": {
      "chain_weight": 0.3,
      "economic_weight": 0.5,
      "hashrate_weight": 0.2
    }
  },
  "current_prices": {
    "v27": 62426.561904873524,
    "v26": 56920.63809512648
  },
  "timeline": {
    "timestamps": [
      1772680760.1544409,
      1772680821.364176,
      1772680821.3641844,
      1772680882.348088,
      1772680882.3480942,
      1772680942.7485855,
      1772680942.7485914,
      1772681002.886739,
      1772681002.886744,
      1772681063.5878887,
      1772681063.5878968,
      1772681124.0632102,
      1772681124.0632162,
      1772681184.6777494,
      1772681184.677755,
      1772681245.250502,
      1772681245.2505076,
      1772681305.9699845,
      1772681305.9699905,
      1772681366.4953403,
      1772681366.495346,
      1772681427.473954,
      1772681427.4739614,
      1772681488.2340581,
      1772681488.234067,
      1772681548.2582364,
      1772681548.2582514,
      1772681608.5603147,
      1772681608.5603209,
      1772681668.8175542,
      1772681668.8175595,
      1772681729.0414436,
      1772681729.0414536,
      1772681789.255077,
      1772681789.2550821,
      1772681849.369813,
      1772681849.369822,
      1772681909.5426168,
      1772681909.542624,
      1772681970.4741113,
      1772681970.4741173,
      1772682031.1913857,
      1772682031.1913936,
      1772682092.0712404,
      1772682092.0712545,
      1772682152.5145798,
      1772682152.5145879,
      1772682213.2832708,
      1772682213.283279,
      1772682273.7366076,
      1772682273.7366138,
      1772682333.9859395,
      1772682333.9859471,
      1772682394.2307868,
      1772682394.2307942,
      1772682454.4850516,
      1772682454.485057,
      1772682514.6283317,
      1772682514.6283376
    ],
    "v27_prices": [
      60000,
      58543.45298449252,
      58543.45298449252,
      58867.45298449252,
      58867.45298449252,
      59032.02441306395,
      59032.02441306395,
      59026.61087922936,
      59026.61087922936,
      59056.67612498839,
      59056.67612498839,
      59116.18025721979,
      59116.18025721979,
      59131.31425616882,
      59131.31425616882,
      59015.7302122153,
      59015.7302122153,
      59104.99144603099,
      59104.99144603099,
      58707.162637002184,
      58707.162637002184,
      58676.110378273675,
      58676.110378273675,
      58582.05386554978,
      58582.05386554978,
      58584.073791519695,
      58584.073791519695,
      58539.94872284228,
      58539.94872284228,
      58511.450341329255,
      58511.450341329255,
      58475.66379000601,
      58475.66379000601,
      58429.49231780933,
      58429.49231780933,
      58395.501389488185,
      58395.501389488185,
      58367.441197937755,
      58367.441197937755,
      61103.74991601174,
      61103.74991601174,
      61295.248365919775,
      61295.248365919775,
      61484.76513183374,
      61484.76513183374,
      61640.21096692767,
      61640.21096692767,
      61818.51860591321,
      61818.51860591321,
      61953.795538079525,
      61953.795538079525,
      62085.711706451846,
      62085.711706451846,
      62207.79623347782,
      62207.79623347782,
      62328.37412880361,
      62328.37412880361,
      62426.561904873524,
      62426.561904873524
    ],
    "v26_prices": [
      60000,
      60000,
      60803.74701550749,
      60803.74701550749,
      60479.74701550747,
      60479.74701550747,
      60315.17558693606,
      60315.17558693606,
      60320.58912077064,
      60320.58912077064,
      60290.52387501162,
      60290.52387501162,
      60231.019742780205,
      60231.019742780205,
      60215.88574383118,
      60215.88574383118,
      60331.469787784714,
      60331.469787784714,
      60242.208553969016,
      60242.208553969016,
      60640.03736299783,
      60640.03736299783,
      60671.089621726336,
      60671.089621726336,
      60765.146134450224,
      60765.146134450224,
      60763.126208480324,
      60763.126208480324,
      60807.25127715773,
      60807.25127715773,
      60835.74965867075,
      60835.74965867075,
      60871.53620999401,
      60871.53620999401,
      60917.707682190674,
      60917.707682190674,
      60951.69861051182,
      60951.69861051182,
      60979.75880206226,
      60979.75880206226,
      58243.450083988275,
      58243.450083988275,
      58051.95163408022,
      58051.95163408022,
      57862.43486816627,
      57862.43486816627,
      57706.98903307234,
      57706.98903307234,
      57528.681394086794,
      57528.681394086794,
      57393.40446192048,
      57393.40446192048,
      57261.488293548166,
      57261.488293548166,
      57139.403766522184,
      57139.403766522184,
      57018.82587119639,
      57018.82587119639,
      56920.63809512648
    ]
  },
  "history": [
    {
      "timestamp": 1772680760.1544409,
      "chain_id": "v27",
      "price": 60000,
      "metadata": {
        "initial": true
      }
    },
    {
      "timestamp": 1772680760.1544409,
      "chain_id": "v26",
      "price": 60000,
      "metadata": {
        "initial": true
      }
    },
    {
      "timestamp": 1772680821.364176,
      "chain_id": "v27",
      "price": 58543.45298449252,
      "metadata": {
        "fork_sustained": true,
        "fork_depth": 24
      }
    },
    {
      "timestamp": 1772680821.3641844,
      "chain_id": "v26",
      "price": 60803.74701550749,
      "metadata": {
        "fork_sustained": true,
        "fork_depth": 24
      }
    },
    {
      "timestamp": 1772680882.348088,
      "chain_id": "v27",
      "price": 58867.45298449252,
      "metadata": {
        "fork_sustained": true,
        "fork_depth": 50
      }
    },
    {
      "timestamp": 1772680882.3480942,
      "chain_id": "v26",
      "price": 60479.74701550747,
      "metadata": {
        "fork_sustained": true,
        "fork_depth": 50
      }
    },
    {
      "timestamp": 1772680942.7485855,
      "chain_id": "v27",
      "price": 59032.02441306395,
      "metadata": {
        "fork_sustained": true,
        "fork_depth": 70
      }
    },
    {
      "timestamp": 1772680942.7485914,
      "chain_id": "v26",
      "price": 60315.17558693606,
      "metadata": {
        "fork_sustained": true,
        "fork_depth": 70
      }
    },
    {
      "timestamp": 1772681002.886739,
      "chain_id": "v27",
      "price": 59026.61087922936,
      "metadata": {
        "fork_sustained": true,
        "fork_depth": 95
      }
    },
    {
      "timestamp": 1772681002.886744,
      "chain_id": "v26",
      "price": 60320.58912077064,
      "metadata": {
        "fork_sustained": true,
        "fork_depth": 95
      }
    },
    {
      "timestamp": 1772681063.5878887,
      "chain_id": "v27",
      "price": 59056.67612498839,
      "metadata": {
        "fork_sustained": true,
        "fork_depth": 121
      }
    },
    {
      "timestamp": 1772681063.5878968,
      "chain_id": "v26",
      "price": 60290.52387501162,
      "metadata": {
        "fork_sustained": true,
        "fork_depth": 121
      }
    },
    {
      "timestamp": 1772681124.0632102,
      "chain_id": "v27",
      "price": 59116.18025721979,
      "metadata": {
        "fork_sustained": true,
        "fork_depth": 143
      }
    },
    {
      "timestamp": 1772681124.0632162,
      "chain_id": "v26",
      "price": 60231.019742780205,
      "metadata": {
        "fork_sustained": true,
        "fork_depth": 143
      }
    },
    {
      "timestamp": 1772681184.6777494,
      "chain_id": "v27",
      "price": 59131.31425616882,
      "metadata": {
        "fork_sustained": true,
        "fork_depth": 173
      }
    },
    {
      "timestamp": 1772681184.677755,
      "chain_id": "v26",
      "price": 60215.88574383118,
      "metadata": {
        "fork_sustained": true,
        "fork_depth": 173
      }
    },
    {
      "timestamp": 1772681245.250502,
      "chain_id": "v27",