{
  "timestamps": [
    0,
    60,
    121,
    182,
    242,
    302,
    363,
    424,
    484,
    545,
    605,
    666,
    727,
    787,
    847,
    908,
    968,
    1028,
    1088,
    1148,
    1209,
    1270,
    1331,
    1391,
    1452,
    1513,
    1573,
    1633,
    1693,
    1753,
    1800
  ],
  "v27_price": [
    60000,
    60000,
    58543.45298449252,
    58867.45298449252,
    59032.02441306395,
    59026.61087922936,
    59056.67612498839,
    59116.18025721979,
    59131.31425616882,
    59015.7302122153,
    59104.99144603099,
    58707.162637002184,
    58676.110378273675,
    58582.05386554978,
    58584.073791519695,
    58539.94872284228,
    58511.450341329255,
    58475.66379000601,
    58429.49231780933,
    58395.501389488185,
    58367.441197937755,
    61103.74991601174,
    61295.248365919775,
    61484.76513183374,
    61640.21096692767,
    61818.51860591321,
    61953.795538079525,
    62085.711706451846,
    62207.79623347782,
    62328.37412880361,
    62426.561904873524
  ],
  "v26_price": [
    60000,
    60000,
    60803.74701550749,
    60479.74701550747,
    60315.17558693606,
    60320.58912077064,
    60290.52387501162,
    60231.019742780205,
    60215.88574383118,
    60331.469787784714,
    60242.208553969016,
    60640.03736299783,
    60671.089621726336,
    60765.146134450224,
    60763.126208480324,
    60807.25127715773,
    60835.74965867075,
    60871.53620999401,
    60917.707682190674,
    60951.69861051182,
    60979.75880206226,
    58243.450083988275,
    58051.95163408022,
    57862.43486816627,
    57706.98903307234,
    57528.681394086794,
    57393.40446192048,
    57261.488293548166,
    57139.403766522184,
    57018.82587119639,
    56920.63809512648
  ],
  "v27_hashrate": [
    38.1,
    38.1,
    38.1,
    38.1,
    38.1,
    38.1,
    38.1,
    38.1,
    38.1,
    38.1,
    30.0,
    30.0,
    30.0,
    30.0,
    30.0,
    30.0,
    30.0,
    30.0,
    30.0,
    30.0,
    86.4,
    86.4,
    86.4,
    86.4,
    86.4,
    86.4,
    86.4,
    86.4,
    86.4,
    86.4,
    86.4
  ],
  "v26_hashrate": [
    48.3,
    48.3,
    48.3,
    48.3,
    48.3,
    48.3,
    48.3,
    48.3,
    48.3,
    48.3,
    56.39999999999999,
    56.39999999999999,
    56.39999999999999,
    56.39999999999999,
    56.39999999999999,
    56.39999999999999,
    56.39999999999999,
    56.39999999999999,
    56.39999999999999,
    56.39999999999999,
    0.0,
    0.0,
    0.0,
    0.0,
    0.0,
    0.0,
    0.0,
    0.0,
    0.0,
    0.0,
    0.0
  ],
  "v27_economic": [
    50.12210820410434,
    50.12210820410434,
    50.12210820410434,
    50.12210820410434,
    50.12210820410434,
    50.12210820410434,
    50.12210820410434,
    50.12210820410434,
    50.12210820410434,
    50.12210820410434,
    50.12210820410434,
    50.12210820410434,
    50.12210820410434,
    50.12210820410434,
    50.12210820410434,
    50.12210820410434,
    50.12210820410434,
    50.12210820410434,
    50.12210820410434,
    50.12210820410434,
    50.12210820410434,
    50.12210820410434,
    50.12210820410434,
    50.12210820410434,
    50.12210820410434,
    50.12210820410434,
    50.12210820410434,
    50.12210820410434,
    50.12210820410434,
    50.12210820410434,
    50.12210820410434
  ],
  "v26_economic": [
    49.87789179589566,
    49.87789179589566,
    49.87789179589566,
    49.87789179589566,
    49.87789179589566,
    49.87789179589566,
    49.87789179589566,
    49.87789179589566,
    49.87789179589566,
    49.87789179589566,
    49.87789179589566,
    49.87789179589566,
    49.87789179589566,
    49.87789179589566,
    49.87789179589566,
    49.87789179589566,
    49.87789179589566,
    49.87789179589566,
    49.87789179589566,
    49.87789179589566,
    49.87789179589566,
    49.87789179589566,
    49.87789179589566,
    49.87789179589566,
    49.87789179589566,
    49.87789179589566,
    49.87789179589566,
    49.87789179589566,
    49.87789179589566,
    49.87789179589566,
    49.87789179589566
  ],
  "v27_blocks": [
    0,
    9,
    21,
    31,
    42,
    54,
    65,
    79,
    89,
    106,
    117,
    130,
    136,
    154,
    179,
    204,
    228,
    250,
    271,
    293,
    341,
    427,
    473,
    512,
    560,
    593,
    623,
    653,
    685,
    713,
    735
  ],
  "v26_blocks": [
    0,
    15,
    29,
    39,
    53,
    67,
    78,
    94,
    113,
    128,
    142,
    179,
    214,
    246,
    283,
    313,
    344,
    377,
    407,
    436,
    463,
    463,
    464,
    465,
    465,
    465,
    465,
    465,
    465,
    465,
    465
  ],
  "v27_difficulty": [
    1.0,
    1.0,
    1.0,
    1.0,
    1.0,
    1.0,
    1.0,
    1.0,
    1.0,
    1.0,
    1.0,
    1.0,
    1.0,
    0.37894736842105264,
    0.37894736842105264,
    0.37894736842105264,
    0.37894736842105264,
    0.37894736842105264,
    0.37894736842105264,
    0.2864484044757563,
    0.2864484044757563,
    0.2864484044757563,
    0.6297491640383039,
    0.6297491640383039,
    0.6297491640383039,
    0.8804260157428716,
    0.8804260157428716,
    0.8804260157428716,
    0.8804260157428716,
    0.8804260157428716,
    0.8865828410277868
  ],
  "v26_difficulty": [
    1.0,
    1.0,
    1.0,
    1.0,
    1.0,
    1.0,
    1.0,
    1.0,
    1.0,
    1.0,
    1.0,
    0.4729064039408867,
    0.4729064039408867,
    0.4729064039408867,
    0.4729064039408867,
    0.5559063034080628,
    0.5559063034080628,
    0.5559063034080628,
    0.5559063034080628,
    0.5559063034080628,
    0.5559063034080628,
    0.5559063034080628,
    0.5559063034080628,
    0.5559063034080628,
    0.5559063034080628,
    0.5559063034080628,
    0.5559063034080628,
    0.5559063034080628,
    0.5559063034080628,
    0.5559063034080628,
    0.5559063034080628
  ],
  "v27_chainwork": [
    0.0,
    9.0,
    21.0,
    31.0,
    42.0,
    54.0,
    65.0,
    79.0,
    89.0,
    106.0,
    117.0,
    130.0,
    136.0,
    147.78947368421052,
    157.26315789473682,
    166.73684210526312,
    175.83157894736837,
    184.16842105263152,
    192.1263157894736,
    200.00066307501024,
    213.7501864898462,
    238.3847492747606,
    265.63670702270986,
    290.19692442020306,
    320.42488429404085,
    345.4681131862827,
    371.8808936585697,
    398.29367413085663,
    426.4673066346294,
    451.11923507543054,
    470.58095980104787
  ],
  "v26_chainwork": [
    0.0,
    15.0,
    29.0,
    39.0,
    53.0,
    67.0,
    78.0,
    94.0,
    113.0,
    128.0,
    142.0,
    160.5517241379314,
    177.10344827586277,
    192.23645320197147,
    209.73399014778465,
    225.9961797526904,
    243.22927515834,
    261.57418317080567,
    278.2513722730472,
    294.3726550718807,
    309.38212526389805,
    309.38212526389805,
    309.9380315673061,
    310.49393787071415,
    310.49393787071415,
    310.49393787071415,
    310.49393787071415,
    310.49393787071415,
    310.49393787071415,
    310.49393787071415,
    310.49393787071415
  ],
  "v27_fee_rate": [
    1.0,
    1.0,
    0.009550453551606284,
    0.009550453551606284,
    0.009550453551606284,
    0.009550453551606284,
    0.009550453551606284,
    0.009550453551606284,
    0.009550453551606284,
    0.009550453551606284,
    0.009550453551606284,
    0.012129076010539981,
    0.012129076010539981,
    0.012129076010539981,
    0.004596281435573046,
    0.004596281435573046,
    0.004596281435573046,
    0.004596281435573046,
    0.004596281435573046,
    0.004596281435573046,
    0.003474354470984349,
    0.0012063730802028987,
    0.0012063730802028987,
    0.0026521789854842357,
    0.0026521789854842357,
    0.0026521789854842357,
    0.0037079007175701935,
    0.0037079007175701935,
    0.0037079007175701935,
    0.0037079007175701935,
    0.0037079007175701935
  ],