{
  "blocks_mined": {
    "v27": 174,
    "v26": 4734
  },
  "total_blocks": 4908,
  "final_hashrate": {
    "v27": 0.0,
    "v26": 86.4
  },
  "final_economic": {
    "v27": 56.73664319629601,
    "v26": 43.26335680370397
  },
  "final_prices": {
    "v27": 55110.5208067002,
    "v26": 64236.6791932998
  }
}