{
  "blocks_mined": {
    "v27": 55,
    "v26": 119
  },
  "total_blocks": 174,
  "final_hashrate": {
    "v27": 32.39,
    "v26": 67.61
  },
  "final_economic": {
    "v27": 55.003229654033994,
    "v26": 44.99677034596602
  },
  "final_prices": {
    "v27": 58370.49217386869,
    "v26": 61629.50782613131
  }
}