{
  "blocks_mined": {
    "v27": 762,
    "v26": 127
  },
  "total_blocks": 889,
  "final_hashrate": {
    "v27": 98.36999999999999,
    "v26": 0.0
  },
  "final_economic": {
    "v27": 100.0,
    "v26": 0.0
  },
  "final_prices": {
    "v27": 70867.0887197232,
    "v26": 49054.671280276816
  }
}