{
  "timestamps": [
    0,
    60,
    121,
    181,
    241,
    302,
    362,
    423,
    483,
    544,
    605,
    665,
    726,
    786,
    847,
    908,
    968,
    1029,
    1090,
    1151,
    1212,
    1273,
    1333,
    1394,
    1455,
    1515,
    1576,
    1637,
    1698,
    1759,
    1800
  ],
  "v27_price": [
    60000,
    60000,
    66979.91117638175,
    66798.32227348136,
    66902.63031770554,
    66698.2944879854,
    66977.78163523861,
    67068.71988704294,
    66959.96279346333,
    66987.0919800662,
    66878.83111050098,
    68957.05411764706,
    69197.43567567568,
    69436.2805479452,
    69595.60615384617,
    69740.99076923079,
    69864.61714285714,
    69979.14758029979,
    70092.7277419355,
    70200.31787476281,
    70298.86196779965,
    70376.27448040887,
    70451.41964343599,
    70532.47975497704,
    70565.08344213651,
    70626.57586402267,
    70692.7277419355,
    70744.92602316603,
    70788.67449814128,
    70829.28688172043,
    70867.0887197232
  ],
  "v26_price": [
    60000,
    60000,
    52941.84882361826,
    53123.437726518634,
    53019.129682294464,
    53223.46551201461,
    52943.97836476139,
    52853.04011295707,
    52961.79720653667,
    52934.668019933815,
    53042.92888949903,
    50964.705882352944,
    50724.324324324334,
    50485.4794520548,
    50326.15384615385,
    50180.769230769234,
    50057.14285714286,
    49942.612419700214,
    49829.032258064515,
    49721.4421252372,
    49622.89803220036,
    49545.485519591144,
    49470.34035656402,
    49389.28024502297,
    49356.6765578635,
    49295.18413597734,
    49229.03225806452,
    49176.83397683398,
    49133.08550185874,
    49092.47311827957,
    49054.671280276816
  ],
  "v27_hashrate": [
    57.53,
    57.53,
    57.53,
    57.53,
    57.53,
    57.53,
    57.53,
    57.53,
    57.53,
    57.53,
    98.36999999999999,
    98.36999999999999,
    98.36999999999999,
    98.36999999999999,
    98.36999999999999,
    98.36999999999999,
    98.36999999999999,
    98.36999999999999,
    98.36999999999999,
    98.36999999999999,
    98.36999999999999,
    98.36999999999999,
    98.36999999999999,
    98.36999999999999,
    98.36999999999999,
    98.36999999999999,
    98.36999999999999,
    98.36999999999999,
    98.36999999999999,
    98.36999999999999,
    98.36999999999999
  ],
  "v26_hashrate": [
    40.839999999999996,
    40.839999999999996,
    40.839999999999996,
    40.839999999999996,
    40.839999999999996,
    40.839999999999996,
    40.839999999999996,
    40.839999999999996,
    40.839999999999996,
    40.839999999999996,
    0.0,
    0.0,
    0.0,
    0.0,
    0.0,
    0.0,
    0.0,
    0.0,
    0.0,
    0.0,
    0.0,
    0.0,
    0.0,
    0.0,
    0.0,
    0.0,
    0.0,
    0.0,
    0.0,
    0.0,
    0.0
  ],
  "v27_economic": [
    98.23084954677095,
    98.23084954677095,
    98.23084954677095,
    98.23084954677095,
    98.23084954677095,
    99.96376650055159,
    99.96376650055159,
    99.96376650055159,
    99.96376650055159,
    99.96376650055159,
    100.0,
    100.0,
    100.0,
    100.0,
    100.0,
    100.0,
    100.0,
    100.0,
    100.0,
    100.0,
    100.0,
    100.0,
    100.0,
    100.0,
    100.0,
    100.0,
    100.0,
    100.0,
    100.0,
    100.0,
    100.0
  ],
  "v26_economic": [
    1.7691504532290445,
    1.7691504532290445,
    1.7691504532290445,
    1.7691504532290445,
    1.7691504532290445,
    0.03623349944840722,
    0.03623349944840722,
    0.03623349944840722,
    0.03623349944840722,
    0.03623349944840722,
    0.0,
    0.0,
    0.0,
    0.0,
    0.0,
    0.0,
    0.0,
    0.0,
    0.0,
    0.0,
    0.0,
    0.0,
    0.0,
    0.0,
    0.0,
    0.0,
    0.0,
    0.0,
    0.0,
    0.0,
    0.0
  ],
  "v27_blocks": [
    0,
    16,
    36,
    52,
    68,
    85,
    103,
    122,
    141,
    158,
    180,
    207,
    239,
    264,
    290,
    315,
    341,
    370,
    401,
    433,
    461,
    491,
    527,
    547,
    579,
    617,
    650,
    680,
    710,
    740,
    762
  ],
  "v26_blocks": [
    0,
    10,
    25,
    34,
    50,
    60,
    69,
    87,
    99,
    118,
    126,
    126,
    126,
    126,
    126,
    126,
    126,
    126,
    126,
    126,
    126,
    126,
    126,
    127,
    127,
    127,
    127,
    127,
    127,
    127,
    127
  ],
  "v27_difficulty": [
    1.0,
    1.0,
    1.0,
    1.0,
    1.0,
    1.0,
    1.0,
    1.0,
    1.0,
    1.0,
    1.0,
    1.0,
    1.0,
    1.0,
    1.0,
    1.0,
    1.0,
    1.0,
    1.0,
    1.0,
    1.0,
    1.0,
    1.0,
    1.0,
    1.0,
    1.0,
    1.0,
    1.0,
    1.0,
    1.0,
    1.0
  ],
  "v26_difficulty": [
    1.0,
    1.0,
    1.0,
    1.0,
    1.0,
    1.0,
    1.0,
    1.0,
    1.0,
    1.0,
    1.0,
    1.0,
    1.0,
    1.0,
    1.0,
    1.0,
    1.0,
    1.0,
    1.0,
    1.0,
    1.0,
    1.0,
    1.0,
    1.0,
    1.0,
    1.0,
    1.0,
    1.0,
    1.0,
    1.0,
    1.0
  ],
  "v27_chainwork": [
    0.0,
    16.0,
    36.0,
    52.0,
    68.0,
    85.0,
    103.0,
    122.0,
    141.0,
    158.0,
    180.0,
    207.0,
    239.0,
    264.0,
    290.0,
    315.0,
    341.0,
    370.0,
    401.0,
    433.0,
    461.0,
    491.0,
    527.0,
    547.0,
    579.0,
    617.0,
    650.0,
    680.0,
    710.0,
    740.0,
    762.0
  ],
  "v26_chainwork": [
    0.0,
    10.0,
    25.0,
    34.0,
    50.0,
    60.0,
    69.0,
    87.0,
    99.0,
    118.0,
    126.0,
    126.0,
    126.0,
    126.0,
    126.0,
    126.0,
    126.0,
    126.0,
    126.0,
    126.0,
    126.0,
    126.0,
    126.0,
    127.0,
    127.0,
    127.0,
    127.0,
    127.0,
    127.0,
    127.0,
    127.0
  ],
  "v27_fee_rate": [
    1.0,
    1.0,
    0.011400173299492758,
    0.011400173299492758,
    0.011400173299492758,
    0.011400173299492758,
    0.01158665760837047,
    0.01158665760837047,
    0.01158665760837047,
    0.01158665760837047,
    0.01158665760837047,
    0.006777133950052523,
    0.006777133950052523,
    0.006777133950052523,
    0.006777133950052523,
    0.006777133950052523,
    0.006777133950052523,
    0.006777133950052523,
    0.006777133950052523,
    0.006777133950052523,
    0.006777133950052523,
    0.006777133950052523,
    0.006777133950052523,
    0.006777133950052523,
    0.006777133950052523,
    0.006777133950052523,
    0.006777133950052523,
    0.006777133950052523,
    0.006777133950052523,
    0.006777133950052523,
    0.006777133950052523
  ],
  "v26_fee_rate": [
    1.0,
    1.0,
    0.0002648064825379129,
    0.0002648064825379129,
    0.0002648064825379129,
    0.0002648064825379129,
    2.112009233921293e-06,
    2.112009233921293e-06,
    2.112009233921293e-06,
    2.112009233921293e-06,
    2.112009233921293e-06,
    0.0,
    0.0,
    0.0,
    0.0,
    0.0,
    0.0,
    0.0,
    0.0,
    0.0,
    0.0,
    0.0,
    0.0,
    0.0,
    0.0,
    0.0,
    0.0,
    0.0,
    0.0,
    0.0,
    0.0
  ],
  "v27_fee_revenue_btc": [
    0.01,
    0.01,
    0.0001140017329949276,
    0.0001140017329949276,
    0.0001140017329949276,
    0.0001140017329949276,
    0.00011586657608370471,
    0.00011586657608370471,
    0.00011586657608370471,
    0.00011586657608370471,
    0.00011586657608370471,
    6.777133950052523e-05,
    6.777133950052523e-05,
    6.777133950052523e-05,
    6.777133950052523e-05,
    6.777133950052523e-05,
    6.777133950052523e-05,
    6.777133950052523e-05,
    6.777133950052523e-05,
    6.777133950052523e-05,
    6.777133950052523e-05,
    6.777133950052523e-05,
    6.777133950052523e-05,
    6.777133950052523e-05,
    6.777133950052523e-05,
    6.777133950052523e-05,
    6.777133950052523e-05,
    6.777133950052523e-05,
    6.777133950052523e-05,
    6.777133950052523e-05,
    6.777133950052523e-05
  ],