{
  "blocks_mined": {
    "v27": 103,
    "v26": 227
  },
  "total_blocks": 330,
  "final_hashrate": {
    "v27": 30.0,
    "v26": 56.39999999999999
  },
  "final_economic": {
    "v27": 62.14929353977099,
    "v26": 37.850706460229006
  },
  "final_prices": {
    "v27": 58878.58436975394,
    "v26": 60468.61563024607
  }
}