{
  "blocks_mined": {
    "v27": 303,
    "v26": 14
  },
  "total_blocks": 317,
  "final_hashrate": {
    "v27": 86.4,
    "v26": 0.0
  },
  "final_economic": {
    "v27": 100.0,
    "v26": 0.0
  },
  "final_prices": {
    "v27": 71084.42627737227,
    "v26": 48262.77372262774
  }
}