{
  "blocks_mined": {
    "v27": 132,
    "v26": 4080
  },
  "total_blocks": 4212,
  "final_hashrate": {
    "v27": 0.0,
    "v26": 86.4
  },
  "final_economic": {
    "v27": 56.73664319629601,
    "v26": 43.26335680370397
  },
  "final_prices": {
    "v27": 55121.76748020191,
    "v26": 64225.432519798094
  }
}