{
  "blocks_mined": {
    "v27": 418,
    "v26": 798
  },
  "total_blocks": 1216,
  "final_hashrate": {
    "v27": 0.0,
    "v26": 86.4
  },
  "final_economic": {
    "v27": 56.737060138721,
    "v26": 43.262939861279
  },
  "final_prices": {
    "v27": 57306.513899982114,
    "v26": 62040.6861000179
  }
}