{
  "blocks_mined": {
    "v27": 98,
    "v26": 181
  },
  "total_blocks": 279,
  "final_hashrate": {
    "v27": 30.0,
    "v26": 56.39999999999999
  },
  "final_economic": {
    "v27": 50.12210820410434,
    "v26": 49.87789179589566
  },
  "final_prices": {
    "v27": 57894.32240598013,
    "v26": 61452.87759401988
  }
}