{
  "config": {
    "base_price": 60000,
    "max_divergence": 0.2,
    "coefficients": {
      "chain_weight": 0.3,
      "economic_weight": 0.5,
      "hashrate_weight": 0.2
    }
  },
  "current_prices": {
    "v27": 67446.06997028187,
    "v26": 52475.69002971814
  },
  "timeline": {
    "timestamps": [
      1771299749.4529314,
      1771299810.0684326,
      1771299810.0684478,
      1771299870.2242434,
      1771299870.2242544,
      1771299930.6204512,
      1771299930.620461,
      1771299990.6589828,
      1771299990.659013,
      1771300051.1105654,
      1771300051.1105793,
      1771300111.310695,
      1771300111.3107035,
      1771300171.9234486,
      1771300171.9234712,
      1771300232.3765125,
      1771300232.3765328,
      1771300292.7407503,
      1771300292.7407615,
      1771300353.5191808,
      1771300353.5191913,
      1771300413.8908398,
      1771300413.8908474,
      1771300474.1647956,
      1771300474.1648083,
      1771300535.0177104,
      1771300535.0177178,
      1771300595.4165518,
      1771300595.4165761
    ],
    "v27_prices": [
      60000,
      60000,
      60000,
      66074.86564595756,
      66074.86564595756,
      65354.86564595755,
      65354.86564595755,
      65354.86564595755,
      65354.86564595755,
      65714.86564595756,
      65714.86564595756,
      65410.25026134216,
      65410.25026134216,
      65703.95655504845,
      65703.95655504845,
      65687.17333826525,
      65687.17333826525,
      65649.411100503,
      65649.411100503,
      67099.10413652357,
      67099.10413652357,
      67241.74564595755,
      67241.74564595755,
      67293.17421738611,
      67293.17421738611,
      67382.61521117494,
      67382.61521117494,
      67446.06997028187,
      67446.06997028187
    ],
    "v26_prices": [
      60000,
      60000,
      60000,
      60000,
      53846.894354042466,
      53846.894354042466,
      54566.894354042466,
      54566.894354042466,
      54566.894354042466,
      54566.894354042466,
      54206.894354042466,
      54206.894354042466,
      54511.50973865784,
      54511.50973865784,
      54217.803444951554,
      54217.803444951554,
      54234.58666173477,
      54234.58666173477,
      54272.348899497,
      54272.348899497,
      52822.65586347642,
      52822.65586347642,
      52680.01435404246,
      52680.01435404246,
      52628.58578261389,
      52628.58578261389,
      52539.14478882507,
      52539.14478882507,
      52475.69002971814
    ]
  },
  "history": [
    {
      "timestamp": 1771299749.4529314,
      "chain_id": "v27",
      "price": 60000,
      "metadata": {
        "initial": true
      }
    },
    {
      "timestamp": 1771299749.4529314,
      "chain_id": "v26",
      "price": 60000,
      "metadata": {
        "initial": true
      }
    },
    {
      "timestamp": 1771299810.0684326,
      "chain_id": "v27",
      "price": 60000,
      "metadata": {}
    },
    {
      "timestamp": 1771299810.0684478,
      "chain_id": "v26",
      "price": 60000,
      "metadata": {}
    },
    {
      "timestamp": 1771299870.2242434,
      "chain_id": "v27",
      "price": 66074.86564595756,
      "metadata": {
        "fork_sustained": true,
        "fork_depth": 10
      }
    },
    {
      "timestamp": 1771299870.2242544,
      "chain_id": "v26",
      "price": 53846.894354042466,
      "metadata": {
        "fork_sustained": true,
        "fork_depth": 10
      }
    },
    {
      "timestamp": 1771299930.6204512,
      "chain_id": "v27",
      "price": 65354.86564595755,
      "metadata": {
        "fork_sustained": true,
        "fork_depth": 15
      }
    },
    {
      "timestamp": 1771299930.620461,
      "chain_id": "v26",
      "price": 54566.894354042466,
      "metadata": {
        "fork_sustained": true,
        "fork_depth": 15
      }
    },
    {
      "timestamp": 1771299990.6589828,
      "chain_id": "v27",
      "price": 65354.86564595755,
      "metadata": {
        "fork_sustained": true,
        "fork_depth": 15
      }
    },
    {
      "timestamp": 1771299990.659013,
      "chain_id": "v26",
      "price": 54566.894354042466,
      "metadata": {
        "fork_sustained": true,
        "fork_depth": 15
      }
    },
    {
      "timestamp": 1771300051.1105654,
      "chain_id": "v27",
      "price": 65714.86564595756,
      "metadata": {
        "fork_sustained": true,
        "fork_depth": 20
      }
    },
    {
      "timestamp": 1771300051.1105793,
      "chain_id": "v26",
      "price": 54206.894354042466,
      "metadata": {
        "fork_sustained": true,
        "fork_depth": 20
      }
    },
    {
      "timestamp": 1771300111.310695,
      "chain_id": "v27",
      "price": 65410.25026134216,
      "metadata": {
        "fork_sustained": true,
        "fork_depth": 26
      }
    },
    {
      "timestamp": 1771300111.3107035,
      "chain_id": "v26",
      "price": 54511.50973865784,
      "metadata": {
        "fork_sustained": true,
        "fork_depth": 26
      }
    },
    {
      "timestamp": 1771300171.9234486,
      "chain_id": "v27",
      "price": 65703.95655504845,
      "metadata": {
        "fork_sustained": true,
        "fork_depth": 33
      }
    },
    {
      "timestamp": 1771300171.9234712,
      "chain_id": "v26",
      "price": 54217.803444951554,
      "metadata": {
        "fork_sustained": true,
        "fork_depth": 33
      }
    },
    {
      "timestamp": 1771300232.3765125,
      "chain_id": "v27",
      "price": 65687.17333826525,
      "metadata": {
        "fork_sustained": true,
        "fork_depth": 39
      }
    },
    {
      "timestamp": 1771300232.3765328,
      "chain_id": "v26",
      "price": 54234.58666173477,
      "metadata": {
        "fork_sustained": true,
        "fork_depth": 39
      }
    },
    {
      "timestamp": 1771300292.7407503,
      "chain_id": "v27",
      "price": 65649.411100503,
      "metadata": {
        "fork_sustained": true,
        "fork_depth": 44
      }
    },
    {
      "timestamp": 1771300292.7407615,
      "chain_id": "v26",
      "price": 54272.348899497,
      "metadata": {
        "fork_sustained": true,
        "fork_depth": 44
      }
    },
    {
      "timestamp": 1771300353.5191808,
      "chain_id": "v27",
      "price": 67099.10413652357,
      "metadata": {
        "fork_sustained": true,
        "fork_depth": 53
      }
    },
    {
      "timestamp": 1771300353.5191913,
      "chain_id": "v26",
      "price": 52822.65586347642,
      "metadata": {
        "fork_sustained": true,
        "fork_depth": 53
      }
    },
    {
      "timestamp": 1771300413.8908398,
      "chain_id": "v27",
      "price": 67241.74564595755,
      "metadata": {
        "fork_sustained": true,
        "fork_depth": 60
      }
    },
    {
      "timestamp": 1771300413.8908474,
      "chain_id": "v26",
      "price": 52680.01435404246,
      "metadata": {
        "fork_sustained": true,
        "fork_depth": 60
      }
    },
    {
      "timestamp": 1771300474.1647956,
      "chain_id": "v27",
      "price": 67293.17421738611,
      "metadata": {
        "fork_sustained": true,
        "fork_depth": 63
      }
    },
    {
      "timestamp": 1771300474.1648083,
      "chain_id": "v26",
      "price": 52628.58578261389,
      "metadata": {
        "fork_sustained": true,
        "fork_depth": 63
      }
    },
    {
      "timestamp": 1771300535.0177104,
      "chain_id": "v27",
      "price": 67382.61521117494,
      "metadata": {
        "fork_sustained": true,
        "fork_depth": 69
      }
    },
    {
      "timestamp": 1771300535.0177178,
      "chain_id": "v26",
      "price": 52539.14478882507,
      "metadata": {
        "fork_sustained": true,
        "fork_depth": 69
      }
    },
    {
      "timestamp": 1771300595.4165518,
      "chain_id": "v27",
      "price": 67446.06997028187,
      "metadata": {
        "fork_sustained": true,
        "fork_depth": 74
      }
    },
    {
      "timestamp": 1771300595.4165761,