{
  "config": {
    "base_price": 60000,
    "max_divergence": 0.2,
    "coefficients": {
      "chain_weight": 0.3,
      "economic_weight": 0.5,
      "hashrate_weight": 0.2
    }
  },
  "current_prices": {
    "v27": 54301.05529683872,
    "v26": 65046.14470316127
  },
  "timeline": {
    "timestamps": [
      1772677679.0253246,
      1772677740.5006185,
      1772677740.5006309,
      1772677800.734038,
      1772677800.7340639,
      1772677860.9896612,
      1772677860.98971,
      1772677921.4522922,
      1772677921.452315,
      1772677982.0180292,
      1772677982.0180519,
      1772678042.3337781,
      1772678042.3337946,
      1772678102.80183,
      1772678102.8018646,
      1772678163.3444285,
      1772678163.3444493,
      1772678223.8853552,
      1772678223.8853667,
      1772678284.3641343,
      1772678284.3641424,
      1772678344.3886733,
      1772678344.388694,
      1772678405.1017401,
      1772678405.101762,
      1772678465.5042596,
      1772678465.5042765,
      1772678525.8726525,
      1772678525.872689,
      1772678586.2745502,
      1772678586.2745872,
      1772678646.612609,
      1772678646.6126325,
      1772678707.1961823,
      1772678707.1961935,
      1772678767.7198102,
      1772678767.71982,
      1772678828.4015152,
      1772678828.401537,
      1772678888.973784,
      1772678888.9738078,
      1772678949.8287132,
      1772678949.828734,
      1772679010.7035427,
      1772679010.7035646,
      1772679071.7444847,
      1772679071.744511,
      1772679131.9104893,
      1772679131.9104986,
      1772679192.6705244,
      1772679192.6705348,
      1772679253.2725222,
      1772679253.2725298,
      1772679313.4518373,
      1772679313.4518538,
      1772679374.180939,
      1772679374.1809807,
      1772679434.5561986,
      1772679434.5562088
    ],
    "v27_prices": [
      60000,
      57694.33369979446,
      57694.33369979446,
      57933.10920999853,
      57933.10920999853,
      58124.76848240315,
      58124.76848240315,
      58168.527248181555,
      58168.527248181555,
      58201.056388870085,
      58201.056388870085,
      58262.41880617743,
      58262.41880617743,
      58274.807072575524,
      58274.807072575524,
      58194.33369979446,
      58194.33369979446,
      58201.32059935777,
      58201.32059935777,
      56415.33914726528,
      56415.33914726528,
      56151.586711393655,
      56151.586711393655,
      55903.63117534014,
      55903.63117534014,
      55702.581718281275,
      55702.581718281275,
      55529.96165005089,
      55529.96165005089,
      55389.10436938997,
      55389.10436938997,
      55268.465308472936,
      55268.465308472936,
      55144.57434466039,
      55144.57434466039,
      55037.94134378227,
      55037.94134378227,
      54931.046800832344,
      54931.046800832344,
      54842.58647910829,
      54842.58647910829,
      54749.4141063052,
      54749.4141063052,
      54666.04375718127,
      54666.04375718127,
      54619.56934406162,
      54619.56934406162,
      54567.95423344723,
      54567.95423344723,
      54492.18503863493,
      54492.18503863493,
      54432.72542351178,
      54432.72542351178,
      54391.10944384246,
      54391.10944384246,
      54342.1683395385,
      54342.1683395385,
      54301.05529683872,
      54301.05529683872
    ],
    "v26_prices": [
      60000,
      60000,
      61652.86630020555,
      61652.86630020555,
      61414.09079000146,
      61414.09079000146,
      61222.43151759684,
      61222.43151759684,
      61178.672751818456,
      61178.672751818456,
      61146.14361112991,
      61146.14361112991,
      61084.78119382258,
      61084.78119382258,
      61072.39292742448,
      61072.39292742448,
      61152.86630020555,
      61152.86630020555,
      61145.87940064221,
      61145.87940064221,
      62931.860852734724,
      62931.860852734724,
      63195.61328860636,
      63195.61328860636,
      63443.568824659866,
      63443.568824659866,
      63644.61828171873,
      63644.61828171873,
      63817.2383499491,
      63817.2383499491,
      63958.095630610034,
      63958.095630610034,
      64078.734691527075,
      64078.734691527075,
      64202.62565533962,
      64202.62565533962,
      64309.25865621774,
      64309.25865621774,
      64416.15319916767,
      64416.15319916767,
      64504.61352089171,
      64504.61352089171,
      64597.78589369481,
      64597.78589369481,
      64681.15624281873,
      64681.15624281873,
      64727.63065593838,
      64727.63065593838,
      64779.245766552776,
      64779.245766552776,
      64855.01496136506,
      64855.01496136506,
      64914.47457648822,
      64914.47457648822,
      64956.09055615755,
      64956.09055615755,
      65005.03166046151,
      65005.03166046151,
      65046.14470316127
    ]
  },
  "history": [
    {
      "timestamp": 1772677679.0253246,
      "chain_id": "v27",
      "price": 60000,
      "metadata": {
        "initial": true
      }
    },
    {
      "timestamp": 1772677679.0253246,
      "chain_id": "v26",
      "price": 60000,
      "metadata": {
        "initial": true
      }
    },
    {
      "timestamp": 1772677740.5006185,
      "chain_id": "v27",
      "price": 57694.33369979446,
      "metadata": {
        "fork_sustained": true,
        "fork_depth": 24
      }
    },
    {
      "timestamp": 1772677740.5006309,
      "chain_id": "v26",
      "price": 61652.86630020555,
      "metadata": {
        "fork_sustained": true,
        "fork_depth": 24
      }
    },
    {
      "timestamp": 1772677800.734038,
      "chain_id": "v27",
      "price": 57933.10920999853,
      "metadata": {
        "fork_sustained": true,
        "fork_depth": 49
      }
    },
    {
      "timestamp": 1772677800.7340639,
      "chain_id": "v26",
      "price": 61414.09079000146,
      "metadata": {
        "fork_sustained": true,
        "fork_depth": 49
      }
    },
    {
      "timestamp": 1772677860.9896612,
      "chain_id": "v27",
      "price": 58124.76848240315,
      "metadata": {
        "fork_sustained": true,
        "fork_depth": 69
      }
    },
    {
      "timestamp": 1772677860.98971,
      "chain_id": "v26",
      "price": 61222.43151759684,
      "metadata": {
        "fork_sustained": true,
        "fork_depth": 69
      }
    },
    {
      "timestamp": 1772677921.4522922,
      "chain_id": "v27",
      "price": 58168.527248181555,
      "metadata": {
        "fork_sustained": true,
        "fork_depth": 93
      }
    },
    {
      "timestamp": 1772677921.452315,
      "chain_id": "v26",
      "price": 61178.672751818456,
      "metadata": {
        "fork_sustained": true,
        "fork_depth": 93
      }
    },
    {
      "timestamp": 1772677982.0180292,
      "chain_id": "v27",
      "price": 58201.056388870085,
      "metadata": {
        "fork_sustained": true,
        "fork_depth": 119
      }
    },
    {
      "timestamp": 1772677982.0180519,
      "chain_id": "v26",
      "price": 61146.14361112991,
      "metadata": {
        "fork_sustained": true,
        "fork_depth": 119
      }
    },
    {
      "timestamp": 1772678042.3337781,
      "chain_id": "v27",
      "price": 58262.41880617743,
      "metadata": {
        "fork_sustained": true,
        "fork_depth": 141
      }
    },
    {
      "timestamp": 1772678042.3337946,
      "chain_id": "v26",
      "price": 61084.78119382258,
      "metadata": {
        "fork_sustained": true,
        "fork_depth": 141
      }
    },
    {
      "timestamp": 1772678102.80183,
      "chain_id": "v27",
      "price": 58274.807072575524,
      "metadata": {
        "fork_sustained": true,
        "fork_depth": 169
      }
    },
    {
      "timestamp": 1772678102.8018646,
      "chain_id": "v26",
      "price": 61072.39292742448,
      "metadata": {
        "fork_sustained": true,
        "fork_depth": 169
      }
    },
    {
      "timestamp": 1772678163.3444285,
      "chain_id": "v27",
      "price": 58194.33369979446,