{
  "blocks_mined": {
    "v27": 829,
    "v26": 64
  },
  "total_blocks": 893,
  "final_hashrate": {
    "v27": 98.36999999999999,
    "v26": 0.0
  },
  "final_economic": {
    "v27": 70.2036505963305,
    "v26": 29.796349403669502
  },
  "final_prices": {
    "v27": 67817.15099922901,
    "v26": 52104.60900077099
  }
}