{
  "blocks_mined": {
    "v27": 5778,
    "v26": 232
  },
  "total_blocks": 6010,
  "final_hashrate": {
    "v27": 86.4,
    "v26": 0.0
  },
  "final_economic": {
    "v27": 100.0,
    "v26": 0.0
  },
  "final_prices": {
    "v27": 71027.48599759914,
    "v26": 48319.71400240086
  }
}