{
  "blocks_mined": {
    "v27": 1221,
    "v26": 86
  },
  "total_blocks": 1307,
  "final_hashrate": {
    "v27": 98.36999999999999,
    "v26": 0.0
  },
  "final_economic": {
    "v27": 50.0,
    "v26": 50.0
  },
  "final_prices": {
    "v27": 65398.91368626111,
    "v26": 54522.84631373889
  }
}