{
  "timestamps": [
    0,
    60,
    121,
    181,
    242,
    302,
    362,
    422,
    483,
    543,
    603,
    664,
    724,
    784,
    845,
    906,
    967,
    1028,
    1088,
    1149,
    1210,
    1270,
    1330,
    1391,
    1451,
    1512,
    1572,
    1632,
    1693,
    1753,
    1813,
    1874,
    1935,
    1995,
    2056,
    2116,
    2176,
    2236,
    2296,
    2357,
    2417,
    2477,
    2500
  ],
  "v27_price": [
    60000,
    60000,
    62623.179130434786,
    62859.33473684211,
    62368.10666666667,
    62651.89871559634,
    62584.89323741007,
    62679.217777777776,
    62571.1514159904,
    62515.538081829356,
    62453.229368881024,
    63794.58138481158,
    63963.788218288944,
    64132.535158385894,
    64264.284466944475,
    64383.51445132954,
    64493.9283699807,
    64572.338580402175,
    64650.26200105061,
    64726.427965926334,
    64789.986803794665,
    64857.76079861683,
    64917.38802626256,
    64965.045722848525,
    64988.46311963512,
    65026.846975623535,
    65071.32903849519,
    65108.22556537752,
    65138.10387441792,
    65165.86527602996,
    65192.58730974949,
    65217.72069726391,
    65240.4377327807,
    65261.734584735255,
    65281.740393247346,
    65295.48653309406,
    65311.81217816503,
    65326.885652137484,
    65343.7214379203,
    65357.748923804655,
    65373.35191265514,
    65386.437771026605,
    65398.91368626111
  ],
  "v26_price": [
    60000,
    60000,
    57298.58086956522,
    57062.4252631579,
    57553.653333333335,
    57269.861284403676,
    57336.866762589925,
    57242.542222222226,
    57350.60858400961,
    57406.22191817066,
    57468.530631118985,
    56127.17861518843,
    55957.97178171105,
    55789.22484161411,
    55657.47553305553,
    55538.24554867047,
    55427.83163001931,
    55349.42141959783,
    55271.497998949395,
    55195.33203407367,
    55131.773196205344,
    55063.999201383165,
    55004.371973737434,
    54956.71427715148,
    54933.29688036488,
    54894.913024376474,
    54850.430961504804,
    54813.53443462249,
    54783.65612558209,
    54755.89472397004,
    54729.17269025051,
    54704.0393027361,
    54681.32226721929,
    54660.025415264754,
    54640.01960675265,
    54626.273466905935,
    54609.94782183497,
    54594.87434786252,
    54578.03856207971,
    54564.011076195355,
    54548.40808734487,
    54535.3222289734,
    54522.84631373889
  ],
  "v27_hashrate": [
    68.78,
    68.78,
    68.78,
    68.78,
    68.78,
    68.78,
    68.78,
    68.78,
    68.78,
    68.78,
    98.36999999999999,
    98.36999999999999,
    98.36999999999999,
    98.36999999999999,
    98.36999999999999,
    98.36999999999999,
    98.36999999999999,
    98.36999999999999,
    98.36999999999999,
    98.36999999999999,
    98.36999999999999,
    98.36999999999999,
    98.36999999999999,
    98.36999999999999,
    98.36999999999999,
    98.36999999999999,
    98.36999999999999,
    98.36999999999999,
    98.36999999999999,
    98.36999999999999,
    98.36999999999999,
    98.36999999999999,
    98.36999999999999,
    98.36999999999999,
    98.36999999999999,
    98.36999999999999,
    98.36999999999999,
    98.36999999999999,
    98.36999999999999,
    98.36999999999999,
    98.36999999999999,
    98.36999999999999,
    98.36999999999999
  ],
  "v26_hashrate": [
    29.59,
    29.59,
    29.59,
    29.59,
    29.59,
    29.59,
    29.59,
    29.59,
    29.59,
    29.59,
    0.0,
    0.0,
    0.0,
    0.0,
    0.0,
    0.0,
    0.0,
    0.0,
    0.0,
    0.0,
    0.0,
    0.0,
    0.0,
    0.0,
    0.0,
    0.0,
    0.0,
    0.0,
    0.0,
    0.0,
    0.0,
    0.0,
    0.0,
    0.0,
    0.0,
    0.0,
    0.0,
    0.0,
    0.0,
    0.0,
    0.0,
    0.0,
    0.0
  ],
  "v27_economic": [
    50.0,
    50.0,
    50.0,
    50.0,
    50.0,
    50.0,
    50.0,
    50.0,
    50.0,
    50.0,
    50.0,
    50.0,
    50.0,
    50.0,
    50.0,
    50.0,
    50.0,
    50.0,
    50.0,
    50.0,
    50.0,
    50.0,
    50.0,
    50.0,
    50.0,
    50.0,
    50.0,
    50.0,
    50.0,
    50.0,
    50.0,
    50.0,
    50.0,
    50.0,
    50.0,
    50.0,
    50.0,
    50.0,
    50.0,
    50.0,
    50.0,
    50.0,
    50.0
  ],
  "v26_economic": [
    50.0,
    50.0,
    50.0,
    50.0,
    50.0,
    50.0,
    50.0,
    50.0,
    50.0,
    50.0,
    50.0,
    50.0,
    50.0,
    50.0,
    50.0,
    50.0,
    50.0,
    50.0,
    50.0,
    50.0,
    50.0,
    50.0,
    50.0,
    50.0,
    50.0,
    50.0,
    50.0,
    50.0,
    50.0,
    50.0,
    50.0,
    50.0,
    50.0,
    50.0,
    50.0,
    50.0,
    50.0,
    50.0,
    50.0,
    50.0,
    50.0,
    50.0,
    50.0
  ],
  "v27_blocks": [
    0,
    17,
    44,
    57,
    81,
    102,
    121,
    145,
    175,
    205,
    229,
    265,
    307,
    345,
    385,
    428,
    455,
    484,
    516,
    546,
    582,
    618,
    650,
    674,
    704,
    741,
    774,
    803,
    832,
    862,
    892,
    921,
    950,
    979,
    1000,
    1028,
    1056,
    1089,
    1118,
    1152,
    1181,
    1210,
    1221
  ],
  "v26_blocks": [
    0,
    6,
    13,
    24,
    28,
    37,
    41,
    53,
    63,
    74,
    85,
    85,
    85,
    85,
    85,
    85,
    85,
    85,
    85,
    85,
    85,
    85,
    85,
    86,
    86,
    86,
    86,
    86,
    86,
    86,
    86,
    86,
    86,
    86,
    86,
    86,
    86,
    86,
    86,
    86,
    86,
    86,
    86
  ],
  "v27_difficulty": [
    1.0,
    1.0,
    1.0,
    1.0,
    1.0,
    1.0,
    1.0,
    0.6906474820143885,
    0.6906474820143885,
    0.6906474820143885,
    0.6906474820143885,
    0.6906474820143885,
    0.7154909166192226,
    0.7154909166192226,
    0.7154909166192226,
    0.7154909166192226,
    0.9584250417969121,
    0.9584250417969121,
    0.9584250417969121,
    0.9584250417969121,
    0.9485443712629233,
    0.9485443712629233,
    0.9485443712629233,
    0.9485443712629233,
    0.9485443712629233,
    1.0006621938597873,
    1.0006621938597873,
    1.0006621938597873,
    1.0006621938597873,
    1.0006621938597873,
    1.011195480110943,
    1.011195480110943,
    1.011195480110943,
    1.011195480110943,
    1.011195480110943,
    0.9186886380818663,
    0.9186886380818663,
    0.9186886380818663,
    0.9186886380818663,
    0.9517349919697032,
    0.9517349919697032,
    0.9517349919697032,
    0.9517349919697032
  ],
  "v26_difficulty": [
    1.0,
    1.0,
    1.0,
    1.0,
    1.0,
    1.0,
    1.0,
    1.0,
    1.0,
    1.0,
    1.0,
    1.0,
    1.0,
    1.0,
    1.0,
    1.0,
    1.0,
    1.0,
    1.0,
    1.0,
    1.0,
    1.0,
    1.0,
    1.0,
    1.0,
    1.0,
    1.0,
    1.0,
    1.0,
    1.0,
    1.0,
    1.0,
    1.0,
    1.0,
    1.0,
    1.0,
    1.0,
    1.0,
    1.0,
    1.0,
    1.0,
    1.0,
    1.0
  ],
  "v27_chainwork": [
    0.0,
    17.0,
    44.0,
    57.0,
    81.0,
    102.0,
    121.0,
    144.69064748201438,
    165.4100719424459,
    186.12949640287744,
    202.70503597122266,
    227.5683453237405,
    257.04756482583645,
    284.2362196573667,
    312.85585632213537,
    343.6219657367617,
    368.52770536456694,
    396.32203157667664,
    426.991632914177,
    455.74438416808357,
    490.1884016495677,
    524.3359990150323,
    554.6894188954441,
    577.454483805753,
    605.910814943639,
    642.1014309548995,
    675.1232833522708,
    704.1424869742033,
    733.1616905961357,
    763.1815564119279,
    793.4963542427533,
    822.8210231659702,
    852.1456920891872,
    881.470361012404,
    902.7054660947335,
    929.168802697259,
    954.8920845635523,
    985.2088096202551,
    1011.8507801246303,
    1043.086193819415,
    1070.6865085865368,
    1098.2868233536585,
    1108.7559082653254
  ],