{
  "config": {
    "base_price": 60000,
    "max_divergence": 0.2,
    "coefficients": {
      "chain_weight": 0.3,
      "economic_weight": 0.5,
      "hashrate_weight": 0.2
    }
  },
  "current_prices": {
    "v27": 59770.28571428571,
    "v26": 59941.71428571428
  },
  "timeline": {
    "timestamps": [
      1772417803.716955,
      1772417865.8877168,
      1772417865.8877308,
      1772417926.0481966,
      1772417926.0482082,
      1772417986.32486,
      1772417986.3248684,
      1772418046.6533048,
      1772418046.6533144,
      1772418107.204238,
      1772418107.204279,
      1772418167.569302,
      1772418167.569327,
      1772418227.8399913,
      1772418227.8400192,
      1772418288.1205325,
      1772418288.1205542,
      1772418348.3642638,
      1772418348.364273,
      1772418408.6106324,
      1772418408.6106644,
      1772418468.883431,
      1772418468.8834386,
      1772418529.293132,
      1772418529.293144,
      1772418589.5483408,
      1772418589.5483632,
      1772418650.154497,
      1772418650.1545155,
      1772418710.5262387,
      1772418710.5262723,
      1772418770.9006324,
      1772418770.9006834,
      1772418831.1329696,
      1772418831.132978,
      1772418891.7118921,
      1772418891.7119148,
      1772418951.939578,
      1772418951.9395897,
      1772419012.2181804,
      1772419012.2182152,
      1772419072.764228,
      1772419072.7642386,
      1772419133.060558,
      1772419133.060572,
      1772419193.3572493,
      1772419193.3572588,
      1772419253.9672852,
      1772419253.967317,
      1772419314.4994159,
      1772419314.499426,
      1772419374.8730793,
      1772419374.8730872,
      1772419435.3541331,
      1772419435.3541462,
      1772419495.6299698,
      1772419495.6300035,
      1772419555.816825,
      1772419555.8168607
    ],
    "v27_prices": [
      60000,
      61056.0,
      61056.0,
      61656.00000000001,
      61656.00000000001,
      62255.99999999999,
      62255.99999999999,
      61456.0,
      61456.0,
      60409.84615384615,
      60409.84615384615,
      60306.00000000001,
      60306.00000000001,
      60256.0,
      60256.0,
      60119.41463414634,
      60119.41463414634,
      60096.0,
      60096.0,
      60000.0,
      60000.0,
      59989.33333333333,
      59989.33333333333,
      60096.0,
      60096.0,
      60022.15384615385,
      60022.15384615385,
      59904.0,
      59904.0,
      59722.66666666667,
      59722.66666666667,
      59772.27906976744,
      59772.27906976744,
      59734.651685393255,
      59734.651685393255,
      59819.63636363637,
      59819.63636363637,
      59751.14563106796,
      59751.14563106796,
      59722.66666666667,
      59722.66666666667,
      59733.96610169492,
      59733.96610169492,
      59826.73170731708,
      59826.73170731708,
      59689.84615384615,
      59689.84615384615,
      59777.16788321168,
      59777.16788321168,
      59757.3698630137,
      59757.3698630137,
      59785.41176470588,
      59785.41176470588,
      59788.07547169812,
      59788.07547169812,
      59768.19512195122,
      59768.19512195122,
      59770.28571428571,
      59770.28571428571
    ],
    "v26_prices": [
      60000,
      60000,
      58656.0,
      58656.0,
      58056.0,
      58056.0,
      57456.0,
      57456.0,
      58256.00000000001,
      58256.00000000001,
      59302.153846153844,
      59302.153846153844,
      59406.0,
      59406.0,
      59456.0,
      59456.0,
      59592.58536585366,
      59592.58536585366,
      59616.0,
      59616.0,
      59712.0,
      59712.0,
      59722.66666666667,
      59722.66666666667,
      59616.0,
      59616.0,
      59689.84615384615,
      59689.84615384615,
      59808.0,
      59808.0,
      59989.33333333333,
      59989.33333333333,
      59939.72093023256,
      59939.72093023256,
      59977.34831460674,
      59977.34831460674,
      59892.36363636363,
      59892.36363636363,
      59960.854368932036,
      59960.854368932036,
      59989.33333333333,
      59989.33333333333,
      59978.03389830508,
      59978.03389830508,
      59885.26829268293,
      59885.26829268293,
      60022.15384615385,
      60022.15384615385,
      59934.83211678832,
      59934.83211678832,
      59954.6301369863,
      59954.6301369863,
      59926.58823529412,
      59926.58823529412,
      59923.92452830189,
      59923.92452830189,
      59943.80487804878,
      59943.80487804878,
      59941.71428571428
    ]
  },
  "history": [
    {
      "timestamp": 1772417803.716955,
      "chain_id": "v27",
      "price": 60000,
      "metadata": {
        "initial": true
      }
    },
    {
      "timestamp": 1772417803.716955,
      "chain_id": "v26",
      "price": 60000,
      "metadata": {
        "initial": true
      }
    },
    {
      "timestamp": 1772417865.8877168,
      "chain_id": "v27",
      "price": 61056.0,
      "metadata": {
        "fork_sustained": true,
        "fork_depth": 6
      }
    },
    {
      "timestamp": 1772417865.8877308,
      "chain_id": "v26",
      "price": 58656.0,
      "metadata": {
        "fork_sustained": true,
        "fork_depth": 6
      }
    },
    {
      "timestamp": 1772417926.0481966,
      "chain_id": "v27",
      "price": 61656.00000000001,
      "metadata": {
        "fork_sustained": true,
        "fork_depth": 8
      }
    },
    {
      "timestamp": 1772417926.0482082,
      "chain_id": "v26",
      "price": 58056.0,
      "metadata": {
        "fork_sustained": true,
        "fork_depth": 8
      }
    },
    {
      "timestamp": 1772417986.32486,
      "chain_id": "v27",
      "price": 62255.99999999999,
      "metadata": {
        "fork_sustained": true,
        "fork_depth": 12
      }
    },
    {
      "timestamp": 1772417986.3248684,
      "chain_id": "v26",
      "price": 57456.0,
      "metadata": {
        "fork_sustained": true,
        "fork_depth": 12
      }
    },
    {
      "timestamp": 1772418046.6533048,
      "chain_id": "v27",
      "price": 61456.0,
      "metadata": {
        "fork_sustained": true,
        "fork_depth": 18
      }
    },
    {
      "timestamp": 1772418046.6533144,
      "chain_id": "v26",
      "price": 58256.00000000001,
      "metadata": {
        "fork_sustained": true,
        "fork_depth": 18
      }
    },
    {
      "timestamp": 1772418107.204238,
      "chain_id": "v27",
      "price": 60409.84615384615,
      "metadata": {
        "fork_sustained": true,
        "fork_depth": 26
      }
    },
    {
      "timestamp": 1772418107.204279,
      "chain_id": "v26",
      "price": 59302.153846153844,
      "metadata": {
        "fork_sustained": true,
        "fork_depth": 26
      }
    },
    {
      "timestamp": 1772418167.569302,
      "chain_id": "v27",
      "price": 60306.00000000001,
      "metadata": {
        "fork_sustained": true,
        "fork_depth": 32
      }
    },
    {
      "timestamp": 1772418167.569327,
      "chain_id": "v26",
      "price": 59406.0,
      "metadata": {
        "fork_sustained": true,
        "fork_depth": 32
      }
    },
    {
      "timestamp": 1772418227.8399913,
      "chain_id": "v27",
      "price": 60256.0,
      "metadata": {
        "fork_sustained": true,
        "fork_depth": 36
      }
    },
    {
      "timestamp": 1772418227.8400192,
      "chain_id": "v26",
      "price": 59456.0,
      "metadata": {
        "fork_sustained": true,
        "fork_depth": 36
      }
    },
    {
      "timestamp": 1772418288.1205325,
      "chain_id": "v27",
      "price": 60119.41463414634,
      "metadata": {
        "fork_sustained": true,
        "fork_depth": 41
      }
    },
    {
      "timestamp": 1772418288.1205542,
      "chain_id": "v26",
      "price": 59592.58536585366,
      "metadata": {
        "fork_sustained": true,
        "fork_depth": 41
      }
    },
    {
      "timestamp": 1772418348.3642638,
      "chain_id": "v27",
      "price": 60096.0,
      "metadata": {
        "fork_sustained": true,