{
  "blocks_mined": {
    "v27": 19,
    "v26": 520
  },
  "total_blocks": 539,
  "final_hashrate": {
    "v27": 0.0,
    "v26": 86.4
  },
  "final_economic": {
    "v27": 62.148876597346025,
    "v26": 37.85112340265398
  },
  "final_prices": {
    "v27": 55625.66180185102,
    "v26": 63721.53819814899
  }
}