{
  "blocks_mined": {
    "v27": 5,
    "v26": 386
  },
  "total_blocks": 391,
  "final_hashrate": {
    "v27": 0.0,
    "v26": 86.4
  },
  "final_economic": {
    "v27": 0.0,
    "v26": 100.0
  },
  "final_prices": {
    "v27": 48083.23699421965,
    "v26": 71263.96300578034
  }
}