{
  "blocks_mined": {
    "v27": 177,
    "v26": 153
  },
  "total_blocks": 330,
  "final_hashrate": {
    "v27": 50.5,
    "v26": 35.9
  },
  "final_economic": {
    "v27": 69.96696400795432,
    "v26": 30.033035992045683
  },
  "final_prices": {
    "v27": 62649.24916410058,
    "v26": 56697.95083589941
  }
}