{
  "blocks_mined": {
    "v27": 209,
    "v26": 216
  },
  "total_blocks": 425,
  "final_hashrate": {
    "v27": 50.5,
    "v26": 35.9
  },
  "final_economic": {
    "v27": 60.39927566446243,
    "v26": 39.600724335537585
  },
  "final_prices": {
    "v27": 61224.41967604157,
    "v26": 58122.78032395845
  }
}