{
  "config": {
    "base_price": 60000,
    "max_divergence": 0.2,
    "coefficients": {
      "chain_weight": 0.3,
      "economic_weight": 0.5,
      "hashrate_weight": 0.2
    }
  },
  "current_prices": {
    "v27": 54942.74888966788,
    "v26": 64979.011110332125
  },
  "timeline": {
    "timestamps": [
      1772311938.3650076,
      1772311999.9969227,
      1772311999.996952,
      1772312060.8601413,
      1772312060.8601513,
      1772312121.7775407,
      1772312121.7775598,
      1772312182.0375464,
      1772312182.037594,
      1772312242.4899435,
      1772312242.4899662,
      1772312302.596223,
      1772312302.5962458,
      1772312362.9681976,
      1772312362.9682055,
      1772312423.232244,
      1772312423.2322564,
      1772312483.42154,
      1772312483.421561,
      1772312543.9033244,
      1772312543.9033573,
      1772312604.3156905,
      1772312604.3157125,
      1772312664.6086926,
      1772312664.6087003,
      1772312724.931113,
      1772312724.9311345,
      1772312785.0519164,
      1772312785.0519466,
      1772312845.2873363,
      1772312845.2873585,
      1772312905.7762156,
      1772312905.7762392,
      1772312965.924428,
      1772312965.9244356,
      1772313026.4169703,
      1772313026.4170086,
      1772313086.6160698,
      1772313086.6162212,
      1772313146.812995,
      1772313146.8130176,
      1772313206.966144,
      1772313206.9661865,
      1772313267.241265,
      1772313267.2412715,
      1772313327.6203706,
      1772313327.6203816,
      1772313388.1479375,
      1772313388.1479592,
      1772313448.5608146,
      1772313448.560836,
      1772313508.7716866,
      1772313508.7716987,
      1772313569.0392163,
      1772313569.0392597,
      1772313629.4467418,
      1772313629.4467633,
      1772313689.847157,
      1772313689.8471794
    ],
    "v27_prices": [
      60000,
      60000,
      60000,
      58652.980972521735,
      58652.980972521735,
      58980.253699794455,
      58980.253699794455,
      58510.68848240316,
      58510.68848240316,
      58260.253699794455,
      58260.253699794455,
      58399.60853850413,
      58399.60853850413,
      58380.253699794455,
      58380.253699794455,
      58440.25369979446,
      58440.25369979446,
      58325.708245249,
      58325.708245249,
      57444.93294507748,
      57444.93294507748,
      57289.04058504036,
      57289.04058504036,
      57292.617336158095,
      57292.617336158095,
      57316.5276723972,
      57316.5276723972,
      57240.253699794455,
      57240.253699794455,
      57190.43091498433,
      57190.43091498433,
      57336.25369979446,
      57336.25369979446,
      57238.07188161264,
      57238.07188161264,
      57202.64545237178,
      57202.64545237178,
      57236.451719596436,
      57236.451719596436,
      55839.81941408017,
      55839.81941408017,
      55765.53369979446,
      55765.53369979446,
      55650.48945200685,
      55650.48945200685,
      55486.19485681925,
      55486.19485681925,
      55376.5573218417,
      55376.5573218417,
      55261.056087854166,
      55261.056087854166,
      55200.31630849011,
      55200.31630849011,
      55129.17006343082,
      55129.17006343082,
      55025.136348801076,
      55025.136348801076,
      54942.74888966788,
      54942.74888966788
    ],
    "v26_prices": [
      60000,
      60000,
      60000,
      60000,
      61268.77902747827,
      61268.77902747827,
      60941.50630020555,
      60941.50630020555,
      61411.07151759684,
      61411.07151759684,
      61661.50630020555,
      61661.50630020555,
      61522.15146149586,
      61522.15146149586,
      61541.50630020555,
      61541.50630020555,
      61481.50630020554,
      61481.50630020554,
      61596.051754751,
      61596.051754751,
      62476.82705492253,
      62476.82705492253,
      62632.71941495965,
      62632.71941495965,
      62629.14266384191,
      62629.14266384191,
      62605.23232760281,
      62605.23232760281,
      62681.506300205554,
      62681.506300205554,
      62731.32908501568,
      62731.32908501568,
      62585.50630020555,
      62585.50630020555,
      62683.688118387356,
      62683.688118387356,
      62719.114547628225,
      62719.114547628225,
      62685.308280403566,
      62685.308280403566,
      64081.94058591983,
      64081.94058591983,
      64156.22630020554,
      64156.22630020554,
      64271.27054799316,
      64271.27054799316,
      64435.56514318074,
      64435.56514318074,
      64545.2026781583,
      64545.2026781583,
      64660.703912145844,
      64660.703912145844,
      64721.443691509885,
      64721.443691509885,
      64792.58993656919,
      64792.58993656919,
      64896.62365119892,
      64896.62365119892,
      64979.011110332125
    ]
  },
  "history": [
    {
      "timestamp": 1772311938.3650076,
      "chain_id": "v27",
      "price": 60000,
      "metadata": {
        "initial": true
      }
    },
    {
      "timestamp": 1772311938.3650076,
      "chain_id": "v26",
      "price": 60000,
      "metadata": {
        "initial": true
      }
    },
    {
      "timestamp": 1772311999.9969227,
      "chain_id": "v27",
      "price": 60000,
      "metadata": {}
    },
    {
      "timestamp": 1772311999.996952,
      "chain_id": "v26",
      "price": 60000,
      "metadata": {}
    },
    {
      "timestamp": 1772312060.8601413,
      "chain_id": "v27",
      "price": 58652.980972521735,
      "metadata": {
        "fork_sustained": true,
        "fork_depth": 11
      }
    },
    {
      "timestamp": 1772312060.8601513,
      "chain_id": "v26",
      "price": 61268.77902747827,
      "metadata": {
        "fork_sustained": true,
        "fork_depth": 11
      }
    },
    {
      "timestamp": 1772312121.7775407,
      "chain_id": "v27",
      "price": 58980.253699794455,
      "metadata": {
        "fork_sustained": true,
        "fork_depth": 18
      }
    },
    {
      "timestamp": 1772312121.7775598,
      "chain_id": "v26",
      "price": 60941.50630020555,
      "metadata": {
        "fork_sustained": true,
        "fork_depth": 18
      }
    },
    {
      "timestamp": 1772312182.0375464,
      "chain_id": "v27",
      "price": 58510.68848240316,
      "metadata": {
        "fork_sustained": true,
        "fork_depth": 23
      }
    },
    {
      "timestamp": 1772312182.037594,
      "chain_id": "v26",
      "price": 61411.07151759684,
      "metadata": {
        "fork_sustained": true,
        "fork_depth": 23
      }
    },
    {
      "timestamp": 1772312242.4899435,
      "chain_id": "v27",
      "price": 58260.253699794455,
      "metadata": {
        "fork_sustained": true,
        "fork_depth": 30
      }
    },
    {
      "timestamp": 1772312242.4899662,
      "chain_id": "v26",
      "price": 61661.50630020555,
      "metadata": {
        "fork_sustained": true,
        "fork_depth": 30
      }
    },
    {
      "timestamp": 1772312302.596223,
      "chain_id": "v27",
      "price": 58399.60853850413,
      "metadata": {
        "fork_sustained": true,
        "fork_depth": 31
      }
    },
    {
      "timestamp": 1772312302.5962458,
      "chain_id": "v26",
      "price": 61522.15146149586,
      "metadata": {
        "fork_sustained": true,
        "fork_depth": 31
      }
    },
    {
      "timestamp": 1772312362.9681976,
      "chain_id": "v27",
      "price": 58380.253699794455,
      "metadata": {
        "fork_sustained": true,
        "fork_depth": 36
      }
    },
    {
      "timestamp": 1772312362.9682055,
      "chain_id": "v26",
      "price": 61541.50630020555,
      "metadata": {
        "fork_sustained": true,
        "fork_depth": 36
      }
    },
    {
      "timestamp": 1772312423.232244,
      "chain_id": "v27",
      "price": 58440.25369979446,
      "metadata": {
        "fork_sustained": true,
        "fork_depth": 40
      }
    },
    {
      "timestamp": 1772312423.2322564,
      "chain_id": "v26",
      "price": 61481.50630020554,