{
  "blocks_mined": {
    "v27": 39,
    "v26": 126
  },
  "total_blocks": 165,
  "final_hashrate": {
    "v27": 0.0,
    "v26": 98.36999999999999
  },
  "final_economic": {
    "v27": 43.046114164953785,
    "v26": 56.9538858350462
  },
  "final_prices": {
    "v27": 54942.74888966788,
    "v26": 64979.011110332125
  }
}