{
  "blocks_mined": {
    "v27": 173,
    "v26": 5194
  },
  "total_blocks": 5367,
  "final_hashrate": {
    "v27": 0.0,
    "v26": 86.4
  },
  "final_economic": {
    "v27": 56.73664319629601,
    "v26": 43.26335680370397
  },
  "final_prices": {
    "v27": 55118.081054647526,
    "v26": 64229.11894535248
  }
}