{
  "blocks_mined": {
    "v27": 446,
    "v26": 46
  },
  "total_blocks": 492,
  "final_hashrate": {
    "v27": 86.4,
    "v26": 0.0
  },
  "final_economic": {
    "v27": 100.0,
    "v26": 0.0
  },
  "final_prices": {
    "v27": 69952.15156081809,
    "v26": 49395.04843918191
  }
}