{
  "blocks_mined": {
    "v27": 1108,
    "v26": 49
  },
  "total_blocks": 1157,
  "final_hashrate": {
    "v27": 86.4,
    "v26": 0.0
  },
  "final_economic": {
    "v27": 100.0,
    "v26": 0.0
  },
  "final_prices": {
    "v27": 70146.0625592417,
    "v26": 49201.1374407583
  }
}