{
  "blocks_mined": {
    "v27": 2015,
    "v26": 269
  },
  "total_blocks": 2284,
  "final_hashrate": {
    "v27": 86.4,
    "v26": 0.0
  },
  "final_economic": {
    "v27": 100.0,
    "v26": 0.0
  },
  "final_prices": {
    "v27": 70487.30695187167,
    "v26": 48859.89304812834
  }
}