{
  "blocks_mined": {
    "v27": 567,
    "v26": 5664
  },
  "total_blocks": 6231,
  "final_hashrate": {
    "v27": 0.0,
    "v26": 86.4
  },
  "final_economic": {
    "v27": 56.73664319629601,
    "v26": 43.26335680370397
  },
  "final_prices": {
    "v27": 55603.53037521306,
    "v26": 63743.66962478695
  }
}