{
  "blocks_mined": {
    "v27": 6143,
    "v26": 768
  },
  "total_blocks": 6911,
  "final_hashrate": {
    "v27": 86.4,
    "v26": 0.0
  },
  "final_economic": {
    "v27": 100.0,
    "v26": 0.0
  },
  "final_prices": {
    "v27": 70666.60003365946,
    "v26": 48680.59996634055
  }
}