{
  "blocks_mined": {
    "v27": 1658,
    "v26": 794
  },
  "total_blocks": 2452,
  "final_hashrate": {
    "v27": 86.4,
    "v26": 0.0
  },
  "final_economic": {
    "v27": 56.73741253525133,
    "v26": 43.26258746474866
  },
  "final_prices": {
    "v27": 64364.20317690237,
    "v26": 54982.99682309763
  }
}