{
  "blocks_mined": {
    "v27": 4119,
    "v26": 413
  },
  "total_blocks": 4532,
  "final_hashrate": {
    "v27": 86.4,
    "v26": 0.0
  },
  "final_economic": {
    "v27": 100.0,
    "v26": 0.0
  },
  "final_prices": {
    "v27": 70498.91171988584,
    "v26": 48848.28828011416
  }
}