{
  "timestamps": [
    0,
    60,
    121,
    182,
    242,
    302,
    363,
    423,
    484,
    544,
    605,
    665,
    726,
    786,
    847,
    908,
    968,
    1029,
    1089,
    1150,
    1210,
    1271,
    1332,
    1392,
    1452,
    1513,
    1574,
    1634,
    1695,
    1755,
    1800
  ],
  "v27_price": [
    60000,
    60000,
    58633.09215338852,
    58633.09215338852,
    58633.09215338852,
    58633.09215338852,
    58633.09215338852,
    58633.09215338852,
    58633.09215338852,
    58633.09215338852,
    58633.09215338852,
    58633.09215338852,
    58633.09215338852,
    58633.09215338852,
    58633.09215338852,
    58633.09215338852,
    58633.09215338852,
    58633.09215338852,
    58633.09215338852,
    58633.09215338852,
    58633.09215338852,
    58633.09215338852,
    58633.09215338852,
    58633.09215338852,
    58633.09215338852,
    58643.71162241507,
    58643.19033010661,
    58642.717821837716,
    58642.358562654925,
    58642.00304447763,
    58641.69430392615
  ],
  "v26_price": [
    60000,
    60000,
    61288.6678466115,
    61288.6678466115,
    61288.6678466115,
    61288.6678466115,
    61288.6678466115,
    61288.6678466115,
    61288.6678466115,
    61288.6678466115,
    61288.6678466115,
    61288.6678466115,
    61288.6678466115,
    61288.6678466115,
    61288.6678466115,
    61288.6678466115,
    61288.6678466115,
    61288.6678466115,
    61288.6678466115,
    61288.6678466115,
    61288.6678466115,
    61288.6678466115,
    61288.6678466115,
    61288.6678466115,
    61288.6678466115,
    61278.04837758494,
    61278.5696698934,
    61279.04217816228,
    61279.401437345085,
    61279.75695552238,
    61280.065696073856
  ],
  "v27_hashrate": [
    0.0,
    0.0,
    0.0,
    0.0,
    0.0,
    0.0,
    0.0,
    0.0,
    0.0,
    0.0,
    0.0,
    0.0,
    0.0,
    0.0,
    0.0,
    0.0,
    0.0,
    0.0,
    0.0,
    0.0,
    0.0,
    0.0,
    0.0,
    0.0,
    0.0,
    0.0,
    0.0,
    0.0,
    0.0,
    0.0,
    0.0
  ],
  "v26_hashrate": [
    98.36999999999999,
    98.36999999999999,
    98.36999999999999,
    98.36999999999999,
    98.36999999999999,
    98.36999999999999,
    98.36999999999999,
    98.36999999999999,
    98.36999999999999,
    98.36999999999999,
    98.36999999999999,
    98.36999999999999,
    98.36999999999999,
    98.36999999999999,
    98.36999999999999,
    98.36999999999999,
    98.36999999999999,
    98.36999999999999,
    98.36999999999999,
    98.36999999999999,
    98.36999999999999,
    98.36999999999999,
    98.36999999999999,
    98.36999999999999,
    98.36999999999999,
    98.36999999999999,
    98.36999999999999,
    98.36999999999999,
    98.36999999999999,
    98.36999999999999,
    98.36999999999999
  ],
  "v27_economic": [
    88.60910127823763,
    88.60910127823763,
    88.60910127823763,
    88.60910127823763,
    88.60910127823763,
    88.60910127823763,
    88.60910127823763,
    88.60910127823763,
    88.60910127823763,
    88.60910127823763,
    88.60910127823763,
    88.60910127823763,
    88.60910127823763,
    88.60910127823763,
    88.60910127823763,
    88.60910127823763,
    88.60910127823763,
    88.60910127823763,
    88.60910127823763,
    88.60910127823763,
    88.60910127823763,
    88.60910127823763,
    88.60910127823763,
    88.60910127823763,
    88.60910127823763,
    88.60910127823763,
    88.60910127823763,
    88.60910127823763,
    88.60910127823763,
    88.60910127823763,
    88.60910127823763
  ],
  "v26_economic": [
    11.39089872176237,
    11.39089872176237,
    11.39089872176237,
    11.39089872176237,
    11.39089872176237,
    11.39089872176237,
    11.39089872176237,
    11.39089872176237,
    11.39089872176237,
    11.39089872176237,
    11.39089872176237,
    11.39089872176237,
    11.39089872176237,
    11.39089872176237,
    11.39089872176237,
    11.39089872176237,
    11.39089872176237,
    11.39089872176237,
    11.39089872176237,
    11.39089872176237,
    11.39089872176237,
    11.39089872176237,
    11.39089872176237,
    11.39089872176237,
    11.39089872176237,
    11.39089872176237,
    11.39089872176237,
    11.39089872176237,
    11.39089872176237,
    11.39089872176237,
    11.39089872176237
  ],
  "v27_blocks": [
    0,
    0,
    0,
    0,
    0,
    0,
    0,
    0,
    0,
    0,
    0,
    0,
    0,
    0,
    0,
    0,
    0,
    0,
    0,
    0,
    0,
    0,
    0,
    0,
    1,
    1,
    1,
    1,
    1,
    1,
    1
  ],
  "v26_blocks": [
    0,
    24,
    56,
    88,
    117,
    143,
    164,
    189,
    220,
    250,
    276,
    303,
    335,
    362,
    389,
    413,
    441,
    468,
    496,
    529,
    556,
    587,
    626,
    645,
    677,
    712,
    747,
    776,
    807,
    836,
    860
  ],
  "v27_difficulty": [
    1.0,
    1.0,
    1.0,
    1.0,
    1.0,
    1.0,
    1.0,
    1.0,
    1.0,
    1.0,
    1.0,
    1.0,
    1.0,
    1.0,
    1.0,
    1.0,
    1.0,
    1.0,
    1.0,
    1.0,
    1.0,
    1.0,
    1.0,
    1.0,
    1.0,
    1.0,
    1.0,
    1.0,
    1.0,
    1.0,
    1.0
  ],
  "v26_difficulty": [
    1.0,
    1.0,
    1.0,
    1.0,
    1.0,
    1.0,
    1.0,
    1.0,
    1.0,
    1.0,
    1.0,
    1.0,
    1.0,
    1.0,
    1.0,
    1.0,
    1.0,
    1.0,
    1.0,
    1.0,
    1.0,
    1.0,
    1.0,
    1.0,
    1.0,
    1.0,
    1.0,
    1.0,
    1.0,
    1.0,
    1.0
  ],
  "v27_chainwork": [
    0.0,
    0.0,
    0.0,
    0.0,
    0.0,
    0.0,
    0.0,
    0.0,
    0.0,
    0.0,
    0.0,
    0.0,
    0.0,
    0.0,
    0.0,
    0.0,
    0.0,
    0.0,
    0.0,
    0.0,
    0.0,
    0.0,
    0.0,
    0.0,
    1.0,
    1.0,
    1.0,
    1.0,
    1.0,
    1.0,
    1.0
  ],
  "v26_chainwork": [
    0.0,
    24.0,
    56.0,
    88.0,
    117.0,
    143.0,
    164.0,
    189.0,
    220.0,
    250.0,
    276.0,
    303.0,
    335.0,
    362.0,
    389.0,
    413.0,
    441.0,
    468.0,
    496.0,
    529.0,
    556.0,
    587.0,
    626.0,
    645.0,
    677.0,
    712.0,
    747.0,
    776.0,
    807.0,
    836.0,
    860.0
  ],
  "v27_fee_rate": [
    1.0,
    1.0,
    6.023837310615082,
    6.023837310615082,
    6.023837310615082,
    6.023837310615082,
    6.023837310615082,
    6.023837310615082,
    6.023837310615082,
    6.023837310615082,
    6.023837310615082,
    6.023837310615082,
    6.023837310615082,
    6.023837310615082,
    6.023837310615082,
    6.023837310615082,
    6.023837310615082,
    6.023837310615082,
    6.023837310615082,
    6.023837310615082,
    6.023837310615082,
    6.023837310615082,
    6.023837310615082,
    6.023837310615082,
    6.023837310615082,
    6.023837310615082,
    6.023837310615082,
    6.023837310615082,
    6.023837310615082,
    6.023837310615082,
    6.023837310615082
  ],
  "v26_fee_rate": [
    1.0,
    1.0,
    0.000653481097948137,
    0.000653481097948137,
    0.000653481097948137,
    0.000653481097948137,
    0.000653481097948137,
    0.000653481097948137,
    0.000653481097948137,
    0.000653481097948137,
    0.000653481097948137,
    0.000653481097948137,
    0.000653481097948137,
    0.000653481097948137,
    0.000653481097948137,
    0.000653481097948137,
    0.000653481097948137,
    0.000653481097948137,
    0.000653481097948137,
    0.000653481097948137,
    0.000653481097948137,
    0.000653481097948137,
    0.000653481097948137,
    0.000653481097948137,
    0.000653481097948137,
    0.000653481097948137,
    0.000653481097948137,
    0.000653481097948137,
    0.000653481097948137,
    0.000653481097948137,
    0.000653481097948137
  ],