{
  "blocks_mined": {
    "v27": 23,
    "v26": 2066
  },
  "total_blocks": 2089,
  "final_hashrate": {
    "v27": 0.0,
    "v26": 86.4
  },
  "final_economic": {
    "v27": 0.0,
    "v26": 100.0
  },
  "final_prices": {
    "v27": 48077.569533590075,
    "v26": 71269.63046640993
  }
}