{
  "blocks_mined": {
    "v27": 1930,
    "v26": 1397
  },
  "total_blocks": 3327,
  "final_hashrate": {
    "v27": 50.5,
    "v26": 35.9
  },
  "final_economic": {
    "v27": 56.737060138721,
    "v26": 43.262939861279
  },
  "final_prices": {
    "v27": 61417.884109850405,
    "v26": 57929.31589014959
  }
}