{
  "blocks_mined": {
    "v27": 9,
    "v26": 957
  },
  "total_blocks": 966,
  "final_hashrate": {
    "v27": 0.0,
    "v26": 86.4
  },
  "final_economic": {
    "v27": 0.0,
    "v26": 100.0
  },
  "final_prices": {
    "v27": 48054.368932038844,
    "v26": 71292.83106796117
  }
}