{
  "config": {
    "base_price": 60000,
    "max_divergence": 0.2,
    "coefficients": {
      "chain_weight": 0.3,
      "economic_weight": 0.5,
      "hashrate_weight": 0.2
    }
  },
  "current_prices": {
    "v27": 59963.78443113773,
    "v26": 59748.21556886227
  },
  "timeline": {
    "timestamps": [
      1772394979.5557406,
      1772395041.0583265,
      1772395041.058337,
      1772395101.2143247,
      1772395101.214354,
      1772395161.4745548,
      1772395161.4745896,
      1772395222.1899478,
      1772395222.1899555,
      1772395282.5007572,
      1772395282.500791,
      1772395342.9166265,
      1772395342.9166782,
      1772395403.2883987,
      1772395403.2884102,
      1772395463.8016624,
      1772395463.8016875,
      1772395524.1824496,
      1772395524.1824613,
      1772395584.7606587,
      1772395584.7606912,
      1772395645.2972338,
      1772395645.2972422,
      1772395705.8525064,
      1772395705.852532,
      1772395766.0939155,
      1772395766.0939221,
      1772395826.3624544,
      1772395826.362485,
      1772395886.6345537,
      1772395886.6345744,
      1772395947.0198185,
      1772395947.0198648,
      1772396007.2771273,
      1772396007.2771635,
      1772396067.6377609,
      1772396067.6377783,
      1772396128.2737777,
      1772396128.2737997,
      1772396188.5090978,
      1772396188.5091069,
      1772396248.657101,
      1772396248.6571336,
      1772396309.0963385,
      1772396309.0963464,
      1772396369.423014,
      1772396369.4230213,
      1772396429.7532156,
      1772396429.753237,
      1772396490.0163713,
      1772396490.016385,
      1772396550.4941971,
      1772396550.494236,
      1772396611.01878,
      1772396611.0188005,
      1772396671.2955558,
      1772396671.295569,
      1772396731.5450187,
      1772396731.5450544
    ],
    "v27_prices": [
      60000,
      60000,
      60000,
      58656.0,
      58656.0,
      59136.0,
      59136.0,
      59699.47826086956,
      59699.47826086956,
      59989.33333333333,
      59989.33333333333,
      60370.285714285725,
      60370.285714285725,
      60295.0243902439,
      60295.0243902439,
      60287.99999999999,
      60287.99999999999,
      60241.71428571429,
      60241.71428571429,
      60465.23076923077,
      60465.23076923077,
      60299.83561643835,
      60299.83561643835,
      60216.0,
      60216.0,
      60246.36144578313,
      60246.36144578313,
      60346.90909090909,
      60346.90909090909,
      60281.8064516129,
      60281.8064516129,
      60256.0,
      60256.0,
      60100.66019417476,
      60100.66019417476,
      60052.36363636364,
      60052.36363636364,
      60039.05084745762,
      60039.05084745762,
      60123.76859504132,
      60123.76859504132,
      60119.41463414634,
      60119.41463414634,
      60077.53846153846,
      60077.53846153846,
      60120.705882352944,
      60120.705882352944,
      60136.851063829796,
      60136.851063829796,
      60102.57534246575,
      60102.57534246575,
      60067.76470588235,
      60067.76470588235,
      60012.52173913043,
      60012.52173913043,
      59987.707317073175,
      59987.707317073175,
      59963.78443113773,
      59963.78443113773
    ],
    "v26_prices": [
      60000,
      60000,
      60000,
      60000,
      61056.0,
      61056.0,
      60576.0,
      60576.0,
      60012.52173913043,
      60012.52173913043,
      59722.66666666667,
      59722.66666666667,
      59341.71428571428,
      59341.71428571428,
      59416.9756097561,
      59416.9756097561,
      59424.0,
      59424.0,
      59470.28571428572,
      59470.28571428572,
      59246.769230769234,
      59246.769230769234,
      59412.16438356164,
      59412.16438356164,
      59496.0,
      59496.0,
      59465.638554216865,
      59465.638554216865,
      59365.090909090904,
      59365.090909090904,
      59430.1935483871,
      59430.1935483871,
      59456.0,
      59456.0,
      59611.33980582525,
      59611.33980582525,
      59659.63636363636,
      59659.63636363636,
      59672.94915254237,
      59672.94915254237,
      59588.23140495868,
      59588.23140495868,
      59592.58536585366,
      59592.58536585366,
      59634.461538461546,
      59634.461538461546,
      59591.29411764706,
      59591.29411764706,
      59575.14893617021,
      59575.14893617021,
      59609.42465753425,
      59609.42465753425,
      59644.23529411764,
      59644.23529411764,
      59699.47826086956,
      59699.47826086956,
      59724.29268292683,
      59724.29268292683,
      59748.21556886227
    ]
  },
  "history": [
    {
      "timestamp": 1772394979.5557406,
      "chain_id": "v27",
      "price": 60000,
      "metadata": {
        "initial": true
      }
    },
    {
      "timestamp": 1772394979.5557406,
      "chain_id": "v26",
      "price": 60000,
      "metadata": {
        "initial": true
      }
    },
    {
      "timestamp": 1772395041.0583265,
      "chain_id": "v27",
      "price": 60000,
      "metadata": {}
    },
    {
      "timestamp": 1772395041.058337,
      "chain_id": "v26",
      "price": 60000,
      "metadata": {}
    },
    {
      "timestamp": 1772395101.2143247,
      "chain_id": "v27",
      "price": 58656.0,
      "metadata": {
        "fork_sustained": true,
        "fork_depth": 6
      }
    },
    {
      "timestamp": 1772395101.214354,
      "chain_id": "v26",
      "price": 61056.0,
      "metadata": {
        "fork_sustained": true,
        "fork_depth": 6
      }
    },
    {
      "timestamp": 1772395161.4745548,
      "chain_id": "v27",
      "price": 59136.0,
      "metadata": {
        "fork_sustained": true,
        "fork_depth": 15
      }
    },
    {
      "timestamp": 1772395161.4745896,
      "chain_id": "v26",
      "price": 60576.0,
      "metadata": {
        "fork_sustained": true,
        "fork_depth": 15
      }
    },
    {
      "timestamp": 1772395222.1899478,
      "chain_id": "v27",
      "price": 59699.47826086956,
      "metadata": {
        "fork_sustained": true,
        "fork_depth": 23
      }
    },
    {
      "timestamp": 1772395222.1899555,
      "chain_id": "v26",
      "price": 60012.52173913043,
      "metadata": {
        "fork_sustained": true,
        "fork_depth": 23
      }
    },
    {
      "timestamp": 1772395282.5007572,
      "chain_id": "v27",
      "price": 59989.33333333333,
      "metadata": {
        "fork_sustained": true,
        "fork_depth": 27
      }
    },
    {
      "timestamp": 1772395282.500791,
      "chain_id": "v26",
      "price": 59722.66666666667,
      "metadata": {
        "fork_sustained": true,
        "fork_depth": 27
      }
    },
    {
      "timestamp": 1772395342.9166265,
      "chain_id": "v27",
      "price": 60370.285714285725,
      "metadata": {
        "fork_sustained": true,
        "fork_depth": 35
      }
    },
    {
      "timestamp": 1772395342.9166782,
      "chain_id": "v26",
      "price": 59341.71428571428,
      "metadata": {
        "fork_sustained": true,
        "fork_depth": 35
      }
    },
    {
      "timestamp": 1772395403.2883987,
      "chain_id": "v27",
      "price": 60295.0243902439,
      "metadata": {
        "fork_sustained": true,
        "fork_depth": 41
      }
    },
    {
      "timestamp": 1772395403.2884102,
      "chain_id": "v26",
      "price": 59416.9756097561,
      "metadata": {
        "fork_sustained": true,
        "fork_depth": 41
      }
    },
    {
      "timestamp": 1772395463.8016624,
      "chain_id": "v27",
      "price": 60287.99999999999,
      "metadata": {
        "fork_sustained": true,
        "fork_depth": 50
      }
    },
    {
      "timestamp": 1772395463.8016875,
      "chain_id": "v26",
      "price": 59424.0,
      "metadata": {
        "fork_sustained": true,
        "fork_depth": 50
      }
    },
    {
      "timestamp": 1772395524.1824496,
      "chain_id": "v27",
      "price": 60241.71428571429,
      "metadata": {
        "fork_sustained": true,