{
  "blocks_mined": {
    "v27": 4,
    "v26": 609
  },
  "total_blocks": 613,
  "final_hashrate": {
    "v27": 0.0,
    "v26": 86.4
  },
  "final_economic": {
    "v27": 0.0,
    "v26": 100.0
  },
  "final_prices": {
    "v27": 48052.84403669725,
    "v26": 71294.35596330276
  }
}