{
  "blocks_mined": {
    "v27": 1383,
    "v26": 142
  },
  "total_blocks": 1525,
  "final_hashrate": {
    "v27": 86.4,
    "v26": 0.0
  },
  "final_economic": {
    "v27": 100.0,
    "v26": 0.0
  },
  "final_prices": {
    "v27": 70543.51981979283,
    "v26": 48803.68018020718
  }
}