{
  "blocks_mined": {
    "v27": 262,
    "v26": 8
  },
  "total_blocks": 270,
  "final_hashrate": {
    "v27": 86.4,
    "v26": 0.0
  },
  "final_economic": {
    "v27": 100.0,
    "v26": 0.0
  },
  "final_prices": {
    "v27": 71159.37391304348,
    "v26": 48187.82608695653
  }
}