{
  "config": {
    "base_price": 60000,
    "max_divergence": 0.2,
    "coefficients": {
      "chain_weight": 0.3,
      "economic_weight": 0.5,
      "hashrate_weight": 0.2
    }
  },
  "current_prices": {
    "v27": 68977.47947162975,
    "v26": 50944.280528370255
  },
  "timeline": {
    "timestamps": [
      1772140210.0047178,
      1772140272.8188562,
      1772140272.8188636,
      1772140332.9949691,
      1772140332.9949775,
      1772140393.6647422,
      1772140393.664748,
      1772140453.8163085,
      1772140453.8163145,
      1772140514.4017828,
      1772140514.40179,
      1772140574.938965,
      1772140574.9389727,
      1772140635.7940323,
      1772140635.7940376,
      1772140696.4891212,
      1772140696.4891264,
      1772140757.210851,
      1772140757.2108567,
      1772140817.9838712,
      1772140817.9838789,
      1772140878.7574103,
      1772140878.7574184,
      1772140939.3719943,
      1772140939.3720016,
      1772141000.2036726,
      1772141000.2036777,
      1772141060.8665886,
      1772141060.8665967,
      1772141121.8415031,
      1772141121.841512,
      1772141182.351983,
      1772141182.351989,
      1772141243.1909425,
      1772141243.1909475,
      1772141303.6721818,
      1772141303.6721876,
      1772141364.5071332,
      1772141364.507141,
      1772141424.6079404,
      1772141424.6079493,
      1772141485.5029557,
      1772141485.5029633,
      1772141545.5171554,
      1772141545.5171635,
      1772141606.2904165,
      1772141606.2904258,
      1772141667.274105,
      1772141667.2741125,
      1772141727.4342597,
      1772141727.4342654,
      1772141787.5108666,
      1772141787.5108728,
      1772141848.436138,
      1772141848.4361436,
      1772141908.536698,
      1772141908.5367053,
      1772141968.5552204,
      1772141968.5552268
    ],
    "v27_prices": [
      60000,
      60713.69169720651,
      60713.69169720651,
      60599.4848006548,
      60599.4848006548,
      61018.632873677096,
      61018.632873677096,
      60817.270644574935,
      60817.270644574935,
      60798.27910979392,
      60798.27910979392,
      60722.16228544182,
      60722.16228544182,
      60845.97877854623,
      60845.97877854623,
      60897.72489222727,
      60897.72489222727,
      60956.49461691455,
      60956.49461691455,
      62455.97519235214,
      62455.97519235214,
      62518.363886555635,
      62518.363886555635,
      62588.355433470264,
      62588.355433470264,
      62773.5022765516,
      62773.5022765516,
      62914.35584814992,
      62914.35584814992,
      63095.72020692575,
      63095.72020692575,
      63139.10200648488,
      63139.10200648488,
      63218.11486322968,
      63218.11486322968,
      63295.569958076085,
      63295.569958076085,
      63332.091697206524,
      63332.091697206524,
      65364.855677630665,
      65364.855677630665,
      65563.2324748115,
      65563.2324748115,
      65766.80555245024,
      65766.80555245024,
      65883.01741149223,
      65883.01741149223,
      66046.23989392784,
      66046.23989392784,
      68514.2869800662,
      68514.2869800662,
      68654.49063175159,
      68654.49063175159,
      68768.49631741559,
      68768.49631741559,
      68874.80429671347,
      68874.80429671347,
      68977.47947162975,
      68977.47947162975
    ],
    "v26_prices": [
      60000,
      60000,
      59208.06830279348,
      59208.06830279348,
      59322.27519934521,
      59322.27519934521,
      58903.12712632291,
      58903.12712632291,
      59104.48935542507,
      59104.48935542507,
      59123.480890206076,
      59123.480890206076,
      59199.59771455819,
      59199.59771455819,
      59075.78122145377,
      59075.78122145377,
      59024.03510777275,
      59024.03510777275,
      58965.265383085454,
      58965.265383085454,
      57465.784807647855,
      57465.784807647855,
      57403.39611344438,
      57403.39611344438,
      57333.40456652975,
      57333.40456652975,
      57148.25772344839,
      57148.25772344839,
      57007.40415185009,
      57007.40415185009,
      56826.03979307426,
      56826.03979307426,
      56782.65799351514,
      56782.65799351514,
      56703.64513677032,
      56703.64513677032,
      56626.19004192392,
      56626.19004192392,
      56589.668302793485,
      56589.668302793485,
      54556.904322369344,
      54556.904322369344,
      54358.52752518851,
      54358.52752518851,
      54154.95444754977,
      54154.95444754977,
      54038.742588507776,
      54038.742588507776,
      53875.520106072174,
      53875.520106072174,
      51407.47301993381,
      51407.47301993381,
      51267.26936824842,
      51267.26936824842,
      51153.26368258441,
      51153.26368258441,
      51046.95570328654,
      51046.95570328654,
      50944.280528370255
    ]
  },
  "history": [
    {
      "timestamp": 1772140210.0047178,
      "chain_id": "v27",
      "price": 60000,
      "metadata": {
        "initial": true
      }
    },
    {
      "timestamp": 1772140210.0047178,
      "chain_id": "v26",
      "price": 60000,
      "metadata": {
        "initial": true
      }
    },
    {
      "timestamp": 1772140272.8188562,
      "chain_id": "v27",
      "price": 60713.69169720651,
      "metadata": {
        "fork_sustained": true,
        "fork_depth": 25
      }
    },
    {
      "timestamp": 1772140272.8188636,
      "chain_id": "v26",
      "price": 59208.06830279348,
      "metadata": {
        "fork_sustained": true,
        "fork_depth": 25
      }
    },
    {
      "timestamp": 1772140332.9949691,
      "chain_id": "v27",
      "price": 60599.4848006548,
      "metadata": {
        "fork_sustained": true,
        "fork_depth": 58
      }
    },
    {
      "timestamp": 1772140332.9949775,
      "chain_id": "v26",
      "price": 59322.27519934521,
      "metadata": {
        "fork_sustained": true,
        "fork_depth": 58
      }
    },
    {
      "timestamp": 1772140393.6647422,
      "chain_id": "v27",
      "price": 61018.632873677096,
      "metadata": {
        "fork_sustained": true,
        "fork_depth": 85
      }
    },
    {
      "timestamp": 1772140393.664748,
      "chain_id": "v26",
      "price": 58903.12712632291,
      "metadata": {
        "fork_sustained": true,
        "fork_depth": 85
      }
    },
    {
      "timestamp": 1772140453.8163085,
      "chain_id": "v27",
      "price": 60817.270644574935,
      "metadata": {
        "fork_sustained": true,
        "fork_depth": 114
      }
    },
    {
      "timestamp": 1772140453.8163145,
      "chain_id": "v26",
      "price": 59104.48935542507,
      "metadata": {
        "fork_sustained": true,
        "fork_depth": 114
      }
    },
    {
      "timestamp": 1772140514.4017828,
      "chain_id": "v27",
      "price": 60798.27910979392,
      "metadata": {
        "fork_sustained": true,
        "fork_depth": 143
      }
    },
    {
      "timestamp": 1772140514.40179,
      "chain_id": "v26",
      "price": 59123.480890206076,
      "metadata": {
        "fork_sustained": true,
        "fork_depth": 143
      }
    },
    {
      "timestamp": 1772140574.938965,
      "chain_id": "v27",
      "price": 60722.16228544182,
      "metadata": {
        "fork_sustained": true,
        "fork_depth": 170
      }
    },
    {
      "timestamp": 1772140574.9389727,
      "chain_id": "v26",
      "price": 59199.59771455819,
      "metadata": {
        "fork_sustained": true,
        "fork_depth": 170
      }
    },
    {
      "timestamp": 1772140635.7940323,
      "chain_id": "v27",
      "price": 60845.97877854623,
      "metadata": {
        "fork_sustained": true,
        "fork_depth": 209
      }
    },
    {
      "timestamp": 1772140635.7940376,
      "chain_id": "v26",
      "price": 59075.78122145377,
      "metadata": {
        "fork_sustained": true,
        "fork_depth": 209
      }
    },
    {
      "timestamp": 1772140696.4891212,
      "chain_id": "v27",
      "price": 60897.72489222727,