{
  "blocks_mined": {
    "v27": 549,
    "v26": 363
  },
  "total_blocks": 912,
  "final_hashrate": {
    "v27": 98.36999999999999,
    "v26": 0.0
  },
  "final_economic": {
    "v27": 99.96376650055159,
    "v26": 0.03623349944840722
  },
  "final_prices": {
    "v27": 68977.47947162975,
    "v26": 50944.280528370255
  }
}