{
  "config": {
    "base_price": 60000,
    "max_divergence": 0.2,
    "coefficients": {
      "chain_weight": 0.3,
      "economic_weight": 0.5,
      "hashrate_weight": 0.2
    }
  },
  "current_prices": {
    "v27": 54844.06130715642,
    "v26": 65077.69869284359
  },
  "timeline": {
    "timestamps": [
      1772330955.5816877,
      1772331016.8343282,
      1772331016.8343768,
      1772331077.3713083,
      1772331077.3713567,
      1772331137.8525584,
      1772331137.852581,
      1772331198.1594403,
      1772331198.1594665,
      1772331258.4377115,
      1772331258.4377255,
      1772331318.7791672,
      1772331318.7791762,
      1772331378.9129434,
      1772331378.9129753,
      1772331439.1183474,
      1772331439.118368,
      1772331499.3300061,
      1772331499.3300376,
      1772331559.561868,
      1772331559.5618799,
      1772331619.8534129,
      1772331619.8534346,
      1772331680.3243454,
      1772331680.3243544,
      1772331740.488717,
      1772331740.488728,
      1772331800.7925518,
      1772331800.792565,
      1772331861.0732052,
      1772331861.073242,
      1772331921.363474,
      1772331921.3634896,
      1772331981.5726109,
      1772331981.5726562,
      1772332041.849779,
      1772332041.8498235,
      1772332102.3136783,
      1772332102.3136866,
      1772332162.7325306,
      1772332162.7325592,
      1772332223.141114,
      1772332223.1411352,
      1772332283.424201,
      1772332283.424212,
      1772332343.6343818,
      1772332343.6343882,
      1772332404.0522544,
      1772332404.052263,
      1772332464.4081895,
      1772332464.4081988,
      1772332525.2447438,
      1772332525.244777,
      1772332585.6317623,
      1772332585.6317925,
      1772332646.1048274,
      1772332646.1048346,
      1772332706.5279753,
      1772332706.5279834
    ],
    "v27_prices": [
      60000,
      61380.25369979446,
      61380.25369979446,
      59580.253699794455,
      59580.253699794455,
      59340.253699794455,
      59340.253699794455,
      59257.176776717526,
      59257.176776717526,
      59220.253699794455,
      59220.253699794455,
      59288.82512836588,
      59288.82512836588,
      59169.72738400498,
      59169.72738400498,
      58808.82512836588,
      58808.82512836588,
      58823.731960664016,
      58823.731960664016,
      57835.84553652915,
      57835.84553652915,
      57598.07188161264,
      57598.07188161264,
      57541.96798550874,
      57541.96798550874,
      57619.89006343082,
      57619.89006343082,
      57541.96798550874,
      57541.96798550874,
      57336.25369979446,
      57336.25369979446,
      57281.57015549066,
      57281.57015549066,
      57266.00979735544,
      57266.00979735544,
      57302.76532770144,
      57302.76532770144,
      57260.46422611025,
      57260.46422611025,
      55821.84437940611,
      55821.84437940611,
      55630.39856465933,
      55630.39856465933,
      55503.99523825599,
      55503.99523825599,
      55426.690724587854,
      55426.690724587854,
      55303.03369979446,
      55303.03369979446,
      55192.200366461126,
      55192.200366461126,
      55105.95923170935,
      55105.95923170935,
      55001.775310532714,
      55001.775310532714,
      54919.37985364061,
      54919.37985364061,
      54844.06130715642,
      54844.06130715642
    ],
    "v26_prices": [
      60000,
      60000,
      58541.50630020554,
      58541.50630020554,
      60341.50630020554,
      60341.50630020554,
      60581.50630020555,
      60581.50630020555,
      60664.58322328246,
      60664.58322328246,
      60701.50630020555,
      60701.50630020555,
      60632.93487163412,
      60632.93487163412,
      60752.03261599502,
      60752.03261599502,
      61112.93487163412,
      61112.93487163412,
      61098.02803933597,
      61098.02803933597,
      62085.91446347086,
      62085.91446347086,
      62323.688118387356,
      62323.688118387356,
      62379.79201449126,
      62379.79201449126,
      62301.86993656919,
      62301.86993656919,
      62379.79201449126,
      62379.79201449126,
      62585.50630020555,
      62585.50630020555,
      62640.18984450934,
      62640.18984450934,
      62655.75020264457,
      62655.75020264457,
      62618.99467229857,
      62618.99467229857,
      62661.29577388976,
      62661.29577388976,
      64099.9156205939,
      64099.9156205939,
      64291.36143534068,
      64291.36143534068,
      64417.76476174401,
      64417.76476174401,
      64495.069275412156,
      64495.069275412156,
      64618.72630020555,
      64618.72630020555,
      64729.55963353888,
      64729.55963353888,
      64815.80076829065,
      64815.80076829065,
      64919.98468946728,
      64919.98468946728,
      65002.380146359385,
      65002.380146359385,
      65077.69869284359
    ]
  },
  "history": [
    {
      "timestamp": 1772330955.5816877,
      "chain_id": "v27",
      "price": 60000,
      "metadata": {
        "initial": true
      }
    },
    {
      "timestamp": 1772330955.5816877,
      "chain_id": "v26",
      "price": 60000,
      "metadata": {
        "initial": true
      }
    },
    {
      "timestamp": 1772331016.8343282,
      "chain_id": "v27",
      "price": 61380.25369979446,
      "metadata": {
        "fork_sustained": true,
        "fork_depth": 6
      }
    },
    {
      "timestamp": 1772331016.8343768,
      "chain_id": "v26",
      "price": 58541.50630020554,
      "metadata": {
        "fork_sustained": true,
        "fork_depth": 6
      }
    },
    {
      "timestamp": 1772331077.3713083,
      "chain_id": "v27",
      "price": 59580.253699794455,
      "metadata": {
        "fork_sustained": true,
        "fork_depth": 12
      }
    },
    {
      "timestamp": 1772331077.3713567,
      "chain_id": "v26",
      "price": 60341.50630020554,
      "metadata": {
        "fork_sustained": true,
        "fork_depth": 12
      }
    },
    {
      "timestamp": 1772331137.8525584,
      "chain_id": "v27",
      "price": 59340.253699794455,
      "metadata": {
        "fork_sustained": true,
        "fork_depth": 20
      }
    },
    {
      "timestamp": 1772331137.852581,
      "chain_id": "v26",
      "price": 60581.50630020555,
      "metadata": {
        "fork_sustained": true,
        "fork_depth": 20
      }
    },
    {
      "timestamp": 1772331198.1594403,
      "chain_id": "v27",
      "price": 59257.176776717526,
      "metadata": {
        "fork_sustained": true,
        "fork_depth": 26
      }
    },
    {
      "timestamp": 1772331198.1594665,
      "chain_id": "v26",
      "price": 60664.58322328246,
      "metadata": {
        "fork_sustained": true,
        "fork_depth": 26
      }
    },
    {
      "timestamp": 1772331258.4377115,
      "chain_id": "v27",
      "price": 59220.253699794455,
      "metadata": {
        "fork_sustained": true,
        "fork_depth": 30
      }
    },
    {
      "timestamp": 1772331258.4377255,
      "chain_id": "v26",
      "price": 60701.50630020555,
      "metadata": {
        "fork_sustained": true,
        "fork_depth": 30
      }
    },
    {
      "timestamp": 1772331318.7791672,
      "chain_id": "v27",
      "price": 59288.82512836588,
      "metadata": {
        "fork_sustained": true,
        "fork_depth": 35
      }
    },
    {
      "timestamp": 1772331318.7791762,
      "chain_id": "v26",
      "price": 60632.93487163412,
      "metadata": {
        "fork_sustained": true,
        "fork_depth": 35
      }
    },
    {
      "timestamp": 1772331378.9129434,
      "chain_id": "v27",
      "price": 59169.72738400498,
      "metadata": {
        "fork_sustained": true,
        "fork_depth": 38
      }
    },
    {
      "timestamp": 1772331378.9129753,
      "chain_id": "v26",
      "price": 60752.03261599502,
      "metadata": {
        "fork_sustained": true,
        "fork_depth": 38
      }
    },
    {
      "timestamp": 1772331439.1183474,
      "chain_id": "v27",
      "price": 58808.82512836588,