{
  "blocks_mined": {
    "v27": 3944,
    "v26": 1500
  },
  "total_blocks": 5444,
  "final_hashrate": {
    "v27": 86.4,
    "v26": 0.0
  },
  "final_economic": {
    "v27": 56.737060138721,
    "v26": 43.262939861279
  },
  "final_prices": {
    "v27": 63589.44558006518,
    "v26": 55757.754419934834
  }
}