{
  "config": {
    "base_price": 60000,
    "max_divergence": 0.2,
    "coefficients": {
      "chain_weight": 0.3,
      "economic_weight": 0.5,
      "hashrate_weight": 0.2
    }
  },
  "current_prices": {
    "v27": 61607.61359812133,
    "v26": 57739.586401878674
  },
  "timeline": {
    "timestamps": [
      1772777084.0804024,
      1772777145.1974516,
      1772777145.197483,
      1772777205.5648293,
      1772777205.5648658,
      1772777266.5124621,
      1772777266.5124893,
      1772777326.9589648,
      1772777326.9589965,
      1772777387.592559,
      1772777387.5925803,
      1772777447.842186,
      1772777447.8421998,
      1772777508.7084405,
      1772777508.7084632,
      1772777569.4372206,
      1772777569.4372535,
      1772777630.3744502,
      1772777630.3744566,
      1772777691.08715,
      1772777691.0871704,
      1772777751.428991,
      1772777751.4290135,
      1772777811.7602003,
      1772777811.7602124,
      1772777872.2022352,
      1772777872.202257,
      1772777932.7994463,
      1772777932.7994692,
      1772777993.02427,
      1772777993.024312,
      1772778053.6590822,
      1772778053.6590896,
      1772778113.9433699,
      1772778113.9433784,
      1772778174.1443446,
      1772778174.144378,
      1772778234.7808907,
      1772778234.780901,
      1772778295.8543918,
      1772778295.8544142,
      1772778356.6802068,
      1772778356.6802158,
      1772778417.670473,
      1772778417.670495,
      1772778477.9605718,
      1772778477.9605803,
      1772778538.8084664,
      1772778538.8085067,
      1772778599.437745,
      1772778599.4377558,
      1772778659.9442062,
      1772778659.9442153,
      1772778720.8067346,
      1772778720.8067443,
      1772778780.8555067,
      1772778780.855528,
      1772778841.2705328,
      1772778841.2705603
    ],
    "v27_prices": [
      60000,
      57694.33369979446,
      57694.33369979446,
      57933.10920999853,
      57933.10920999853,
      58124.76848240315,
      58124.76848240315,
      58168.527248181555,
      58168.527248181555,
      58207.55684029032,
      58207.55684029032,
      58262.41880617743,
      58262.41880617743,
      58255.510170382695,
      58255.510170382695,
      58194.33369979446,
      58194.33369979446,
      58201.32059935777,
      58201.32059935777,
      57870.649978864225,
      57870.649978864225,
      57785.45385764331,
      57785.45385764331,
      57748.33765952032,
      57748.33765952032,
      57733.55536287038,
      57733.55536287038,
      57687.04788145211,
      57687.04788145211,
      57672.937244179186,
      57672.937244179186,
      57615.03905483498,
      57615.03905483498,
      57593.47307917108,
      57593.47307917108,
      57570.878213772055,
      57570.878213772055,
      57534.26264357048,
      57534.26264357048,
      60289.57537842152,
      60289.57537842152,
      60486.0487852676,
      60486.0487852676,
      60638.609103849594,
      60638.609103849594,
      60832.688139774255,
      60832.688139774255,
      60982.11943989079,
      60982.11943989079,
      61131.392128759544,
      61131.392128759544,
      61246.442431761985,
      61246.442431761985,
      61381.65984593139,
      61381.65984593139,
      61495.22209383707,
      61495.22209383707,
      61607.61359812133,
      61607.61359812133
    ],
    "v26_prices": [
      60000,
      60000,
      61652.86630020555,
      61652.86630020555,
      61414.09079000146,
      61414.09079000146,
      61222.43151759684,
      61222.43151759684,
      61178.672751818456,
      61178.672751818456,
      61139.643159709674,
      61139.643159709674,
      61084.78119382258,
      61084.78119382258,
      61091.6898296173,
      61091.6898296173,
      61152.86630020555,
      61152.86630020555,
      61145.87940064221,
      61145.87940064221,
      61476.550021135765,
      61476.550021135765,
      61561.74614235669,
      61561.74614235669,
      61598.862340479674,
      61598.862340479674,
      61613.644637129626,
      61613.644637129626,
      61660.15211854789,
      61660.15211854789,
      61674.262755820826,
      61674.262755820826,
      61732.160945165015,
      61732.160945165015,
      61753.726920828914,
      61753.726920828914,
      61776.32178622795,
      61776.32178622795,
      61812.93735642953,
      61812.93735642953,
      59057.62462157848,
      59057.62462157848,
      58861.15121473241,
      58861.15121473241,
      58708.59089615041,
      58708.59089615041,
      58514.51186022574,
      58514.51186022574,
      58365.080560109214,
      58365.080560109214,
      58215.80787124046,
      58215.80787124046,
      58100.75756823801,
      58100.75756823801,
      57965.540154068614,
      57965.540154068614,
      57851.97790616294,
      57851.97790616294,
      57739.586401878674
    ]
  },
  "history": [
    {
      "timestamp": 1772777084.0804024,
      "chain_id": "v27",
      "price": 60000,
      "metadata": {
        "initial": true
      }
    },
    {
      "timestamp": 1772777084.0804024,
      "chain_id": "v26",
      "price": 60000,
      "metadata": {
        "initial": true
      }
    },
    {
      "timestamp": 1772777145.1974516,
      "chain_id": "v27",
      "price": 57694.33369979446,
      "metadata": {
        "fork_sustained": true,
        "fork_depth": 24
      }
    },
    {
      "timestamp": 1772777145.197483,
      "chain_id": "v26",
      "price": 61652.86630020555,
      "metadata": {
        "fork_sustained": true,
        "fork_depth": 24
      }
    },
    {
      "timestamp": 1772777205.5648293,
      "chain_id": "v27",
      "price": 57933.10920999853,
      "metadata": {
        "fork_sustained": true,
        "fork_depth": 49
      }
    },
    {
      "timestamp": 1772777205.5648658,
      "chain_id": "v26",
      "price": 61414.09079000146,
      "metadata": {
        "fork_sustained": true,
        "fork_depth": 49
      }
    },
    {
      "timestamp": 1772777266.5124621,
      "chain_id": "v27",
      "price": 58124.76848240315,
      "metadata": {
        "fork_sustained": true,
        "fork_depth": 69
      }
    },
    {
      "timestamp": 1772777266.5124893,
      "chain_id": "v26",
      "price": 61222.43151759684,
      "metadata": {
        "fork_sustained": true,
        "fork_depth": 69
      }
    },
    {
      "timestamp": 1772777326.9589648,
      "chain_id": "v27",
      "price": 58168.527248181555,
      "metadata": {
        "fork_sustained": true,
        "fork_depth": 93
      }
    },
    {
      "timestamp": 1772777326.9589965,
      "chain_id": "v26",
      "price": 61178.672751818456,
      "metadata": {
        "fork_sustained": true,
        "fork_depth": 93
      }
    },
    {
      "timestamp": 1772777387.592559,
      "chain_id": "v27",
      "price": 58207.55684029032,
      "metadata": {
        "fork_sustained": true,
        "fork_depth": 121
      }
    },
    {
      "timestamp": 1772777387.5925803,
      "chain_id": "v26",
      "price": 61139.643159709674,
      "metadata": {
        "fork_sustained": true,
        "fork_depth": 121
      }
    },
    {
      "timestamp": 1772777447.842186,
      "chain_id": "v27",
      "price": 58262.41880617743,
      "metadata": {
        "fork_sustained": true,
        "fork_depth": 141
      }
    },
    {
      "timestamp": 1772777447.8421998,
      "chain_id": "v26",
      "price": 61084.78119382258,
      "metadata": {
        "fork_sustained": true,
        "fork_depth": 141
      }
    },
    {
      "timestamp": 1772777508.7084405,
      "chain_id": "v27",
      "price": 58255.510170382695,
      "metadata": {
        "fork_sustained": true,
        "fork_depth": 170
      }
    },
    {
      "timestamp": 1772777508.7084632,
      "chain_id": "v26",
      "price": 61091.6898296173,
      "metadata": {
        "fork_sustained": true,
        "fork_depth": 170
      }
    },
    {
      "timestamp": 1772777569.4372206,
      "chain_id": "v27",