{
  "blocks_mined": {
    "v27": 63,
    "v26": 66
  },
  "total_blocks": 129,
  "final_hashrate": {
    "v27": 50.5,
    "v26": 35.9
  },
  "final_economic": {
    "v27": 83.99903262942908,
    "v26": 16.00096737057092
  },
  "final_prices": {
    "v27": 64503.88391553149,
    "v26": 54843.316084468504
  }
}