{
  "blocks_mined": {
    "v27": 18,
    "v26": 639
  },
  "total_blocks": 657,
  "final_hashrate": {
    "v27": 0.0,
    "v26": 86.4
  },
  "final_economic": {
    "v27": 0.0,
    "v26": 100.0
  },
  "final_prices": {
    "v27": 48206.40809443508,
    "v26": 71140.79190556494
  }
}