{
  "blocks_mined": {
    "v27": 2202,
    "v26": 458
  },
  "total_blocks": 2660,
  "final_hashrate": {
    "v27": 86.4,
    "v26": 0.0
  },
  "final_economic": {
    "v27": 100.0,
    "v26": 0.0
  },
  "final_prices": {
    "v27": 70050.77225636871,
    "v26": 49296.4277436313
  }
}