{
  "timestamps": [
    0,
    60,
    121,
    181,
    242,
    302,
    363,
    423,
    484,
    545,
    605,
    666,
    727,
    787,
    848,
    908,
    969,
    1030,
    1090,
    1150,
    1211,
    1271,
    1332,
    1393,
    1453,
    1513,
    1574,
    1634,
    1695,
    1755,
    1800
  ],
  "v27_price": [
    60000,
    60000,
    61670.52117176585,
    61994.52117176586,
    62159.09260033729,
    62153.67906650269,
    62183.744312261726,
    62243.248444493125,
    62258.38244344216,
    62142.79839948863,
    62232.059633304314,
    62818.2308242755,
    62949.494246957205,
    63005.28648897715,
    63049.56657882417,
    63109.07659708215,
    63148.81618722522,
    63211.232270311906,
    63219.57929125061,
    63255.09571094534,
    63261.48636471055,
    62294.87147092463,
    62236.77111877385,
    62176.38989507973,
    62160.991641064196,
    62110.74067251525,
    62060.452310838475,
    62015.01424170385,
    62005.94971299112,
    62008.77868714071,
    61972.27107944983
  ],
  "v26_price": [
    60000,
    60000,
    57676.67882823415,
    57352.67882823415,
    57188.107399662724,
    57193.52093349731,
    57163.455687738286,
    57103.95155550688,
    57088.81755655785,
    57204.40160051138,
    57115.14036669569,
    56528.969175724495,
    56397.7057530428,
    56341.91351102286,
    56297.63342117583,
    56238.123402917845,
    56198.38381277478,
    56135.96772968811,
    56127.620708749404,
    56092.104289054674,
    56085.713635289445,
    57052.32852907539,
    57110.428881226144,
    57170.810104920274,
    57186.208358935815,
    57236.459327484765,
    57286.74768916152,
    57332.185758296146,
    57341.25028700889,
    57338.421312859304,
    57374.92892055017
  ],
  "v27_hashrate": [
    38.1,
    38.1,
    38.1,
    38.1,
    38.1,
    38.1,
    38.1,
    38.1,
    38.1,
    38.1,
    50.5,
    50.5,
    50.5,
    50.5,
    50.5,
    50.5,
    50.5,
    50.5,
    50.5,
    50.5,
    30.0,
    30.0,
    30.0,
    30.0,
    30.0,
    30.0,
    30.0,
    30.0,
    30.0,
    30.0,
    30.0
  ],
  "v26_hashrate": [
    48.3,
    48.3,
    48.3,
    48.3,
    48.3,
    48.3,
    48.3,
    48.3,
    48.3,
    48.3,
    35.9,
    35.9,
    35.9,
    35.9,
    35.9,
    35.9,
    35.9,
    35.9,
    35.9,
    35.9,
    56.39999999999999,
    56.39999999999999,
    56.39999999999999,
    56.39999999999999,
    56.39999999999999,
    56.39999999999999,
    56.39999999999999,
    56.39999999999999,
    56.39999999999999,
    56.39999999999999,
    56.39999999999999
  ],
  "v27_economic": [
    76.18100976471541,
    76.18100976471541,
    76.18100976471541,
    76.18100976471541,
    76.18100976471541,
    76.18100976471541,
    76.18100976471541,
    76.18100976471541,
    76.18100976471541,
    76.18100976471541,
    76.18100976471541,
    76.18100976471541,
    76.18100976471541,
    76.18100976471541,
    76.18100976471541,
    76.18100976471541,
    76.18100976471541,
    76.18100976471541,
    76.18100976471541,
    76.18100976471541,
    76.18100976471541,
    76.18100976471541,
    76.18100976471541,
    76.18100976471541,
    76.18100976471541,
    76.18100976471541,
    76.18100976471541,
    76.18100976471541,
    76.18100976471541,
    76.18100976471541,
    76.18100976471541
  ],
  "v26_economic": [
    23.818990235284577,
    23.818990235284577,
    23.818990235284577,
    23.818990235284577,
    23.818990235284577,
    23.818990235284577,
    23.818990235284577,
    23.818990235284577,
    23.818990235284577,
    23.818990235284577,
    23.818990235284577,
    23.818990235284577,
    23.818990235284577,
    23.818990235284577,
    23.818990235284577,
    23.818990235284577,
    23.818990235284577,
    23.818990235284577,
    23.818990235284577,
    23.818990235284577,
    23.818990235284577,
    23.818990235284577,
    23.818990235284577,
    23.818990235284577,
    23.818990235284577,
    23.818990235284577,
    23.818990235284577,
    23.818990235284577,
    23.818990235284577,
    23.818990235284577,
    23.818990235284577
  ],
  "v27_blocks": [
    0,
    9,
    21,
    31,
    42,
    54,
    65,
    79,
    89,
    106,
    117,
    136,
    157,
    192,
    230,
    266,
    304,
    334,
    361,
    389,
    422,
    434,
    450,
    479,
    499,
    517,
    533,
    561,
    591,
    622,
    634
  ],
  "v26_blocks": [
    0,
    15,
    29,
    39,
    53,
    67,
    78,
    94,
    113,
    128,
    142,
    164,
    185,
    209,
    231,
    254,
    275,
    309,
    333,
    368,
    405,
    443,
    484,
    524,
    569,
    604,
    635,
    665,
    688,
    723,
    744
  ],
  "v27_difficulty": [
    1.0,
    1.0,
    1.0,
    1.0,
    1.0,
    1.0,
    1.0,
    1.0,
    1.0,
    1.0,
    1.0,
    1.0,
    0.40793201133144474,
    0.40793201133144474,
    0.40793201133144474,
    0.40793201133144474,
    0.4978153358621021,
    0.4978153358621021,
    0.4978153358621021,
    0.4978153358621021,
    0.4978153358621021,
    0.4716145287114651,
    0.4716145287114651,
    0.4716145287114651,
    0.4716145287114651,
    0.4716145287114651,
    0.4716145287114651,
    0.4716145287114651,
    0.32262466572185733,
    0.32262466572185733,
    0.32262466572185733
  ],
  "v26_difficulty": [
    1.0,
    1.0,
    1.0,
    1.0,
    1.0,
    1.0,
    1.0,
    1.0,
    1.0,
    1.0,
    1.0,
    0.46905537459283386,
    0.46905537459283386,
    0.46905537459283386,
    0.46905537459283386,
    0.46905537459283386,
    0.46905537459283386,
    0.3545615429993075,
    0.3545615429993075,
    0.3545615429993075,
    0.3545615429993075,
    0.4068275871864564,
    0.4068275871864564,
    0.4068275871864564,
    0.4068275871864564,
    0.5449597446962765,
    0.5449597446962765,
    0.5449597446962765,
    0.5449597446962765,
    0.5506961630615005,
    0.5506961630615005
  ],
  "v27_chainwork": [
    0.0,
    9.0,
    21.0,
    31.0,
    42.0,
    54.0,
    65.0,
    79.0,
    89.0,
    106.0,
    117.0,
    136.0,
    149.3031161473087,
    163.5807365439091,
    179.0821529745038,
    193.76770538243562,
    210.7072550055209,
    225.6417150813839,
    239.0827291496606,
    253.0215585537994,
    269.4494646372495,
    275.37084705329374,
    282.9166795126775,
    296.59350084531053,
    306.0257914195402,
    314.5148529363469,
    322.0606853957307,
    335.2658921996522,
    347.179480116152,
    357.1808447535288,
    361.0523407421908
  ],
  "v26_chainwork": [
    0.0,
    15.0,
    29.0,
    39.0,
    53.0,
    67.0,
    78.0,
    94.0,
    113.0,
    128.0,
    142.0,
    153.38110749185682,
    163.2312703583065,
    174.48859934853468,
    184.80781758957718,
    195.59609120521253,
    205.4462540716622,
    218.98976634435456,
    227.49924337633792,
    239.90889738131364,
    253.02767447228797,
    267.07593959232025,
    283.75587066696494,
    300.02897415442317,
    318.3362155778137,
    336.44288153961406,
    353.33663362519803,
    369.68542596608575,
    382.21950009409966,
    401.3103004135644,
    412.87491983785594
  ],
  "v27_fee_rate": [
    1.0,
    1.0,
    0.014428731091116722,
    0.014428731091116722,
    0.014428731091116722,
    0.014428731091116722,
    0.014428731091116722,
    0.014428731091116722,
    0.014428731091116722,
    0.014428731091116722,
    0.014428731091116722,
    0.01088583474399103,
    0.01088583474399103,
    0.004440680462137985,
    0.004440680462137985,
    0.004440680462137985,
    0.004440680462137985,
    0.005419135479219235,
    0.005419135479219235,
    0.005419135479219235,
    0.005419135479219235,
    0.009122211390019046,
    0.008642095001070675,
    0.008642095001070675,
    0.008642095001070675,
    0.008642095001070675,
    0.008642095001070675,
    0.008642095001070675,
    0.008642095001070675,
    0.00591193197222887,
    0.00591193197222887
  ],