{
  "blocks_mined": {
    "v27": 4464,
    "v26": 1479
  },
  "total_blocks": 5943,
  "final_hashrate": {
    "v27": 86.4,
    "v26": 0.0
  },
  "final_economic": {
    "v27": 56.73741253525133,
    "v26": 43.26258746474866
  },
  "final_prices": {
    "v27": 63862.58720486621,
    "v26": 55484.61279513379
  }
}