{
  "blocks_mined": {
    "v27": 624,
    "v26": 258
  },
  "total_blocks": 882,
  "final_hashrate": {
    "v27": 98.36999999999999,
    "v26": 0.0
  },
  "final_economic": {
    "v27": 76.21724326416383,
    "v26": 23.782756735836173
  },
  "final_prices": {
    "v27": 66907.82919169967,
    "v26": 53013.93080830035
  }
}