{
  "blocks_mined": {
    "v27": 9,
    "v26": 681
  },
  "total_blocks": 690,
  "final_hashrate": {
    "v27": 0.0,
    "v26": 86.4
  },
  "final_economic": {
    "v27": 0.0,
    "v26": 100.0
  },
  "final_prices": {
    "v27": 48100.93457943926,
    "v26": 71246.26542056075
  }
}