{
  "config": {
    "base_price": 60000,
    "max_divergence": 0.2,
    "coefficients": {
      "chain_weight": 0.3,
      "economic_weight": 0.5,
      "hashrate_weight": 0.2
    }
  },
  "current_prices": {
    "v27": 67691.43879676414,
    "v26": 51655.761203235874
  },
  "timeline": {
    "timestamps": [
      1772637119.3252144,
      1772637180.5390968,
      1772637180.539107,
      1772637241.4997222,
      1772637241.4997284,
      1772637301.89367,
      1772637301.8936758,
      1772637362.0178683,
      1772637362.0178761,
      1772637422.5593736,
      1772637422.559379,
      1772637483.0402024,
      1772637483.04021,
      1772637543.7143188,
      1772637543.7143266,
      1772637604.2945163,
      1772637604.294522,
      1772637664.9961119,
      1772637664.9961176,
      1772637725.5278616,
      1772637725.5278702,
      1772637786.1039867,
      1772637786.1039953,
      1772637846.7041018,
      1772637846.704113,
      1772637906.857107,
      1772637906.8571126,
      1772637967.3574831,
      1772637967.3574915,
      1772638028.228393,
      1772638028.228398,
      1772638089.191476,
      1772638089.1914845,
      1772638149.2186286,
      1772638149.218634,
      1772638209.3623376,
      1772638209.3623452,
      1772638269.482045,
      1772638269.48205,
      1772638330.055475,
      1772638330.0554838,
      1772638390.3410816,
      1772638390.3410892,
      1772638450.7352595,
      1772638450.735265,
      1772638511.199652,
      1772638511.1996596,
      1772638571.2960553,
      1772638571.29606,
      1772638631.4977698,
      1772638631.4977753,
      1772638691.6184218,
      1772638691.6184304,
      1772638751.7891598,
      1772638751.7891667,
      1772638811.8461854,
      1772638811.84619,
      1772638872.8140132,
      1772638872.8140213
    ],
    "v27_prices": [
      60000,
      62223.771697206525,
      62223.771697206525,
      62547.77169720652,
      62547.77169720652,
      62712.343125777945,
      62712.343125777945,
      62706.929591943364,
      62706.929591943364,
      62736.99483770238,
      62736.99483770238,
      62796.4989699338,
      62796.4989699338,
      62811.63296888282,
      62811.63296888282,
      62696.04892492929,
      62696.04892492929,
      62785.31015874497,
      62785.31015874497,
      65122.480577515395,
      65122.480577515395,
      65442.17169720652,
      65442.17169720652,
      65723.51241114979,
      65723.51241114979,
      65979.78984465454,
      65979.78984465454,
      66187.56034367517,
      66187.56034367517,
      66345.99411136968,
      66345.99411136968,
      66509.0776283725,
      66509.0776283725,
      66648.85041111533,
      66648.85041111533,
      66790.82346253857,
      66790.82346253857,
      66914.04805518319,
      66914.04805518319,
      67040.78852531144,
      67040.78852531144,
      67141.46817501253,
      67141.46817501253,
      67240.14165061184,
      67240.14165061184,
      67287.10934390187,
      67287.10934390187,
      67374.21681792148,
      67374.21681792148,
      67459.52287831497,
      67459.52287831497,
      67524.88725003021,
      67524.88725003021,
      67579.64019639301,
      67579.64019639301,
      67639.63691035769,
      67639.63691035769,
      67691.43879676414,
      67691.43879676414
    ],
    "v26_prices": [
      60000,
      60000,
      57123.42830279348,
      57123.42830279348,
      56799.42830279349,
      56799.42830279349,
      56634.85687422206,
      56634.85687422206,
      56640.27040805664,
      56640.27040805664,
      56610.205162297614,
      56610.205162297614,
      56550.70103006621,
      56550.70103006621,
      56535.567031117185,
      56535.567031117185,
      56651.15107507072,
      56651.15107507072,
      56561.889841255026,
      56561.889841255026,
      54224.7194224846,
      54224.7194224846,
      53905.028302793486,
      53905.028302793486,
      53623.687588850225,
      53623.687588850225,
      53367.41015534546,
      53367.41015534546,
      53159.639656324835,
      53159.639656324835,
      53001.20588863031,
      53001.20588863031,
      52838.122371627505,
      52838.122371627505,
      52698.34958888468,
      52698.34958888468,
      52556.37653746144,
      52556.37653746144,
      52433.151944816804,
      52433.151944816804,
      52306.41147468857,
      52306.41147468857,
      52205.73182498748,
      52205.73182498748,
      52107.058349388164,
      52107.058349388164,
      52060.09065609814,
      52060.09065609814,
      51972.983182078526,
      51972.983182078526,
      51887.67712168505,
      51887.67712168505,
      51822.312749969795,
      51822.312749969795,
      51767.55980360699,
      51767.55980360699,
      51707.56308964232,
      51707.56308964232,
      51655.761203235874
    ]
  },
  "history": [
    {
      "timestamp": 1772637119.3252144,
      "chain_id": "v27",
      "price": 60000,
      "metadata": {
        "initial": true
      }
    },
    {
      "timestamp": 1772637119.3252144,
      "chain_id": "v26",
      "price": 60000,
      "metadata": {
        "initial": true
      }
    },
    {
      "timestamp": 1772637180.5390968,
      "chain_id": "v27",
      "price": 62223.771697206525,
      "metadata": {
        "fork_sustained": true,
        "fork_depth": 24
      }
    },
    {
      "timestamp": 1772637180.539107,
      "chain_id": "v26",
      "price": 57123.42830279348,
      "metadata": {
        "fork_sustained": true,
        "fork_depth": 24
      }
    },
    {
      "timestamp": 1772637241.4997222,
      "chain_id": "v27",
      "price": 62547.77169720652,
      "metadata": {
        "fork_sustained": true,
        "fork_depth": 50
      }
    },
    {
      "timestamp": 1772637241.4997284,
      "chain_id": "v26",
      "price": 56799.42830279349,
      "metadata": {
        "fork_sustained": true,
        "fork_depth": 50
      }
    },
    {
      "timestamp": 1772637301.89367,
      "chain_id": "v27",
      "price": 62712.343125777945,
      "metadata": {
        "fork_sustained": true,
        "fork_depth": 70
      }
    },
    {
      "timestamp": 1772637301.8936758,
      "chain_id": "v26",
      "price": 56634.85687422206,
      "metadata": {
        "fork_sustained": true,
        "fork_depth": 70
      }
    },
    {
      "timestamp": 1772637362.0178683,
      "chain_id": "v27",
      "price": 62706.929591943364,
      "metadata": {
        "fork_sustained": true,
        "fork_depth": 95
      }
    },
    {
      "timestamp": 1772637362.0178761,
      "chain_id": "v26",
      "price": 56640.27040805664,
      "metadata": {
        "fork_sustained": true,
        "fork_depth": 95
      }
    },
    {
      "timestamp": 1772637422.5593736,
      "chain_id": "v27",
      "price": 62736.99483770238,
      "metadata": {
        "fork_sustained": true,
        "fork_depth": 121
      }
    },
    {
      "timestamp": 1772637422.559379,
      "chain_id": "v26",
      "price": 56610.205162297614,
      "metadata": {
        "fork_sustained": true,
        "fork_depth": 121
      }
    },
    {
      "timestamp": 1772637483.0402024,
      "chain_id": "v27",
      "price": 62796.4989699338,
      "metadata": {
        "fork_sustained": true,
        "fork_depth": 143
      }
    },
    {
      "timestamp": 1772637483.04021,
      "chain_id": "v26",
      "price": 56550.70103006621,
      "metadata": {
        "fork_sustained": true,
        "fork_depth": 143
      }
    },
    {
      "timestamp": 1772637543.7143188,
      "chain_id": "v27",
      "price": 62811.63296888282,
      "metadata": {
        "fork_sustained": true,
        "fork_depth": 173
      }
    },
    {
      "timestamp": 1772637543.7143266,
      "chain_id": "v26",
      "price": 56535.567031117185,
      "metadata": {
        "fork_sustained": true,
        "fork_depth": 173
      }
    },
    {
      "timestamp": 1772637604.2945163,
      "chain_id": "v27",
      "price": 62696.04892492929,