{
  "blocks_mined": {
    "v27": 1433,
    "v26": 33
  },
  "total_blocks": 1466,
  "final_hashrate": {
    "v27": 100.0,
    "v26": 0.0
  },
  "final_economic": {
    "v27": 100.0,
    "v26": 0.0
  },
  "final_prices": {
    "v27": 71829.25929916414,
    "v26": 48170.74070083587
  }
}