{
  "blocks_mined": {
    "v27": 422,
    "v26": 793
  },
  "total_blocks": 1215,
  "final_hashrate": {
    "v27": 0.0,
    "v26": 86.4
  },
  "final_economic": {
    "v27": 56.737060138721,
    "v26": 43.262939861279
  },
  "final_prices": {
    "v27": 57356.61657351507,
    "v26": 61990.58342648493
  }
}