{
  "blocks_mined": {
    "v27": 3,
    "v26": 682
  },
  "total_blocks": 685,
  "final_hashrate": {
    "v27": 0.0,
    "v26": 86.4
  },
  "final_economic": {
    "v27": 62.148876597346025,
    "v26": 37.85112340265398
  },
  "final_prices": {
    "v27": 55480.94211475845,
    "v26": 63866.25788524156
  }
}