{
  "blocks_mined": {
    "v27": 439,
    "v26": 468
  },
  "total_blocks": 907,
  "final_hashrate": {
    "v27": 65.69,
    "v26": 32.68
  },
  "final_economic": {
    "v27": 70.16741709688209,
    "v26": 29.832582903117906
  },
  "final_prices": {
    "v27": 62993.21005162585,
    "v26": 56928.549948374144
  }
}