{
  "timestamps": [
    0,
    60,
    121,
    181,
    242,
    302,
    362,
    423,
    483,
    544,
    604,
    665,
    725,
    786,
    847,
    907,
    968,
    1029,
    1089,
    1150,
    1211,
    1272,
    1332,
    1393,
    1453,
    1514,
    1574,
    1635,
    1696,
    1757,
    1800
  ],
  "v27_price": [
    60000,
    60000,
    59438.81005162585,
    59324.603155074125,
    59743.75122809644,
    59541.31852620212,
    59523.39746421326,
    59437.125841099536,
    59562.23862305442,
    59622.8432466466,
    59681.61297133388,
    60621.82303863883,
    60872.933218781276,
    60976.74553549682,
    61028.854716638256,
    61074.06238807445,
    61091.46241214088,
    61167.32538904917,
    61246.71024356443,
    61320.215457031256,
    61345.54258995634,
    62364.80940542229,
    62433.33275101235,
    62521.57800414811,
    62590.25550617131,
    62699.39729721609,
    62771.13212954792,
    62823.08536334655,
    62864.88677056433,
    62937.14447785536,
    62993.21005162585
  ],
  "v26_price": [
    60000,
    60000,
    60482.94994837415,
    60597.156844925885,
    60178.00877190357,
    60380.44147379787,
    60398.362535786735,
    60484.63415890047,
    60359.52137694559,
    60298.91675335341,
    60240.14702866612,
    59299.93696136117,
    59048.826781218726,
    58945.01446450318,
    58892.905283361746,
    58847.69761192555,
    58830.297587859124,
    58754.43461095083,
    58675.04975643556,
    58601.544542968746,
    58576.21741004366,
    57556.950594577705,
    57488.427248987646,
    57400.1819958519,
    57331.5044938287,
    57222.36270278392,
    57150.627870452074,
    57098.67463665346,
    57056.87322943567,
    56984.615522144646,
    56928.549948374144
  ],
  "v27_hashrate": [
    26.89,
    26.89,
    26.89,
    26.89,
    26.89,
    26.89,
    26.89,
    26.89,
    26.89,
    26.89,
    46.14,
    46.14,
    46.14,
    46.14,
    46.14,
    46.14,
    46.14,
    46.14,
    46.14,
    46.14,
    65.69,
    65.69,
    65.69,
    65.69,
    65.69,
    65.69,
    65.69,
    65.69,
    65.69,
    65.69,
    65.69
  ],
  "v26_hashrate": [
    71.48,
    71.48,
    71.48,
    71.48,
    71.48,
    71.48,
    71.48,
    71.48,
    71.48,
    71.48,
    52.23,
    52.23,
    52.23,
    52.23,
    52.23,
    52.23,
    52.23,
    52.23,
    52.23,
    52.23,
    32.68,
    32.68,
    32.68,
    32.68,
    32.68,
    32.68,
    32.68,
    32.68,
    32.68,
    32.68,
    32.68
  ],
  "v27_economic": [
    70.16741709688209,
    70.16741709688209,
    70.16741709688209,
    70.16741709688209,
    70.16741709688209,
    70.16741709688209,
    70.16741709688209,
    70.16741709688209,
    70.16741709688209,
    70.16741709688209,
    70.16741709688209,
    70.16741709688209,
    70.16741709688209,
    70.16741709688209,
    70.16741709688209,
    70.16741709688209,
    70.16741709688209,
    70.16741709688209,
    70.16741709688209,
    70.16741709688209,
    70.16741709688209,
    70.16741709688209,
    70.16741709688209,
    70.16741709688209,
    70.16741709688209,
    70.16741709688209,
    70.16741709688209,
    70.16741709688209,
    70.16741709688209,
    70.16741709688209,
    70.16741709688209
  ],
  "v26_economic": [
    29.832582903117906,
    29.832582903117906,
    29.832582903117906,
    29.832582903117906,
    29.832582903117906,
    29.832582903117906,
    29.832582903117906,
    29.832582903117906,
    29.832582903117906,
    29.832582903117906,
    29.832582903117906,
    29.832582903117906,
    29.832582903117906,
    29.832582903117906,
    29.832582903117906,
    29.832582903117906,
    29.832582903117906,
    29.832582903117906,
    29.832582903117906,
    29.832582903117906,
    29.832582903117906,
    29.832582903117906,
    29.832582903117906,
    29.832582903117906,
    29.832582903117906,
    29.832582903117906,
    29.832582903117906,
    29.832582903117906,
    29.832582903117906,
    29.832582903117906,
    29.832582903117906
  ],
  "v27_blocks": [
    0,
    6,
    13,
    24,
    30,
    36,
    41,
    54,
    64,
    75,
    85,
    106,
    121,
    134,
    145,
    159,
    172,
    189,
    207,
    221,
    240,
    259,
    276,
    295,
    320,
    342,
    362,
    379,
    399,
    418,
    439
  ],
  "v26_blocks": [
    0,
    19,
    45,
    61,
    88,
    107,
    130,
    156,
    177,
    199,
    223,
    235,
    251,
    269,
    283,
    307,
    317,
    332,
    348,
    366,
    379,
    393,
    398,
    409,
    417,
    428,
    440,
    450,
    455,
    462,
    468
  ],
  "v27_difficulty": [
    1.0,
    1.0,
    1.0,
    1.0,
    1.0,
    1.0,
    1.0,
    1.0,
    1.0,
    1.0,
    1.0,
    1.0,
    1.0,
    1.0,
    1.0,
    1.0,
    1.0,
    1.0,
    1.0,
    1.0,
    1.0,
    1.0,
    1.0,
    1.0,
    1.0,
    1.0,
    1.0,
    1.0,
    1.0,
    1.0,
    1.0
  ],
  "v26_difficulty": [
    1.0,
    1.0,
    1.0,
    1.0,
    1.0,
    1.0,
    1.0,
    1.0,
    1.0,
    1.0,
    1.0,
    1.0,
    1.0,
    1.0,
    1.0,
    1.0,
    1.0,
    1.0,
    1.0,
    1.0,
    1.0,
    1.0,
    1.0,
    1.0,
    1.0,
    1.0,
    1.0,
    1.0,
    1.0,
    1.0,
    1.0
  ],
  "v27_chainwork": [
    0.0,
    6.0,
    13.0,
    24.0,
    30.0,
    36.0,
    41.0,
    54.0,
    64.0,
    75.0,
    85.0,
    106.0,
    121.0,
    134.0,
    145.0,
    159.0,
    172.0,
    189.0,
    207.0,
    221.0,
    240.0,
    259.0,
    276.0,
    295.0,
    320.0,
    342.0,
    362.0,
    379.0,
    399.0,
    418.0,
    439.0
  ],
  "v26_chainwork": [
    0.0,
    19.0,
    45.0,
    61.0,
    88.0,
    107.0,
    130.0,
    156.0,
    177.0,
    199.0,
    223.0,
    235.0,
    251.0,
    269.0,
    283.0,
    307.0,
    317.0,
    332.0,
    348.0,
    366.0,
    379.0,
    393.0,
    398.0,
    409.0,
    417.0,
    428.0,
    440.0,
    450.0,
    455.0,
    462.0,
    468.0
  ],
  "v27_fee_rate": [
    1.0,
    1.0,
    0.01894432051953598,
    0.01894432051953598,
    0.01894432051953598,
    0.01894432051953598,
    0.01894432051953598,
    0.01894432051953598,
    0.01894432051953598,
    0.01894432051953598,
    0.01894432051953598,
    0.01104058905007201,
    0.01104058905007201,
    0.01104058905007201,
    0.01104058905007201,
    0.01104058905007201,
    0.01104058905007201,
    0.01104058905007201,
    0.01104058905007201,
    0.01104058905007201,
    0.01104058905007201,
    0.007754799494144051,
    0.007754799494144051,
    0.007754799494144051,
    0.007754799494144051,
    0.007754799494144051,
    0.007754799494144051,
    0.007754799494144051,
    0.007754799494144051,
    0.007754799494144051,
    0.007754799494144051
  ],
  "v26_fee_rate": [
    1.0,
    1.0,
    0.002199970451823504,
    0.002199970451823504,
    0.002199970451823504,
    0.002199970451823504,
    0.002199970451823504,
    0.002199970451823504,
    0.002199970451823504,
    0.002199970451823504,
    0.002199970451823504,
    0.003010796245382808,
    0.003010796245382808,
    0.003010796245382808,
    0.003010796245382808,
    0.003010796245382808,
    0.003010796245382808,
    0.003010796245382808,
    0.003010796245382808,
    0.003010796245382808,
    0.003010796245382808,
    0.004811930474184334,
    0.004811930474184334,
    0.004811930474184334,
    0.004811930474184334,
    0.004811930474184334,
    0.004811930474184334,
    0.004811930474184334,
    0.004811930474184334,
    0.004811930474184334,
    0.004811930474184334
  ],