{
  "blocks_mined": {
    "v27": 5261,
    "v26": 1539
  },
  "total_blocks": 6800,
  "final_hashrate": {
    "v27": 86.4,
    "v26": 0.0
  },
  "final_economic": {
    "v27": 56.73741253525133,
    "v26": 43.26258746474866
  },
  "final_prices": {
    "v27": 64143.82274221448,
    "v26": 55203.37725778553
  }
}