{
  "blocks_mined": {
    "v27": 18,
    "v26": 918
  },
  "total_blocks": 936,
  "final_hashrate": {
    "v27": 0.0,
    "v26": 86.4
  },
  "final_economic": {
    "v27": 62.148876597346025,
    "v26": 37.85112340265398
  },
  "final_prices": {
    "v27": 55580.73208587948,
    "v26": 63766.46791412053
  }
}