{
  "blocks_mined": {
    "v27": 726,
    "v26": 149
  },
  "total_blocks": 875,
  "final_hashrate": {
    "v27": 98.36999999999999,
    "v26": 0.0
  },
  "final_economic": {
    "v27": 100.0,
    "v26": 0.0
  },
  "final_prices": {
    "v27": 70665.55391100702,
    "v26": 49256.206088992985
  }
}