{
  "timestamps": [
    0,
    60,
    120,
    181,
    241,
    302,
    362,
    423,
    483,
    544,
    604,
    664,
    725,
    786,
    847,
    907,
    968,
    1029,
    1089,
    1150,
    1211,
    1272,
    1333,
    1393,
    1454,
    1514,
    1575,
    1635,
    1696,
    1757,
    1800
  ],
  "v27_price": [
    60000,
    60000,
    64340.46092797575,
    63766.83455434937,
    63334.081941108954,
    63541.550104286165,
    65810.3719800662,
    65875.82652552074,
    65700.16789843354,
    65810.3719800662,
    65850.82141826845,
    68284.89993174061,
    68591.76000000001,
    68885.86256410257,
    69110.15050131927,
    69297.12945812808,
    69437.84391608393,
    69590.03133479213,
    69720.10710743802,
    69844.56701754387,
    69970.11164835165,
    70062.07413612567,
    70160.43768595041,
    70259.35750390016,
    70307.21454545455,
    70373.70805194805,
    70450.1550617284,
    70515.73116644824,
    70567.21454545455,
    70618.23630619684,
    70665.55391100702
  ],
  "v26_price": [
    60000,
    60000,
    55581.29907202425,
    56154.92544565063,
    56587.67805889105,
    56380.20989571384,
    54111.38801993381,
    54045.93347447926,
    54221.59210156646,
    54111.38801993381,
    54070.93858173156,
    51636.8600682594,
    51330.0,
    51035.89743589744,
    50811.60949868074,
    50624.63054187193,
    50483.91608391609,
    50331.72866520788,
    50201.652892561986,
    50077.19298245615,
    49951.64835164836,
    49859.68586387434,
    49761.32231404959,
    49662.40249609985,
    49614.545454545456,
    49548.05194805195,
    49471.60493827161,
    49406.028833551776,
    49354.545454545456,
    49303.52369380316,
    49256.206088992985
  ],
  "v27_hashrate": [
    46.14,
    46.14,
    46.14,
    46.14,
    46.14,
    46.14,
    46.14,
    46.14,
    46.14,
    46.14,
    98.36999999999999,
    98.36999999999999,
    98.36999999999999,
    98.36999999999999,
    98.36999999999999,
    98.36999999999999,
    98.36999999999999,
    98.36999999999999,
    98.36999999999999,
    98.36999999999999,
    98.36999999999999,
    98.36999999999999,
    98.36999999999999,
    98.36999999999999,
    98.36999999999999,
    98.36999999999999,
    98.36999999999999,
    98.36999999999999,
    98.36999999999999,
    98.36999999999999,
    98.36999999999999
  ],
  "v26_hashrate": [
    52.23,
    52.23,
    52.23,
    52.23,
    52.23,
    52.23,
    52.23,
    52.23,
    52.23,
    52.23,
    0.0,
    0.0,
    0.0,
    0.0,
    0.0,
    0.0,
    0.0,
    0.0,
    0.0,
    0.0,
    0.0,
    0.0,
    0.0,
    0.0,
    0.0,
    0.0,
    0.0,
    0.0,
    0.0,
    0.0,
    0.0
  ],
  "v27_economic": [
    80.7914308100543,
    80.7914308100543,
    80.7914308100543,
    80.7914308100543,
    80.7914308100543,
    99.96376650055159,
    99.96376650055159,
    99.96376650055159,
    99.96376650055159,
    99.96376650055159,
    100.0,
    100.0,
    100.0,
    100.0,
    100.0,
    100.0,
    100.0,
    100.0,
    100.0,
    100.0,
    100.0,
    100.0,
    100.0,
    100.0,
    100.0,
    100.0,
    100.0,
    100.0,
    100.0,
    100.0,
    100.0
  ],
  "v26_economic": [
    19.208569189945692,
    19.208569189945692,
    19.208569189945692,
    19.208569189945692,
    19.208569189945692,
    0.03623349944840722,
    0.03623349944840722,
    0.03623349944840722,
    0.03623349944840722,
    0.03623349944840722,
    0.0,
    0.0,
    0.0,
    0.0,
    0.0,
    0.0,
    0.0,
    0.0,
    0.0,
    0.0,
    0.0,
    0.0,
    0.0,
    0.0,
    0.0,
    0.0,
    0.0,
    0.0,
    0.0,
    0.0,
    0.0
  ],
  "v27_blocks": [
    0,
    16,
    30,
    39,
    57,
    69,
    84,
    95,
    116,
    135,
    145,
    172,
    203,
    231,
    258,
    281,
    309,
    336,
    365,
    398,
    425,
    457,
    493,
    512,
    544,
    580,
    614,
    643,
    674,
    705,
    726
  ],
  "v26_blocks": [
    0,
    10,
    26,
    43,
    56,
    69,
    81,
    101,
    116,
    132,
    148,
    148,
    148,
    148,
    148,
    148,
    148,
    148,
    148,
    148,
    148,
    148,
    148,
    148,
    149,
    149,
    149,
    149,
    149,
    149,
    149
  ],
  "v27_difficulty": [
    1.0,
    1.0,
    1.0,
    1.0,
    1.0,
    1.0,
    1.0,
    1.0,
    1.0,
    1.0,
    1.0,
    1.0,
    1.0,
    1.0,
    1.0,
    1.0,
    1.0,
    1.0,
    1.0,
    1.0,
    1.0,
    1.0,
    1.0,
    1.0,
    1.0,
    1.0,
    1.0,
    1.0,
    1.0,
    1.0,
    1.0
  ],
  "v26_difficulty": [
    1.0,
    1.0,
    1.0,
    1.0,
    1.0,
    1.0,
    1.0,
    1.0,
    1.0,
    1.0,
    1.0,
    1.0,
    1.0,
    1.0,
    1.0,
    1.0,
    1.0,
    1.0,
    1.0,
    1.0,
    1.0,
    1.0,
    1.0,
    1.0,
    1.0,
    1.0,
    1.0,
    1.0,
    1.0,
    1.0,
    1.0
  ],
  "v27_chainwork": [
    0.0,
    16.0,
    30.0,
    39.0,
    57.0,
    69.0,
    84.0,
    95.0,
    116.0,
    135.0,
    145.0,
    172.0,
    203.0,
    231.0,
    258.0,
    281.0,
    309.0,
    336.0,
    365.0,
    398.0,
    425.0,
    457.0,
    493.0,
    512.0,
    544.0,
    580.0,
    614.0,
    643.0,
    674.0,
    705.0,
    726.0
  ],
  "v26_chainwork": [
    0.0,
    10.0,
    26.0,
    43.0,
    56.0,
    69.0,
    81.0,
    101.0,
    116.0,
    132.0,
    148.0,
    148.0,
    148.0,
    148.0,
    148.0,
    148.0,
    148.0,
    148.0,
    148.0,
    148.0,
    148.0,
    148.0,
    148.0,
    148.0,
    149.0,
    149.0,
    149.0,
    149.0,
    149.0,
    149.0,
    149.0
  ],
  "v27_fee_rate": [
    1.0,
    1.0,
    0.0122333715880149,
    0.0122333715880149,
    0.0122333715880149,
    0.0122333715880149,
    0.014446909670774883,
    0.014446909670774883,
    0.014446909670774883,
    0.014446909670774883,
    0.014446909670774883,
    0.006777133950052523,
    0.006777133950052523,
    0.006777133950052523,
    0.006777133950052523,
    0.006777133950052523,
    0.006777133950052523,
    0.006777133950052523,
    0.006777133950052523,
    0.006777133950052523,
    0.006777133950052523,
    0.006777133950052523,
    0.006777133950052523,
    0.006777133950052523,
    0.006777133950052523,
    0.006777133950052523,
    0.006777133950052523,
    0.006777133950052523,
    0.006777133950052523,
    0.006777133950052523,
    0.006777133950052523
  ],
  "v26_fee_rate": [
    1.0,
    1.0,
    0.001957091740295983,
    0.001957091740295983,
    0.001957091740295983,
    0.001957091740295983,
    1.6514351352354125e-06,
    1.6514351352354125e-06,
    1.6514351352354125e-06,
    1.6514351352354125e-06,
    1.6514351352354125e-06,
    0.0,
    0.0,
    0.0,
    0.0,
    0.0,
    0.0,
    0.0,
    0.0,
    0.0,
    0.0,
    0.0,
    0.0,
    0.0,
    0.0,
    0.0,
    0.0,
    0.0,
    0.0,
    0.0,
    0.0
  ],
  "v27_fee_revenue_btc": [
    0.01,
    0.01,
    0.00012233371588014902,
    0.00012233371588014902,
    0.00012233371588014902,
    0.00012233371588014902,
    0.00014446909670774884,
    0.00014446909670774884,
    0.00014446909670774884,
    0.00014446909670774884,
    0.00014446909670774884,
    6.777133950052523e-05,
    6.777133950052523e-05,
    6.777133950052523e-05,
    6.777133950052523e-05,
    6.777133950052523e-05,
    6.777133950052523e-05,
    6.777133950052523e-05,
    6.777133950052523e-05,
    6.777133950052523e-05,
    6.777133950052523e-05,
    6.777133950052523e-05,
    6.777133950052523e-05,
    6.777133950052523e-05,
    6.777133950052523e-05,
    6.777133950052523e-05,
    6.777133950052523e-05,
    6.777133950052523e-05,
    6.777133950052523e-05,
    6.777133950052523e-05,
    6.777133950052523e-05
  ],