{
  "blocks_mined": {
    "v27": 726,
    "v26": 148
  },
  "total_blocks": 874,
  "final_hashrate": {
    "v27": 98.36999999999999,
    "v26": 0.0
  },
  "final_economic": {
    "v27": 70.2036505963305,
    "v26": 29.796349403669502
  },
  "final_prices": {
    "v27": 67095.49384620755,
    "v26": 52826.26615379246
  }
}