{
  "blocks_mined": {
    "v27": 1123,
    "v26": 142
  },
  "total_blocks": 1265,
  "final_hashrate": {
    "v27": 86.4,
    "v26": 0.0
  },
  "final_economic": {
    "v27": 100.0,
    "v26": 0.0
  },
  "final_prices": {
    "v27": 70383.01712141882,
    "v26": 48964.1828785812
  }
}