{
  "blocks_mined": {
    "v27": 1895,
    "v26": 1373
  },
  "total_blocks": 3268,
  "final_hashrate": {
    "v27": 50.5,
    "v26": 35.9
  },
  "final_economic": {
    "v27": 56.737060138721,
    "v26": 43.262939861279
  },
  "final_prices": {
    "v27": 61415.17702166045,
    "v26": 57932.022978339555
  }
}