{
  "config": {
    "base_price": 60000,
    "max_divergence": 0.2,
    "coefficients": {
      "chain_weight": 0.3,
      "economic_weight": 0.5,
      "hashrate_weight": 0.2
    }
  },
  "current_prices": {
    "v27": 54300.379458946605,
    "v26": 65046.8205410534
  },
  "timeline": {
    "timestamps": [
      1772694747.7949157,
      1772694809.4196231,
      1772694809.419661,
      1772694869.752197,
      1772694869.7522078,
      1772694929.8398094,
      1772694929.8398223,
      1772694990.1085489,
      1772694990.1085868,
      1772695050.51655,
      1772695050.5165706,
      1772695110.6797307,
      1772695110.6797547,
      1772695171.1802113,
      1772695171.1802254,
      1772695231.9836066,
      1772695231.9836304,
      1772695292.9933753,
      1772695292.9933875,
      1772695353.5797524,
      1772695353.579777,
      1772695413.7996523,
      1772695413.7996716,
      1772695474.4114304,
      1772695474.4114535,
      1772695534.9099326,
      1772695534.9099567,
      1772695595.3122172,
      1772695595.312227,
      1772695655.7400596,
      1772695655.7401867,
      1772695716.1525662,
      1772695716.1525779,
      1772695776.7651103,
      1772695776.765133,
      1772695837.2135255,
      1772695837.2135496,
      1772695898.1555347,
      1772695898.1555743,
      1772695958.9619055,
      1772695958.9619308,
      1772696019.936606,
      1772696019.9366288,
      1772696079.9712229,
      1772696079.9712446,
      1772696140.014018,
      1772696140.0140505,
      1772696200.26674,
      1772696200.2667532,
      1772696261.1532419,
      1772696261.1532726,
      1772696321.9970036,
      1772696321.9970186,
      1772696382.419252,
      1772696382.419261,
      1772696443.2781606,
      1772696443.2781715,
      1772696503.8965564,
      1772696503.89658
    ],
    "v27_prices": [
      60000,
      57694.33369979446,
      57694.33369979446,
      57933.10920999853,
      57933.10920999853,
      58124.76848240315,
      58124.76848240315,
      58168.527248181555,
      58168.527248181555,
      58201.056388870085,
      58201.056388870085,
      58262.41880617743,
      58262.41880617743,
      58274.807072575524,
      58274.807072575524,
      58194.33369979446,
      58194.33369979446,
      58201.32059935777,
      58201.32059935777,
      56415.33914726528,
      56415.33914726528,
      56151.586711393655,
      56151.586711393655,
      55903.63117534014,
      55903.63117534014,
      55702.581718281275,
      55702.581718281275,
      55529.96165005089,
      55529.96165005089,
      55389.10436938997,
      55389.10436938997,
      55268.465308472936,
      55268.465308472936,
      55144.57434466039,
      55144.57434466039,
      55037.94134378227,
      55037.94134378227,
      54931.36100143092,
      54931.36100143092,
      54843.13758862597,
      54843.13758862597,
      54750.188890149,
      54750.188890149,
      54666.99340641687,
      54666.99340641687,
      54623.048210265835,
      54623.048210265835,
      54565.31097537236,
      54565.31097537236,
      54492.20735997142,
      54492.20735997142,
      54433.15777092707,
      54433.15777092707,
      54387.08903365757,
      54387.08903365757,
      54340.69889486865,
      54340.69889486865,
      54300.379458946605,
      54300.379458946605
    ],
    "v26_prices": [
      60000,
      60000,
      61652.86630020555,
      61652.86630020555,
      61414.09079000146,
      61414.09079000146,
      61222.43151759684,
      61222.43151759684,
      61178.672751818456,
      61178.672751818456,
      61146.14361112991,
      61146.14361112991,
      61084.78119382258,
      61084.78119382258,
      61072.39292742448,
      61072.39292742448,
      61152.86630020555,
      61152.86630020555,
      61145.87940064221,
      61145.87940064221,
      62931.860852734724,
      62931.860852734724,
      63195.61328860636,
      63195.61328860636,
      63443.568824659866,
      63443.568824659866,
      63644.61828171873,
      63644.61828171873,
      63817.2383499491,
      63817.2383499491,
      63958.095630610034,
      63958.095630610034,
      64078.734691527075,
      64078.734691527075,
      64202.62565533962,
      64202.62565533962,
      64309.25865621774,
      64309.25865621774,
      64415.83899856909,
      64415.83899856909,
      64504.06241137404,
      64504.06241137404,
      64597.011109851,
      64597.011109851,
      64680.20659358314,
      64680.20659358314,
      64724.15178973417,
      64724.15178973417,
      64781.88902462765,
      64781.88902462765,
      64854.992640028584,
      64854.992640028584,
      64914.04222907294,
      64914.04222907294,
      64960.11096634242,
      64960.11096634242,
      65006.501105131356,
      65006.501105131356,
      65046.8205410534
    ]
  },
  "history": [
    {
      "timestamp": 1772694747.7949157,
      "chain_id": "v27",
      "price": 60000,
      "metadata": {
        "initial": true
      }
    },
    {
      "timestamp": 1772694747.7949157,
      "chain_id": "v26",
      "price": 60000,
      "metadata": {
        "initial": true
      }
    },
    {
      "timestamp": 1772694809.4196231,
      "chain_id": "v27",
      "price": 57694.33369979446,
      "metadata": {
        "fork_sustained": true,
        "fork_depth": 24
      }
    },
    {
      "timestamp": 1772694809.419661,
      "chain_id": "v26",
      "price": 61652.86630020555,
      "metadata": {
        "fork_sustained": true,
        "fork_depth": 24
      }
    },
    {
      "timestamp": 1772694869.752197,
      "chain_id": "v27",
      "price": 57933.10920999853,
      "metadata": {
        "fork_sustained": true,
        "fork_depth": 49
      }
    },
    {
      "timestamp": 1772694869.7522078,
      "chain_id": "v26",
      "price": 61414.09079000146,
      "metadata": {
        "fork_sustained": true,
        "fork_depth": 49
      }
    },
    {
      "timestamp": 1772694929.8398094,
      "chain_id": "v27",
      "price": 58124.76848240315,
      "metadata": {
        "fork_sustained": true,
        "fork_depth": 69
      }
    },
    {
      "timestamp": 1772694929.8398223,
      "chain_id": "v26",
      "price": 61222.43151759684,
      "metadata": {
        "fork_sustained": true,
        "fork_depth": 69
      }
    },
    {
      "timestamp": 1772694990.1085489,
      "chain_id": "v27",
      "price": 58168.527248181555,
      "metadata": {
        "fork_sustained": true,
        "fork_depth": 93
      }
    },
    {
      "timestamp": 1772694990.1085868,
      "chain_id": "v26",
      "price": 61178.672751818456,
      "metadata": {
        "fork_sustained": true,
        "fork_depth": 93
      }
    },
    {
      "timestamp": 1772695050.51655,
      "chain_id": "v27",
      "price": 58201.056388870085,
      "metadata": {
        "fork_sustained": true,
        "fork_depth": 119
      }
    },
    {
      "timestamp": 1772695050.5165706,
      "chain_id": "v26",
      "price": 61146.14361112991,
      "metadata": {
        "fork_sustained": true,
        "fork_depth": 119
      }
    },
    {
      "timestamp": 1772695110.6797307,
      "chain_id": "v27",
      "price": 58262.41880617743,
      "metadata": {
        "fork_sustained": true,
        "fork_depth": 141
      }
    },
    {
      "timestamp": 1772695110.6797547,
      "chain_id": "v26",
      "price": 61084.78119382258,
      "metadata": {
        "fork_sustained": true,
        "fork_depth": 141
      }
    },
    {
      "timestamp": 1772695171.1802113,
      "chain_id": "v27",
      "price": 58274.807072575524,
      "metadata": {
        "fork_sustained": true,
        "fork_depth": 169
      }
    },
    {
      "timestamp": 1772695171.1802254,
      "chain_id": "v26",
      "price": 61072.39292742448,
      "metadata": {
        "fork_sustained": true,
        "fork_depth": 169
      }
    },
    {
      "timestamp": 1772695231.9836066,
      "chain_id": "v27",
      "price": 58194.33369979446,