{
  "blocks_mined": {
    "v27": 90,
    "v26": 4570
  },
  "total_blocks": 4660,
  "final_hashrate": {
    "v27": 0.0,
    "v26": 86.4
  },
  "final_economic": {
    "v27": 56.73664319629601,
    "v26": 43.26335680370397
  },
  "final_prices": {
    "v27": 54998.748952035916,
    "v26": 64348.45104796409
  }
}