{
  "blocks_mined": {
    "v27": 5030,
    "v26": 229
  },
  "total_blocks": 5259,
  "final_hashrate": {
    "v27": 86.4,
    "v26": 0.0
  },
  "final_economic": {
    "v27": 100.0,
    "v26": 0.0
  },
  "final_prices": {
    "v27": 70977.63246534366,
    "v26": 48369.56753465634
  }
}