{
  "blocks_mined": {
    "v27": 163,
    "v26": 10
  },
  "total_blocks": 173,
  "final_hashrate": {
    "v27": 86.4,
    "v26": 0.0
  },
  "final_economic": {
    "v27": 100.0,
    "v26": 0.0
  },
  "final_prices": {
    "v27": 71140.00575539569,
    "v26": 48207.19424460432
  }
}