{
  "config": {
    "base_price": 60000,
    "max_divergence": 0.2,
    "coefficients": {
      "chain_weight": 0.3,
      "economic_weight": 0.5,
      "hashrate_weight": 0.2
    }
  },
  "current_prices": {
    "v27": 55092.5261036549,
    "v26": 64829.23389634511
  },
  "timeline": {
    "timestamps": [
      1771969428.940619,
      1771969490.1595395,
      1771969490.1595492,
      1771969550.5355656,
      1771969550.5355716,
      1771969611.21917,
      1771969611.2191772,
      1771969671.2250636,
      1771969671.2250712,
      1771969731.9090915,
      1771969731.9090996,
      1771969792.6480806,
      1771969792.648088,
      1771969852.8070395,
      1771969852.8070457,
      1771969912.9681544,
      1771969912.9681623,
      1771969973.1171293,
      1771969973.1171377,
      1771970033.3555267,
      1771970033.3555322,
      1771970093.5460222,
      1771970093.546029,
      1771970153.6283674,
      1771970153.628373,
      1771970213.788006,
      1771970213.7880116,
      1771970273.9088469,
      1771970273.9088523,
      1771970334.0437846,
      1771970334.0437934,
      1771970394.108321,
      1771970394.108329,
      1771970454.274311,
      1771970454.2743182,
      1771970514.3673513,
      1771970514.367359,
      1771970575.0934434,
      1771970575.0934482,
      1771970635.3517613,
      1771970635.3517697,
      1771970695.4161453,
      1771970695.4161508,
      1771970755.617333,
      1771970755.617342,
      1771970815.7529843,
      1771970815.7529888,
      1771970875.8659184,
      1771970875.8659256,
      1771970935.9510753,
      1771970935.9510822,
      1771970996.131831,
      1771970996.1318386,
      1771971056.2513585,
      1771971056.2513661,
      1771971116.4475274,
      1771971116.4475343,
      1771971176.7506566,
      1771971176.7506642
    ],
    "v27_prices": [
      60000,
      59491.12806422397,
      59491.12806422397,
      57691.12806422398,
      57691.12806422398,
      58141.12806422398,
      58141.12806422398,
      58141.12806422398,
      58141.12806422398,
      57605.41377850969,
      57605.41377850969,
      57757.79473089065,
      57757.79473089065,
      57331.12806422398,
      57331.12806422398,
      57262.556635652545,
      57262.556635652545,
      57391.12806422398,
      57391.12806422398,
      56064.814843885,
      56064.814843885,
      55929.63883345475,
      55929.63883345475,
      55870.9962995181,
      55870.9962995181,
      55752.40806422398,
      55752.40806422398,
      55680.40806422398,
      55680.40806422398,
      55605.05922701468,
      55605.05922701468,
      55571.194581077914,
      55571.194581077914,
      55500.40806422398,
      55500.40806422398,
      55464.408064223986,
      55464.408064223986,
      55407.884699738,
      55407.884699738,
      55332.61145405449,
      55332.61145405449,
      55314.45765100084,
      55314.45765100084,
      55270.175506084444,
      55270.175506084444,
      55240.408064223986,
      55240.408064223986,
      55217.55092136684,
      55217.55092136684,
      55200.40806422398,
      55200.40806422398,
      55172.593494687564,
      55172.593494687564,
      55154.254218070135,
      55154.254218070135,
      55130.09407322112,
      55130.09407322112,
      55092.5261036549,
      55092.5261036549
    ],
    "v26_prices": [
      60000,
      60000,
      60430.63193577602,
      60430.63193577602,
      62230.63193577602,
      62230.63193577602,
      61780.63193577603,
      61780.63193577603,
      61780.63193577603,
      61780.63193577603,
      62316.34622149031,
      62316.34622149031,
      62163.96526910936,
      62163.96526910936,
      62590.63193577602,
      62590.63193577602,
      62659.20336434745,
      62659.20336434745,
      62530.63193577603,
      62530.63193577603,
      63856.94515611501,
      63856.94515611501,
      63992.121166545265,
      63992.121166545265,
      64050.76370048191,
      64050.76370048191,
      64169.35193577603,
      64169.35193577603,
      64241.35193577604,
      64241.35193577604,
      64316.70077298532,
      64316.70077298532,
      64350.565418922095,
      64350.565418922095,
      64421.35193577603,
      64421.35193577603,
      64457.35193577602,
      64457.35193577602,
      64513.87530026201,
      64513.87530026201,
      64589.14854594552,
      64589.14854594552,
      64607.30234899916,
      64607.30234899916,
      64651.584493915565,
      64651.584493915565,
      64681.35193577602,
      64681.35193577602,
      64704.20907863317,
      64704.20907863317,
      64721.35193577604,
      64721.35193577604,
      64749.166505312445,
      64749.166505312445,
      64767.505781929875,
      64767.505781929875,
      64791.66592677889,
      64791.66592677889,
      64829.23389634511
    ]
  },
  "history": [
    {
      "timestamp": 1771969428.940619,
      "chain_id": "v27",
      "price": 60000,
      "metadata": {
        "initial": true
      }
    },
    {
      "timestamp": 1771969428.940619,
      "chain_id": "v26",
      "price": 60000,
      "metadata": {
        "initial": true
      }
    },
    {
      "timestamp": 1771969490.1595395,
      "chain_id": "v27",
      "price": 59491.12806422397,
      "metadata": {
        "fork_sustained": true,
        "fork_depth": 6
      }
    },
    {
      "timestamp": 1771969490.1595492,
      "chain_id": "v26",
      "price": 60430.63193577602,
      "metadata": {
        "fork_sustained": true,
        "fork_depth": 6
      }
    },
    {
      "timestamp": 1771969550.5355656,
      "chain_id": "v27",
      "price": 57691.12806422398,
      "metadata": {
        "fork_sustained": true,
        "fork_depth": 12
      }
    },
    {
      "timestamp": 1771969550.5355716,
      "chain_id": "v26",
      "price": 62230.63193577602,
      "metadata": {
        "fork_sustained": true,
        "fork_depth": 12
      }
    },
    {
      "timestamp": 1771969611.21917,
      "chain_id": "v27",
      "price": 58141.12806422398,
      "metadata": {
        "fork_sustained": true,
        "fork_depth": 16
      }
    },
    {
      "timestamp": 1771969611.2191772,
      "chain_id": "v26",
      "price": 61780.63193577603,
      "metadata": {
        "fork_sustained": true,
        "fork_depth": 16
      }
    },
    {
      "timestamp": 1771969671.2250636,
      "chain_id": "v27",
      "price": 58141.12806422398,
      "metadata": {
        "fork_sustained": true,
        "fork_depth": 16
      }
    },
    {
      "timestamp": 1771969671.2250712,
      "chain_id": "v26",
      "price": 61780.63193577603,
      "metadata": {
        "fork_sustained": true,
        "fork_depth": 16
      }
    },
    {
      "timestamp": 1771969731.9090915,
      "chain_id": "v27",
      "price": 57605.41377850969,
      "metadata": {
        "fork_sustained": true,
        "fork_depth": 21
      }
    },
    {
      "timestamp": 1771969731.9090996,
      "chain_id": "v26",
      "price": 62316.34622149031,
      "metadata": {
        "fork_sustained": true,
        "fork_depth": 21
      }
    },
    {
      "timestamp": 1771969792.6480806,
      "chain_id": "v27",
      "price": 57757.79473089065,
      "metadata": {
        "fork_sustained": true,
        "fork_depth": 27
      }
    },
    {
      "timestamp": 1771969792.648088,
      "chain_id": "v26",
      "price": 62163.96526910936,
      "metadata": {
        "fork_sustained": true,
        "fork_depth": 27
      }
    },
    {
      "timestamp": 1771969852.8070395,
      "chain_id": "v27",
      "price": 57331.12806422398,
      "metadata": {
        "fork_sustained": true,
        "fork_depth": 35
      }
    },
    {
      "timestamp": 1771969852.8070457,
      "chain_id": "v26",
      "price": 62590.63193577602,
      "metadata": {
        "fork_sustained": true,
        "fork_depth": 35
      }
    },
    {
      "timestamp": 1771969912.9681544,
      "chain_id": "v27",
      "price": 57262.556635652545,