{
  "timestamps": [
    0,
    60,
    120,
    181,
    241,
    302,
    362,
    423,
    483,
    543,
    603,
    663,
    723,
    784,
    844,
    904,
    964,
    1024,
    1084,
    1145,
    1205,
    1265,
    1325,
    1386,
    1446,
    1506,
    1566,
    1626,
    1686,
    1747,
    1800
  ],
  "v27_price": [
    60000,
    60000,
    59491.12806422397,
    57691.12806422398,
    58141.12806422398,
    58141.12806422398,
    57605.41377850969,
    57757.79473089065,
    57331.12806422398,
    57262.556635652545,
    57391.12806422398,
    56064.814843885,
    55929.63883345475,
    55870.9962995181,
    55752.40806422398,
    55680.40806422398,
    55605.05922701468,
    55571.194581077914,
    55500.40806422398,
    55464.408064223986,
    55407.884699738,
    55332.61145405449,
    55314.45765100084,
    55270.175506084444,
    55240.408064223986,
    55217.55092136684,
    55200.40806422398,
    55172.593494687564,
    55154.254218070135,
    55130.09407322112,
    55092.5261036549
  ],
  "v26_price": [
    60000,
    60000,
    60430.63193577602,
    62230.63193577602,
    61780.63193577603,
    61780.63193577603,
    62316.34622149031,
    62163.96526910936,
    62590.63193577602,
    62659.20336434745,
    62530.63193577603,
    63856.94515611501,
    63992.121166545265,
    64050.76370048191,
    64169.35193577603,
    64241.35193577604,
    64316.70077298532,
    64350.565418922095,
    64421.35193577603,
    64457.35193577602,
    64513.87530026201,
    64589.14854594552,
    64607.30234899916,
    64651.584493915565,
    64681.35193577602,
    64704.20907863317,
    64721.35193577604,
    64749.166505312445,
    64767.505781929875,
    64791.66592677889,
    64829.23389634511
  ],
  "v27_hashrate": [
    26.89,
    26.89,
    26.89,
    26.89,
    26.89,
    26.89,
    26.89,
    26.89,
    26.89,
    26.89,
    0.0,
    0.0,
    0.0,
    0.0,
    0.0,
    0.0,
    0.0,
    0.0,
    0.0,
    0.0,
    0.0,
    0.0,
    0.0,
    0.0,
    0.0,
    0.0,
    0.0,
    0.0,
    0.0,
    0.0,
    0.0
  ],
  "v26_hashrate": [
    71.48,
    71.48,
    71.48,
    71.48,
    71.48,
    71.48,
    71.48,
    71.48,
    71.48,
    71.48,
    98.36999999999999,
    98.36999999999999,
    98.36999999999999,
    98.36999999999999,
    98.36999999999999,
    98.36999999999999,
    98.36999999999999,
    98.36999999999999,
    98.36999999999999,
    98.36999999999999,
    98.36999999999999,
    98.36999999999999,
    98.36999999999999,
    98.36999999999999,
    98.36999999999999,
    98.36999999999999,
    98.36999999999999,
    98.36999999999999,
    98.36999999999999,
    98.36999999999999,
    98.36999999999999
  ],
  "v27_economic": [
    55.00340053519982,
    55.00340053519982,
    55.00340053519982,
    55.00340053519982,
    55.00340053519982,
    55.00340053519982,
    55.00340053519982,
    55.00340053519982,
    55.00340053519982,
    55.00340053519982,
    55.00340053519982,
    55.00340053519982,
    55.00340053519982,
    55.00340053519982,
    55.00340053519982,
    55.00340053519982,
    55.00340053519982,
    55.00340053519982,
    55.00340053519982,
    55.00340053519982,
    55.00340053519982,
    55.00340053519982,
    55.00340053519982,
    55.00340053519982,
    55.00340053519982,
    55.00340053519982,
    55.00340053519982,
    55.00340053519982,
    55.00340053519982,
    55.00340053519982,
    55.00340053519982
  ],
  "v26_economic": [
    44.99659946480019,
    44.99659946480019,
    44.99659946480019,
    44.99659946480019,
    44.99659946480019,
    44.99659946480019,
    44.99659946480019,
    44.99659946480019,
    44.99659946480019,
    44.99659946480019,
    44.99659946480019,
    44.99659946480019,
    44.99659946480019,
    44.99659946480019,
    44.99659946480019,
    44.99659946480019,
    44.99659946480019,
    44.99659946480019,
    44.99659946480019,
    44.99659946480019,
    44.99659946480019,
    44.99659946480019,
    44.99659946480019,
    44.99659946480019,
    44.99659946480019,
    44.99659946480019,
    44.99659946480019,
    44.99659946480019,
    44.99659946480019,
    44.99659946480019,
    44.99659946480019
  ],
  "v27_blocks": [
    0,
    3,
    3,
    5,
    5,
    5,
    7,
    7,
    8,
    10,
    12,
    12,
    12,
    12,
    12,
    12,
    12,
    12,
    12,
    12,
    12,
    12,
    12,
    12,
    12,
    12,
    12,
    12,
    12,
    12,
    12
  ],
  "v26_blocks": [
    0,
    3,
    9,
    11,
    11,
    16,
    20,
    28,
    34,
    38,
    47,
    53,
    56,
    63,
    68,
    74,
    77,
    84,
    88,
    95,
    106,
    109,
    117,
    123,
    128,
    132,
    139,
    144,
    152,
    166,
    174
  ],
  "v27_difficulty": [
    1.0,
    1.0,
    1.0,
    1.0,
    1.0,
    1.0,
    1.0,
    1.0,
    1.0,
    1.0,
    1.0,
    1.0,
    1.0,
    1.0,
    1.0,
    1.0,
    1.0,
    1.0,
    1.0,
    1.0,
    1.0,
    1.0,
    1.0,
    1.0,
    1.0,
    1.0,
    1.0,
    1.0,
    1.0,
    1.0,
    1.0
  ],
  "v26_difficulty": [
    1.0,
    1.0,
    1.0,
    1.0,
    1.0,
    1.0,
    1.0,
    1.0,
    1.0,
    1.0,
    1.0,
    1.0,
    1.0,
    1.0,
    1.0,
    1.0,
    1.0,
    1.0,
    1.0,
    1.0,
    1.0,
    1.0,
    1.0,
    1.0,
    1.0,
    1.0,
    1.0,
    0.8894379246448425,
    0.8894379246448425,
    0.8894379246448425,
    0.8894379246448425
  ],
  "v27_chainwork": [
    0.0,
    3.0,
    3.0,
    5.0,
    5.0,
    5.0,
    7.0,
    7.0,
    8.0,
    10.0,
    12.0,
    12.0,
    12.0,
    12.0,
    12.0,
    12.0,
    12.0,
    12.0,
    12.0,
    12.0,
    12.0,
    12.0,
    12.0,
    12.0,
    12.0,
    12.0,
    12.0,
    12.0,
    12.0,
    12.0,
    12.0
  ],
  "v26_chainwork": [
    0.0,
    3.0,
    9.0,
    11.0,
    11.0,
    16.0,
    20.0,
    28.0,
    34.0,
    38.0,
    47.0,
    53.0,
    56.0,
    63.0,
    68.0,
    74.0,
    77.0,
    84.0,
    88.0,
    95.0,
    106.0,
    109.0,
    117.0,
    123.0,
    128.0,
    132.0,
    139.0,
    144.0,
    151.11550339715882,
    163.56763434218675,
    170.68313773934557
  ],
  "v27_fee_rate": [
    1.0,
    1.0,
    0.06818323048034333,
    0.06818323048034333,
    0.06818323048034333,
    0.06818323048034333,
    0.06818323048034333,
    0.06818323048034333,
    0.06818323048034333,
    0.06818323048034333,
    0.06818323048034333,
    18.334470676164326,
    18.334470676164326,
    18.334470676164326,
    18.334470676164326,
    18.334470676164326,
    18.334470676164326,
    18.334470676164326,
    18.334470676164326,
    18.334470676164326,
    18.334470676164326,
    18.334470676164326,
    18.334470676164326,
    18.334470676164326,
    18.334470676164326,
    18.334470676164326,
    18.334470676164326,
    18.334470676164326,
    18.334470676164326,
    18.334470676164326,
    18.334470676164326
  ],
  "v26_fee_rate": [
    1.0,
    1.0,
    0.02098329974422077,
    0.02098329974422077,
    0.02098329974422077,
    0.02098329974422077,
    0.02098329974422077,
    0.02098329974422077,
    0.02098329974422077,
    0.02098329974422077,
    0.02098329974422077,
    0.015247395198911263,
    0.015247395198911263,
    0.015247395198911263,
    0.015247395198911263,
    0.015247395198911263,
    0.015247395198911263,
    0.015247395198911263,
    0.015247395198911263,
    0.015247395198911263,
    0.015247395198911263,
    0.015247395198911263,
    0.015247395198911263,
    0.015247395198911263,
    0.015247395198911263,
    0.015247395198911263,
    0.015247395198911263,
    0.015247395198911263,
    0.013561611541959367,
    0.013561611541959367,
    0.013561611541959367
  ],