{
  "blocks_mined": {
    "v27": 77,
    "v26": 139
  },
  "total_blocks": 216,
  "final_hashrate": {
    "v27": 30.0,
    "v26": 56.39999999999999
  },
  "final_economic": {
    "v27": 50.12210820410434,
    "v26": 49.87789179589566
  },
  "final_prices": {
    "v27": 57885.82181566136,
    "v26": 61461.37818433865
  }
}