{
  "blocks_mined": {
    "v27": 78,
    "v26": 151
  },
  "total_blocks": 229,
  "final_hashrate": {
    "v27": 30.0,
    "v26": 56.39999999999999
  },
  "final_economic": {
    "v27": 61.99155648080416,
    "v26": 38.00844351919586
  },
  "final_prices": {
    "v27": 59388.701063410794,
    "v26": 59958.498936589225
  }
}