{
  "blocks_mined": {
    "v27": 58,
    "v26": 175
  },
  "total_blocks": 233,
  "final_hashrate": {
    "v27": 30.0,
    "v26": 56.39999999999999
  },
  "final_economic": {
    "v27": 62.14929353977099,
    "v26": 37.850706460229006
  },
  "final_prices": {
    "v27": 58565.71183494201,
    "v26": 60781.48816505799
  }
}