{
  "blocks_mined": {
    "v27": 1870,
    "v26": 37
  },
  "total_blocks": 1907,
  "final_hashrate": {
    "v27": 86.4,
    "v26": 0.0
  },
  "final_economic": {
    "v27": 100.0,
    "v26": 0.0
  },
  "final_prices": {
    "v27": 70888.42578699213,
    "v26": 48458.774213007884
  }
}