{
  "blocks_mined": {
    "v27": 1231,
    "v26": 57
  },
  "total_blocks": 1288,
  "final_hashrate": {
    "v27": 98.36999999999999,
    "v26": 0.0
  },
  "final_economic": {
    "v27": 50.0,
    "v26": 50.0
  },
  "final_prices": {
    "v27": 65575.35772137689,
    "v26": 54346.40227862312
  }
}