{
  "timestamps": [
    0,
    60,
    121,
    181,
    242,
    302,
    362,
    423,
    483,
    544,
    604,
    665,
    725,
    786,
    847,
    907,
    968,
    1028,
    1089,
    1149,
    1210,
    1271,
    1332,
    1392,
    1453,
    1513,
    1574,
    1634,
    1694,
    1755,
    1815,
    1875,
    1936,
    1996,
    2057,
    2117,
    2178,
    2238,
    2298,
    2359,
    2420,
    2480,
    2500
  ],
  "v27_price": [
    60000,
    60000,
    63916.69333333333,
    63954.78857142856,
    63837.90545454546,
    63814.12923076923,
    63767.14378378379,
    63776.42358381502,
    63657.62145214431,
    63681.43513416817,
    63633.01399721536,
    64547.24915917505,
    64660.25503469956,
    64758.00024324223,
    64841.687516054,
    64916.13041055239,
    64984.94957893693,
    65033.74319301542,
    65082.499702045476,
    65127.60621790476,
    65173.20210415581,
    65210.25226892143,
    65251.361482900735,
    65287.090897086855,
    65305.248955544565,
    65321.33442810691,
    65349.928489340964,
    65377.618299901624,
    65395.71723894236,
    65416.26698423405,
    65434.21682559417,
    65451.028907061074,
    65466.19652348014,
    65480.41720761311,
    65493.776952301334,
    65504.03808075373,
    65515.08699097203,
    65527.822311724616,
    65537.30794079794,
    65547.02527694109,
    65557.98698482421,
    65567.02703622585,
    65575.35772137689
  ],
  "v26_price": [
    60000,
    60000,
    56005.066666666666,
    55966.97142857143,
    56083.854545454546,
    56107.63076923077,
    56154.616216216215,
    56145.33641618497,
    56264.13854785569,
    56240.32486583183,
    56288.74600278464,
    55374.51084082496,
    55261.50496530043,
    55163.759756757776,
    55080.07248394601,
    55005.629589447606,
    54936.81042106308,
    54888.016806984575,
    54839.260297954526,
    54794.15378209524,
    54748.5578958442,
    54711.50773107858,
    54670.39851709927,
    54634.66910291315,
    54616.51104445543,
    54600.425571893094,
    54571.83151065903,
    54544.14170009837,
    54526.04276105765,
    54505.49301576596,
    54487.54317440584,
    54470.731092938935,
    54455.563476519856,
    54441.342792386895,
    54427.98304769867,
    54417.72191924628,
    54406.67300902798,
    54393.937688275386,
    54384.45205920207,
    54374.734723058915,
    54363.7730151758,
    54354.73296377416,
    54346.40227862312
  ],
  "v27_hashrate": [
    78.82,
    78.82,
    78.82,
    78.82,
    78.82,
    78.82,
    78.82,
    78.82,
    78.82,
    78.82,
    98.36999999999999,
    98.36999999999999,
    98.36999999999999,
    98.36999999999999,
    98.36999999999999,
    98.36999999999999,
    98.36999999999999,
    98.36999999999999,
    98.36999999999999,
    98.36999999999999,
    98.36999999999999,
    98.36999999999999,
    98.36999999999999,
    98.36999999999999,
    98.36999999999999,
    98.36999999999999,
    98.36999999999999,
    98.36999999999999,
    98.36999999999999,
    98.36999999999999,
    98.36999999999999,
    98.36999999999999,
    98.36999999999999,
    98.36999999999999,
    98.36999999999999,
    98.36999999999999,
    98.36999999999999,
    98.36999999999999,
    98.36999999999999,
    98.36999999999999,
    98.36999999999999,
    98.36999999999999,
    98.36999999999999
  ],
  "v26_hashrate": [
    19.55,
    19.55,
    19.55,
    19.55,
    19.55,
    19.55,
    19.55,
    19.55,
    19.55,
    19.55,
    0.0,
    0.0,
    0.0,
    0.0,
    0.0,
    0.0,
    0.0,
    0.0,
    0.0,
    0.0,
    0.0,
    0.0,
    0.0,
    0.0,
    0.0,
    0.0,
    0.0,
    0.0,
    0.0,
    0.0,
    0.0,
    0.0,
    0.0,
    0.0,
    0.0,
    0.0,
    0.0,
    0.0,
    0.0,
    0.0,
    0.0,
    0.0,
    0.0
  ],
  "v27_economic": [
    50.0,
    50.0,
    50.0,
    50.0,
    50.0,
    50.0,
    50.0,
    50.0,
    50.0,
    50.0,
    50.0,
    50.0,
    50.0,
    50.0,
    50.0,
    50.0,
    50.0,
    50.0,
    50.0,
    50.0,
    50.0,
    50.0,
    50.0,
    50.0,
    50.0,
    50.0,
    50.0,
    50.0,
    50.0,
    50.0,
    50.0,
    50.0,
    50.0,
    50.0,
    50.0,
    50.0,
    50.0,
    50.0,
    50.0,
    50.0,
    50.0,
    50.0,
    50.0
  ],
  "v26_economic": [
    50.0,
    50.0,
    50.0,
    50.0,
    50.0,
    50.0,
    50.0,
    50.0,
    50.0,
    50.0,
    50.0,
    50.0,
    50.0,
    50.0,
    50.0,
    50.0,
    50.0,
    50.0,
    50.0,
    50.0,
    50.0,
    50.0,
    50.0,
    50.0,
    50.0,
    50.0,
    50.0,
    50.0,
    50.0,
    50.0,
    50.0,
    50.0,
    50.0,
    50.0,
    50.0,
    50.0,
    50.0,
    50.0,
    50.0,
    50.0,
    50.0,
    50.0,
    50.0
  ],
  "v27_blocks": [
    0,
    23,
    54,
    74,
    98,
    123,
    144,
    169,
    202,
    235,
    261,
    294,
    328,
    362,
    397,
    434,
    460,
    489,
    519,
    553,
    584,
    623,
    661,
    682,
    714,
    750,
    788,
    815,
    848,
    878,
    907,
    935,
    963,
    991,
    1014,
    1041,
    1074,
    1100,
    1128,
    1162,
    1193,
    1223,
    1231
  ],
  "v26_blocks": [
    0,
    4,
    9,
    14,
    19,
    25,
    29,
    37,
    42,
    50,
    56,
    56,
    56,
    56,
    56,
    56,
    56,
    56,
    56,
    56,
    56,
    56,
    56,
    56,
    57,
    57,
    57,
    57,
    57,
    57,
    57,
    57,
    57,
    57,
    57,
    57,
    57,
    57,
    57,
    57,
    57,
    57,
    57
  ],
  "v27_difficulty": [
    1.0,
    1.0,
    1.0,
    1.0,
    1.0,
    1.0,
    0.7977839335180056,
    0.7977839335180056,
    0.7977839335180056,
    0.7977839335180056,
    0.7977839335180056,
    0.7895593568837994,
    0.7895593568837994,
    0.7895593568837994,
    0.7895593568837994,
    0.9095723791301369,
    0.9095723791301369,
    0.9095723791301369,
    0.9095723791301369,
    0.9095723791301369,
    0.8910096775152361,
    0.8910096775152361,
    0.8910096775152361,
    0.8910096775152361,
    0.8910096775152361,
    0.9610890903535131,
    0.9610890903535131,
    0.9610890903535131,
    0.9610890903535131,
    1.0366803671228906,
    1.0366803671228906,
    1.0366803671228906,
    1.0366803671228906,
    1.0366803671228906,
    0.9886223368589155,
    0.9886223368589155,
    0.9886223368589155,
    0.9886223368589155,
    0.9886223368589155,
    0.9274372410924028,
    0.9274372410924028,
    0.9274372410924028,
    0.9274372410924028
  ],
  "v26_difficulty": [
    1.0,
    1.0,
    1.0,
    1.0,
    1.0,
    1.0,
    1.0,
    1.0,
    1.0,
    1.0,
    1.0,
    1.0,
    1.0,
    1.0,
    1.0,
    1.0,
    1.0,
    1.0,
    1.0,
    1.0,
    1.0,
    1.0,
    1.0,
    1.0,
    1.0,
    1.0,
    1.0,
    1.0,
    1.0,
    1.0,
    1.0,
    1.0,
    1.0,
    1.0,
    1.0,
    1.0,
    1.0,
    1.0,
    1.0,
    1.0,
    1.0,
    1.0,
    1.0
  ],
  "v27_chainwork": [
    0.0,
    23.0,
    54.0,
    74.0,
    98.0,
    123.0,
    144.0,
    163.94459833795048,
    190.27146814404512,
    216.59833795013975,
    237.34072022160825,
    263.6182425678975,
    290.4632607019462,
    317.3082788359949,
    344.94285632692737,
    374.3965785761201,
    398.04546043350297,
    424.4230594282762,
    451.7102308021795,
    482.6356916926033,
    510.6839338327177,
    545.4333112558137,
    579.2916790013945,
    598.0028822292155,
    626.5151919097046,
    660.6939226854025,
    697.215308118837,
    723.1647135583826,
    754.8806535400494,
    784.771604125427,
    814.8353347719918,
    843.8623850514338,
    872.8894353308757,
    901.9164856103176,
    925.4717858725611,
    952.1645889677528,
    984.7891260840983,
    1010.493306842431,
    1038.1747322744816,
    1071.1760407700197,
    1099.9265952438816,
    1127.7497124766512,
    1135.1692104053898
  ],