{
  "blocks_mined": {
    "v27": 18,
    "v26": 533
  },
  "total_blocks": 551,
  "final_hashrate": {
    "v27": 0.0,
    "v26": 86.4
  },
  "final_economic": {
    "v27": 0.0,
    "v26": 100.0
  },
  "final_prices": {
    "v27": 48244.31137724552,
    "v26": 71102.8886227545
  }
}