{
  "blocks_mined": {
    "v27": 3740,
    "v26": 259
  },
  "total_blocks": 3999,
  "final_hashrate": {
    "v27": 86.4,
    "v26": 0.0
  },
  "final_economic": {
    "v27": 100.0,
    "v26": 0.0
  },
  "final_prices": {
    "v27": 70769.24776945732,
    "v26": 48577.952230542694
  }
}