{
  "blocks_mined": {
    "v27": 110,
    "v26": 1414
  },
  "total_blocks": 1524,
  "final_hashrate": {
    "v27": 0.0,
    "v26": 98.37
  },
  "final_economic": {
    "v27": 55.00340053519982,
    "v26": 44.99659946480019
  },
  "final_prices": {
    "v27": 55167.46099169749,
    "v26": 64754.29900830253
  }
}