{
  "timestamps": [
    0,
    60,
    121,
    181,
    242,
    302,
    363,
    423,
    484,
    545,
    606,
    666,
    727,
    787,
    848,
    908,
    968,
    1029,
    1089,
    1149,
    1209,
    1270,
    1331,
    1392,
    1452,
    1513,
    1574,
    1635,
    1696,
    1756,
    1800
  ],
  "v27_price": [
    60000,
    60000,
    58543.45298449252,
    58867.45298449252,
    58973.887767101216,
    59026.61087922936,
    59056.67612498839,
    59088.52340702774,
    59131.31425616882,
    59031.51268598506,
    59088.08817762557,
    58694.652984492524,
    58658.75179510551,
    58564.798895588545,
    58582.38780803994,
    58524.22963450566,
    58505.6789410225,
    58474.18968868942,
    58435.914866069004,
    58408.85709556211,
    58389.86906479497,
    61107.243924383576,
    61295.52811906048,
    61483.8497822571,
    61642.854537914354,
    61806.24687857593,
    61943.09064441233,
    62091.612065652764,
    62212.33950634097,
    62328.070870275034,
    62432.248889352115
  ],
  "v26_price": [
    60000,
    60000,
    60803.74701550749,
    60479.74701550747,
    60373.31223289878,
    60320.58912077064,
    60290.52387501162,
    60258.676592972275,
    60215.88574383118,
    60315.68731401494,
    60259.11182237444,
    60652.54701550749,
    60688.4482048945,
    60782.40110441147,
    60764.81219196007,
    60822.970365494344,
    60841.52105897751,
    60873.010311310594,
    60911.285133931,
    60938.3429044379,
    60957.330935205035,
    58239.956075616436,
    58051.671880939524,
    57863.35021774292,
    57704.34546208565,
    57540.95312142408,
    57404.10935558768,
    57255.58793434724,
    57134.860493659035,
    57019.129129724985,
    56914.9511106479
  ],
  "v27_hashrate": [
    38.1,
    38.1,
    38.1,
    38.1,
    38.1,
    38.1,
    38.1,
    38.1,
    38.1,
    38.1,
    30.0,
    30.0,
    30.0,
    30.0,
    30.0,
    30.0,
    30.0,
    30.0,
    30.0,
    30.0,
    86.4,
    86.4,
    86.4,
    86.4,
    86.4,
    86.4,
    86.4,
    86.4,
    86.4,
    86.4,
    86.4
  ],
  "v26_hashrate": [
    48.3,
    48.3,
    48.3,
    48.3,
    48.3,
    48.3,
    48.3,
    48.3,
    48.3,
    48.3,
    56.39999999999999,
    56.39999999999999,
    56.39999999999999,
    56.39999999999999,
    56.39999999999999,
    56.39999999999999,
    56.39999999999999,
    56.39999999999999,
    56.39999999999999,
    56.39999999999999,
    0.0,
    0.0,
    0.0,
    0.0,
    0.0,
    0.0,
    0.0,
    0.0,
    0.0,
    0.0,
    0.0
  ],
  "v27_economic": [
    50.12210820410434,
    50.12210820410434,
    50.12210820410434,
    50.12210820410434,
    50.12210820410434,
    50.12210820410434,
    50.12210820410434,
    50.12210820410434,
    50.12210820410434,
    50.12210820410434,
    50.12210820410434,
    50.12210820410434,
    50.12210820410434,
    50.12210820410434,
    50.12210820410434,
    50.12210820410434,
    50.12210820410434,
    50.12210820410434,
    50.12210820410434,
    50.12210820410434,
    50.12210820410434,
    50.12210820410434,
    50.12210820410434,
    50.12210820410434,
    50.12210820410434,
    50.12210820410434,
    50.12210820410434,
    50.12210820410434,
    50.12210820410434,
    50.12210820410434,
    50.12210820410434
  ],
  "v26_economic": [
    49.87789179589566,
    49.87789179589566,
    49.87789179589566,
    49.87789179589566,
    49.87789179589566,
    49.87789179589566,
    49.87789179589566,
    49.87789179589566,
    49.87789179589566,
    49.87789179589566,
    49.87789179589566,
    49.87789179589566,
    49.87789179589566,
    49.87789179589566,
    49.87789179589566,
    49.87789179589566,
    49.87789179589566,
    49.87789179589566,
    49.87789179589566,
    49.87789179589566,
    49.87789179589566,
    49.87789179589566,
    49.87789179589566,
    49.87789179589566,
    49.87789179589566,
    49.87789179589566,
    49.87789179589566,
    49.87789179589566,
    49.87789179589566,
    49.87789179589566,
    49.87789179589566
  ],
  "v27_blocks": [
    0,
    9,
    21,
    30,
    42,
    54,
    64,
    79,
    89,
    105,
    117,
    128,
    134,
    151,
    175,
    201,
    227,
    250,
    272,
    294,
    338,
    421,
    470,
    510,
    554,
    589,
    623,
    653,
    684,
    714,
    734
  ],
  "v26_blocks": [
    0,
    15,
    29,
    39,
    53,
    67,
    78,
    94,
    112,
    128,
    143,
    177,
    212,
    243,
    282,
    311,
    343,
    375,
    404,
    430,
    461,
    461,
    462,
    463,
    463,
    463,
    463,
    463,
    463,
    463,
    463
  ],
  "v27_difficulty": [
    1.0,
    1.0,
    1.0,
    1.0,
    1.0,
    1.0,
    1.0,
    1.0,
    1.0,
    1.0,
    1.0,
    1.0,
    1.0,
    0.37402597402597404,
    0.37402597402597404,
    0.37402597402597404,
    0.37402597402597404,
    0.37402597402597404,
    0.37402597402597404,
    0.2895684960201089,
    0.2895684960201089,
    0.2895684960201089,
    0.6223561705506818,
    0.6223561705506818,
    0.6223561705506818,
    0.8658868459835573,
    0.8658868459835573,
    0.8658868459835573,
    0.8658868459835573,
    0.8658868459835573,
    0.8780824353636073
  ],
  "v26_difficulty": [
    1.0,
    1.0,
    1.0,
    1.0,
    1.0,
    1.0,
    1.0,
    1.0,
    1.0,
    1.0,
    1.0,
    0.47368421052631576,
    0.47368421052631576,
    0.47368421052631576,
    0.47368421052631576,
    0.5478757133798351,
    0.5478757133798351,
    0.5478757133798351,
    0.5478757133798351,
    0.5478757133798351,
    0.5385262984757423,
    0.5385262984757423,
    0.5385262984757423,
    0.5385262984757423,
    0.5385262984757423,
    0.5385262984757423,
    0.5385262984757423,
    0.5385262984757423,
    0.5385262984757423,
    0.5385262984757423,
    0.5385262984757423
  ],
  "v27_chainwork": [
    0.0,
    9.0,
    21.0,
    30.0,
    42.0,
    54.0,
    64.0,
    79.0,
    89.0,
    105.0,
    117.0,
    128.0,
    134.0,
    146.61818181818188,
    155.59480519480547,
    165.31948051948103,
    175.0441558441566,
    183.6467532467542,
    191.87532467532583,
    199.5971512358622,
    212.33816506074703,
    236.37235023041612,
    263.20713816756347,
    288.101384989591,
    315.4850564938213,
    340.4334212437224,
    369.87357400716274,
    395.8501793866689,
    422.6926716121586,
    448.6692769916648,
    466.15775216265615
  ],
  "v26_chainwork": [
    0.0,
    15.0,
    29.0,
    39.0,
    53.0,
    67.0,
    78.0,
    94.0,
    112.0,
    128.0,
    143.0,
    159.63157894736887,
    176.2105263157904,
    190.8947368421066,
    209.36842105263344,
    224.81166772352736,
    242.34369055168173,
    259.8757133798361,
    275.764109067851,
    290.0088776157264,
    306.72189169828266,
    306.72189169828266,
    307.2604179967584,
    307.79894429523415,
    307.79894429523415,
    307.79894429523415,
    307.79894429523415,
    307.79894429523415,
    307.79894429523415,
    307.79894429523415,
    307.79894429523415
  ],
  "v27_fee_rate": [
    1.0,
    1.0,
    0.009550453551606284,
    0.009550453551606284,
    0.009550453551606284,
    0.009550453551606284,
    0.009550453551606284,
    0.009550453551606284,
    0.009550453551606284,
    0.009550453551606284,
    0.009550453551606284,
    0.012129076010539981,
    0.012129076010539981,
    0.012129076010539981,
    0.004536589468877293,
    0.004536589468877293,
    0.004536589468877293,
    0.004536589468877293,
    0.004536589468877293,
    0.004536589468877293,
    0.003512198298485645,
    0.0012195132980852934,
    0.0012195132980852934,
    0.0026210435063325705,
    0.0026210435063325705,
    0.0026210435063325705,
    0.0036466692262018367,
    0.0036466692262018367,
    0.0036466692262018367,
    0.0036466692262018367,
    0.0036466692262018367
  ],