{
  "config": {
    "base_price": 60000,
    "max_divergence": 0.2,
    "coefficients": {
      "chain_weight": 0.3,
      "economic_weight": 0.5,
      "hashrate_weight": 0.2
    }
  },
  "current_prices": {
    "v27": 62439.39475542742,
    "v26": 56907.805244572584
  },
  "timeline": {
    "timestamps": [
      1772678845.127839,
      1772678906.3347294,
      1772678906.3347366,
      1772678967.295604,
      1772678967.29561,
      1772679027.9230638,
      1772679027.9230714,
      1772679088.0552027,
      1772679088.0552106,
      1772679148.6020603,
      1772679148.6020675,
      1772679209.0717266,
      1772679209.0717342,
      1772679269.7433338,
      1772679269.7433422,
      1772679330.3353448,
      1772679330.3353543,
      1772679391.0484889,
      1772679391.048494,
      1772679451.5810843,
      1772679451.58109,
      1772679512.587287,
      1772679512.587294,
      1772679573.3693244,
      1772679573.369331,
      1772679633.8783886,
      1772679633.8783972,
      1772679694.1744719,
      1772679694.174477,
      1772679754.3652961,
      1772679754.3653011,
      1772679814.5938807,
      1772679814.593887,
      1772679874.8246615,
      1772679874.8246677,
      1772679934.9611936,
      1772679934.961202,
      1772679995.126547,
      1772679995.1265547,
      1772680055.3661108,
      1772680055.3661199,
      1772680116.1023252,
      1772680116.102333,
      1772680177.0833101,
      1772680177.0833156,
      1772680237.506862,
      1772680237.506867,
      1772680298.3144891,
      1772680298.3144946,
      1772680358.606143,
      1772680358.6061516,
      1772680418.8224072,
      1772680418.822415,
      1772680479.0552392,
      1772680479.055254,
      1772680539.311086,
      1772680539.311094,
      1772680599.5301404,
      1772680599.5301502
    ],
    "v27_prices": [
      60000,
      58543.45298449252,
      58543.45298449252,
      58867.45298449252,
      58867.45298449252,
      59032.02441306395,
      59032.02441306395,
      59026.61087922936,
      59026.61087922936,
      59056.67612498839,
      59056.67612498839,
      59116.18025721979,
      59116.18025721979,
      59131.31425616882,
      59131.31425616882,
      59015.7302122153,
      59015.7302122153,
      59104.99144603099,
      59104.99144603099,
      58707.162637002184,
      58707.162637002184,
      58676.110378273675,
      58676.110378273675,
      58582.05386554978,
      58582.05386554978,
      58584.073791519695,
      58584.073791519695,
      58539.94872284228,
      58539.94872284228,
      58511.450341329255,
      58511.450341329255,
      58475.66379000601,
      58475.66379000601,
      58429.49231780933,
      58429.49231780933,
      58395.501389488185,
      58395.501389488185,
      58367.45401737377,
      58367.45401737377,
      61106.88105956734,
      61106.88105956734,
      61295.864723007304,
      61295.864723007304,
      61492.73335501431,
      61492.73335501431,
      61644.69858143973,
      61644.69858143973,
      61823.78162815691,
      61823.78162815691,
      61964.56669017786,
      61964.56669017786,
      62092.92107068487,
      62092.92107068487,
      62219.81860301399,
      62219.81860301399,
      62337.23215862011,
      62337.23215862011,
      62439.39475542742,
      62439.39475542742
    ],
    "v26_prices": [
      60000,
      60000,
      60803.74701550749,
      60803.74701550749,
      60479.74701550747,
      60479.74701550747,
      60315.17558693606,
      60315.17558693606,
      60320.58912077064,
      60320.58912077064,
      60290.52387501162,
      60290.52387501162,
      60231.019742780205,
      60231.019742780205,
      60215.88574383118,
      60215.88574383118,
      60331.469787784714,
      60331.469787784714,
      60242.208553969016,
      60242.208553969016,
      60640.03736299783,
      60640.03736299783,
      60671.089621726336,
      60671.089621726336,
      60765.146134450224,
      60765.146134450224,
      60763.126208480324,
      60763.126208480324,
      60807.25127715773,
      60807.25127715773,
      60835.74965867075,
      60835.74965867075,
      60871.53620999401,
      60871.53620999401,
      60917.707682190674,
      60917.707682190674,
      60951.69861051182,
      60951.69861051182,
      60979.745982626235,
      60979.745982626235,
      58240.318940432655,
      58240.318940432655,
      58051.3352769927,
      58051.3352769927,
      57854.466644985696,
      57854.466644985696,
      57702.501418560285,
      57702.501418560285,
      57523.41837184309,
      57523.41837184309,
      57382.633309822144,
      57382.633309822144,
      57254.27892931514,
      57254.27892931514,
      57127.38139698602,
      57127.38139698602,
      57009.967841379905,
      57009.967841379905,
      56907.805244572584
    ]
  },
  "history": [
    {
      "timestamp": 1772678845.127839,
      "chain_id": "v27",
      "price": 60000,
      "metadata": {
        "initial": true
      }
    },
    {
      "timestamp": 1772678845.127839,
      "chain_id": "v26",
      "price": 60000,
      "metadata": {
        "initial": true
      }
    },
    {
      "timestamp": 1772678906.3347294,
      "chain_id": "v27",
      "price": 58543.45298449252,
      "metadata": {
        "fork_sustained": true,
        "fork_depth": 24
      }
    },
    {
      "timestamp": 1772678906.3347366,
      "chain_id": "v26",
      "price": 60803.74701550749,
      "metadata": {
        "fork_sustained": true,
        "fork_depth": 24
      }
    },
    {
      "timestamp": 1772678967.295604,
      "chain_id": "v27",
      "price": 58867.45298449252,
      "metadata": {
        "fork_sustained": true,
        "fork_depth": 50
      }
    },
    {
      "timestamp": 1772678967.29561,
      "chain_id": "v26",
      "price": 60479.74701550747,
      "metadata": {
        "fork_sustained": true,
        "fork_depth": 50
      }
    },
    {
      "timestamp": 1772679027.9230638,
      "chain_id": "v27",
      "price": 59032.02441306395,
      "metadata": {
        "fork_sustained": true,
        "fork_depth": 70
      }
    },
    {
      "timestamp": 1772679027.9230714,
      "chain_id": "v26",
      "price": 60315.17558693606,
      "metadata": {
        "fork_sustained": true,
        "fork_depth": 70
      }
    },
    {
      "timestamp": 1772679088.0552027,
      "chain_id": "v27",
      "price": 59026.61087922936,
      "metadata": {
        "fork_sustained": true,
        "fork_depth": 95
      }
    },
    {
      "timestamp": 1772679088.0552106,
      "chain_id": "v26",
      "price": 60320.58912077064,
      "metadata": {
        "fork_sustained": true,
        "fork_depth": 95
      }
    },
    {
      "timestamp": 1772679148.6020603,
      "chain_id": "v27",
      "price": 59056.67612498839,
      "metadata": {
        "fork_sustained": true,
        "fork_depth": 121
      }
    },
    {
      "timestamp": 1772679148.6020675,
      "chain_id": "v26",
      "price": 60290.52387501162,
      "metadata": {
        "fork_sustained": true,
        "fork_depth": 121
      }
    },
    {
      "timestamp": 1772679209.0717266,
      "chain_id": "v27",
      "price": 59116.18025721979,
      "metadata": {
        "fork_sustained": true,
        "fork_depth": 143
      }
    },
    {
      "timestamp": 1772679209.0717342,
      "chain_id": "v26",
      "price": 60231.019742780205,
      "metadata": {
        "fork_sustained": true,
        "fork_depth": 143
      }
    },
    {
      "timestamp": 1772679269.7433338,
      "chain_id": "v27",
      "price": 59131.31425616882,
      "metadata": {
        "fork_sustained": true,
        "fork_depth": 173
      }
    },
    {
      "timestamp": 1772679269.7433422,
      "chain_id": "v26",
      "price": 60215.88574383118,
      "metadata": {
        "fork_sustained": true,
        "fork_depth": 173
      }
    },
    {
      "timestamp": 1772679330.3353448,
      "chain_id": "v27",
      "price": 59015.7302122153,