{
  "config": {
    "base_price": 60000,
    "max_divergence": 0.2,
    "coefficients": {
      "chain_weight": 0.3,
      "economic_weight": 0.5,
      "hashrate_weight": 0.2
    }
  },
  "current_prices": {
    "v27": 67140.25105600616,
    "v26": 52206.94894399383
  },
  "timeline": {
    "timestamps": [
      1772913366.6717257,
      1772913427.7535856,
      1772913427.7535963,
      1772913488.6798065,
      1772913488.6798122,
      1772913549.0694652,
      1772913549.069476,
      1772913609.1474774,
      1772913609.1474838,
      1772913669.7531402,
      1772913669.753146,
      1772913730.2297924,
      1772913730.2298012,
      1772913790.8888981,
      1772913790.8889074,
      1772913851.487839,
      1772913851.4878447,
      1772913912.1964297,
      1772913912.1964352,
      1772913972.7500756,
      1772913972.7500844,
      1772914033.342924,
      1772914033.3429315,
      1772914093.940496,
      1772914093.940507,
      1772914154.1802166,
      1772914154.1802244,
      1772914214.6542861,
      1772914214.6542974,
      1772914275.5096915,
      1772914275.5096998,
      1772914336.474092,
      1772914336.474098,
      1772914397.4718752,
      1772914397.4718804,
      1772914457.608433,
      1772914457.6084423,
      1772914517.80428,
      1772914517.8042893,
      1772914578.2913404,
      1772914578.2913458,
      1772914638.5990176,
      1772914638.5990255,
      1772914698.9343321,
      1772914698.9343383,
      1772914759.3382971,
      1772914759.3383021,
      1772914819.456265,
      1772914819.456273,
      1772914879.708129,
      1772914879.7081366,
      1772914939.7633,
      1772914939.7633057,
      1772915000.7150955,
      1772915000.7151031,
      1772915060.9900854,
      1772915060.9900906,
      1772915121.9576406,
      1772915121.957647
    ],
    "v27_prices": [
      60000,
      61670.52117176585,
      61670.52117176585,
      61994.52117176586,
      61994.52117176586,
      62159.09260033729,
      62159.09260033729,
      62153.67906650269,
      62153.67906650269,
      62183.744312261726,
      62183.744312261726,
      62243.248444493125,
      62243.248444493125,
      62258.38244344216,
      62258.38244344216,
      62142.79839948863,
      62142.79839948863,
      62232.059633304314,
      62232.059633304314,
      64569.23005207473,
      64569.23005207473,
      64888.92117176585,
      64888.92117176585,
      65170.26188570911,
      65170.26188570911,
      65426.53931921388,
      65426.53931921388,
      65634.3098182345,
      65634.3098182345,
      65792.74358592903,
      65792.74358592903,
      65955.82710293183,
      65955.82710293183,
      66095.59988567466,
      66095.59988567466,
      66237.57293709791,
      66237.57293709791,
      66364.30150776295,
      66364.30150776295,
      66487.53799987076,
      66487.53799987076,
      66591.0260309309,
      66591.0260309309,
      66689.41630950375,
      66689.41630950375,
      66733.8588184612,
      66733.8588184612,
      66820.96629248082,
      66820.96629248082,
      66908.39987851589,
      66908.39987851589,
      66973.5927126198,
      66973.5927126198,
      67026.38967095234,
      67026.38967095234,
      67088.40273869438,
      67088.40273869438,
      67140.25105600616,
      67140.25105600616
    ],
    "v26_prices": [
      60000,
      60000,
      57676.67882823415,
      57676.67882823415,
      57352.67882823415,
      57352.67882823415,
      57188.107399662724,
      57188.107399662724,
      57193.52093349731,
      57193.52093349731,
      57163.455687738286,
      57163.455687738286,
      57103.95155550688,
      57103.95155550688,
      57088.81755655785,
      57088.81755655785,
      57204.40160051138,
      57204.40160051138,
      57115.14036669569,
      57115.14036669569,
      54777.969947925274,
      54777.969947925274,
      54458.27882823415,
      54458.27882823415,
      54176.9381142909,
      54176.9381142909,
      53920.66068078613,
      53920.66068078613,
      53712.890181765506,
      53712.890181765506,
      53554.456414070984,
      53554.456414070984,
      53391.37289706818,
      53391.37289706818,
      53251.60011432535,
      53251.60011432535,
      53109.6270629021,
      53109.6270629021,
      52982.89849223705,
      52982.89849223705,
      52859.66200012923,
      52859.66200012923,
      52756.17396906912,
      52756.17396906912,
      52657.78369049625,
      52657.78369049625,
      52613.34118153881,
      52613.34118153881,
      52526.23370751919,
      52526.23370751919,
      52438.80012148413,
      52438.80012148413,
      52373.60728738021,
      52373.60728738021,
      52320.810329047665,
      52320.810329047665,
      52258.79726130563,
      52258.79726130563,
      52206.94894399383
    ]
  },
  "history": [
    {
      "timestamp": 1772913366.6717257,
      "chain_id": "v27",
      "price": 60000,
      "metadata": {
        "initial": true
      }
    },
    {
      "timestamp": 1772913366.6717257,
      "chain_id": "v26",
      "price": 60000,
      "metadata": {
        "initial": true
      }
    },
    {
      "timestamp": 1772913427.7535856,
      "chain_id": "v27",
      "price": 61670.52117176585,
      "metadata": {
        "fork_sustained": true,
        "fork_depth": 24
      }
    },
    {
      "timestamp": 1772913427.7535963,
      "chain_id": "v26",
      "price": 57676.67882823415,
      "metadata": {
        "fork_sustained": true,
        "fork_depth": 24
      }
    },
    {
      "timestamp": 1772913488.6798065,
      "chain_id": "v27",
      "price": 61994.52117176586,
      "metadata": {
        "fork_sustained": true,
        "fork_depth": 50
      }
    },
    {
      "timestamp": 1772913488.6798122,
      "chain_id": "v26",
      "price": 57352.67882823415,
      "metadata": {
        "fork_sustained": true,
        "fork_depth": 50
      }
    },
    {
      "timestamp": 1772913549.0694652,
      "chain_id": "v27",
      "price": 62159.09260033729,
      "metadata": {
        "fork_sustained": true,
        "fork_depth": 70
      }
    },
    {
      "timestamp": 1772913549.069476,
      "chain_id": "v26",
      "price": 57188.107399662724,
      "metadata": {
        "fork_sustained": true,
        "fork_depth": 70
      }
    },
    {
      "timestamp": 1772913609.1474774,
      "chain_id": "v27",
      "price": 62153.67906650269,
      "metadata": {
        "fork_sustained": true,
        "fork_depth": 95
      }
    },
    {
      "timestamp": 1772913609.1474838,
      "chain_id": "v26",
      "price": 57193.52093349731,
      "metadata": {
        "fork_sustained": true,
        "fork_depth": 95
      }
    },
    {
      "timestamp": 1772913669.7531402,
      "chain_id": "v27",
      "price": 62183.744312261726,
      "metadata": {
        "fork_sustained": true,
        "fork_depth": 121
      }
    },
    {
      "timestamp": 1772913669.753146,
      "chain_id": "v26",
      "price": 57163.455687738286,
      "metadata": {
        "fork_sustained": true,
        "fork_depth": 121
      }
    },
    {
      "timestamp": 1772913730.2297924,
      "chain_id": "v27",
      "price": 62243.248444493125,
      "metadata": {
        "fork_sustained": true,
        "fork_depth": 143
      }
    },
    {
      "timestamp": 1772913730.2298012,
      "chain_id": "v26",
      "price": 57103.95155550688,
      "metadata": {
        "fork_sustained": true,
        "fork_depth": 143
      }
    },
    {
      "timestamp": 1772913790.8888981,
      "chain_id": "v27",
      "price": 62258.38244344216,
      "metadata": {
        "fork_sustained": true,
        "fork_depth": 173
      }
    },
    {
      "timestamp": 1772913790.8889074,
      "chain_id": "v26",
      "price": 57088.81755655785,
      "metadata": {
        "fork_sustained": true,
        "fork_depth": 173
      }
    },
    {
      "timestamp": 1772913851.487839,
      "chain_id": "v27",
      "price": 62142.79839948863,