{
  "timestamps": [
    0,
    60,
    121,
    181,
    241,
    302,
    363,
    423,
    484,
    545,
    605,
    666,
    726,
    787,
    847,
    908,
    969,
    1030,
    1090,
    1150,
    1211,
    1271,
    1331,
    1392,
    1452,
    1512,
    1572,
    1633,
    1693,
    1754,
    1800
  ],
  "v27_price": [
    60000,
    60000,
    61670.52117176585,
    61994.52117176586,
    62159.09260033729,
    62153.67906650269,
    62183.744312261726,
    62243.248444493125,
    62258.38244344216,
    62142.79839948863,
    62232.059633304314,
    64569.23005207473,
    64888.92117176585,
    65170.26188570911,
    65426.53931921388,
    65634.3098182345,
    65792.74358592903,
    65955.82710293183,
    66095.59988567466,
    66237.57293709791,
    66364.30150776295,
    66487.53799987076,
    66591.0260309309,
    66689.41630950375,
    66733.8588184612,
    66820.96629248082,
    66908.39987851589,
    66973.5927126198,
    67026.38967095234,
    67088.40273869438,
    67140.25105600616
  ],
  "v26_price": [
    60000,
    60000,
    57676.67882823415,
    57352.67882823415,
    57188.107399662724,
    57193.52093349731,
    57163.455687738286,
    57103.95155550688,
    57088.81755655785,
    57204.40160051138,
    57115.14036669569,
    54777.969947925274,
    54458.27882823415,
    54176.9381142909,
    53920.66068078613,
    53712.890181765506,
    53554.456414070984,
    53391.37289706818,
    53251.60011432535,
    53109.6270629021,
    52982.89849223705,
    52859.66200012923,
    52756.17396906912,
    52657.78369049625,
    52613.34118153881,
    52526.23370751919,
    52438.80012148413,
    52373.60728738021,
    52320.810329047665,
    52258.79726130563,
    52206.94894399383
  ],
  "v27_hashrate": [
    38.1,
    38.1,
    38.1,
    38.1,
    38.1,
    38.1,
    38.1,
    38.1,
    38.1,
    38.1,
    86.4,
    86.4,
    86.4,
    86.4,
    86.4,
    86.4,
    86.4,
    86.4,
    86.4,
    86.4,
    86.4,
    86.4,
    86.4,
    86.4,
    86.4,
    86.4,
    86.4,
    86.4,
    86.4,
    86.4,
    86.4
  ],
  "v26_hashrate": [
    48.3,
    48.3,
    48.3,
    48.3,
    48.3,
    48.3,
    48.3,
    48.3,
    48.3,
    48.3,
    0.0,
    0.0,
    0.0,
    0.0,
    0.0,
    0.0,
    0.0,
    0.0,
    0.0,
    0.0,
    0.0,
    0.0,
    0.0,
    0.0,
    0.0,
    0.0,
    0.0,
    0.0,
    0.0,
    0.0,
    0.0
  ],
  "v27_economic": [
    76.18100976471541,
    76.18100976471541,
    76.18100976471541,
    76.18100976471541,
    76.18100976471541,
    76.18100976471541,
    76.18100976471541,
    76.18100976471541,
    76.18100976471541,
    76.18100976471541,
    76.18100976471541,
    76.18100976471541,
    76.18100976471541,
    76.18100976471541,
    76.18100976471541,
    76.18100976471541,
    76.18100976471541,
    76.18100976471541,
    76.18100976471541,
    76.18100976471541,
    76.21724326416383,
    76.21724326416383,
    76.21724326416383,
    76.21724326416383,
    76.21724326416383,
    76.21724326416383,
    76.21724326416383,
    76.21724326416383,
    76.21724326416383,
    76.21724326416383,
    76.21724326416383
  ],
  "v26_economic": [
    23.818990235284577,
    23.818990235284577,
    23.818990235284577,
    23.818990235284577,
    23.818990235284577,
    23.818990235284577,
    23.818990235284577,
    23.818990235284577,
    23.818990235284577,
    23.818990235284577,
    23.818990235284577,
    23.818990235284577,
    23.818990235284577,
    23.818990235284577,
    23.818990235284577,
    23.818990235284577,
    23.818990235284577,
    23.818990235284577,
    23.818990235284577,
    23.818990235284577,
    23.782756735836173,
    23.782756735836173,
    23.782756735836173,
    23.782756735836173,
    23.782756735836173,
    23.782756735836173,
    23.782756735836173,
    23.782756735836173,
    23.782756735836173,
    23.782756735836173,
    23.782756735836173
  ],
  "v27_blocks": [
    0,
    9,
    21,
    31,
    42,
    54,
    65,
    79,
    89,
    106,
    118,
    141,
    193,
    253,
    299,
    324,
    353,
    381,
    413,
    446,
    482,
    517,
    554,
    576,
    611,
    650,
    682,
    710,
    743,
    772,
    792
  ],
  "v26_blocks": [
    0,
    15,
    29,
    39,
    53,
    67,
    78,
    94,
    113,
    128,
    141,
    141,
    141,
    141,
    141,
    141,
    141,
    141,
    141,
    141,
    141,
    141,
    141,
    142,
    142,
    142,
    142,
    142,
    142,
    142,
    142
  ],
  "v27_difficulty": [
    1.0,
    1.0,
    1.0,
    1.0,
    1.0,
    1.0,
    1.0,
    1.0,
    1.0,
    1.0,
    1.0,
    1.0,
    0.4266666666666667,
    0.4266666666666667,
    0.8359183673469388,
    0.8359183673469388,
    0.8359183673469388,
    0.8359183673469388,
    0.8359183673469388,
    0.7867466986794718,
    0.7867466986794718,
    0.7867466986794718,
    0.7867466986794718,
    0.8648207985484271,
    0.8648207985484271,
    0.8648207985484271,
    0.8648207985484271,
    0.8648207985484271,
    0.9616540153743127,
    0.9616540153743127,
    0.9616540153743127
  ],
  "v26_difficulty": [
    1.0,
    1.0,
    1.0,
    1.0,
    1.0,
    1.0,
    1.0,
    1.0,
    1.0,
    1.0,
    1.0,
    1.0,
    1.0,
    1.0,
    1.0,
    1.0,
    1.0,
    1.0,
    1.0,
    1.0,
    1.0,
    1.0,
    1.0,
    1.0,
    1.0,
    1.0,
    1.0,
    1.0,
    1.0,
    1.0,
    1.0
  ],
  "v27_chainwork": [
    0.0,
    9.0,
    21.0,
    31.0,
    42.0,
    54.0,
    65.0,
    79.0,
    89.0,
    106.0,
    118.0,
    141.0,
    164.90666666666715,
    190.50666666666774,
    214.63510204081786,
    235.53306122449158,
    259.7746938775531,
    283.18040816326766,
    309.92979591837,
    336.82669867947436,
    365.1495798319346,
    392.6857142857154,
    421.7953421368551,
    439.103769507803,
    469.3724974569973,
    503.1005086003852,
    530.7747741539342,
    554.9897565132896,
    585.7560068523821,
    613.6439732982362,
    632.8770536057218
  ],
  "v26_chainwork": [
    0.0,
    15.0,
    29.0,
    39.0,
    53.0,
    67.0,
    78.0,
    94.0,
    113.0,
    128.0,
    141.0,
    141.0,
    141.0,
    141.0,
    141.0,
    141.0,
    141.0,
    141.0,
    141.0,
    141.0,
    141.0,
    141.0,
    141.0,
    142.0,
    142.0,
    142.0,
    142.0,
    142.0,
    142.0,
    142.0,
    142.0
  ],
  "v27_fee_rate": [
    1.0,
    1.0,
    0.014428731091116722,
    0.014428731091116722,
    0.014428731091116722,
    0.014428731091116722,
    0.014428731091116722,
    0.014428731091116722,
    0.014428731091116722,
    0.014428731091116722,
    0.014428731091116722,
    0.006362669613096609,
    0.006362669613096609,
    0.00271473903492122,
    0.00271473903492122,
    0.005318672394947696,
    0.005318672394947696,
    0.005318672394947696,
    0.005318672394947696,
    0.005318672394947696,
    0.005005809312891949,
    0.005006594734296813,
    0.005006594734296813,
    0.005006594734296813,
    0.005503432379685046,
    0.005503432379685046,
    0.005503432379685046,
    0.005503432379685046,
    0.005503432379685046,
    0.006119646816020438,
    0.006119646816020438
  ],
  "v26_fee_rate": [
    1.0,
    1.0,
    0.002420952631368939,
    0.002420952631368939,
    0.002420952631368939,
    0.002420952631368939,
    0.002420952631368939,
    0.002420952631368939,
    0.002420952631368939,
    0.002420952631368939,
    0.002420952631368939,
    1.1693201209511974,
    1.1693201209511974,
    1.1693201209511974,
    1.1693201209511974,
    1.1693201209511974,
    1.1693201209511974,
    1.1693201209511974,
    1.1693201209511974,
    1.1693201209511974,
    1.1693201209511974,
    1.168457576380064,
    1.168457576380064,
    1.168457576380064,
    1.168457576380064,
    1.168457576380064,
    1.168457576380064,
    1.168457576380064,
    1.168457576380064,
    1.168457576380064,
    1.168457576380064
  ],