{
  "timestamps": [
    0,
    60,
    121,
    181,
    241,
    302,
    362,
    423,
    484,
    544,
    605,
    666,
    727,
    787,
    847,
    908,
    969,
    1029,
    1090,
    1150,
    1211,
    1271,
    1331,
    1392,
    1452,
    1512,
    1572,
    1633,
    1693,
    1754,
    1800
  ],
  "v27_price": [
    60000,
    60000,
    61670.52117176585,
    61994.52117176586,
    62159.09260033729,
    62153.67906650269,
    62183.744312261726,
    62243.248444493125,
    62258.38244344216,
    62142.79839948863,
    62232.059633304314,
    62818.2308242755,
    62949.494246957205,
    63005.28648897715,
    63049.56657882417,
    63109.07659708215,
    63148.81618722522,
    63211.232270311906,
    63219.57929125061,
    63255.09571094534,
    63261.48636471055,
    62294.87147092463,
    62236.67085182078,
    62176.03143147319,
    62155.2170182155,
    62104.52346004377,
    62054.59402742663,
    62006.87641813454,
    62000.967076921326,
    61995.22458232371,
    61958.050959698696
  ],
  "v26_price": [
    60000,
    60000,
    57676.67882823415,
    57352.67882823415,
    57188.107399662724,
    57193.52093349731,
    57163.455687738286,
    57103.95155550688,
    57088.81755655785,
    57204.40160051138,
    57115.14036669569,
    56528.969175724495,
    56397.7057530428,
    56341.91351102286,
    56297.63342117583,
    56238.123402917845,
    56198.38381277478,
    56135.96772968811,
    56127.620708749404,
    56092.104289054674,
    56085.713635289445,
    57052.32852907539,
    57110.529148179216,
    57171.16856852682,
    57191.9829817845,
    57242.67653995623,
    57292.605972573365,
    57340.323581865465,
    57346.23292307868,
    57351.9754176763,
    57389.1490403013
  ],
  "v27_hashrate": [
    38.1,
    38.1,
    38.1,
    38.1,
    38.1,
    38.1,
    38.1,
    38.1,
    38.1,
    38.1,
    50.5,
    50.5,
    50.5,
    50.5,
    50.5,
    50.5,
    50.5,
    50.5,
    50.5,
    50.5,
    30.0,
    30.0,
    30.0,
    30.0,
    30.0,
    30.0,
    30.0,
    30.0,
    30.0,
    30.0,
    30.0
  ],
  "v26_hashrate": [
    48.3,
    48.3,
    48.3,
    48.3,
    48.3,
    48.3,
    48.3,
    48.3,
    48.3,
    48.3,
    35.9,
    35.9,
    35.9,
    35.9,
    35.9,
    35.9,
    35.9,
    35.9,
    35.9,
    35.9,
    56.39999999999999,
    56.39999999999999,
    56.39999999999999,
    56.39999999999999,
    56.39999999999999,
    56.39999999999999,
    56.39999999999999,
    56.39999999999999,
    56.39999999999999,
    56.39999999999999,
    56.39999999999999
  ],
  "v27_economic": [
    76.18100976471541,
    76.18100976471541,
    76.18100976471541,
    76.18100976471541,
    76.18100976471541,
    76.18100976471541,
    76.18100976471541,
    76.18100976471541,
    76.18100976471541,
    76.18100976471541,
    76.18100976471541,
    76.18100976471541,
    76.18100976471541,
    76.18100976471541,
    76.18100976471541,
    76.18100976471541,
    76.18100976471541,
    76.18100976471541,
    76.18100976471541,
    76.18100976471541,
    76.18100976471541,
    76.18100976471541,
    76.18100976471541,
    76.18100976471541,
    76.18100976471541,
    76.18100976471541,
    76.18100976471541,
    76.18100976471541,
    76.18100976471541,
    76.18100976471541,
    76.18100976471541
  ],
  "v26_economic": [
    23.818990235284577,
    23.818990235284577,
    23.818990235284577,
    23.818990235284577,
    23.818990235284577,
    23.818990235284577,
    23.818990235284577,
    23.818990235284577,
    23.818990235284577,
    23.818990235284577,
    23.818990235284577,
    23.818990235284577,
    23.818990235284577,
    23.818990235284577,
    23.818990235284577,
    23.818990235284577,
    23.818990235284577,
    23.818990235284577,
    23.818990235284577,
    23.818990235284577,
    23.818990235284577,
    23.818990235284577,
    23.818990235284577,
    23.818990235284577,
    23.818990235284577,
    23.818990235284577,
    23.818990235284577,
    23.818990235284577,
    23.818990235284577,
    23.818990235284577,
    23.818990235284577
  ],
  "v27_blocks": [
    0,
    9,
    21,
    31,
    42,
    54,
    65,
    79,
    89,
    106,
    117,
    136,
    157,
    192,
    230,
    266,
    304,
    334,
    361,
    389,
    422,
    434,
    450,
    478,
    497,
    515,
    530,
    559,
    586,
    617,
    631
  ],
  "v26_blocks": [
    0,
    15,
    29,
    39,
    53,
    67,
    78,
    94,
    113,
    128,
    142,
    164,
    185,
    209,
    231,
    254,
    275,
    309,
    333,
    368,
    405,
    443,
    484,
    525,
    569,
    604,
    635,
    665,
    690,
    725,
    745
  ],
  "v27_difficulty": [
    1.0,
    1.0,
    1.0,
    1.0,
    1.0,
    1.0,
    1.0,
    1.0,
    1.0,
    1.0,
    1.0,
    1.0,
    0.40793201133144474,
    0.40793201133144474,
    0.40793201133144474,
    0.40793201133144474,
    0.4978153358621021,
    0.4978153358621021,
    0.4978153358621021,
    0.4978153358621021,
    0.4978153358621021,
    0.47317101230457226,
    0.47317101230457226,
    0.47317101230457226,
    0.47317101230457226,
    0.47317101230457226,
    0.47317101230457226,
    0.47317101230457226,
    0.3161792379204566,
    0.3161792379204566,
    0.3161792379204566
  ],
  "v26_difficulty": [
    1.0,
    1.0,
    1.0,
    1.0,
    1.0,
    1.0,
    1.0,
    1.0,
    1.0,
    1.0,
    1.0,
    0.46905537459283386,
    0.46905537459283386,
    0.46905537459283386,
    0.46905537459283386,
    0.46905537459283386,
    0.46905537459283386,
    0.3545615429993075,
    0.3545615429993075,
    0.3545615429993075,
    0.3545615429993075,
    0.4084548975352022,
    0.4084548975352022,
    0.4084548975352022,
    0.4084548975352022,
    0.5446065300469363,
    0.5446065300469363,
    0.5446065300469363,
    0.5446065300469363,
    0.5581732407598493,
    0.5581732407598493
  ],
  "v27_chainwork": [
    0.0,
    9.0,
    21.0,
    31.0,
    42.0,
    54.0,
    65.0,
    79.0,
    89.0,
    106.0,
    117.0,
    136.0,
    149.3031161473087,
    163.5807365439091,
    179.0821529745038,
    193.76770538243562,
    210.7072550055209,
    225.6417150813839,
    239.0827291496606,
    253.0215585537994,
    269.4494646372495,
    275.37396002047996,
    282.9446962173534,
    296.1934845618819,
    305.1837337956691,
    313.70081201715175,
    320.7983772017206,
    334.5203365585537,
    345.7260361469361,
    355.52759252246966,
    359.9541018533558
  ],
  "v26_chainwork": [
    0.0,
    15.0,
    29.0,
    39.0,
    53.0,
    67.0,
    78.0,
    94.0,
    113.0,
    128.0,
    142.0,
    153.38110749185682,
    163.2312703583065,
    174.48859934853468,
    184.80781758957718,
    195.59609120521253,
    205.4462540716622,
    218.98976634435456,
    227.49924337633792,
    239.90889738131364,
    253.02767447228797,
    267.09384000615637,
    283.8404908050993,
    300.58714160404224,
    318.55915709559076,
    336.6673242196521,
    353.5501266511079,
    369.8883225525168,
    383.50348580369086,
    402.632547908899,
    413.79601272409616
  ],
  "v27_fee_rate": [
    1.0,
    1.0,
    0.014428731091116722,
    0.014428731091116722,
    0.014428731091116722,
    0.014428731091116722,
    0.014428731091116722,
    0.014428731091116722,
    0.014428731091116722,
    0.014428731091116722,
    0.014428731091116722,
    0.01088583474399103,
    0.01088583474399103,
    0.004440680462137985,
    0.004440680462137985,
    0.004440680462137985,
    0.004440680462137985,
    0.005419135479219235,
    0.005419135479219235,
    0.005419135479219235,
    0.005419135479219235,
    0.009122211390019046,
    0.008670616766750776,
    0.008670616766750776,
    0.008670616766750776,
    0.008670616766750776,
    0.008670616766750776,
    0.008670616766750776,
    0.008670616766750776,
    0.005793822804696574,
    0.005793822804696574
  ],