{
  "config": {
    "base_price": 60000,
    "max_divergence": 0.2,
    "coefficients": {
      "chain_weight": 0.3,
      "economic_weight": 0.5,
      "hashrate_weight": 0.2
    }
  },
  "current_prices": {
    "v27": 49216.783216783224,
    "v26": 70704.97678321679
  },
  "timeline": {
    "timestamps": [
      1772182357.9436185,
      1772182419.0980916,
      1772182419.0980985,
      1772182479.6873627,
      1772182479.6873689,
      1772182540.4184453,
      1772182540.4184515,
      1772182600.5398912,
      1772182600.5398967,
      1772182661.49483,
      1772182661.4948351,
      1772182722.0776167,
      1772182722.077624,
      1772182782.347065,
      1772182782.3470738,
      1772182842.6922007,
      1772182842.6922083,
      1772182902.8906608,
      1772182902.8906667,
      1772182963.0291193,
      1772182963.0291264,
      1772183023.5399745,
      1772183023.53998,
      1772183084.071183,
      1772183084.0711908,
      1772183144.542659,
      1772183144.5426672,
      1772183205.0465612,
      1772183205.0465667,
      1772183265.481981,
      1772183265.4819863,
      1772183325.9671717,
      1772183325.967177,
      1772183386.4839382,
      1772183386.483946,
      1772183447.0212996,
      1772183447.0213065,
      1772183507.6191123,
      1772183507.6191196,
      1772183568.1081693,
      1772183568.1081767,
      1772183628.6935976,
      1772183628.693607,
      1772183689.3428626,
      1772183689.3428679,
      1772183749.6875887,
      1772183749.6875937,
      1772183810.2651565,
      1772183810.2651644,
      1772183870.9633262,
      1772183870.9633336,
      1772183931.5848877,
      1772183931.5848932,
      1772183992.1126828,
      1772183992.112692,
      1772184052.7371986,
      1772184052.7372046,
      1772184113.2757587,
      1772184113.2757666
    ],
    "v27_prices": [
      60000,
      58254.705148128414,
      58254.705148128414,
      57613.40960156972,
      57613.40960156972,
      57248.32616126162,
      57248.32616126162,
      57455.79432443883,
      57455.79432443883,
      57423.93591735918,
      57423.93591735918,
      57489.39046281374,
      57489.39046281374,
      57314.84500826828,
      57314.84500826828,
      57423.93591735918,
      57423.93591735918,
      57464.38535556143,
      57464.38535556143,
      55135.74652960409,
      55135.74652960409,
      54819.123038102225,
      54819.123038102225,
      54538.02947668122,
      54538.02947668122,
      54337.636969990774,
      54337.636969990774,
      54156.63606477934,
      54156.63606477934,
      54014.78436283483,
      54014.78436283483,
      53872.97137587447,
      53872.97137587447,
      53742.54925069252,
      53742.54925069252,
      53618.51824294058,
      53618.51824294058,
      53497.74050752312,
      53497.74050752312,
      53408.1556007,
      53408.1556007,
      53313.41875859474,
      53313.41875859474,
      53218.093488898754,
      53218.093488898754,
      53171.95650567738,
      53171.95650567738,
      53110.313874081294,
      53110.313874081294,
      49422.34332425068,
      49422.34332425068,
      49359.37500000001,
      49359.37500000001,
      49309.91217063991,
      49309.91217063991,
      49260.86956521739,
      49260.86956521739,
      49216.783216783224,
      49216.783216783224
    ],
    "v26_prices": [
      60000,
      60000,
      61667.05485187157,
      61667.05485187157,
      62308.35039843028,
      62308.35039843028,
      62673.43383873837,
      62673.43383873837,
      62465.96567556117,
      62465.96567556117,
      62497.82408264081,
      62497.82408264081,
      62432.36953718626,
      62432.36953718626,
      62606.91499173172,
      62606.91499173172,
      62497.82408264081,
      62497.82408264081,
      62457.37464443857,
      62457.37464443857,
      64786.01347039591,
      64786.01347039591,
      65102.63696189777,
      65102.63696189777,
      65383.73052331879,
      65383.73052331879,
      65584.12303000923,
      65584.12303000923,
      65765.12393522066,
      65765.12393522066,
      65906.97563716517,
      65906.97563716517,
      66048.78862412552,
      66048.78862412552,
      66179.21074930747,
      66179.21074930747,
      66303.24175705941,
      66303.24175705941,
      66424.01949247689,
      66424.01949247689,
      66513.6043993,
      66513.6043993,
      66608.34124140527,
      66608.34124140527,
      66703.66651110124,
      66703.66651110124,
      66749.80349432264,
      66749.80349432264,
      66811.44612591872,
      66811.44612591872,
      70499.41667574932,
      70499.41667574932,
      70562.38500000001,
      70562.38500000001,
      70611.84782936011,
      70611.84782936011,
      70660.89043478262,
      70660.89043478262,
      70704.97678321679
    ]
  },
  "history": [
    {
      "timestamp": 1772182357.9436185,
      "chain_id": "v27",
      "price": 60000,
      "metadata": {
        "initial": true
      }
    },
    {
      "timestamp": 1772182357.9436185,
      "chain_id": "v26",
      "price": 60000,
      "metadata": {
        "initial": true
      }
    },
    {
      "timestamp": 1772182419.0980916,
      "chain_id": "v27",
      "price": 58254.705148128414,
      "metadata": {
        "fork_sustained": true,
        "fork_depth": 26
      }
    },
    {
      "timestamp": 1772182419.0980985,
      "chain_id": "v26",
      "price": 61667.05485187157,
      "metadata": {
        "fork_sustained": true,
        "fork_depth": 26
      }
    },
    {
      "timestamp": 1772182479.6873627,
      "chain_id": "v27",
      "price": 57613.40960156972,
      "metadata": {
        "fork_sustained": true,
        "fork_depth": 57
      }
    },
    {
      "timestamp": 1772182479.6873689,
      "chain_id": "v26",
      "price": 62308.35039843028,
      "metadata": {
        "fork_sustained": true,
        "fork_depth": 57
      }
    },
    {
      "timestamp": 1772182540.4184453,
      "chain_id": "v27",
      "price": 57248.32616126162,
      "metadata": {
        "fork_sustained": true,
        "fork_depth": 82
      }
    },
    {
      "timestamp": 1772182540.4184515,
      "chain_id": "v26",
      "price": 62673.43383873837,
      "metadata": {
        "fork_sustained": true,
        "fork_depth": 82
      }
    },
    {
      "timestamp": 1772182600.5398912,
      "chain_id": "v27",
      "price": 57455.79432443883,
      "metadata": {
        "fork_sustained": true,
        "fork_depth": 113
      }
    },
    {
      "timestamp": 1772182600.5398967,
      "chain_id": "v26",
      "price": 62465.96567556117,
      "metadata": {
        "fork_sustained": true,
        "fork_depth": 113
      }
    },
    {
      "timestamp": 1772182661.49483,
      "chain_id": "v27",
      "price": 57423.93591735918,
      "metadata": {
        "fork_sustained": true,
        "fork_depth": 138
      }
    },
    {
      "timestamp": 1772182661.4948351,
      "chain_id": "v26",
      "price": 62497.82408264081,
      "metadata": {
        "fork_sustained": true,
        "fork_depth": 138
      }
    },
    {
      "timestamp": 1772182722.0776167,
      "chain_id": "v27",
      "price": 57489.39046281374,
      "metadata": {
        "fork_sustained": true,
        "fork_depth": 165
      }
    },
    {
      "timestamp": 1772182722.077624,
      "chain_id": "v26",
      "price": 62432.36953718626,
      "metadata": {
        "fork_sustained": true,
        "fork_depth": 165
      }
    },
    {
      "timestamp": 1772182782.347065,
      "chain_id": "v27",
      "price": 57314.84500826828,
      "metadata": {
        "fork_sustained": true,
        "fork_depth": 198
      }
    },
    {
      "timestamp": 1772182782.3470738,
      "chain_id": "v26",
      "price": 62606.91499173172,
      "metadata": {
        "fork_sustained": true,
        "fork_depth": 198
      }
    },
    {
      "timestamp": 1772182842.6922007,
      "chain_id": "v27",
      "price": 57423.93591735918,