{
  "blocks_mined": {
    "v27": 5271,
    "v26": 1546
  },
  "total_blocks": 6817,
  "final_hashrate": {
    "v27": 86.4,
    "v26": 0.0
  },
  "final_economic": {
    "v27": 56.737060138721,
    "v26": 43.262939861279
  },
  "final_prices": {
    "v27": 64143.12863397958,
    "v26": 55204.07136602043
  }
}