{
  "blocks_mined": {
    "v27": 12,
    "v26": 373
  },
  "total_blocks": 385,
  "final_hashrate": {
    "v27": 0.0,
    "v26": 98.36999999999999
  },
  "final_economic": {
    "v27": 55.00340053519982,
    "v26": 44.99659946480019
  },
  "final_prices": {
    "v27": 54828.551119504475,
    "v26": 65093.208880495535
  }
}