{
  "blocks_mined": {
    "v27": 5,
    "v26": 597
  },
  "total_blocks": 602,
  "final_hashrate": {
    "v27": 0.0,
    "v26": 86.4
  },
  "final_economic": {
    "v27": 0.0,
    "v26": 100.0
  },
  "final_prices": {
    "v27": 48039.77900552486,
    "v26": 71307.42099447515
  }
}