{
  "timestamps": [
    0,
    60,
    121,
    181,
    241,
    301,
    362,
    422,
    482,
    543,
    603,
    663,
    724,
    785,
    845,
    900
  ],
  "v27_price": [
    60000,
    60000,
    60000,
    64843.90564595755,
    64363.90564595754,
    64363.90564595754,
    64123.90564595755,
    64345.44410749601,
    63643.90564595755,
    63609.61993167182,
    63330.05949211139,
    65717.4903268086,
    66012.31168369339,
    66174.3772249049,
    66378.8885031004,
    66521.74564595755
  ],
  "v26_price": [
    60000,
    60000,
    60000,
    55077.85435404246,
    55557.854354042465,
    55557.854354042465,
    55797.854354042465,
    55576.315892504004,
    56277.854354042465,
    56312.140068328175,
    56591.700507888614,
    54204.2696731914,
    53909.44831630662,
    53747.382775095095,
    53542.87149689961,
    53400.01435404246
  ],
  "v27_hashrate": [
    55.915,
    55.915,
    55.915,
    55.915,
    55.915,
    55.915,
    55.915,
    55.915,
    55.915,
    55.915,
    98.36999999999999,
    98.36999999999999,
    98.36999999999999,
    98.36999999999999,
    98.36999999999999,
    98.36999999999999
  ],
  "v26_hashrate": [
    42.455000000000005,
    42.455000000000005,
    42.455000000000005,
    42.455000000000005,
    42.455000000000005,
    42.455000000000005,
    42.455000000000005,
    42.455000000000005,
    42.455000000000005,
    42.455000000000005,
    0.0,
    0.0,
    0.0,
    0.0,
    0.0,
    0.0
  ],
  "v27_economic": [
    69.99988038297951,
    69.99988038297951,
    69.99988038297951,
    69.99988038297951,
    69.99988038297951,
    69.99988038297951,
    69.99988038297951,
    69.99988038297951,
    69.99988038297951,
    69.99988038297951,
    69.99988038297951,
    69.99988038297951,
    69.99988038297951,
    69.99988038297951,
    69.99988038297951,
    69.99988038297951
  ],
  "v26_economic": [
    30.000119617020477,
    30.000119617020477,
    30.000119617020477,
    30.000119617020477,
    30.000119617020477,
    30.000119617020477,
    30.000119617020477,
    30.000119617020477,
    30.000119617020477,
    30.000119617020477,
    30.000119617020477,
    30.000119617020477,
    30.000119617020477,
    30.000119617020477,
    30.000119617020477,
    30.000119617020477
  ],
  "v27_blocks": [
    0,
    3,
    8,
    11,
    11,
    14,
    19,
    19,
    22,
    23,
    30,
    36,
    40,
    46,
    51,
    58
  ],
  "v26_blocks": [
    0,
    1,
    2,
    4,
    4,
    6,
    7,
    11,
    13,
    16,
    17,
    17,
    17,
    17,
    17,
    17
  ],
  "v27_difficulty": [
    1.0,
    1.0,
    1.0,
    1.0,
    1.0,
    1.0,
    1.0,
    1.0,
    1.0,
    1.0,
    1.0,
    1.0,
    1.0,
    1.0,
    1.0,
    1.0
  ],
  "v26_difficulty": [
    1.0,
    1.0,
    1.0,
    1.0,
    1.0,
    1.0,
    1.0,
    1.0,
    1.0,
    1.0,
    1.0,
    1.0,
    1.0,
    1.0,
    1.0,
    1.0
  ],
  "v27_chainwork": [
    0.0,
    3.0,
    8.0,
    11.0,
    11.0,
    14.0,
    19.0,
    19.0,
    22.0,
    23.0,
    30.0,
    36.0,
    40.0,
    46.0,
    51.0,
    58.0
  ],
  "v26_chainwork": [
    0.0,
    1.0,
    2.0,
    4.0,
    4.0,
    6.0,
    7.0,
    11.0,
    13.0,
    16.0,
    17.0,
    17.0,
    17.0,
    17.0,
    17.0,
    17.0
  ],
  "v27_fee_rate": [
    1.0,
    1.0,
    0.04172998347566826,
    0.04172998347566826,
    0.04172998347566826,
    0.04172998347566826,
    0.04172998347566826,
    0.04172998347566826,
    0.04172998347566826,
    0.04172998347566826,
    0.04172998347566826,
    0.023719955535651017,
    0.023719955535651017,
    0.023719955535651017,
    0.023719955535651017,
    0.023719955535651017
  ],
  "v26_fee_rate": [
    1.0,
    1.0,
    0.0235543824588704,
    0.0235543824588704,
    0.0235543824588704,
    0.0235543824588704,
    0.0235543824588704,
    0.0235543824588704,
    0.0235543824588704,
    0.0235543824588704,
    0.0235543824588704,
    10.00001307291343,
    10.00001307291343,
    10.00001307291343,
    10.00001307291343,
    10.00001307291343
  ],
  "v27_fee_revenue_btc": [
    0.01,
    0.01,
    0.0004172998347566826,
    0.0004172998347566826,
    0.0004172998347566826,
    0.0004172998347566826,
    0.0004172998347566826,
    0.0004172998347566826,
    0.0004172998347566826,
    0.0004172998347566826,
    0.0004172998347566826,
    0.00023719955535651019,
    0.00023719955535651019,
    0.00023719955535651019,
    0.00023719955535651019,
    0.00023719955535651019
  ],
  "v26_fee_revenue_btc": [
    0.01,
    0.01,
    0.00023554382458870396,
    0.00023554382458870396,
    0.00023554382458870396,
    0.00023554382458870396,
    0.00023554382458870396,
    0.00023554382458870396,
    0.00023554382458870396,
    0.00023554382458870396,
    0.00023554382458870396,
    0.10000013072913429,
    0.10000013072913429,
    0.10000013072913429,
    0.10000013072913429,
    0.10000013072913429
  ],
  "v27_congestion": [
    0.04172993554679991,
    0.04172993554679991,
    0.04172993554679991,
    0.04172993554679991,
    0.04172993554679991,
    0.04172993554679991,
    0.04172993554679991,
    0.04172993554679991,
    0.04172993554679991,
    0.04172993554679991,
    0.0237199282921553,
    0.0237199282921553,
    0.0237199282921553,
    0.0237199282921553,
    0.0237199282921553,
    0.0237199282921553
  ],
  "v26_congestion": [
    0.023554445583182565,
    0.023554445583182565,
    0.023554445583182565,
    0.023554445583182565,
    0.023554445583182565,
    0.023554445583182565,
    0.023554445583182565,
    0.023554445583182565,
    0.023554445583182565,
    0.023554445583182565,
    10.00003987234016,
    10.00003987234016,
    10.00003987234016,
    10.00003987234016,
    10.00003987234016,
    10.00003987234016
  ],
  "v27_mempool_mb": [
    0,
    0,
    0,
    0,
    0,
    0,
    0,
    0,
    0,
    0,
    0,
    0,
    0,
    0,
    0,
    0
  ],
  "v26_mempool_mb": [
    0,
    0,
    0,
    0,
    0,
    0,
    0,
    0,
    0,
    0,
    0,
    90.0001307291343,
    90.0001307291343,
    90.0001307291343,
    90.0001307291343,
    90.0001307291343
  ],
  "v27_transactional": [
    69.99996078125972,
    69.99996078125972,
    69.99996078125972,
    69.99996078125972,
    69.99996078125972,
    69.99996078125972,
    69.99996078125972,
    69.99996078125972,
    69.99996078125972,
    69.99996078125972,
    69.99996078125972,
    69.99996078125972,
    69.99996078125972,
    69.99996078125972,
    69.99996078125972,
    69.99996078125972
  ],
  "v26_transactional": [
    30.000039218740287,
    30.000039218740287,
    30.000039218740287,
    30.000039218740287,
    30.000039218740287,
    30.000039218740287,
    30.000039218740287,
    30.000039218740287,
    30.000039218740287,
    30.000039218740287,
    30.000039218740287,
    30.000039218740287,
    30.000039218740287,
    30.000039218740287,
    30.000039218740287,
    30.000039218740287
  ],
  "v27_solo_hashrate": [
    0.0,
    0.0,
    0.0,
    0.0,
    0.0,
    0.0,
    0.0,
    0.0,
    0.0,
    0.0,
    0.0,
    0.0,
    0.0,
    0.0,
    0.0,
    0.0
  ],
  "v26_solo_hashrate": [
    0.0,
    0.0,
    0.0,
    0.0,
    0.0,
    0.0,
    0.0,
    0.0,
    0.0,
    0.0,
    0.0,
    0.0,
    0.0,
    0.0,
    0.0,
    0.0
  ]
}