{
  "blocks_mined": {
    "v27": 2,
    "v26": 595
  },
  "total_blocks": 597,
  "final_hashrate": {
    "v27": 0.0,
    "v26": 86.4
  },
  "final_economic": {
    "v27": 0.0,
    "v26": 100.0
  },
  "final_prices": {
    "v27": 48013.211009174316,
    "v26": 71333.9889908257
  }
}