{
  "config": {
    "base_price": 60000,
    "max_divergence": 0.2,
    "coefficients": {
      "chain_weight": 0.3,
      "economic_weight": 0.5,
      "hashrate_weight": 0.2
    }
  },
  "current_prices": {
    "v27": 61606.75683095986,
    "v26": 57740.44316904015
  },
  "timeline": {
    "timestamps": [
      1772778979.2280273,
      1772779040.5672405,
      1772779040.5672958,
      1772779101.078238,
      1772779101.0782568,
      1772779161.2197046,
      1772779161.219739,
      1772779221.9288793,
      1772779221.9288886,
      1772779282.3498385,
      1772779282.3498473,
      1772779342.7752893,
      1772779342.7753198,
      1772779403.3643303,
      1772779403.3643394,
      1772779463.9461725,
      1772779463.9461932,
      1772779524.5965936,
      1772779524.5966263,
      1772779585.309849,
      1772779585.3098817,
      1772779646.0150716,
      1772779646.0150836,
      1772779706.152578,
      1772779706.1526377,
      1772779766.9055133,
      1772779766.9055197,
      1772779827.1068296,
      1772779827.1068523,
      1772779887.6583197,
      1772779887.6583304,
      1772779948.1303475,
      1772779948.1303852,
      1772780008.568035,
      1772780008.568066,
      1772780068.875114,
      1772780068.875121,
      1772780129.4373612,
      1772780129.4373705,
      1772780190.388471,
      1772780190.3885043,
      1772780251.0615752,
      1772780251.0616086,
      1772780311.3324714,
      1772780311.3324912,
      1772780371.5131965,
      1772780371.513202,
      1772780432.2223406,
      1772780432.2223473,
      1772780493.270479,
      1772780493.2704916,
      1772780554.0010836,
      1772780554.0011065,
      1772780614.9446461,
      1772780614.9446778,
      1772780675.8357275,
      1772780675.8357587,
      1772780736.1426852,
      1772780736.1427343
    ],
    "v27_prices": [
      60000,
      57694.33369979446,
      57694.33369979446,
      57933.10920999853,
      57933.10920999853,
      58124.76848240315,
      58124.76848240315,
      58168.527248181555,
      58168.527248181555,
      58201.056388870085,
      58201.056388870085,
      58262.41880617743,
      58262.41880617743,
      58274.807072575524,
      58274.807072575524,
      58194.33369979446,
      58194.33369979446,
      58201.32059935777,
      58201.32059935777,
      57855.33914726528,
      57855.33914726528,
      57790.715480370825,
      57790.715480370825,
      57735.07828618723,
      57735.07828618723,
      57737.93972942505,
      57737.93972942505,
      57686.69893296497,
      57686.69893296497,
      57672.96129840931,
      57672.96129840931,
      57618.570802660484,
      57618.570802660484,
      57589.458075119575,
      57589.458075119575,
      57566.9548759988,
      57566.9548759988,
      57536.92065097135,
      57536.92065097135,
      60284.4634952951,
      60284.4634952951,
      60481.66035051445,
      60481.66035051445,
      60629.38245989044,
      60629.38245989044,
      60828.82813887726,
      60828.82813887726,
      60978.774881724654,
      60978.774881724654,
      61127.385971034455,
      61127.385971034455,
      61246.623838411164,
      61246.623838411164,
      61377.50188007306,
      61377.50188007306,
      61491.01884098914,
      61491.01884098914,
      61606.75683095986,
      61606.75683095986
    ],
    "v26_prices": [
      60000,
      60000,
      61652.86630020555,
      61652.86630020555,
      61414.09079000146,
      61414.09079000146,
      61222.43151759684,
      61222.43151759684,
      61178.672751818456,
      61178.672751818456,
      61146.14361112991,
      61146.14361112991,
      61084.78119382258,
      61084.78119382258,
      61072.39292742448,
      61072.39292742448,
      61152.86630020555,
      61152.86630020555,
      61145.87940064221,
      61145.87940064221,
      61491.860852734724,
      61491.860852734724,
      61556.48451962918,
      61556.48451962918,
      61612.12171381277,
      61612.12171381277,
      61609.260270574945,
      61609.260270574945,
      61660.501067035024,
      61660.501067035024,
      61674.23870159069,
      61674.23870159069,
      61728.62919733952,
      61728.62919733952,
      61757.74192488042,
      61757.74192488042,
      61780.245124001194,
      61780.245124001194,
      61810.27934902866,
      61810.27934902866,
      59062.73650470491,
      59062.73650470491,
      58865.53964948556,
      58865.53964948556,
      58717.817540109565,
      58717.817540109565,
      58518.371861122745,
      58518.371861122745,
      58368.42511827535,
      58368.42511827535,
      58219.81402896555,
      58219.81402896555,
      58100.57616158884,
      58100.57616158884,
      57969.69811992694,
      57969.69811992694,
      57856.18115901086,
      57856.18115901086,
      57740.44316904015
    ]
  },
  "history": [
    {
      "timestamp": 1772778979.2280273,
      "chain_id": "v27",
      "price": 60000,
      "metadata": {
        "initial": true
      }
    },
    {
      "timestamp": 1772778979.2280273,
      "chain_id": "v26",
      "price": 60000,
      "metadata": {
        "initial": true
      }
    },
    {
      "timestamp": 1772779040.5672405,
      "chain_id": "v27",
      "price": 57694.33369979446,
      "metadata": {
        "fork_sustained": true,
        "fork_depth": 24
      }
    },
    {
      "timestamp": 1772779040.5672958,
      "chain_id": "v26",
      "price": 61652.86630020555,
      "metadata": {
        "fork_sustained": true,
        "fork_depth": 24
      }
    },
    {
      "timestamp": 1772779101.078238,
      "chain_id": "v27",
      "price": 57933.10920999853,
      "metadata": {
        "fork_sustained": true,
        "fork_depth": 49
      }
    },
    {
      "timestamp": 1772779101.0782568,
      "chain_id": "v26",
      "price": 61414.09079000146,
      "metadata": {
        "fork_sustained": true,
        "fork_depth": 49
      }
    },
    {
      "timestamp": 1772779161.2197046,
      "chain_id": "v27",
      "price": 58124.76848240315,
      "metadata": {
        "fork_sustained": true,
        "fork_depth": 69
      }
    },
    {
      "timestamp": 1772779161.219739,
      "chain_id": "v26",
      "price": 61222.43151759684,
      "metadata": {
        "fork_sustained": true,
        "fork_depth": 69
      }
    },
    {
      "timestamp": 1772779221.9288793,
      "chain_id": "v27",
      "price": 58168.527248181555,
      "metadata": {
        "fork_sustained": true,
        "fork_depth": 93
      }
    },
    {
      "timestamp": 1772779221.9288886,
      "chain_id": "v26",
      "price": 61178.672751818456,
      "metadata": {
        "fork_sustained": true,
        "fork_depth": 93
      }
    },
    {
      "timestamp": 1772779282.3498385,
      "chain_id": "v27",
      "price": 58201.056388870085,
      "metadata": {
        "fork_sustained": true,
        "fork_depth": 119
      }
    },
    {
      "timestamp": 1772779282.3498473,
      "chain_id": "v26",
      "price": 61146.14361112991,
      "metadata": {
        "fork_sustained": true,
        "fork_depth": 119
      }
    },
    {
      "timestamp": 1772779342.7752893,
      "chain_id": "v27",
      "price": 58262.41880617743,
      "metadata": {
        "fork_sustained": true,
        "fork_depth": 141
      }
    },
    {
      "timestamp": 1772779342.7753198,
      "chain_id": "v26",
      "price": 61084.78119382258,
      "metadata": {
        "fork_sustained": true,
        "fork_depth": 141
      }
    },
    {
      "timestamp": 1772779403.3643303,
      "chain_id": "v27",
      "price": 58274.807072575524,
      "metadata": {
        "fork_sustained": true,
        "fork_depth": 169
      }
    },
    {
      "timestamp": 1772779403.3643394,
      "chain_id": "v26",
      "price": 61072.39292742448,
      "metadata": {
        "fork_sustained": true,
        "fork_depth": 169
      }
    },
    {
      "timestamp": 1772779463.9461725,
      "chain_id": "v27",