{
  "blocks_mined": {
    "v27": 432,
    "v26": 462
  },
  "total_blocks": 894,
  "final_hashrate": {
    "v27": 46.14,
    "v26": 52.23
  },
  "final_economic": {
    "v27": 50.12210820410434,
    "v26": 49.87789179589566
  },
  "final_prices": {
    "v27": 59659.91259413661,
    "v26": 60261.847405863395
  }
}