{
  "blocks_mined": {
    "v27": 177,
    "v26": 23
  },
  "total_blocks": 200,
  "final_hashrate": {
    "v27": 86.4,
    "v26": 0.0
  },
  "final_economic": {
    "v27": 100.0,
    "v26": 0.0
  },
  "final_prices": {
    "v27": 70458.31111111112,
    "v26": 48888.88888888889
  }
}