{
  "config": {
    "base_price": 60000,
    "max_divergence": 0.2,
    "coefficients": {
      "chain_weight": 0.3,
      "economic_weight": 0.5,
      "hashrate_weight": 0.2
    }
  },
  "current_prices": {
    "v27": 54303.08266235426,
    "v26": 65044.11733764575
  },
  "timeline": {
    "timestamps": [
      1772673878.8674984,
      1772673940.2220404,
      1772673940.2220802,
      1772674000.4328067,
      1772674000.4328327,
      1772674060.6114292,
      1772674060.6114542,
      1772674121.0365393,
      1772674121.0365765,
      1772674181.690242,
      1772674181.6902633,
      1772674241.9905322,
      1772674241.990564,
      1772674302.6656406,
      1772674302.6656482,
      1772674363.2305653,
      1772674363.2305791,
      1772674423.9205575,
      1772674423.9205806,
      1772674484.5235348,
      1772674484.5235448,
      1772674544.6582282,
      1772674544.6582382,
      1772674605.5448008,
      1772674605.544826,
      1772674666.1792302,
      1772674666.1792545,
      1772674726.6364567,
      1772674726.6364753,
      1772674787.03936,
      1772674787.0393982,
      1772674847.4527788,
      1772674847.452786,
      1772674908.0483167,
      1772674908.0483496,
      1772674968.535119,
      1772674968.5351536,
      1772675029.2195177,
      1772675029.219527,
      1772675089.7663548,
      1772675089.766377,
      1772675149.9608943,
      1772675149.9609168,
      1772675210.1012208,
      1772675210.1012416,
      1772675270.2805774,
      1772675270.2805989,
      1772675330.7321882,
      1772675330.732219,
      1772675390.7469366,
      1772675390.7469428,
      1772675451.5681813,
      1772675451.56819,
      1772675511.9584455,
      1772675511.9584584,
      1772675572.609439,
      1772675572.609472,
      1772675633.190338,
      1772675633.1903613
    ],
    "v27_prices": [
      60000,
      57694.33369979446,
      57694.33369979446,
      57933.10920999853,
      57933.10920999853,
      58124.76848240315,
      58124.76848240315,
      58168.527248181555,
      58168.527248181555,
      58201.056388870085,
      58201.056388870085,
      58262.41880617743,
      58262.41880617743,
      58274.807072575524,
      58274.807072575524,
      58194.33369979446,
      58194.33369979446,
      58201.32059935777,
      58201.32059935777,
      56415.33914726528,
      56415.33914726528,
      56151.586711393655,
      56151.586711393655,
      55903.63117534014,
      55903.63117534014,
      55702.65961073227,
      55702.65961073227,
      55531.01071210082,
      55531.01071210082,
      55390.84082447746,
      55390.84082447746,
      55270.71534037095,
      55270.71534037095,
      55147.279562180374,
      55147.279562180374,
      55040.97967886471,
      55040.97967886471,
      54934.36455738016,
      54934.36455738016,
      54846.09211249439,
      54846.09211249439,
      54753.07978636619,
      54753.07978636619,
      54669.81742238931,
      54669.81742238931,
      54625.83311281739,
      54625.83311281739,
      54570.13488588348,
      54570.13488588348,
      54498.62451864099,
      54498.62451864099,
      54437.46148495601,
      54437.46148495601,
      54391.18736013027,
      54391.18736013027,
      54344.7734005911,
      54344.7734005911,
      54303.08266235426,
      54303.08266235426
    ],
    "v26_prices": [
      60000,
      60000,
      61652.86630020555,
      61652.86630020555,
      61414.09079000146,
      61414.09079000146,
      61222.43151759684,
      61222.43151759684,
      61178.672751818456,
      61178.672751818456,
      61146.14361112991,
      61146.14361112991,
      61084.78119382258,
      61084.78119382258,
      61072.39292742448,
      61072.39292742448,
      61152.86630020555,
      61152.86630020555,
      61145.87940064221,
      61145.87940064221,
      62931.860852734724,
      62931.860852734724,
      63195.61328860636,
      63195.61328860636,
      63443.568824659866,
      63443.568824659866,
      63644.540389267735,
      63644.540389267735,
      63816.189287899186,
      63816.189287899186,
      63956.35917552254,
      63956.35917552254,
      64076.484659629044,
      64076.484659629044,
      64199.92043781963,
      64199.92043781963,
      64306.220321135304,
      64306.220321135304,
      64412.835442619835,
      64412.835442619835,
      64501.10788750561,
      64501.10788750561,
      64594.12021363381,
      64594.12021363381,
      64677.3825776107,
      64677.3825776107,
      64721.366887182616,
      64721.366887182616,
      64777.065114116514,
      64777.065114116514,
      64848.575481359,
      64848.575481359,
      64909.738515043995,
      64909.738515043995,
      64956.01263986974,
      64956.01263986974,
      65002.4265994089,
      65002.4265994089,
      65044.11733764575
    ]
  },
  "history": [
    {
      "timestamp": 1772673878.8674984,
      "chain_id": "v27",
      "price": 60000,
      "metadata": {
        "initial": true
      }
    },
    {
      "timestamp": 1772673878.8674984,
      "chain_id": "v26",
      "price": 60000,
      "metadata": {
        "initial": true
      }
    },
    {
      "timestamp": 1772673940.2220404,
      "chain_id": "v27",
      "price": 57694.33369979446,
      "metadata": {
        "fork_sustained": true,
        "fork_depth": 24
      }
    },
    {
      "timestamp": 1772673940.2220802,
      "chain_id": "v26",
      "price": 61652.86630020555,
      "metadata": {
        "fork_sustained": true,
        "fork_depth": 24
      }
    },
    {
      "timestamp": 1772674000.4328067,
      "chain_id": "v27",
      "price": 57933.10920999853,
      "metadata": {
        "fork_sustained": true,
        "fork_depth": 49
      }
    },
    {
      "timestamp": 1772674000.4328327,
      "chain_id": "v26",
      "price": 61414.09079000146,
      "metadata": {
        "fork_sustained": true,
        "fork_depth": 49
      }
    },
    {
      "timestamp": 1772674060.6114292,
      "chain_id": "v27",
      "price": 58124.76848240315,
      "metadata": {
        "fork_sustained": true,
        "fork_depth": 69
      }
    },
    {
      "timestamp": 1772674060.6114542,
      "chain_id": "v26",
      "price": 61222.43151759684,
      "metadata": {
        "fork_sustained": true,
        "fork_depth": 69
      }
    },
    {
      "timestamp": 1772674121.0365393,
      "chain_id": "v27",
      "price": 58168.527248181555,
      "metadata": {
        "fork_sustained": true,
        "fork_depth": 93
      }
    },
    {
      "timestamp": 1772674121.0365765,
      "chain_id": "v26",
      "price": 61178.672751818456,
      "metadata": {
        "fork_sustained": true,
        "fork_depth": 93
      }
    },
    {
      "timestamp": 1772674181.690242,
      "chain_id": "v27",
      "price": 58201.056388870085,
      "metadata": {
        "fork_sustained": true,
        "fork_depth": 119
      }
    },
    {
      "timestamp": 1772674181.6902633,
      "chain_id": "v26",
      "price": 61146.14361112991,
      "metadata": {
        "fork_sustained": true,
        "fork_depth": 119
      }
    },
    {
      "timestamp": 1772674241.9905322,
      "chain_id": "v27",
      "price": 58262.41880617743,
      "metadata": {
        "fork_sustained": true,
        "fork_depth": 141
      }
    },
    {
      "timestamp": 1772674241.990564,
      "chain_id": "v26",
      "price": 61084.78119382258,
      "metadata": {
        "fork_sustained": true,
        "fork_depth": 141
      }
    },
    {
      "timestamp": 1772674302.6656406,
      "chain_id": "v27",
      "price": 58274.807072575524,
      "metadata": {
        "fork_sustained": true,
        "fork_depth": 169
      }
    },
    {
      "timestamp": 1772674302.6656482,
      "chain_id": "v26",
      "price": 61072.39292742448,
      "metadata": {
        "fork_sustained": true,
        "fork_depth": 169
      }
    },
    {
      "timestamp": 1772674363.2305653,
      "chain_id": "v27",
      "price": 58194.33369979446,