{
  "blocks_mined": {
    "v27": 5769,
    "v26": 240
  },
  "total_blocks": 6009,
  "final_hashrate": {
    "v27": 86.4,
    "v26": 0.0
  },
  "final_economic": {
    "v27": 100.0,
    "v26": 0.0
  },
  "final_prices": {
    "v27": 71016.17056392055,
    "v26": 48331.02943607947
  }
}