{
  "blocks_mined": {
    "v27": 4592,
    "v26": 763
  },
  "total_blocks": 5355,
  "final_hashrate": {
    "v27": 86.4,
    "v26": 0.0
  },
  "final_economic": {
    "v27": 100.0,
    "v26": 0.0
  },
  "final_prices": {
    "v27": 70291.23635023145,
    "v26": 49055.96364976855
  }
}