{
  "blocks_mined": {
    "v27": 14,
    "v26": 331
  },
  "total_blocks": 345,
  "final_hashrate": {
    "v27": 0.0,
    "v26": 86.4
  },
  "final_economic": {
    "v27": 0.0,
    "v26": 100.0
  },
  "final_prices": {
    "v27": 48328.33876221499,
    "v26": 71018.86123778502
  }
}