{
  "config": {
    "base_price": 60000,
    "max_divergence": 0.2,
    "coefficients": {
      "chain_weight": 0.3,
      "economic_weight": 0.5,
      "hashrate_weight": 0.2
    }
  },
  "current_prices": {
    "v27": 59659.91259413661,
    "v26": 60261.847405863395
  },
  "timeline": {
    "timestamps": [
      1772195775.0210314,
      1772195836.1933055,
      1772195836.1933138,
      1772195896.3534975,
      1772195896.3535063,
      1772195956.8175929,
      1772195956.817598,
      1772196017.3355477,
      1772196017.335559,
      1772196078.295596,
      1772196078.2956014,
      1772196138.8828068,
      1772196138.882815,
      1772196199.172561,
      1772196199.1725707,
      1772196259.9144335,
      1772196259.9144385,
      1772196320.30321,
      1772196320.303216,
      1772196380.8958826,
      1772196380.8958902,
      1772196441.6661124,
      1772196441.666118,
      1772196502.331779,
      1772196502.331787,
      1772196563.016152,
      1772196563.016159,
      1772196623.5347898,
      1772196623.5347958,
      1772196684.3767931,
      1772196684.3768008,
      1772196744.9130273,
      1772196744.9130356,
      1772196805.601062,
      1772196805.6010692,
      1772196866.4019215,
      1772196866.4019287,
      1772196927.3671613,
      1772196927.3671694,
      1772196988.0497131,
      1772196988.049719,
      1772197048.705898,
      1772197048.7059028,
      1772197109.214807,
      1772197109.2148135,
      1772197169.787591,
      1772197169.7875967,
      1772197230.4243445,
      1772197230.4243505,
      1772197291.4028041,
      1772197291.4028096,
      1772197352.2376602,
      1772197352.2376657,
      1772197412.783284,
      1772197412.7832918,
      1772197473.5182886,
      1772197473.518294,
      1772197534.0750592,
      1772197534.075068
    ],
    "v27_prices": [
      60000,
      60660.142215261745,
      60660.142215261745,
      60086.51584163538,
      60086.51584163538,
      59653.76322839496,
      59653.76322839496,
      59861.23139157217,
      59861.23139157217,
      59829.37298449252,
      59829.37298449252,
      59894.82752994707,
      59894.82752994707,
      59720.282075401614,
      59720.282075401614,
      59813.9223407157,
      59813.9223407157,
      59869.822422694764,
      59869.822422694764,
      59780.72433584388,
      59780.72433584388,
      59883.753649145096,
      59883.753649145096,
      59849.372984492526,
      59849.372984492526,
      59829.37298449252,
      59829.37298449252,
      59794.757599877135,
      59794.757599877135,
      59726.51584163538,
      59726.51584163538,
      59746.70075067206,
      59746.70075067206,
      59765.9678964299,
      59765.9678964299,
      59783.13445238243,
      59783.13445238243,
      59760.74213527242,
      59760.74213527242,
      59764.134104756115,
      59764.134104756115,
      59772.76921090762,
      59772.76921090762,
      59774.66173829192,
      59774.66173829192,
      59760.851754624295,
      59760.851754624295,
      59703.145775516365,
      59703.145775516365,
      59714.784125076076,
      59714.784125076076,
      59710.891971834295,
      59710.891971834295,
      59674.77175749866,
      59674.77175749866,
      59672.11206359524,
      59672.11206359524,
      59659.91259413661,
      59659.91259413661
    ],
    "v26_prices": [
      60000,
      60000,
      59261.61778473826,
      59261.61778473826,
      59835.244158364614,
      59835.244158364614,
      60267.996771605045,
      60267.996771605045,
      60060.528608427834,
      60060.528608427834,
      60092.387015507484,
      60092.387015507484,
      60026.93247005293,
      60026.93247005293,
      60201.47792459839,
      60201.47792459839,
      60107.837659284305,
      60107.837659284305,
      60051.93757730524,
      60051.93757730524,
      60141.03566415612,
      60141.03566415612,
      60038.00635085492,
      60038.00635085492,
      60072.387015507484,
      60072.387015507484,
      60092.387015507484,
      60092.387015507484,
      60127.00240012287,
      60127.00240012287,
      60195.24415836462,
      60195.24415836462,
      60175.05924932794,
      60175.05924932794,
      60155.7921035701,
      60155.7921035701,
      60138.62554761757,
      60138.62554761757,
      60161.01786472758,
      60161.01786472758,
      60157.62589524389,
      60157.62589524389,
      60148.99078909239,
      60148.99078909239,
      60147.098261708095,
      60147.098261708095,
      60160.90824537571,
      60160.90824537571,
      60218.61422448364,
      60218.61422448364,
      60206.975874923926,
      60206.975874923926,
      60210.86802816571,
      60210.86802816571,
      60246.988242501335,
      60246.988242501335,
      60249.64793640476,
      60249.64793640476,
      60261.847405863395
    ]
  },
  "history": [
    {
      "timestamp": 1772195775.0210314,
      "chain_id": "v27",
      "price": 60000,
      "metadata": {
        "initial": true
      }
    },
    {
      "timestamp": 1772195775.0210314,
      "chain_id": "v26",
      "price": 60000,
      "metadata": {
        "initial": true
      }
    },
    {
      "timestamp": 1772195836.1933055,
      "chain_id": "v27",
      "price": 60660.142215261745,
      "metadata": {
        "fork_sustained": true,
        "fork_depth": 26
      }
    },
    {
      "timestamp": 1772195836.1933138,
      "chain_id": "v26",
      "price": 59261.61778473826,
      "metadata": {
        "fork_sustained": true,
        "fork_depth": 26
      }
    },
    {
      "timestamp": 1772195896.3534975,
      "chain_id": "v27",
      "price": 60086.51584163538,
      "metadata": {
        "fork_sustained": true,
        "fork_depth": 56
      }
    },
    {
      "timestamp": 1772195896.3535063,
      "chain_id": "v26",
      "price": 59835.244158364614,
      "metadata": {
        "fork_sustained": true,
        "fork_depth": 56
      }
    },
    {
      "timestamp": 1772195956.8175929,
      "chain_id": "v27",
      "price": 59653.76322839496,
      "metadata": {
        "fork_sustained": true,
        "fork_depth": 82
      }
    },
    {
      "timestamp": 1772195956.817598,
      "chain_id": "v26",
      "price": 60267.996771605045,
      "metadata": {
        "fork_sustained": true,
        "fork_depth": 82
      }
    },
    {
      "timestamp": 1772196017.3355477,
      "chain_id": "v27",
      "price": 59861.23139157217,
      "metadata": {
        "fork_sustained": true,
        "fork_depth": 113
      }
    },
    {
      "timestamp": 1772196017.335559,
      "chain_id": "v26",
      "price": 60060.528608427834,
      "metadata": {
        "fork_sustained": true,
        "fork_depth": 113
      }
    },
    {
      "timestamp": 1772196078.295596,
      "chain_id": "v27",
      "price": 59829.37298449252,
      "metadata": {
        "fork_sustained": true,
        "fork_depth": 138
      }
    },
    {
      "timestamp": 1772196078.2956014,
      "chain_id": "v26",
      "price": 60092.387015507484,
      "metadata": {
        "fork_sustained": true,
        "fork_depth": 138
      }
    },
    {
      "timestamp": 1772196138.8828068,
      "chain_id": "v27",
      "price": 59894.82752994707,
      "metadata": {
        "fork_sustained": true,
        "fork_depth": 165
      }
    },
    {
      "timestamp": 1772196138.882815,
      "chain_id": "v26",
      "price": 60026.93247005293,
      "metadata": {
        "fork_sustained": true,
        "fork_depth": 165
      }
    },
    {
      "timestamp": 1772196199.172561,
      "chain_id": "v27",
      "price": 59720.282075401614,
      "metadata": {
        "fork_sustained": true,
        "fork_depth": 198
      }
    },
    {
      "timestamp": 1772196199.1725707,
      "chain_id": "v26",
      "price": 60201.47792459839,
      "metadata": {
        "fork_sustained": true,
        "fork_depth": 198
      }
    },
    {
      "timestamp": 1772196259.9144335,
      "chain_id": "v27",