{
  "blocks_mined": {
    "v27": 5,
    "v26": 4447
  },
  "total_blocks": 4452,
  "final_hashrate": {
    "v27": 0.0,
    "v26": 86.4
  },
  "final_economic": {
    "v27": 0.0,
    "v26": 100.0
  },
  "final_prices": {
    "v27": 48009.12901766914,
    "v26": 71338.07098233089
  }
}