{
  "blocks_mined": {
    "v27": 432,
    "v26": 759
  },
  "total_blocks": 1191,
  "final_hashrate": {
    "v27": 0.0,
    "v26": 86.4
  },
  "final_economic": {
    "v27": 56.737060138721,
    "v26": 43.262939861279
  },
  "final_prices": {
    "v27": 57549.13690244063,
    "v26": 61798.06309755938
  }
}