{
  "blocks_mined": {
    "v27": 418,
    "v26": 797
  },
  "total_blocks": 1215,
  "final_hashrate": {
    "v27": 0.0,
    "v26": 86.4
  },
  "final_economic": {
    "v27": 62.14929353977099,
    "v26": 37.850706460229006
  },
  "final_prices": {
    "v27": 57975.626474070064,
    "v26": 61371.57352592995
  }
}