{
  "config": {
    "base_price": 60000,
    "max_divergence": 0.2,
    "coefficients": {
      "chain_weight": 0.3,
      "economic_weight": 0.5,
      "hashrate_weight": 0.2
    }
  },
  "current_prices": {
    "v27": 55092.5261036549,
    "v26": 64829.23389634511
  },
  "timeline": {
    "timestamps": [
      1772048200.6750562,
      1772048261.6759956,
      1772048261.6760032,
      1772048322.0284452,
      1772048322.028452,
      1772048382.7048082,
      1772048382.7048132,
      1772048442.7110665,
      1772048442.7110717,
      1772048503.4155474,
      1772048503.4155529,
      1772048564.1284242,
      1772048564.1284318,
      1772048624.2890682,
      1772048624.289074,
      1772048684.4445727,
      1772048684.444581,
      1772048744.5811787,
      1772048744.58119,
      1772048804.8243499,
      1772048804.824359,
      1772048864.9470248,
      1772048864.94703,
      1772048925.0194857,
      1772048925.019491,
      1772048985.153855,
      1772048985.153863,
      1772049045.8417013,
      1772049045.841709,
      1772049105.9673524,
      1772049105.9673579,
      1772049166.026413,
      1772049166.026421,
      1772049226.1630077,
      1772049226.1630147,
      1772049286.2612715,
      1772049286.2612786,
      1772049347.0284781,
      1772049347.028484,
      1772049407.2472997,
      1772049407.2473078,
      1772049467.3126285,
      1772049467.3126338,
      1772049527.4739146,
      1772049527.47392,
      1772049587.6063833,
      1772049587.606391,
      1772049647.7151718,
      1772049647.715177,
      1772049707.789608,
      1772049707.7896156,
      1772049767.921722,
      1772049767.9217296,
      1772049828.0189784,
      1772049828.0189836,
      1772049888.1875358,
      1772049888.187541,
      1772049948.4940524,
      1772049948.4940612
    ],
    "v27_prices": [
      60000,
      59491.12806422397,
      59491.12806422397,
      57691.12806422398,
      57691.12806422398,
      58141.12806422398,
      58141.12806422398,
      58141.12806422398,
      58141.12806422398,
      57605.41377850969,
      57605.41377850969,
      57757.79473089065,
      57757.79473089065,
      57331.12806422398,
      57331.12806422398,
      57262.556635652545,
      57262.556635652545,
      57391.12806422398,
      57391.12806422398,
      56064.814843885,
      56064.814843885,
      55929.63883345475,
      55929.63883345475,
      55870.9962995181,
      55870.9962995181,
      55752.40806422398,
      55752.40806422398,
      55680.40806422398,
      55680.40806422398,
      55605.05922701468,
      55605.05922701468,
      55571.194581077914,
      55571.194581077914,
      55500.40806422398,
      55500.40806422398,
      55464.408064223986,
      55464.408064223986,
      55407.884699738,
      55407.884699738,
      55332.61145405449,
      55332.61145405449,
      55314.45765100084,
      55314.45765100084,
      55270.175506084444,
      55270.175506084444,
      55240.408064223986,
      55240.408064223986,
      55217.55092136684,
      55217.55092136684,
      55200.40806422398,
      55200.40806422398,
      55172.593494687564,
      55172.593494687564,
      55154.254218070135,
      55154.254218070135,
      55130.09407322112,
      55130.09407322112,
      55092.5261036549,
      55092.5261036549
    ],
    "v26_prices": [
      60000,
      60000,
      60430.63193577602,
      60430.63193577602,
      62230.63193577602,
      62230.63193577602,
      61780.63193577603,
      61780.63193577603,
      61780.63193577603,
      61780.63193577603,
      62316.34622149031,
      62316.34622149031,
      62163.96526910936,
      62163.96526910936,
      62590.63193577602,
      62590.63193577602,
      62659.20336434745,
      62659.20336434745,
      62530.63193577603,
      62530.63193577603,
      63856.94515611501,
      63856.94515611501,
      63992.121166545265,
      63992.121166545265,
      64050.76370048191,
      64050.76370048191,
      64169.35193577603,
      64169.35193577603,
      64241.35193577604,
      64241.35193577604,
      64316.70077298532,
      64316.70077298532,
      64350.565418922095,
      64350.565418922095,
      64421.35193577603,
      64421.35193577603,
      64457.35193577602,
      64457.35193577602,
      64513.87530026201,
      64513.87530026201,
      64589.14854594552,
      64589.14854594552,
      64607.30234899916,
      64607.30234899916,
      64651.584493915565,
      64651.584493915565,
      64681.35193577602,
      64681.35193577602,
      64704.20907863317,
      64704.20907863317,
      64721.35193577604,
      64721.35193577604,
      64749.166505312445,
      64749.166505312445,
      64767.505781929875,
      64767.505781929875,
      64791.66592677889,
      64791.66592677889,
      64829.23389634511
    ]
  },
  "history": [
    {
      "timestamp": 1772048200.6750562,
      "chain_id": "v27",
      "price": 60000,
      "metadata": {
        "initial": true
      }
    },
    {
      "timestamp": 1772048200.6750562,
      "chain_id": "v26",
      "price": 60000,
      "metadata": {
        "initial": true
      }
    },
    {
      "timestamp": 1772048261.6759956,
      "chain_id": "v27",
      "price": 59491.12806422397,
      "metadata": {
        "fork_sustained": true,
        "fork_depth": 6
      }
    },
    {
      "timestamp": 1772048261.6760032,
      "chain_id": "v26",
      "price": 60430.63193577602,
      "metadata": {
        "fork_sustained": true,
        "fork_depth": 6
      }
    },
    {
      "timestamp": 1772048322.0284452,
      "chain_id": "v27",
      "price": 57691.12806422398,
      "metadata": {
        "fork_sustained": true,
        "fork_depth": 12
      }
    },
    {
      "timestamp": 1772048322.028452,
      "chain_id": "v26",
      "price": 62230.63193577602,
      "metadata": {
        "fork_sustained": true,
        "fork_depth": 12
      }
    },
    {
      "timestamp": 1772048382.7048082,
      "chain_id": "v27",
      "price": 58141.12806422398,
      "metadata": {
        "fork_sustained": true,
        "fork_depth": 16
      }
    },
    {
      "timestamp": 1772048382.7048132,
      "chain_id": "v26",
      "price": 61780.63193577603,
      "metadata": {
        "fork_sustained": true,
        "fork_depth": 16
      }
    },
    {
      "timestamp": 1772048442.7110665,
      "chain_id": "v27",
      "price": 58141.12806422398,
      "metadata": {
        "fork_sustained": true,
        "fork_depth": 16
      }
    },
    {
      "timestamp": 1772048442.7110717,
      "chain_id": "v26",
      "price": 61780.63193577603,
      "metadata": {
        "fork_sustained": true,
        "fork_depth": 16
      }
    },
    {
      "timestamp": 1772048503.4155474,
      "chain_id": "v27",
      "price": 57605.41377850969,
      "metadata": {
        "fork_sustained": true,
        "fork_depth": 21
      }
    },
    {
      "timestamp": 1772048503.4155529,
      "chain_id": "v26",
      "price": 62316.34622149031,
      "metadata": {
        "fork_sustained": true,
        "fork_depth": 21
      }
    },
    {
      "timestamp": 1772048564.1284242,
      "chain_id": "v27",
      "price": 57757.79473089065,
      "metadata": {
        "fork_sustained": true,
        "fork_depth": 27
      }
    },
    {
      "timestamp": 1772048564.1284318,
      "chain_id": "v26",
      "price": 62163.96526910936,
      "metadata": {
        "fork_sustained": true,
        "fork_depth": 27
      }
    },
    {
      "timestamp": 1772048624.2890682,
      "chain_id": "v27",
      "price": 57331.12806422398,
      "metadata": {
        "fork_sustained": true,
        "fork_depth": 35
      }
    },
    {
      "timestamp": 1772048624.289074,
      "chain_id": "v26",
      "price": 62590.63193577602,
      "metadata": {
        "fork_sustained": true,
        "fork_depth": 35
      }
    },
    {
      "timestamp": 1772048684.4445727,
      "chain_id": "v27",
      "price": 57262.556635652545,