{
  "config": {
    "base_price": 60000,
    "max_divergence": 0.2,
    "coefficients": {
      "chain_weight": 0.3,
      "economic_weight": 0.5,
      "hashrate_weight": 0.2
    }
  },
  "current_prices": {
    "v27": 48695.972382048334,
    "v26": 71225.78761795168
  },
  "timeline": {
    "timestamps": [
      1772136359.571176,
      1772136420.4330835,
      1772136420.4330916,
      1772136480.8014884,
      1772136480.8015006,
      1772136541.3815281,
      1772136541.3815367,
      1772136601.9916852,
      1772136601.9916928,
      1772136662.5219934,
      1772136662.5219986,
      1772136723.0491338,
      1772136723.0491397,
      1772136783.3733406,
      1772136783.373346,
      1772136843.671197,
      1772136843.6712046,
      1772136904.4767668,
      1772136904.4767745,
      1772136965.2434945,
      1772136965.2435043,
      1772137026.2376802,
      1772137026.237688,
      1772137086.9026048,
      1772137086.9026139,
      1772137147.4478586,
      1772137147.4478683,
      1772137208.0358014,
      1772137208.03581,
      1772137268.6448667,
      1772137268.644875,
      1772137329.1992743,
      1772137329.1992824,
      1772137389.7792246,
      1772137389.7792304,
      1772137450.4704926,
      1772137450.4704998,
      1772137511.3021333,
      1772137511.3021405,
      1772137571.882181,
      1772137571.8821898,
      1772137632.4650004,
      1772137632.4650075,
      1772137692.9076314,
      1772137692.9076388,
      1772137753.3310149,
      1772137753.3310246,
      1772137813.9436014,
      1772137813.9436092,
      1772137874.7418108,
      1772137874.741819,
      1772137935.453429,
      1772137935.4534397,
      1772137996.0520303,
      1772137996.0520391,
      1772138056.6694443,
      1772138056.6694512,
      1772138117.3273253,
      1772138117.3273315
    ],
    "v27_prices": [
      60000,
      51019.7803166592,
      51019.7803166592,
      50905.57342010747,
      50905.57342010747,
      51324.721493129786,
      51324.721493129786,
      51137.93416281304,
      51137.93416281304,
      51104.36772924661,
      51104.36772924661,
      51018.096106132885,
      51018.096106132885,
      51143.20888808776,
      51143.20888808776,
      51203.813511679946,
      51203.813511679946,
      51262.58323636722,
      51262.58323636722,
      49946.579804560264,
      49946.579804560264,
      49778.571428571435,
      49778.571428571435,
      49628.3378746594,
      49628.3378746594,
      49524.48979591837,
      49524.48979591837,
      49429.66507177034,
      49429.66507177034,
      49345.94594594595,
      49345.94594594595,
      49274.20042643923,
      49274.20042643923,
      49202.41448692153,
      49202.41448692153,
      49129.6786389414,
      49129.6786389414,
      49067.14285714286,
      49067.14285714286,
      49012.88135593221,
      49012.88135593221,
      48963.87096774194,
      48963.87096774194,
      48912.36641221375,
      48912.36641221375,
      48894.67455621302,
      48894.67455621302,
      48855.44554455446,
      48855.44554455446,
      48811.81208053692,
      48811.81208053692,
      48775.38461538462,
      48775.38461538462,
      48747.58961681088,
      48747.58961681088,
      48720.0,
      48720.0,
      48695.972382048334,
      48695.972382048334
    ],
    "v26_prices": [
      60000,
      60000,
      68901.9796833408,
      68901.9796833408,
      69016.18657989254,
      69016.18657989254,
      68597.03850687023,
      68597.03850687023,
      68783.82583718697,
      68783.82583718697,
      68817.3922707534,
      68817.3922707534,
      68903.66389386714,
      68903.66389386714,
      68778.55111191224,
      68778.55111191224,
      68717.94648832007,
      68717.94648832007,
      68659.17676363279,
      68659.17676363279,
      69975.18019543974,
      69975.18019543974,
      70143.18857142857,
      70143.18857142857,
      70293.42212534061,
      70293.42212534061,
      70397.27020408164,
      70397.27020408164,
      70492.09492822966,
      70492.09492822966,
      70575.81405405406,
      70575.81405405406,
      70647.55957356078,
      70647.55957356078,
      70719.34551307849,
      70719.34551307849,
      70792.0813610586,
      70792.0813610586,
      70854.61714285715,
      70854.61714285715,
      70908.8786440678,
      70908.8786440678,
      70957.88903225807,
      70957.88903225807,
      71009.39358778627,
      71009.39358778627,
      71027.08544378699,
      71027.08544378699,
      71066.31445544555,
      71066.31445544555,
      71109.9479194631,
      71109.9479194631,
      71146.37538461538,
      71146.37538461538,
      71174.17038318912,
      71174.17038318912,
      71201.76000000001,
      71201.76000000001,
      71225.78761795168
    ]
  },
  "history": [
    {
      "timestamp": 1772136359.571176,
      "chain_id": "v27",
      "price": 60000,
      "metadata": {
        "initial": true
      }
    },
    {
      "timestamp": 1772136359.571176,
      "chain_id": "v26",
      "price": 60000,
      "metadata": {
        "initial": true
      }
    },
    {
      "timestamp": 1772136420.4330835,
      "chain_id": "v27",
      "price": 51019.7803166592,
      "metadata": {
        "fork_sustained": true,
        "fork_depth": 25
      }
    },
    {
      "timestamp": 1772136420.4330916,
      "chain_id": "v26",
      "price": 68901.9796833408,
      "metadata": {
        "fork_sustained": true,
        "fork_depth": 25
      }
    },
    {
      "timestamp": 1772136480.8014884,
      "chain_id": "v27",
      "price": 50905.57342010747,
      "metadata": {
        "fork_sustained": true,
        "fork_depth": 58
      }
    },
    {
      "timestamp": 1772136480.8015006,
      "chain_id": "v26",
      "price": 69016.18657989254,
      "metadata": {
        "fork_sustained": true,
        "fork_depth": 58
      }
    },
    {
      "timestamp": 1772136541.3815281,
      "chain_id": "v27",
      "price": 51324.721493129786,
      "metadata": {
        "fork_sustained": true,
        "fork_depth": 85
      }
    },
    {
      "timestamp": 1772136541.3815367,
      "chain_id": "v26",
      "price": 68597.03850687023,
      "metadata": {
        "fork_sustained": true,
        "fork_depth": 85
      }
    },
    {
      "timestamp": 1772136601.9916852,
      "chain_id": "v27",
      "price": 51137.93416281304,
      "metadata": {
        "fork_sustained": true,
        "fork_depth": 117
      }
    },
    {
      "timestamp": 1772136601.9916928,
      "chain_id": "v26",
      "price": 68783.82583718697,
      "metadata": {
        "fork_sustained": true,
        "fork_depth": 117
      }
    },
    {
      "timestamp": 1772136662.5219934,
      "chain_id": "v27",
      "price": 51104.36772924661,
      "metadata": {
        "fork_sustained": true,
        "fork_depth": 143
      }
    },
    {
      "timestamp": 1772136662.5219986,
      "chain_id": "v26",
      "price": 68817.3922707534,
      "metadata": {
        "fork_sustained": true,
        "fork_depth": 143
      }
    },
    {
      "timestamp": 1772136723.0491338,
      "chain_id": "v27",
      "price": 51018.096106132885,
      "metadata": {
        "fork_sustained": true,
        "fork_depth": 171
      }
    },
    {
      "timestamp": 1772136723.0491397,
      "chain_id": "v26",
      "price": 68903.66389386714,
      "metadata": {
        "fork_sustained": true,
        "fork_depth": 171
      }
    },
    {
      "timestamp": 1772136783.3733406,
      "chain_id": "v27",
      "price": 51143.20888808776,
      "metadata": {
        "fork_sustained": true,
        "fork_depth": 210
      }
    },
    {
      "timestamp": 1772136783.373346,
      "chain_id": "v26",
      "price": 68778.55111191224,
      "metadata": {
        "fork_sustained": true,
        "fork_depth": 210
      }
    },
    {
      "timestamp": 1772136843.671197,
      "chain_id": "v27",
      "price": 51203.813511679946,