{
  "blocks_mined": {
    "v27": 745,
    "v26": 15
  },
  "total_blocks": 760,
  "final_hashrate": {
    "v27": 86.4,
    "v26": 0.0
  },
  "final_economic": {
    "v27": 100.0,
    "v26": 0.0
  },
  "final_prices": {
    "v27": 71194.87277856136,
    "v26": 48152.32722143865
  }
}