{
  "blocks_mined": {
    "v27": 40,
    "v26": 153
  },
  "total_blocks": 193,
  "final_hashrate": {
    "v27": 0.0,
    "v26": 98.36999999999999
  },
  "final_economic": {
    "v27": 43.046114164953785,
    "v26": 56.9538858350462
  },
  "final_prices": {
    "v27": 54716.73282408543,
    "v26": 65205.02717591456
  }
}