{
  "timestamps": [
    0,
    60,
    120,
    181,
    241,
    301,
    362,
    423,
    483,
    543,
    604,
    664,
    724,
    785,
    845,
    905,
    965,
    1025,
    1086,
    1146,
    1207,
    1267,
    1327,
    1387,
    1447,
    1507,
    1568,
    1628,
    1688,
    1749,
    1800
  ],
  "v27_price": [
    60000,
    60000,
    63983.76806422399,
    64623.76806422397,
    64067.97859053977,
    64067.97859053977,
    64383.76806422397,
    64143.76806422397,
    64257.45227475029,
    64303.76806422398,
    64199.1526796086,
    65128.61967712721,
    65251.579828929855,
    65305.266655773274,
    65414.47575653167,
    65481.20420880229,
    65551.38154737005,
    65583.03762944137,
    65649.44079149672,
    65683.33311276766,
    65736.71351876944,
    65808.11847744712,
    65825.3938706756,
    65867.62260967852,
    65896.08110770224,
    65917.97226002817,
    65934.41296218317,
    65961.12910318503,
    65977.7330599759,
    66001.33360201861,
    66038.05826820282
  ],
  "v26_price": [
    60000,
    60000,
    55937.99193577602,
    55297.99193577603,
    55853.78140946024,
    55853.78140946024,
    55537.99193577603,
    55777.99193577603,
    55664.30772524971,
    55617.99193577603,
    55722.607320391406,
    54793.1403228728,
    54670.18017107015,
    54616.49334422673,
    54507.28424346833,
    54440.55579119771,
    54370.378452629964,
    54338.722370558644,
    54272.31920850329,
    54238.42688723234,
    54185.04648123057,
    54113.64152255289,
    54096.36612932441,
    54054.137390321484,
    54025.67889229777,
    54003.787739971835,
    53987.34703781684,
    53960.63089681499,
    53944.026940024116,
    53920.426397981384,
    53883.70173179718
  ],
  "v27_hashrate": [
    78.82,
    78.82,
    78.82,
    78.82,
    78.82,
    78.82,
    78.82,
    78.82,
    78.82,
    78.82,
    98.36999999999999,
    98.36999999999999,
    98.36999999999999,
    98.36999999999999,
    98.36999999999999,
    98.36999999999999,
    98.36999999999999,
    98.36999999999999,
    98.36999999999999,
    98.36999999999999,
    98.36999999999999,
    98.36999999999999,
    98.36999999999999,
    98.36999999999999,
    98.36999999999999,
    98.36999999999999,
    98.36999999999999,
    98.36999999999999,
    98.36999999999999,
    98.36999999999999,
    98.36999999999999
  ],
  "v26_hashrate": [
    19.55,
    19.55,
    19.55,
    19.55,
    19.55,
    19.55,
    19.55,
    19.55,
    19.55,
    19.55,
    0.0,
    0.0,
    0.0,
    0.0,
    0.0,
    0.0,
    0.0,
    0.0,
    0.0,
    0.0,
    0.0,
    0.0,
    0.0,
    0.0,
    0.0,
    0.0,
    0.0,
    0.0,
    0.0,
    0.0,
    0.0
  ],
  "v27_economic": [
    55.00340053519982,
    55.00340053519982,
    55.00340053519982,
    55.00340053519982,
    55.00340053519982,
    55.00340053519982,
    55.00340053519982,
    55.00340053519982,
    55.00340053519982,
    55.00340053519982,
    55.00340053519982,
    55.00340053519982,
    55.00340053519982,
    55.00340053519982,
    55.00340053519982,
    55.00340053519982,
    55.00340053519982,
    55.00340053519982,
    55.00340053519982,
    55.00340053519982,
    55.00340053519982,
    55.00340053519982,
    55.00340053519982,
    55.00340053519982,
    55.00340053519982,
    55.00340053519982,
    55.00340053519982,
    55.00340053519982,
    55.00340053519982,
    55.00340053519982,
    55.00340053519982
  ],
  "v26_economic": [
    44.99659946480019,
    44.99659946480019,
    44.99659946480019,
    44.99659946480019,
    44.99659946480019,
    44.99659946480019,
    44.99659946480019,
    44.99659946480019,
    44.99659946480019,
    44.99659946480019,
    44.99659946480019,
    44.99659946480019,
    44.99659946480019,
    44.99659946480019,
    44.99659946480019,
    44.99659946480019,
    44.99659946480019,
    44.99659946480019,
    44.99659946480019,
    44.99659946480019,
    44.99659946480019,
    44.99659946480019,
    44.99659946480019,
    44.99659946480019,
    44.99659946480019,
    44.99659946480019,
    44.99659946480019,
    44.99659946480019,
    44.99659946480019,
    44.99659946480019,
    44.99659946480019
  ],
  "v27_blocks": [
    0,
    7,
    13,
    15,
    15,
    20,
    24,
    31,
    37,
    42,
    50,
    56,
    59,
    66,
    71,
    77,
    80,
    87,
    91,
    98,
    109,
    112,
    120,
    126,
    131,
    135,
    142,
    147,
    155,
    169,
    176
  ],
  "v26_blocks": [
    0,
    2,
    2,
    4,
    4,
    4,
    6,
    7,
    8,
    10,
    12,
    12,
    12,
    12,
    12,
    12,
    12,
    12,
    12,
    12,
    12,
    12,
    12,
    12,
    12,
    12,
    12,
    12,
    12,
    12,
    12
  ],
  "v27_difficulty": [
    1.0,
    1.0,
    1.0,
    1.0,
    1.0,
    1.0,
    1.0,
    1.0,
    1.0,
    1.0,
    1.0,
    1.0,
    1.0,
    1.0,
    1.0,
    1.0,
    1.0,
    1.0,
    1.0,
    1.0,
    1.0,
    1.0,
    1.0,
    1.0,
    1.0,
    1.0,
    1.0,
    0.898876404494382,
    0.898876404494382,
    0.898876404494382,
    0.898876404494382
  ],
  "v26_difficulty": [
    1.0,
    1.0,
    1.0,
    1.0,
    1.0,
    1.0,
    1.0,
    1.0,
    1.0,
    1.0,
    1.0,
    1.0,
    1.0,
    1.0,
    1.0,
    1.0,
    1.0,
    1.0,
    1.0,
    1.0,
    1.0,
    1.0,
    1.0,
    1.0,
    1.0,
    1.0,
    1.0,
    1.0,
    1.0,
    1.0,
    1.0
  ],
  "v27_chainwork": [
    0.0,
    7.0,
    13.0,
    15.0,
    15.0,
    20.0,
    24.0,
    31.0,
    37.0,
    42.0,
    50.0,
    56.0,
    59.0,
    66.0,
    71.0,
    77.0,
    80.0,
    87.0,
    91.0,
    98.0,
    109.0,
    112.0,
    120.0,
    126.0,
    131.0,
    135.0,
    142.0,
    146.69662921348316,
    153.88764044943827,
    166.4719101123597,
    172.7640449438204
  ],
  "v26_chainwork": [
    0.0,
    2.0,
    2.0,
    4.0,
    4.0,
    4.0,
    6.0,
    7.0,
    8.0,
    10.0,
    12.0,
    12.0,
    12.0,
    12.0,
    12.0,
    12.0,
    12.0,
    12.0,
    12.0,
    12.0,
    12.0,
    12.0,
    12.0,
    12.0,
    12.0,
    12.0,
    12.0,
    12.0,
    12.0,
    12.0,
    12.0
  ],
  "v27_fee_rate": [
    1.0,
    1.0,
    0.02326119091114479,
    0.02326119091114479,
    0.02326119091114479,
    0.02326119091114479,
    0.02326119091114479,
    0.02326119091114479,
    0.02326119091114479,
    0.02326119091114479,
    0.02326119091114479,
    0.018638274551351353,
    0.018638274551351353,
    0.018638274551351353,
    0.018638274551351353,
    0.018638274551351353,
    0.018638274551351353,
    0.018638274551351353,
    0.018638274551351353,
    0.018638274551351353,
    0.018638274551351353,
    0.018638274551351353,
    0.018638274551351353,
    0.018638274551351353,
    0.018638274551351353,
    0.018638274551351353,
    0.018638274551351353,
    0.018638274551351353,
    0.01675350521469784,
    0.01675350521469784,
    0.01675350521469784
  ],
  "v26_fee_rate": [
    1.0,
    1.0,
    0.07672052510060874,
    0.07672052510060874,
    0.07672052510060874,
    0.07672052510060874,
    0.07672052510060874,
    0.07672052510060874,
    0.07672052510060874,
    0.07672052510060874,
    0.07672052510060874,
    14.99886265716901,
    14.99886265716901,
    14.99886265716901,
    14.99886265716901,
    14.99886265716901,
    14.99886265716901,
    14.99886265716901,
    14.99886265716901,
    14.99886265716901,
    14.99886265716901,
    14.99886265716901,
    14.99886265716901,
    14.99886265716901,
    14.99886265716901,
    14.99886265716901,
    14.99886265716901,
    14.99886265716901,
    14.99886265716901,
    14.99886265716901,
    14.99886265716901
  ],