{
  "blocks_mined": {
    "v27": 82,
    "v26": 133
  },
  "total_blocks": 215,
  "final_hashrate": {
    "v27": 36.9,
    "v26": 49.5
  },
  "final_economic": {
    "v27": 50.12210820410434,
    "v26": 49.87789179589566
  },
  "final_prices": {
    "v27": 58363.6307622703,
    "v26": 60983.5692377297
  }
}