{
  "blocks_mined": {
    "v27": 266,
    "v26": 10
  },
  "total_blocks": 276,
  "final_hashrate": {
    "v27": 86.4,
    "v26": 0.0
  },
  "final_economic": {
    "v27": 100.0,
    "v26": 0.0
  },
  "final_prices": {
    "v27": 71164.92151898735,
    "v26": 48182.27848101267
  }
}