{
  "config": {
    "base_price": 60000,
    "max_divergence": 0.2,
    "coefficients": {
      "chain_weight": 0.3,
      "economic_weight": 0.5,
      "hashrate_weight": 0.2
    }
  },
  "current_prices": {
    "v27": 62605.14329301637,
    "v26": 57316.61670698364
  },
  "timeline": {
    "timestamps": [
      1771336516.0062056,
      1771336577.374064,
      1771336577.3740742,
      1771336637.4396427,
      1771336637.4396844,
      1771336697.7704072,
      1771336697.7704148,
      1771336757.7925901,
      1771336757.7926314,
      1771336818.177457,
      1771336818.177485,
      1771336878.9781196,
      1771336878.9781342,
      1771336939.3036873,
      1771336939.3037083,
      1771336999.6470082,
      1771336999.64703,
      1771337059.846436,
      1771337059.846465,
      1771337120.330473,
      1771337120.330515,
      1771337180.8623953,
      1771337180.862405,
      1771337241.060886,
      1771337241.060892,
      1771337301.4403095,
      1771337301.44033,
      1771337361.724874,
      1771337361.7248807
    ],
    "v27_prices": [
      60000,
      62000.86564595755,
      62000.86564595755,
      61673.592918684815,
      61673.592918684815,
      61550.86564595754,
      61550.86564595754,
      61550.86564595754,
      61550.86564595754,
      61486.579931671826,
      61486.579931671826,
      61067.532312624215,
      61067.532312624215,
      61652.47854918335,
      61652.47854918335,
      61600.865645957536,
      61600.865645957536,
      61820.86564595754,
      61820.86564595754,
      62111.02564595755,
      62111.02564595755,
      62395.23617227333,
      62395.23617227333,
      62533.97646562968,
      62533.97646562968,
      62601.93473686664,
      62601.93473686664,
      62605.14329301637,
      62605.14329301637
    ],
    "v26_prices": [
      60000,
      60000,
      57920.89435404246,
      57920.89435404246,
      58248.16708131518,
      58248.16708131518,
      58370.894354042466,
      58370.894354042466,
      58370.894354042466,
      58370.894354042466,
      58435.180068328176,
      58435.180068328176,
      58854.227687375795,
      58854.227687375795,
      58269.281450816656,
      58269.281450816656,
      58320.89435404246,
      58320.89435404246,
      58100.89435404245,
      58100.89435404245,
      57810.73435404246,
      57810.73435404246,
      57526.523827726676,
      57526.523827726676,
      57387.78353437033,
      57387.78353437033,
      57319.82526313337,
      57319.82526313337,
      57316.61670698364
    ]
  },
  "history": [
    {
      "timestamp": 1771336516.0062056,
      "chain_id": "v27",
      "price": 60000,
      "metadata": {
        "initial": true
      }
    },
    {
      "timestamp": 1771336516.0062056,
      "chain_id": "v26",
      "price": 60000,
      "metadata": {
        "initial": true
      }
    },
    {
      "timestamp": 1771336577.374064,
      "chain_id": "v27",
      "price": 62000.86564595755,
      "metadata": {
        "fork_sustained": true,
        "fork_depth": 6
      }
    },
    {
      "timestamp": 1771336577.3740742,
      "chain_id": "v26",
      "price": 57920.89435404246,
      "metadata": {
        "fork_sustained": true,
        "fork_depth": 6
      }
    },
    {
      "timestamp": 1771336637.4396427,
      "chain_id": "v27",
      "price": 61673.592918684815,
      "metadata": {
        "fork_sustained": true,
        "fork_depth": 11
      }
    },
    {
      "timestamp": 1771336637.4396844,
      "chain_id": "v26",
      "price": 58248.16708131518,
      "metadata": {
        "fork_sustained": true,
        "fork_depth": 11
      }
    },
    {
      "timestamp": 1771336697.7704072,
      "chain_id": "v27",
      "price": 61550.86564595754,
      "metadata": {
        "fork_sustained": true,
        "fork_depth": 16
      }
    },
    {
      "timestamp": 1771336697.7704148,
      "chain_id": "v26",
      "price": 58370.894354042466,
      "metadata": {
        "fork_sustained": true,
        "fork_depth": 16
      }
    },
    {
      "timestamp": 1771336757.7925901,
      "chain_id": "v27",
      "price": 61550.86564595754,
      "metadata": {
        "fork_sustained": true,
        "fork_depth": 16
      }
    },
    {
      "timestamp": 1771336757.7926314,
      "chain_id": "v26",
      "price": 58370.894354042466,
      "metadata": {
        "fork_sustained": true,
        "fork_depth": 16
      }
    },
    {
      "timestamp": 1771336818.177457,
      "chain_id": "v27",
      "price": 61486.579931671826,
      "metadata": {
        "fork_sustained": true,
        "fork_depth": 21
      }
    },
    {
      "timestamp": 1771336818.177485,
      "chain_id": "v26",
      "price": 58435.180068328176,
      "metadata": {
        "fork_sustained": true,
        "fork_depth": 21
      }
    },
    {
      "timestamp": 1771336878.9781196,
      "chain_id": "v27",
      "price": 61067.532312624215,
      "metadata": {
        "fork_sustained": true,
        "fork_depth": 27
      }
    },
    {
      "timestamp": 1771336878.9781342,
      "chain_id": "v26",
      "price": 58854.227687375795,
      "metadata": {
        "fork_sustained": true,
        "fork_depth": 27
      }
    },
    {
      "timestamp": 1771336939.3036873,
      "chain_id": "v27",
      "price": 61652.47854918335,
      "metadata": {
        "fork_sustained": true,
        "fork_depth": 31
      }
    },
    {
      "timestamp": 1771336939.3037083,
      "chain_id": "v26",
      "price": 58269.281450816656,
      "metadata": {
        "fork_sustained": true,
        "fork_depth": 31
      }
    },
    {
      "timestamp": 1771336999.6470082,
      "chain_id": "v27",
      "price": 61600.865645957536,
      "metadata": {
        "fork_sustained": true,
        "fork_depth": 36
      }
    },
    {
      "timestamp": 1771336999.64703,
      "chain_id": "v26",
      "price": 58320.89435404246,
      "metadata": {
        "fork_sustained": true,
        "fork_depth": 36
      }
    },
    {
      "timestamp": 1771337059.846436,
      "chain_id": "v27",
      "price": 61820.86564595754,
      "metadata": {
        "fork_sustained": true,
        "fork_depth": 40
      }
    },
    {
      "timestamp": 1771337059.846465,
      "chain_id": "v26",
      "price": 58100.89435404245,
      "metadata": {
        "fork_sustained": true,
        "fork_depth": 40
      }
    },
    {
      "timestamp": 1771337120.330473,
      "chain_id": "v27",
      "price": 62111.02564595755,
      "metadata": {
        "fork_sustained": true,
        "fork_depth": 48
      }
    },
    {
      "timestamp": 1771337120.330515,
      "chain_id": "v26",
      "price": 57810.73435404246,
      "metadata": {
        "fork_sustained": true,
        "fork_depth": 48
      }
    },
    {
      "timestamp": 1771337180.8623953,
      "chain_id": "v27",
      "price": 62395.23617227333,
      "metadata": {
        "fork_sustained": true,
        "fork_depth": 57
      }
    },
    {
      "timestamp": 1771337180.862405,
      "chain_id": "v26",
      "price": 57526.523827726676,
      "metadata": {
        "fork_sustained": true,
        "fork_depth": 57
      }
    },
    {
      "timestamp": 1771337241.060886,
      "chain_id": "v27",
      "price": 62533.97646562968,
      "metadata": {
        "fork_sustained": true,
        "fork_depth": 61
      }
    },
    {
      "timestamp": 1771337241.060892,
      "chain_id": "v26",
      "price": 57387.78353437033,
      "metadata": {
        "fork_sustained": true,
        "fork_depth": 61
      }
    },
    {
      "timestamp": 1771337301.4403095,
      "chain_id": "v27",
      "price": 62601.93473686664,
      "metadata": {
        "fork_sustained": true,
        "fork_depth": 66
      }
    },
    {
      "timestamp": 1771337301.44033,
      "chain_id": "v26",
      "price": 57319.82526313337,
      "metadata": {
        "fork_sustained": true,
        "fork_depth": 66
      }
    },
    {
      "timestamp": 1771337361.724874,