{
  "timestamps": [
    0,
    60,
    121,
    181,
    241,
    302,
    362,
    423,
    483,
    543,
    603,
    663,
    724,
    784,
    845,
    905,
    966,
    1026,
    1086,
    1147,
    1207,
    1267,
    1328,
    1388,
    1449,
    1509,
    1569,
    1630,
    1690,
    1750,
    1800
  ],
  "v27_price": [
    60000,
    60000,
    61056.0,
    60456.0,
    60576.0,
    60183.27272727273,
    60491.294117647056,
    60216.0,
    59856.0,
    59921.454545454544,
    59731.862068965514,
    59794.983050847455,
    59739.87096774194,
    59856.0,
    59856.0,
    59856.0,
    59856.0,
    59893.8947368421,
    59856.0,
    59955.08256880734,
    60137.739130434784,
    60222.101694915254,
    60230.4,
    60070.92537313433,
    60034.723404255325,
    60055.99999999999,
    60001.945945945954,
    60016.50955414013,
    60010.60122699386,
    60047.715976331354,
    60043.28323699422
  ],
  "v26_price": [
    60000,
    60000,
    58656.0,
    59256.0,
    59136.0,
    59528.72727272727,
    59220.705882352944,
    59496.0,
    59856.0,
    59790.545454545456,
    59980.137931034486,
    59917.016949152545,
    59972.12903225807,
    59856.0,
    59856.0,
    59856.0,
    59856.0,
    59818.10526315789,
    59856.0,
    59756.91743119266,
    59574.260869565216,
    59489.898305084746,
    59481.6,
    59641.07462686567,
    59677.27659574468,
    59656.0,
    59710.05405405405,
    59695.49044585987,
    59701.398773006134,
    59664.28402366863,
    59668.71676300578
  ],
  "v27_hashrate": [
    47.0,
    47.0,
    47.0,
    47.0,
    47.0,
    47.0,
    47.0,
    47.0,
    47.0,
    47.0,
    47.0,
    47.0,
    47.0,
    47.0,
    47.0,
    47.0,
    47.0,
    47.0,
    47.0,
    47.0,
    47.0,
    47.0,
    47.0,
    47.0,
    47.0,
    47.0,
    47.0,
    47.0,
    47.0,
    47.0,
    47.0
  ],
  "v26_hashrate": [
    47.0,
    47.0,
    47.0,
    47.0,
    47.0,
    47.0,
    47.0,
    47.0,
    47.0,
    47.0,
    47.0,
    47.0,
    47.0,
    47.0,
    47.0,
    47.0,
    47.0,
    47.0,
    47.0,
    47.0,
    47.0,
    47.0,
    47.0,
    47.0,
    47.0,
    47.0,
    47.0,
    47.0,
    47.0,
    47.0,
    47.0
  ],
  "v27_economic": [
    50.0,
    50.0,
    50.0,
    50.0,
    50.0,
    50.0,
    50.0,
    50.0,
    50.0,
    50.0,
    50.0,
    50.0,
    50.0,
    50.0,
    50.0,
    50.0,
    50.0,
    50.0,
    50.0,
    50.0,
    50.0,
    50.0,
    50.0,
    50.0,
    50.0,
    50.0,
    50.0,
    50.0,
    50.0,
    50.0,
    50.0
  ],
  "v26_economic": [
    50.0,
    50.0,
    50.0,
    50.0,
    50.0,
    50.0,
    50.0,
    50.0,
    50.0,
    50.0,
    50.0,
    50.0,
    50.0,
    50.0,
    50.0,
    50.0,
    50.0,
    50.0,
    50.0,
    50.0,
    50.0,
    50.0,
    50.0,
    50.0,
    50.0,
    50.0,
    50.0,
    50.0,
    50.0,
    50.0,
    50.0
  ],
  "v27_blocks": [
    0,
    4,
    7,
    9,
    12,
    20,
    22,
    25,
    28,
    28,
    29,
    30,
    35,
    38,
    42,
    45,
    48,
    51,
    56,
    62,
    65,
    69,
    71,
    74,
    76,
    77,
    82,
    85,
    89,
    91,
    92
  ],
  "v26_blocks": [
    0,
    2,
    5,
    6,
    10,
    14,
    18,
    25,
    27,
    30,
    30,
    32,
    35,
    38,
    42,
    45,
    47,
    51,
    53,
    53,
    53,
    56,
    63,
    67,
    68,
    71,
    75,
    78,
    80,
    82,
    84
  ],
  "v27_difficulty": [
    1.0,
    1.0,
    1.0,
    1.0,
    1.0,
    1.0,
    1.0,
    1.0,
    1.0,
    1.0,
    1.0,
    1.0,
    1.0,
    1.0,
    1.0,
    1.0,
    1.0,
    1.0,
    1.0,
    1.0,
    1.0,
    1.0,
    1.0,
    1.0,
    1.0,
    1.0,
    1.0,
    1.0,
    1.0,
    1.0,
    1.0
  ],
  "v26_difficulty": [
    1.0,
    1.0,
    1.0,
    1.0,
    1.0,
    1.0,
    1.0,
    1.0,
    1.0,
    1.0,
    1.0,
    1.0,
    1.0,
    1.0,
    1.0,
    1.0,
    1.0,
    1.0,
    1.0,
    1.0,
    1.0,
    1.0,
    1.0,
    1.0,
    1.0,
    1.0,
    1.0,
    1.0,
    1.0,
    1.0,
    1.0
  ],
  "v27_chainwork": [
    0.0,
    4.0,
    7.0,
    9.0,
    12.0,
    20.0,
    22.0,
    25.0,
    28.0,
    28.0,
    29.0,
    30.0,
    35.0,
    38.0,
    42.0,
    45.0,
    48.0,
    51.0,
    56.0,
    62.0,
    65.0,
    69.0,
    71.0,
    74.0,
    76.0,
    77.0,
    82.0,
    85.0,
    89.0,
    91.0,
    92.0
  ],
  "v26_chainwork": [
    0.0,
    2.0,
    5.0,
    6.0,
    10.0,
    14.0,
    18.0,
    25.0,
    27.0,
    30.0,
    30.0,
    32.0,
    35.0,
    38.0,
    42.0,
    45.0,
    47.0,
    51.0,
    53.0,
    53.0,
    53.0,
    56.0,
    63.0,
    67.0,
    68.0,
    71.0,
    75.0,
    78.0,
    80.0,
    82.0,
    84.0
  ],
  "v27_fee_rate": [
    1.0,
    1.0,
    0.035460992907801414,
    0.035460992907801414,
    0.035460992907801414,
    0.035460992907801414,
    0.035460992907801414,
    0.035460992907801414,
    0.035460992907801414,
    0.035460992907801414,
    0.035460992907801414,
    0.035460992907801414,
    0.035460992907801414,
    0.035460992907801414,
    0.035460992907801414,
    0.035460992907801414,
    0.035460992907801414,
    0.035460992907801414,
    0.035460992907801414,
    0.035460992907801414,
    0.035460992907801414,
    0.035460992907801414,
    0.035460992907801414,
    0.035460992907801414,
    0.035460992907801414,
    0.035460992907801414,
    0.035460992907801414,
    0.035460992907801414,
    0.035460992907801414,
    0.035460992907801414,
    0.035460992907801414
  ],
  "v26_fee_rate": [
    1.0,
    1.0,
    0.035460992907801414,
    0.035460992907801414,
    0.035460992907801414,
    0.035460992907801414,
    0.035460992907801414,
    0.035460992907801414,
    0.035460992907801414,
    0.035460992907801414,
    0.035460992907801414,
    0.035460992907801414,
    0.035460992907801414,
    0.035460992907801414,
    0.035460992907801414,
    0.035460992907801414,
    0.035460992907801414,
    0.035460992907801414,
    0.035460992907801414,
    0.035460992907801414,
    0.035460992907801414,
    0.035460992907801414,
    0.035460992907801414,
    0.035460992907801414,
    0.035460992907801414,
    0.035460992907801414,
    0.035460992907801414,
    0.035460992907801414,
    0.035460992907801414,
    0.035460992907801414,
    0.035460992907801414
  ],
  "v27_fee_revenue_btc": [
    0.01,
    0.01,
    0.00035460992907801415,
    0.00035460992907801415,
    0.00035460992907801415,
    0.00035460992907801415,
    0.00035460992907801415,
    0.00035460992907801415,
    0.00035460992907801415,
    0.00035460992907801415,
    0.00035460992907801415,
    0.00035460992907801415,
    0.00035460992907801415,
    0.00035460992907801415,
    0.00035460992907801415,
    0.00035460992907801415,
    0.00035460992907801415,
    0.00035460992907801415,
    0.00035460992907801415,
    0.00035460992907801415,
    0.00035460992907801415,
    0.00035460992907801415,
    0.00035460992907801415,
    0.00035460992907801415,
    0.00035460992907801415,
    0.00035460992907801415,
    0.00035460992907801415,
    0.00035460992907801415,
    0.00035460992907801415,
    0.00035460992907801415,
    0.00035460992907801415
  ],
  "v26_fee_revenue_btc": [
    0.01,
    0.01,
    0.00035460992907801415,
    0.00035460992907801415,
    0.00035460992907801415,
    0.00035460992907801415,
    0.00035460992907801415,
    0.00035460992907801415,
    0.00035460992907801415,
    0.00035460992907801415,
    0.00035460992907801415,
    0.00035460992907801415,
    0.00035460992907801415,
    0.00035460992907801415,
    0.00035460992907801415,
    0.00035460992907801415,
    0.00035460992907801415,
    0.00035460992907801415,
    0.00035460992907801415,
    0.00035460992907801415,
    0.00035460992907801415,
    0.00035460992907801415,
    0.00035460992907801415,
    0.00035460992907801415,
    0.00035460992907801415,
    0.00035460992907801415,
    0.00035460992907801415,
    0.00035460992907801415,
    0.00035460992907801415,
    0.00035460992907801415,
    0.00035460992907801415
  ],