{
  "blocks_mined": {
    "v27": 1534,
    "v26": 1070
  },
  "total_blocks": 2604,
  "final_hashrate": {
    "v27": 50.5,
    "v26": 35.9
  },
  "final_economic": {
    "v27": 56.737060138721,
    "v26": 43.262939861279
  },
  "final_prices": {
    "v27": 61492.517888024624,
    "v26": 57854.682111975395
  }
}