{
  "blocks_mined": {
    "v27": 4386,
    "v26": 1480
  },
  "total_blocks": 5866,
  "final_hashrate": {
    "v27": 86.4,
    "v26": 0.0
  },
  "final_economic": {
    "v27": 56.73741253525133,
    "v26": 43.26258746474866
  },
  "final_prices": {
    "v27": 63829.78247603094,
    "v26": 55517.41752396907
  }
}