{
  "config": {
    "base_price": 60000,
    "max_divergence": 0.2,
    "coefficients": {
      "chain_weight": 0.3,
      "economic_weight": 0.5,
      "hashrate_weight": 0.2
    }
  },
  "current_prices": {
    "v27": 62438.71145939554,
    "v26": 56908.48854060446
  },
  "timeline": {
    "timestamps": [
      1772707622.2764962,
      1772707683.2955382,
      1772707683.2955482,
      1772707744.2084875,
      1772707744.2084935,
      1772707804.5896277,
      1772707804.5896332,
      1772707864.6696405,
      1772707864.6696486,
      1772707925.2084875,
      1772707925.2084937,
      1772707985.6993098,
      1772707985.699317,
      1772708046.3497226,
      1772708046.3497307,
      1772708107.0044134,
      1772708107.0044188,
      1772708167.7022395,
      1772708167.7022676,
      1772708228.216061,
      1772708228.2160668,
      1772708289.2339911,
      1772708289.2339969,
      1772708350.0456717,
      1772708350.0456793,
      1772708410.0969033,
      1772708410.0969095,
      1772708470.428874,
      1772708470.4288816,
      1772708530.6369917,
      1772708530.6370022,
      1772708590.893452,
      1772708590.8934584,
      1772708651.5407517,
      1772708651.5407574,
      1772708711.7188847,
      1772708711.7188902,
      1772708771.8799274,
      1772708771.8799329,
      1772708832.82233,
      1772708832.822338,
      1772708893.5862846,
      1772708893.5862923,
      1772708953.673364,
      1772708953.6733696,
      1772709014.369965,
      1772709014.3699708,
      1772709075.1683195,
      1772709075.168327,
      1772709135.503307,
      1772709135.5033128,
      1772709195.710834,
      1772709195.7108395,
      1772709256.0520923,
      1772709256.0520976,
      1772709316.5543115,
      1772709316.5543163,
      1772709376.773083,
      1772709376.773091
    ],
    "v27_prices": [
      60000,
      58543.45298449252,
      58543.45298449252,
      58867.45298449252,
      58867.45298449252,
      59032.02441306395,
      59032.02441306395,
      59026.61087922936,
      59026.61087922936,
      59056.67612498839,
      59056.67612498839,
      59116.18025721979,
      59116.18025721979,
      59131.31425616882,
      59131.31425616882,
      59015.7302122153,
      59015.7302122153,
      59104.99144603099,
      59104.99144603099,
      58707.162637002184,
      58707.162637002184,
      58676.110378273675,
      58676.110378273675,
      58582.05386554978,
      58582.05386554978,
      58584.13356037219,
      58584.13356037219,
      58540.14463456459,
      58540.14463456459,
      58511.323074868626,
      58511.323074868626,
      58475.16245737441,
      58475.16245737441,
      58428.64119778552,
      58428.64119778552,
      58394.38126696481,
      58394.38126696481,
      58366.10839941984,
      58366.10839941984,
      61107.72434766332,
      61107.72434766332,
      61298.76371515646,
      61298.76371515646,
      61491.5118221194,
      61491.5118221194,
      61643.568497253764,
      61643.568497253764,
      61822.76196977327,
      61822.76196977327,
      61963.62986241203,
      61963.62986241203,
      62092.05670700017,
      62092.05670700017,
      62219.023018455504,
      62219.023018455504,
      62336.497677890744,
      62336.497677890744,
      62438.71145939554,
      62438.71145939554
    ],
    "v26_prices": [
      60000,
      60000,
      60803.74701550749,
      60803.74701550749,
      60479.74701550747,
      60479.74701550747,
      60315.17558693606,
      60315.17558693606,
      60320.58912077064,
      60320.58912077064,
      60290.52387501162,
      60290.52387501162,
      60231.019742780205,
      60231.019742780205,
      60215.88574383118,
      60215.88574383118,
      60331.469787784714,
      60331.469787784714,
      60242.208553969016,
      60242.208553969016,
      60640.03736299783,
      60640.03736299783,
      60671.089621726336,
      60671.089621726336,
      60765.146134450224,
      60765.146134450224,
      60763.066439627815,
      60763.066439627815,
      60807.05536543542,
      60807.05536543542,
      60835.876925131386,
      60835.876925131386,
      60872.03754262559,
      60872.03754262559,
      60918.558802214495,
      60918.558802214495,
      60952.818733035194,
      60952.818733035194,
      60981.09160058016,
      60981.09160058016,
      58239.47565233669,
      58239.47565233669,
      58048.43628484354,
      58048.43628484354,
      57855.68817788062,
      57855.68817788062,
      57703.63150274624,
      57703.63150274624,
      57524.43803022674,
      57524.43803022674,
      57383.57013758797,
      57383.57013758797,
      57255.143292999834,
      57255.143292999834,
      57128.1769815445,
      57128.1769815445,
      57010.70232210926,
      57010.70232210926,
      56908.48854060446
    ]
  },
  "history": [
    {
      "timestamp": 1772707622.2764962,
      "chain_id": "v27",
      "price": 60000,
      "metadata": {
        "initial": true
      }
    },
    {
      "timestamp": 1772707622.2764962,
      "chain_id": "v26",
      "price": 60000,
      "metadata": {
        "initial": true
      }
    },
    {
      "timestamp": 1772707683.2955382,
      "chain_id": "v27",
      "price": 58543.45298449252,
      "metadata": {
        "fork_sustained": true,
        "fork_depth": 24
      }
    },
    {
      "timestamp": 1772707683.2955482,
      "chain_id": "v26",
      "price": 60803.74701550749,
      "metadata": {
        "fork_sustained": true,
        "fork_depth": 24
      }
    },
    {
      "timestamp": 1772707744.2084875,
      "chain_id": "v27",
      "price": 58867.45298449252,
      "metadata": {
        "fork_sustained": true,
        "fork_depth": 50
      }
    },
    {
      "timestamp": 1772707744.2084935,
      "chain_id": "v26",
      "price": 60479.74701550747,
      "metadata": {
        "fork_sustained": true,
        "fork_depth": 50
      }
    },
    {
      "timestamp": 1772707804.5896277,
      "chain_id": "v27",
      "price": 59032.02441306395,
      "metadata": {
        "fork_sustained": true,
        "fork_depth": 70
      }
    },
    {
      "timestamp": 1772707804.5896332,
      "chain_id": "v26",
      "price": 60315.17558693606,
      "metadata": {
        "fork_sustained": true,
        "fork_depth": 70
      }
    },
    {
      "timestamp": 1772707864.6696405,
      "chain_id": "v27",
      "price": 59026.61087922936,
      "metadata": {
        "fork_sustained": true,
        "fork_depth": 95
      }
    },
    {
      "timestamp": 1772707864.6696486,
      "chain_id": "v26",
      "price": 60320.58912077064,
      "metadata": {
        "fork_sustained": true,
        "fork_depth": 95
      }
    },
    {
      "timestamp": 1772707925.2084875,
      "chain_id": "v27",
      "price": 59056.67612498839,
      "metadata": {
        "fork_sustained": true,
        "fork_depth": 121
      }
    },
    {
      "timestamp": 1772707925.2084937,
      "chain_id": "v26",
      "price": 60290.52387501162,
      "metadata": {
        "fork_sustained": true,
        "fork_depth": 121
      }
    },
    {
      "timestamp": 1772707985.6993098,
      "chain_id": "v27",
      "price": 59116.18025721979,
      "metadata": {
        "fork_sustained": true,
        "fork_depth": 143
      }
    },
    {
      "timestamp": 1772707985.699317,
      "chain_id": "v26",
      "price": 60231.019742780205,
      "metadata": {
        "fork_sustained": true,
        "fork_depth": 143
      }
    },
    {
      "timestamp": 1772708046.3497226,
      "chain_id": "v27",
      "price": 59131.31425616882,
      "metadata": {
        "fork_sustained": true,
        "fork_depth": 173
      }
    },
    {
      "timestamp": 1772708046.3497307,
      "chain_id": "v26",
      "price": 60215.88574383118,
      "metadata": {
        "fork_sustained": true,
        "fork_depth": 173
      }
    },
    {
      "timestamp": 1772708107.0044134,
      "chain_id": "v27",
      "price": 59015.7302122153,