{
  "timestamps": [
    0,
    60,
    120,
    181,
    241,
    301,
    362,
    422,
    483,
    543,
    604,
    665,
    726,
    786,
    846,
    907,
    968,
    1028,
    1089,
    1149,
    1210,
    1270,
    1330,
    1390,
    1451,
    1511,
    1572,
    1632,
    1693,
    1753,
    1800
  ],
  "v27_price": [
    60000,
    60000,
    59986.715224772524,
    60310.71522477252,
    60417.15000738122,
    60469.873119509364,
    60499.93836526839,
    60531.78564730773,
    60574.57649644882,
    60474.77492626506,
    60531.350417905574,
    61147.031503842285,
    61257.94617885052,
    61326.650442121245,
    61361.27110948658,
    61425.73996534242,
    61461.21687584401,
    61523.1692444118,
    61534.56109981728,
    61570.0209028292,
    61577.12085215614,
    59156.949782889016,
    58987.32512428151,
    58828.54240205515,
    58669.31573951075,
    58511.17064130992,
    58394.67099922634,
    58276.020217297075,
    58173.17469529675,
    58066.25948596061,
    57974.93537873792
  ],
  "v26_price": [
    60000,
    60000,
    59360.48477522749,
    59036.48477522749,
    58930.04999261879,
    58877.32688049065,
    58847.26163473162,
    58815.41435269228,
    58772.623503551185,
    58872.42507373495,
    58815.84958209444,
    58200.16849615771,
    58089.25382114949,
    58020.54955787876,
    57985.92889051342,
    57921.46003465757,
    57885.98312415599,
    57824.030755588195,
    57812.638900182734,
    57777.179097170796,
    57770.07914784385,
    60190.25021711098,
    60359.87487571849,
    60518.65759794485,
    60677.884260489256,
    60836.029358690095,
    60952.52900077367,
    61071.17978270294,
    61174.02530470326,
    61280.94051403939,
    61372.26462126208
  ],
  "v27_hashrate": [
    38.1,
    38.1,
    38.1,
    38.1,
    38.1,
    38.1,
    38.1,
    38.1,
    38.1,
    38.1,
    50.5,
    50.5,
    50.5,
    50.5,
    50.5,
    50.5,
    50.5,
    50.5,
    50.5,
    50.5,
    0.0,
    0.0,
    0.0,
    0.0,
    0.0,
    0.0,
    0.0,
    0.0,
    0.0,
    0.0,
    0.0
  ],
  "v26_hashrate": [
    48.3,
    48.3,
    48.3,
    48.3,
    48.3,
    48.3,
    48.3,
    48.3,
    48.3,
    48.3,
    35.9,
    35.9,
    35.9,
    35.9,
    35.9,
    35.9,
    35.9,
    35.9,
    35.9,
    35.9,
    86.4,
    86.4,
    86.4,
    86.4,
    86.4,
    86.4,
    86.4,
    86.4,
    86.4,
    86.4,
    86.4
  ],
  "v27_economic": [
    62.14929353977099,
    62.14929353977099,
    62.14929353977099,
    62.14929353977099,
    62.14929353977099,
    62.14929353977099,
    62.14929353977099,
    62.14929353977099,
    62.14929353977099,
    62.14929353977099,
    62.14929353977099,
    62.14929353977099,
    62.14929353977099,
    62.14929353977099,
    62.14929353977099,
    62.14929353977099,
    62.14929353977099,
    62.14929353977099,
    62.14929353977099,
    62.14929353977099,
    62.14929353977099,
    62.14929353977099,
    62.14929353977099,
    62.14929353977099,
    62.14929353977099,
    62.14929353977099,
    62.14929353977099,
    62.14929353977099,
    62.14929353977099,
    62.14929353977099,
    62.14929353977099
  ],
  "v26_economic": [
    37.850706460229006,
    37.850706460229006,
    37.850706460229006,
    37.850706460229006,
    37.850706460229006,
    37.850706460229006,
    37.850706460229006,
    37.850706460229006,
    37.850706460229006,
    37.850706460229006,
    37.850706460229006,
    37.850706460229006,
    37.850706460229006,
    37.850706460229006,
    37.850706460229006,
    37.850706460229006,
    37.850706460229006,
    37.850706460229006,
    37.850706460229006,
    37.850706460229006,
    37.850706460229006,
    37.850706460229006,
    37.850706460229006,
    37.850706460229006,
    37.850706460229006,
    37.850706460229006,
    37.850706460229006,
    37.850706460229006,
    37.850706460229006,
    37.850706460229006,
    37.850706460229006
  ],
  "v27_blocks": [
    0,
    9,
    21,
    30,
    42,
    54,
    64,
    79,
    89,
    105,
    117,
    135,
    157,
    191,
    229,
    265,
    303,
    333,
    360,
    389,
    418,
    418,
    418,
    418,
    418,
    418,
    418,
    418,
    418,
    418,
    418
  ],
  "v26_blocks": [
    0,
    15,
    29,
    39,
    53,
    67,
    78,
    94,
    112,
    128,
    141,
    163,
    184,
    209,
    230,
    254,
    275,
    308,
    332,
    368,
    405,
    468,
    528,
    585,
    621,
    650,
    682,
    712,
    744,
    773,
    795
  ],
  "v27_difficulty": [
    1.0,
    1.0,
    1.0,
    1.0,
    1.0,
    1.0,
    1.0,
    1.0,
    1.0,
    1.0,
    1.0,
    1.0,
    0.40793201133144474,
    0.40793201133144474,
    0.40793201133144474,
    0.40793201133144474,
    0.4978153358621021,
    0.4978153358621021,
    0.4978153358621021,
    0.4978153358621021,
    0.4978153358621021,
    0.4978153358621021,
    0.4978153358621021,
    0.4978153358621021,
    0.4978153358621021,
    0.4978153358621021,
    0.4978153358621021,
    0.4978153358621021,
    0.4978153358621021,
    0.4978153358621021,
    0.4978153358621021
  ],
  "v26_difficulty": [
    1.0,
    1.0,
    1.0,
    1.0,
    1.0,
    1.0,
    1.0,
    1.0,
    1.0,
    1.0,
    1.0,
    0.46905537459283386,
    0.46905537459283386,
    0.46905537459283386,
    0.46905537459283386,
    0.46905537459283386,
    0.46905537459283386,
    0.35549459969141095,
    0.35549459969141095,
    0.35549459969141095,
    0.35549459969141095,
    0.42837842975366675,
    0.42837842975366675,
    0.8627481662171751,
    0.8627481662171751,
    0.8627481662171751,
    0.8627481662171751,
    0.8627481662171751,
    0.9236857690354885,
    0.9236857690354885,
    0.9236857690354885
  ],
  "v27_chainwork": [
    0.0,
    9.0,
    21.0,
    30.0,
    42.0,
    54.0,
    64.0,
    79.0,
    89.0,
    105.0,
    117.0,
    135.0,
    149.3031161473087,
    163.17280453257766,
    178.67422096317236,
    193.35977337110418,
    210.2094396696588,
    225.1438997455218,
    238.5849138137985,
    253.0215585537994,
    267.458203293801,
    267.458203293801,
    267.458203293801,
    267.458203293801,
    267.458203293801,
    267.458203293801,
    267.458203293801,
    267.458203293801,
    267.458203293801,
    267.458203293801,
    267.458203293801
  ],
  "v26_chainwork": [
    0.0,
    15.0,
    29.0,
    39.0,
    53.0,
    67.0,
    78.0,
    94.0,
    112.0,
    128.0,
    141.0,
    152.91205211726398,
    162.76221498371365,
    174.48859934853468,
    184.33876221498434,
    195.59609120521253,
    205.4462540716622,
    218.65386593519736,
    227.18573632779123,
    239.98354191668204,
    253.13684210526426,
    278.15681976806326,
    303.85952555328225,
    332.1864236774119,
    363.2453576612296,
    388.2650544815272,
    415.8729958004763,
    441.7554407869911,
    470.82588457358037,
    497.6127718756099,
    517.9338587943909
  ],
  "v27_fee_rate": [
    1.0,
    1.0,
    0.011842429905214525,
    0.011842429905214525,
    0.011842429905214525,
    0.011842429905214525,
    0.011842429905214525,
    0.011842429905214525,
    0.011842429905214525,
    0.011842429905214525,
    0.011842429905214525,
    0.00893458573046878,
    0.00893458573046878,
    0.0036447035274433546,
    0.0036447035274433546,
    0.0036447035274433546,
    0.0036447035274433546,
    0.00444777379620206,
    0.00444777379620206,
    0.00444777379620206,
    0.00444777379620206,
    2.24612576708204,
    2.24612576708204,
    2.24612576708204,
    2.24612576708204,
    2.24612576708204,
    2.24612576708204,
    2.24612576708204,
    2.24612576708204,
    2.24612576708204,
    2.24612576708204
  ],