{
  "blocks_mined": {
    "v27": 0,
    "v26": 0
  },
  "total_blocks": 0,
  "final_hashrate": {
    "v27": 50.5,
    "v26": 35.9
  },
  "final_economic": {
    "v27": 62.14929353977099,
    "v26": 37.850706460229006
  },
  "final_prices": {
    "v27": 60000,
    "v26": 60000
  }
}