{
  "blocks_mined": {
    "v27": 588,
    "v26": 22
  },
  "total_blocks": 610,
  "final_hashrate": {
    "v27": 86.4,
    "v26": 0.0
  },
  "final_economic": {
    "v27": 100.0,
    "v26": 0.0
  },
  "final_prices": {
    "v27": 71109.70000000001,
    "v26": 48237.50000000001
  }
}