{
  "blocks_mined": {
    "v27": 362,
    "v26": 44
  },
  "total_blocks": 406,
  "final_hashrate": {
    "v27": 98.36999999999999,
    "v26": 0.0
  },
  "final_economic": {
    "v27": 55.00340053519982,
    "v26": 44.99659946480019
  },
  "final_prices": {
    "v27": 65668.87124878961,
    "v26": 54252.88875121039
  }
}