{
  "config": {
    "base_price": 60000,
    "max_divergence": 0.2,
    "coefficients": {
      "chain_weight": 0.3,
      "economic_weight": 0.5,
      "hashrate_weight": 0.2
    }
  },
  "current_prices": {
    "v27": 55092.492207165604,
    "v26": 64829.267792834406
  },
  "timeline": {
    "timestamps": [
      1771975183.8782694,
      1771975244.698947,
      1771975244.6989563,
      1771975305.387314,
      1771975305.3873203,
      1771975365.4659107,
      1771975365.4659162,
      1771975425.472669,
      1771975425.472676,
      1771975485.745501,
      1771975485.7455082,
      1771975545.8865345,
      1771975545.8865397,
      1771975606.05101,
      1771975606.0510154,
      1771975666.201362,
      1771975666.201367,
      1771975726.337766,
      1771975726.3377733,
      1771975787.2232995,
      1771975787.2233052,
      1771975847.362989,
      1771975847.362994,
      1771975907.4395401,
      1771975907.439549,
      1771975967.6001165,
      1771975967.600126,
      1771976028.3926754,
      1771976028.3926833,
      1771976088.5398684,
      1771976088.5398753,
      1771976148.603573,
      1771976148.60358,
      1771976208.7615783,
      1771976208.7615862,
      1771976268.8685355,
      1771976268.8685431,
      1771976329.027182,
      1771976329.0271897,
      1771976389.2524416,
      1771976389.2524464,
      1771976449.3184304,
      1771976449.3184357,
      1771976509.4978006,
      1771976509.4978056,
      1771976569.630785,
      1771976569.6307895,
      1771976629.7280543,
      1771976629.7280617,
      1771976689.8276815,
      1771976689.8276906,
      1771976749.982819,
      1771976749.9828246,
      1771976810.0936625,
      1771976810.0936692,
      1771976870.2733629,
      1771976870.273368,
      1771976930.584843,
      1771976930.5848484
    ],
    "v27_prices": [
      60000,
      59491.12806422397,
      59491.12806422397,
      57691.12806422398,
      57691.12806422398,
      58141.12806422398,
      58141.12806422398,
      58141.12806422398,
      58141.12806422398,
      57605.41377850969,
      57605.41377850969,
      57757.79473089065,
      57757.79473089065,
      57331.12806422398,
      57331.12806422398,
      57262.556635652545,
      57262.556635652545,
      57391.12806422398,
      57391.12806422398,
      56064.814843885,
      56064.814843885,
      55929.63883345475,
      55929.63883345475,
      55870.9962995181,
      55870.9962995181,
      55752.40806422398,
      55752.40806422398,
      55680.40806422398,
      55680.40806422398,
      55605.05922701468,
      55605.05922701468,
      55571.194581077914,
      55571.194581077914,
      55500.40806422398,
      55500.40806422398,
      55464.408064223986,
      55464.408064223986,
      55407.884699738,
      55407.884699738,
      55332.61145405449,
      55332.61145405449,
      55314.45765100084,
      55314.45765100084,
      55270.175506084444,
      55270.175506084444,
      55240.408064223986,
      55240.408064223986,
      55217.55092136684,
      55217.55092136684,
      55200.40806422398,
      55200.40806422398,
      55172.593494687564,
      55172.593494687564,
      55154.254218070135,
      55154.254218070135,
      55130.07979287725,
      55130.07979287725,
      55092.492207165604,
      55092.492207165604
    ],
    "v26_prices": [
      60000,
      60000,
      60430.63193577602,
      60430.63193577602,
      62230.63193577602,
      62230.63193577602,
      61780.63193577603,
      61780.63193577603,
      61780.63193577603,
      61780.63193577603,
      62316.34622149031,
      62316.34622149031,
      62163.96526910936,
      62163.96526910936,
      62590.63193577602,
      62590.63193577602,
      62659.20336434745,
      62659.20336434745,
      62530.63193577603,
      62530.63193577603,
      63856.94515611501,
      63856.94515611501,
      63992.121166545265,
      63992.121166545265,
      64050.76370048191,
      64050.76370048191,
      64169.35193577603,
      64169.35193577603,
      64241.35193577604,
      64241.35193577604,
      64316.70077298532,
      64316.70077298532,
      64350.565418922095,
      64350.565418922095,
      64421.35193577603,
      64421.35193577603,
      64457.35193577602,
      64457.35193577602,
      64513.87530026201,
      64513.87530026201,
      64589.14854594552,
      64589.14854594552,
      64607.30234899916,
      64607.30234899916,
      64651.584493915565,
      64651.584493915565,
      64681.35193577602,
      64681.35193577602,
      64704.20907863317,
      64704.20907863317,
      64721.35193577604,
      64721.35193577604,
      64749.166505312445,
      64749.166505312445,
      64767.505781929875,
      64767.505781929875,
      64791.68020712276,
      64791.68020712276,
      64829.267792834406
    ]
  },
  "history": [
    {
      "timestamp": 1771975183.8782694,
      "chain_id": "v27",
      "price": 60000,
      "metadata": {
        "initial": true
      }
    },
    {
      "timestamp": 1771975183.8782694,
      "chain_id": "v26",
      "price": 60000,
      "metadata": {
        "initial": true
      }
    },
    {
      "timestamp": 1771975244.698947,
      "chain_id": "v27",
      "price": 59491.12806422397,
      "metadata": {
        "fork_sustained": true,
        "fork_depth": 6
      }
    },
    {
      "timestamp": 1771975244.6989563,
      "chain_id": "v26",
      "price": 60430.63193577602,
      "metadata": {
        "fork_sustained": true,
        "fork_depth": 6
      }
    },
    {
      "timestamp": 1771975305.387314,
      "chain_id": "v27",
      "price": 57691.12806422398,
      "metadata": {
        "fork_sustained": true,
        "fork_depth": 12
      }
    },
    {
      "timestamp": 1771975305.3873203,
      "chain_id": "v26",
      "price": 62230.63193577602,
      "metadata": {
        "fork_sustained": true,
        "fork_depth": 12
      }
    },
    {
      "timestamp": 1771975365.4659107,
      "chain_id": "v27",
      "price": 58141.12806422398,
      "metadata": {
        "fork_sustained": true,
        "fork_depth": 16
      }
    },
    {
      "timestamp": 1771975365.4659162,
      "chain_id": "v26",
      "price": 61780.63193577603,
      "metadata": {
        "fork_sustained": true,
        "fork_depth": 16
      }
    },
    {
      "timestamp": 1771975425.472669,
      "chain_id": "v27",
      "price": 58141.12806422398,
      "metadata": {
        "fork_sustained": true,
        "fork_depth": 16
      }
    },
    {
      "timestamp": 1771975425.472676,
      "chain_id": "v26",
      "price": 61780.63193577603,
      "metadata": {
        "fork_sustained": true,
        "fork_depth": 16
      }
    },
    {
      "timestamp": 1771975485.745501,
      "chain_id": "v27",
      "price": 57605.41377850969,
      "metadata": {
        "fork_sustained": true,
        "fork_depth": 21
      }
    },
    {
      "timestamp": 1771975485.7455082,
      "chain_id": "v26",
      "price": 62316.34622149031,
      "metadata": {
        "fork_sustained": true,
        "fork_depth": 21
      }
    },
    {
      "timestamp": 1771975545.8865345,
      "chain_id": "v27",
      "price": 57757.79473089065,
      "metadata": {
        "fork_sustained": true,
        "fork_depth": 27
      }
    },
    {
      "timestamp": 1771975545.8865397,
      "chain_id": "v26",
      "price": 62163.96526910936,
      "metadata": {
        "fork_sustained": true,
        "fork_depth": 27
      }
    },
    {
      "timestamp": 1771975606.05101,
      "chain_id": "v27",
      "price": 57331.12806422398,
      "metadata": {
        "fork_sustained": true,
        "fork_depth": 35
      }
    },
    {
      "timestamp": 1771975606.0510154,
      "chain_id": "v26",
      "price": 62590.63193577602,
      "metadata": {
        "fork_sustained": true,
        "fork_depth": 35
      }
    },
    {
      "timestamp": 1771975666.201362,
      "chain_id": "v27",
      "price": 57262.556635652545,