{
  "blocks_mined": {
    "v27": 365,
    "v26": 29
  },
  "total_blocks": 394,
  "final_hashrate": {
    "v27": 98.36999999999999,
    "v26": 0.0
  },
  "final_economic": {
    "v27": 55.00340053519982,
    "v26": 44.99659946480019
  },
  "final_prices": {
    "v27": 65952.82879135487,
    "v26": 53968.931208645125
  }
}