{
  "blocks_mined": {
    "v27": 1184,
    "v26": 858
  },
  "total_blocks": 2042,
  "final_hashrate": {
    "v27": 50.5,
    "v26": 35.9
  },
  "final_economic": {
    "v27": 56.737060138721,
    "v26": 43.262939861279
  },
  "final_prices": {
    "v27": 61443.69911730543,
    "v26": 57903.500882694585
  }
}