{
  "blocks_mined": {
    "v27": 10,
    "v26": 628
  },
  "total_blocks": 638,
  "final_hashrate": {
    "v27": 0.0,
    "v26": 86.4
  },
  "final_economic": {
    "v27": 0.0,
    "v26": 100.0
  },
  "final_prices": {
    "v27": 48086.74698795181,
    "v26": 71260.4530120482
  }
}