{
  "blocks_mined": {
    "v27": 23,
    "v26": 1450
  },
  "total_blocks": 1473,
  "final_hashrate": {
    "v27": 0.0,
    "v26": 86.4
  },
  "final_economic": {
    "v27": 0.0,
    "v26": 100.0
  },
  "final_prices": {
    "v27": 48105.21920668059,
    "v26": 71241.98079331942
  }
}