{
  "blocks_mined": {
    "v27": 5219,
    "v26": 1543
  },
  "total_blocks": 6762,
  "final_hashrate": {
    "v27": 86.4,
    "v26": 0.0
  },
  "final_economic": {
    "v27": 56.73741253525133,
    "v26": 43.26258746474866
  },
  "final_prices": {
    "v27": 64127.5390637117,
    "v26": 55219.6609362883
  }
}