{
  "blocks_mined": {
    "v27": 99,
    "v26": 1435
  },
  "total_blocks": 1534,
  "final_hashrate": {
    "v27": 0.0,
    "v26": 98.37
  },
  "final_economic": {
    "v27": 55.00340053519982,
    "v26": 44.99659946480019
  },
  "final_prices": {
    "v27": 55084.745712350195,
    "v26": 64837.014287649814
  }
}