{
  "blocks_mined": {
    "v27": 132,
    "v26": 11
  },
  "total_blocks": 143,
  "final_hashrate": {
    "v27": 86.4,
    "v26": 0.0
  },
  "final_economic": {
    "v27": 100.0,
    "v26": 0.0
  },
  "final_prices": {
    "v27": 71010.75140186917,
    "v26": 48336.44859813084
  }
}