{
  "blocks_mined": {
    "v27": 8,
    "v26": 544
  },
  "total_blocks": 552,
  "final_hashrate": {
    "v27": 0.0,
    "v26": 86.4
  },
  "final_economic": {
    "v27": 0.0,
    "v26": 100.0
  },
  "final_prices": {
    "v27": 48104.34782608696,
    "v26": 71242.85217391305
  }
}