{
  "blocks_mined": {
    "v27": 139,
    "v26": 260
  },
  "total_blocks": 399,
  "final_hashrate": {
    "v27": 30.0,
    "v26": 56.39999999999999
  },
  "final_economic": {
    "v27": 52.99516986847341,
    "v26": 47.00483013152659
  },
  "final_prices": {
    "v27": 58360.35332882323,
    "v26": 60986.84667117678
  }
}