{
  "blocks_mined": {
    "v27": 5116,
    "v26": 260
  },
  "total_blocks": 5376,
  "final_hashrate": {
    "v27": 86.4,
    "v26": 0.0
  },
  "final_economic": {
    "v27": 100.0,
    "v26": 0.0
  },
  "final_prices": {
    "v27": 70903.61747487453,
    "v26": 48443.58252512548
  }
}