{
  "blocks_mined": {
    "v27": 8,
    "v26": 581
  },
  "total_blocks": 589,
  "final_hashrate": {
    "v27": 0.0,
    "v26": 86.4
  },
  "final_economic": {
    "v27": 70.16741709688209,
    "v26": 29.832582903117906
  },
  "final_prices": {
    "v27": 56488.27186980767,
    "v26": 62858.92813019233
  }
}