{
  "blocks_mined": {
    "v27": 226,
    "v26": 656
  },
  "total_blocks": 882,
  "final_hashrate": {
    "v27": 0.0,
    "v26": 98.36999999999999
  },
  "final_economic": {
    "v27": 0.008835972159936437,
    "v26": 99.99116402784006
  },
  "final_prices": {
    "v27": 49893.153339915014,
    "v26": 70028.606660085
  }
}