{
  "timestamps": [
    0,
    60,
    120,
    180,
    240,
    301,
    362,
    422,
    483,
    543,
    603,
    663,
    724,
    785,
    845,
    906,
    966,
    1027,
    1088,
    1148,
    1209,
    1269,
    1330,
    1390,
    1451,
    1512,
    1572,
    1633,
    1693,
    1754,
    1800
  ],
  "v27_price": [
    60000,
    60000,
    58254.705148128414,
    57681.07877450205,
    57248.32616126162,
    57488.2216316449,
    57423.93591735918,
    57489.39046281374,
    57313.73183572653,
    57423.93591735918,
    57464.38535556143,
    56450.95632552245,
    56309.28171175171,
    56176.45765648963,
    56125.53591735919,
    55980.532932284565,
    55908.15509544138,
    55898.634398921015,
    55916.93996594218,
    55823.65508244457,
    55772.138083424165,
    54411.984083449155,
    54264.95362227722,
    54116.955855439686,
    54045.3061429231,
    53943.792674891476,
    50211.92988187659,
    50114.307069905946,
    50037.60599876183,
    49961.542244370045,
    49893.153339915014
  ],
  "v26_price": [
    60000,
    60000,
    61667.05485187157,
    62240.68122549795,
    62673.43383873837,
    62433.538368355104,
    62497.82408264081,
    62432.36953718626,
    62608.02816427346,
    62497.82408264081,
    62457.37464443857,
    63470.803674477545,
    63612.47828824829,
    63745.30234351038,
    63796.22408264081,
    63941.227067715445,
    64013.60490455862,
    64023.125601078995,
    64004.82003405782,
    64098.10491755542,
    64149.62191657583,
    65509.77591655085,
    65656.80637772277,
    65804.80414456032,
    65876.4538570769,
    65977.96732510853,
    69709.83011812341,
    69807.45293009406,
    69884.15400123819,
    69960.21775562997,
    70028.606660085
  ],
  "v27_hashrate": [
    46.14,
    46.14,
    46.14,
    46.14,
    46.14,
    46.14,
    46.14,
    46.14,
    46.14,
    46.14,
    26.89,
    26.89,
    26.89,
    26.89,
    26.89,
    26.89,
    26.89,
    26.89,
    26.89,
    26.89,
    0.0,
    0.0,
    0.0,
    0.0,
    0.0,
    0.0,
    0.0,
    0.0,
    0.0,
    0.0,
    0.0
  ],
  "v26_hashrate": [
    52.23,
    52.23,
    52.23,
    52.23,
    52.23,
    52.23,
    52.23,
    52.23,
    52.23,
    52.23,
    71.48,
    71.48,
    71.48,
    71.48,
    71.48,
    71.48,
    71.48,
    71.48,
    71.48,
    71.48,
    98.36999999999999,
    98.36999999999999,
    98.36999999999999,
    98.36999999999999,
    98.36999999999999,
    98.36999999999999,
    98.36999999999999,
    98.36999999999999,
    98.36999999999999,
    98.36999999999999,
    98.36999999999999
  ],
  "v27_economic": [
    30.076799311326575,
    30.076799311326575,
    30.076799311326575,
    30.076799311326575,
    30.076799311326575,
    30.076799311326575,
    30.076799311326575,
    30.076799311326575,
    30.076799311326575,
    30.076799311326575,
    30.076799311326575,
    30.076799311326575,
    30.076799311326575,
    30.076799311326575,
    30.076799311326575,
    30.076799311326575,
    30.076799311326575,
    30.076799311326575,
    30.076799311326575,
    30.076799311326575,
    30.076799311326575,
    30.076799311326575,
    30.076799311326575,
    30.076799311326575,
    30.076799311326575,
    0.008835972159936437,
    0.008835972159936437,
    0.008835972159936437,
    0.008835972159936437,
    0.008835972159936437,
    0.008835972159936437
  ],
  "v26_economic": [
    69.92320068867342,
    69.92320068867342,
    69.92320068867342,
    69.92320068867342,
    69.92320068867342,
    69.92320068867342,
    69.92320068867342,
    69.92320068867342,
    69.92320068867342,
    69.92320068867342,
    69.92320068867342,
    69.92320068867342,
    69.92320068867342,
    69.92320068867342,
    69.92320068867342,
    69.92320068867342,
    69.92320068867342,
    69.92320068867342,
    69.92320068867342,
    69.92320068867342,
    69.92320068867342,
    69.92320068867342,
    69.92320068867342,
    69.92320068867342,
    69.92320068867342,
    99.99116402784006,
    99.99116402784006,
    99.99116402784006,
    99.99116402784006,
    99.99116402784006,
    99.99116402784006
  ],
  "v27_blocks": [
    0,
    16,
    30,
    39,
    57,
    69,
    84,
    95,
    116,
    135,
    145,
    152,
    157,
    168,
    172,
    183,
    192,
    207,
    214,
    221,
    225,
    225,
    225,
    225,
    226,
    226,
    226,
    226,
    226,
    226,
    226
  ],
  "v26_blocks": [
    0,
    10,
    26,
    43,
    55,
    69,
    81,
    101,
    116,
    132,
    149,
    169,
    188,
    207,
    230,
    255,
    269,
    287,
    313,
    333,
    353,
    385,
    421,
    440,
    471,
    510,
    544,
    573,
    604,
    634,
    656
  ],
  "v27_difficulty": [
    1.0,
    1.0,
    1.0,
    1.0,
    1.0,
    1.0,
    1.0,
    1.0,
    1.0,
    1.0,
    1.0,
    1.0,
    1.0,
    1.0,
    1.0,
    1.0,
    1.0,
    1.0,
    1.0,
    1.0,
    1.0,
    1.0,
    1.0,
    1.0,
    1.0,
    1.0,
    1.0,
    1.0,
    1.0,
    1.0,
    1.0
  ],
  "v26_difficulty": [
    1.0,
    1.0,
    1.0,
    1.0,
    1.0,
    1.0,
    1.0,
    1.0,
    1.0,
    1.0,
    1.0,
    1.0,
    1.0,
    1.0,
    1.0,
    1.0,
    1.0,
    1.0,
    1.0,
    1.0,
    1.0,
    1.0,
    1.0,
    1.0,
    1.0,
    1.0,
    1.0,
    1.0,
    1.0,
    1.0,
    1.0
  ],
  "v27_chainwork": [
    0.0,
    16.0,
    30.0,
    39.0,
    57.0,
    69.0,
    84.0,
    95.0,
    116.0,
    135.0,
    145.0,
    152.0,
    157.0,
    168.0,
    172.0,
    183.0,
    192.0,
    207.0,
    214.0,
    221.0,
    225.0,
    225.0,
    225.0,
    225.0,
    226.0,
    226.0,
    226.0,
    226.0,
    226.0,
    226.0,
    226.0
  ],
  "v26_chainwork": [
    0.0,
    10.0,
    26.0,
    43.0,
    55.0,
    69.0,
    81.0,
    101.0,
    116.0,
    132.0,
    149.0,
    169.0,
    188.0,
    207.0,
    230.0,
    255.0,
    269.0,
    287.0,
    313.0,
    333.0,
    353.0,
    385.0,
    421.0,
    440.0,
    471.0,
    510.0,
    544.0,
    573.0,
    604.0,
    634.0,
    656.0
  ],
  "v27_fee_rate": [
    1.0,
    1.0,
    0.004731941522801823,
    0.004731941522801823,
    0.004731941522801823,
    0.004731941522801823,
    0.004731941522801823,
    0.004731941522801823,
    0.004731941522801823,
    0.004731941522801823,
    0.004731941522801823,
    0.008119441497288065,
    0.008119441497288065,
    0.008119441497288065,
    0.008119441497288065,
    0.008119441497288065,
    0.008119441497288065,
    0.008119441497288065,
    0.008119441497288065,
    0.008119441497288065,
    0.008119441497288065,
    2.183317818620761,
    2.183317818620761,
    2.183317818620761,
    2.183317818620761,
    2.183317818620761,
    0.0002103418089133689,
    0.0002103418089133689,
    0.0002103418089133689,
    0.0002103418089133689,
    0.0002103418089133689
  ],
  "v26_fee_rate": [
    1.0,
    1.0,
    0.00858385764511948,
    0.00858385764511948,
    0.00858385764511948,
    0.00858385764511948,
    0.00858385764511948,
    0.00858385764511948,
    0.00858385764511948,
    0.00858385764511948,
    0.00858385764511948,
    0.00627217242311962,
    0.00627217242311962,
    0.00627217242311962,
    0.00627217242311962,
    0.00627217242311962,
    0.00627217242311962,
    0.00627217242311962,
    0.00627217242311962,
    0.00627217242311962,
    0.00627217242311962,
    0.004557638353203116,
    0.004557638353203116,
    0.004557638353203116,
    0.004557638353203116,
    0.004557638353203116,
    0.006776920122860377,
    0.006776920122860377,
    0.006776920122860377,
    0.006776920122860377,
    0.006776920122860377
  ],