{
  "blocks_mined": {
    "v27": 64,
    "v26": 123
  },
  "total_blocks": 187,
  "final_hashrate": {
    "v27": 30.0,
    "v26": 56.39999999999999
  },
  "final_economic": {
    "v27": 52.772250554185575,
    "v26": 47.22774944581443
  },
  "final_prices": {
    "v27": 58189.812923645135,
    "v26": 61157.38707635488
  }
}