{
  "config": {
    "base_price": 60000,
    "max_divergence": 0.2,
    "coefficients": {
      "chain_weight": 0.3,
      "economic_weight": 0.5,
      "hashrate_weight": 0.2
    }
  },
  "current_prices": {
    "v27": 60715.534382022466,
    "v26": 59206.22561797753
  },
  "timeline": {
    "timestamps": [
      1772369714.129192,
      1772369775.9042413,
      1772369775.9042912,
      1772369836.3508701,
      1772369836.3508835,
      1772369896.8348517,
      1772369896.8348677,
      1772369957.436596,
      1772369957.4366078,
      1772370017.937053,
      1772370017.9370606,
      1772370078.2350488,
      1772370078.2350855,
      1772370138.6167867,
      1772370138.6168244,
      1772370198.8860338,
      1772370198.8860414,
      1772370259.265099,
      1772370259.2651064,
      1772370319.7799983,
      1772370319.7800064,
      1772370380.5614552,
      1772370380.5614767,
      1772370440.9083958,
      1772370440.9084291,
      1772370501.1556225,
      1772370501.155658,
      1772370561.4949944,
      1772370561.4950302,
      1772370621.6897814,
      1772370621.6898274,
      1772370682.244772,
      1772370682.2447941,
      1772370742.567544,
      1772370742.5675592,
      1772370802.9631522,
      1772370802.9631994,
      1772370863.3880534,
      1772370863.3880613,
      1772370923.7980592,
      1772370923.7980688,
      1772370984.2428367,
      1772370984.2428482,
      1772371044.612839,
      1772371044.612847,
      1772371104.8837965,
      1772371104.8838043,
      1772371165.3207335,
      1772371165.3207572,
      1772371225.7520728,
      1772371225.7522166,
      1772371285.942138,
      1772371285.942167,
      1772371346.37464,
      1772371346.3746574,
      1772371406.8851144,
      1772371406.885143,
      1772371467.1847928,
      1772371467.184805
    ],
    "v27_prices": [
      60000,
      59814.72,
      59814.72,
      59602.955294117644,
      59602.955294117644,
      59414.72000000001,
      59414.72000000001,
      59625.24631578948,
      59625.24631578948,
      60054.72,
      60054.72,
      60035.12816326531,
      60035.12816326531,
      59948.05333333333,
      59948.05333333333,
      59938.85793103449,
      59938.85793103449,
      59986.14857142857,
      59986.14857142857,
      60676.25739130435,
      60676.25739130435,
      60671.04000000001,
      60671.04000000001,
      60692.21647058823,
      60692.21647058823,
      60594.18606741573,
      60594.18606741573,
      60617.4229787234,
      60617.4229787234,
      60686.03999999999,
      60686.03999999999,
      60688.182857142856,
      60688.182857142856,
      60703.767272727266,
      60703.767272727266,
      60745.52275862069,
      60745.52275862069,
      60665.13836065574,
      60665.13836065574,
      60648.54,
      60648.54,
      60633.42805970149,
      60633.42805970149,
      60722.46857142858,
      60722.46857142858,
      60761.04000000001,
      60761.04000000001,
      60689.98736842106,
      60689.98736842106,
      60630.02734177215,
      60630.02734177215,
      60626.04,
      60626.04,
      60614.654457831326,
      60614.654457831326,
      60706.41572254335,
      60706.41572254335,
      60715.534382022466,
      60715.534382022466
    ],
    "v26_prices": [
      60000,
      60000,
      60107.04,
      60107.04,
      60318.80470588235,
      60318.80470588235,
      60507.03999999999,
      60507.03999999999,
      60296.51368421052,
      60296.51368421052,
      59867.04,
      59867.04,
      59886.63183673469,
      59886.63183673469,
      59973.70666666667,
      59973.70666666667,
      59982.902068965515,
      59982.902068965515,
      59935.61142857143,
      59935.61142857143,
      59245.50260869565,
      59245.50260869565,
      59250.72,
      59250.72,
      59229.54352941176,
      59229.54352941176,
      59327.573932584266,
      59327.573932584266,
      59304.337021276595,
      59304.337021276595,
      59235.72,
      59235.72,
      59233.57714285715,
      59233.57714285715,
      59217.99272727273,
      59217.99272727273,
      59176.23724137931,
      59176.23724137931,
      59256.62163934426,
      59256.62163934426,
      59273.22,
      59273.22,
      59288.33194029851,
      59288.33194029851,
      59199.29142857143,
      59199.29142857143,
      59160.72,
      59160.72,
      59231.77263157895,
      59231.77263157895,
      59291.73265822785,
      59291.73265822785,
      59295.72000000001,
      59295.72000000001,
      59307.105542168676,
      59307.105542168676,
      59215.34427745665,
      59215.34427745665,
      59206.22561797753
    ]
  },
  "history": [
    {
      "timestamp": 1772369714.129192,
      "chain_id": "v27",
      "price": 60000,
      "metadata": {
        "initial": true
      }
    },
    {
      "timestamp": 1772369714.129192,
      "chain_id": "v26",
      "price": 60000,
      "metadata": {
        "initial": true
      }
    },
    {
      "timestamp": 1772369775.9042413,
      "chain_id": "v27",
      "price": 59814.72,
      "metadata": {
        "fork_sustained": true,
        "fork_depth": 10
      }
    },
    {
      "timestamp": 1772369775.9042912,
      "chain_id": "v26",
      "price": 60107.04,
      "metadata": {
        "fork_sustained": true,
        "fork_depth": 10
      }
    },
    {
      "timestamp": 1772369836.3508701,
      "chain_id": "v27",
      "price": 59602.955294117644,
      "metadata": {
        "fork_sustained": true,
        "fork_depth": 17
      }
    },
    {
      "timestamp": 1772369836.3508835,
      "chain_id": "v26",
      "price": 60318.80470588235,
      "metadata": {
        "fork_sustained": true,
        "fork_depth": 17
      }
    },
    {
      "timestamp": 1772369896.8348517,
      "chain_id": "v27",
      "price": 59414.72000000001,
      "metadata": {
        "fork_sustained": true,
        "fork_depth": 27
      }
    },
    {
      "timestamp": 1772369896.8348677,
      "chain_id": "v26",
      "price": 60507.03999999999,
      "metadata": {
        "fork_sustained": true,
        "fork_depth": 27
      }
    },
    {
      "timestamp": 1772369957.436596,
      "chain_id": "v27",
      "price": 59625.24631578948,
      "metadata": {
        "fork_sustained": true,
        "fork_depth": 38
      }
    },
    {
      "timestamp": 1772369957.4366078,
      "chain_id": "v26",
      "price": 60296.51368421052,
      "metadata": {
        "fork_sustained": true,
        "fork_depth": 38
      }
    },
    {
      "timestamp": 1772370017.937053,
      "chain_id": "v27",
      "price": 60054.72,
      "metadata": {
        "fork_sustained": true,
        "fork_depth": 45
      }
    },
    {
      "timestamp": 1772370017.9370606,
      "chain_id": "v26",
      "price": 59867.04,
      "metadata": {
        "fork_sustained": true,
        "fork_depth": 45
      }
    },
    {
      "timestamp": 1772370078.2350488,
      "chain_id": "v27",
      "price": 60035.12816326531,
      "metadata": {
        "fork_sustained": true,
        "fork_depth": 49
      }
    },
    {
      "timestamp": 1772370078.2350855,
      "chain_id": "v26",
      "price": 59886.63183673469,
      "metadata": {
        "fork_sustained": true,
        "fork_depth": 49
      }
    },
    {
      "timestamp": 1772370138.6167867,
      "chain_id": "v27",
      "price": 59948.05333333333,
      "metadata": {
        "fork_sustained": true,
        "fork_depth": 54
      }
    },
    {
      "timestamp": 1772370138.6168244,
      "chain_id": "v26",
      "price": 59973.70666666667,
      "metadata": {
        "fork_sustained": true,
        "fork_depth": 54
      }
    },
    {
      "timestamp": 1772370198.8860338,
      "chain_id": "v27",
      "price": 59938.85793103449,
      "metadata": {
        "fork_sustained": true,
        "fork_depth": 58
      }
    },
    {
      "timestamp": 1772370198.8860414,
      "chain_id": "v26",
      "price": 59982.902068965515,