{
  "blocks_mined": {
    "v27": 806,
    "v26": 69
  },
  "total_blocks": 875,
  "final_hashrate": {
    "v27": 86.4,
    "v26": 0.0
  },
  "final_economic": {
    "v27": 100.0,
    "v26": 0.0
  },
  "final_prices": {
    "v27": 70762.0409893993,
    "v26": 48585.15901060071
  }
}