{
  "blocks_mined": {
    "v27": 6,
    "v26": 571
  },
  "total_blocks": 577,
  "final_hashrate": {
    "v27": 0.0,
    "v26": 86.4
  },
  "final_economic": {
    "v27": 0.0,
    "v26": 100.0
  },
  "final_prices": {
    "v27": 48043.46076458753,
    "v26": 71303.73923541249
  }
}