{
  "timestamps": [
    0,
    60,
    120,
    181,
    241,
    302,
    362,
    423,
    483,
    544,
    604,
    665,
    725,
    785,
    846,
    906,
    967,
    1027,
    1088,
    1148,
    1209,
    1269,
    1330,
    1390,
    1451,
    1511,
    1572,
    1632,
    1693,
    1754,
    1800
  ],
  "v27_price": [
    60000,
    60000,
    59986.715224772524,
    60310.71522477252,
    60417.15000738122,
    60469.873119509364,
    60499.93836526839,
    60531.78564730773,
    60574.57649644882,
    60474.77492626506,
    60531.350417905574,
    61162.22410508139,
    61284.32637945271,
    61347.06256948794,
    61381.49732213253,
    61449.76680668408,
    61476.95850997294,
    61538.50566069188,
    61541.12140253279,
    61569.71912383653,
    61613.06598961219,
    59182.27273448745,
    59014.537437526145,
    58853.772664628115,
    58697.572685427054,
    58538.17870676754,
    58416.859823038154,
    58293.98846297772,
    58194.1381640699,
    58087.3061189547,
    57992.677013516775
  ],
  "v26_price": [
    60000,
    60000,
    59360.48477522749,
    59036.48477522749,
    58930.04999261879,
    58877.32688049065,
    58847.26163473162,
    58815.41435269228,
    58772.623503551185,
    58872.42507373495,
    58815.84958209444,
    58184.9758949186,
    58062.8736205473,
    58000.13743051207,
    57965.70267786746,
    57897.433193315934,
    57870.24149002707,
    57808.69433930812,
    57806.07859746722,
    57777.480876163485,
    57734.13401038781,
    60164.92726551255,
    60332.66256247386,
    60493.427335371896,
    60649.62731457296,
    60809.021293232465,
    60930.34017696184,
    61053.21153702228,
    61153.06183593011,
    61259.893881045304,
    61354.522986483236
  ],
  "v27_hashrate": [
    38.1,
    38.1,
    38.1,
    38.1,
    38.1,
    38.1,
    38.1,
    38.1,
    38.1,
    38.1,
    50.5,
    50.5,
    50.5,
    50.5,
    50.5,
    50.5,
    50.5,
    50.5,
    50.5,
    50.5,
    0.0,
    0.0,
    0.0,
    0.0,
    0.0,
    0.0,
    0.0,
    0.0,
    0.0,
    0.0,
    0.0
  ],
  "v26_hashrate": [
    48.3,
    48.3,
    48.3,
    48.3,
    48.3,
    48.3,
    48.3,
    48.3,
    48.3,
    48.3,
    35.9,
    35.9,
    35.9,
    35.9,
    35.9,
    35.9,
    35.9,
    35.9,
    35.9,
    35.9,
    86.4,
    86.4,
    86.4,
    86.4,
    86.4,
    86.4,
    86.4,
    86.4,
    86.4,
    86.4,
    86.4
  ],
  "v27_economic": [
    62.14929353977099,
    62.14929353977099,
    62.14929353977099,
    62.14929353977099,
    62.14929353977099,
    62.14929353977099,
    62.14929353977099,
    62.14929353977099,
    62.14929353977099,
    62.14929353977099,
    62.14929353977099,
    62.14929353977099,
    62.14929353977099,
    62.14929353977099,
    62.14929353977099,
    62.14929353977099,
    62.14929353977099,
    62.14929353977099,
    62.14929353977099,
    62.14929353977099,
    62.14929353977099,
    62.14929353977099,
    62.14929353977099,
    62.14929353977099,
    62.14929353977099,
    62.14929353977099,
    62.14929353977099,
    62.14929353977099,
    62.14929353977099,
    62.14929353977099,
    62.14929353977099
  ],
  "v26_economic": [
    37.850706460229006,
    37.850706460229006,
    37.850706460229006,
    37.850706460229006,
    37.850706460229006,
    37.850706460229006,
    37.850706460229006,
    37.850706460229006,
    37.850706460229006,
    37.850706460229006,
    37.850706460229006,
    37.850706460229006,
    37.850706460229006,
    37.850706460229006,
    37.850706460229006,
    37.850706460229006,
    37.850706460229006,
    37.850706460229006,
    37.850706460229006,
    37.850706460229006,
    37.850706460229006,
    37.850706460229006,
    37.850706460229006,
    37.850706460229006,
    37.850706460229006,
    37.850706460229006,
    37.850706460229006,
    37.850706460229006,
    37.850706460229006,
    37.850706460229006,
    37.850706460229006
  ],
  "v27_blocks": [
    0,
    9,
    21,
    30,
    42,
    54,
    64,
    79,
    89,
    105,
    118,
    137,
    160,
    193,
    232,
    266,
    303,
    331,
    359,
    392,
    421,
    421,
    421,
    421,
    421,
    421,
    421,
    421,
    421,
    421,
    421
  ],
  "v26_blocks": [
    0,
    15,
    29,
    39,
    53,
    67,
    78,
    94,
    112,
    128,
    141,
    163,
    183,
    207,
    228,
    252,
    272,
    304,
    332,
    360,
    401,
    464,
    524,
    582,
    618,
    648,
    681,
    710,
    742,
    772,
    791
  ],
  "v27_difficulty": [
    1.0,
    1.0,
    1.0,
    1.0,
    1.0,
    1.0,
    1.0,
    1.0,
    1.0,
    1.0,
    1.0,
    1.0,
    0.4108416547788873,
    0.4108416547788873,
    0.4108416547788873,
    0.4108416547788873,
    0.4930099857346647,
    0.4930099857346647,
    0.4930099857346647,
    0.4930099857346647,
    0.4930099857346647,
    0.4930099857346647,
    0.4930099857346647,
    0.4930099857346647,
    0.4930099857346647,
    0.4930099857346647,
    0.4930099857346647,
    0.4930099857346647,
    0.4930099857346647,
    0.4930099857346647,
    0.4930099857346647
  ],
  "v26_difficulty": [
    1.0,
    1.0,
    1.0,
    1.0,
    1.0,
    1.0,
    1.0,
    1.0,
    1.0,
    1.0,
    1.0,
    0.46905537459283386,
    0.46905537459283386,
    0.46905537459283386,
    0.46905537459283386,
    0.46905537459283386,
    0.46905537459283386,
    0.34726978890163535,
    0.34726978890163535,
    0.34726978890163535,
    0.34726978890163535,
    0.4292433442217639,
    0.4292433442217639,
    0.8584866884435278,
    0.8584866884435278,
    0.8584866884435278,
    0.8584866884435278,
    0.8584866884435278,
    0.915719134339763,
    0.915719134339763,
    0.915719134339763
  ],
  "v27_chainwork": [
    0.0,
    9.0,
    21.0,
    30.0,
    42.0,
    54.0,
    64.0,
    79.0,
    89.0,
    105.0,
    118.0,
    137.0,
    150.57346647646227,
    164.1312410841657,
    180.1540656205425,
    194.12268188302482,
    210.55634807418033,
    224.3606276747508,
    238.16490727532124,
    254.434236804565,
    268.7315263908701,
    268.7315263908701,
    268.7315263908701,
    268.7315263908701,
    268.7315263908701,
    268.7315263908701,
    268.7315263908701,
    268.7315263908701,
    268.7315263908701,
    268.7315263908701,
    268.7315263908701
  ],
  "v26_chainwork": [
    0.0,
    15.0,
    29.0,
    39.0,
    53.0,
    67.0,
    78.0,
    94.0,
    112.0,
    128.0,
    141.0,
    152.91205211726398,
    162.2931596091208,
    173.550488599349,
    183.40065146579866,
    194.65798045602685,
    204.03908794788367,
    217.10029056379517,
    226.82384465304074,
    236.5473987422863,
    250.78546008725303,
    275.28661055830116,
    301.04121121160847,
    328.5127852418026,
    359.4183060257693,
    385.1729066790749,
    413.5029673977111,
    438.39908136257316,
    467.12976920248354,
    494.601343232677,
    512.0000067851328
  ],
  "v27_fee_rate": [
    1.0,
    1.0,
    0.011842429905214525,
    0.011842429905214525,
    0.011842429905214525,
    0.011842429905214525,
    0.011842429905214525,
    0.011842429905214525,
    0.011842429905214525,
    0.011842429905214525,
    0.011842429905214525,
    0.00893458573046878,
    0.00893458573046878,
    0.003670699986269627,
    0.003670699986269627,
    0.003670699986269627,
    0.003670699986269627,
    0.0044048399835235515,
    0.0044048399835235515,
    0.0044048399835235515,
    0.0044048399835235515,
    2.2244441916793933,
    2.2244441916793933,
    2.2244441916793933,
    2.2244441916793933,
    2.2244441916793933,
    2.2244441916793933,
    2.2244441916793933,
    2.2244441916793933,
    2.2244441916793933,
    2.2244441916793933
  ],