{
  "timestamps": [
    0,
    60,
    121,
    181,
    242,
    302,
    363,
    423,
    484,
    545,
    605,
    665,
    726,
    786,
    847,
    907,
    967,
    1028,
    1088,
    1148,
    1208,
    1269,
    1330,
    1391,
    1452,
    1512,
    1572,
    1633,
    1693,
    1754,
    1800
  ],
  "v27_price": [
    60000,
    60000,
    58543.45298449252,
    58867.45298449252,
    59032.02441306395,
    59026.61087922936,
    59056.67612498839,
    59116.18025721979,
    59131.31425616882,
    59015.7302122153,
    59104.99144603099,
    58707.162637002184,
    58681.36221928517,
    58586.78458666067,
    58583.889189753754,
    58535.69564334727,
    58511.450341329255,
    58475.66379000601,
    58433.207010868995,
    58395.501389488185,
    58368.24181385869,
    61102.22261289878,
    61291.61110139931,
    61488.47428016029,
    61644.69858143973,
    61820.226908609664,
    61959.9606535611,
    62088.656723101165,
    62215.879106503526,
    62333.58175923192,
    62435.986929303355
  ],
  "v26_price": [
    60000,
    60000,
    60803.74701550749,
    60479.74701550747,
    60315.17558693606,
    60320.58912077064,
    60290.52387501162,
    60231.019742780205,
    60215.88574383118,
    60331.469787784714,
    60242.208553969016,
    60640.03736299783,
    60665.83778071484,
    60760.415413339324,
    60763.31081024625,
    60811.50435665273,
    60835.74965867075,
    60871.53620999401,
    60913.99298913102,
    60951.69861051182,
    60978.958186141324,
    58244.97738710123,
    58055.5888986007,
    57858.72571983971,
    57702.501418560285,
    57526.97309139035,
    57387.2393464389,
    57258.54327689885,
    57131.320893496486,
    57013.61824076808,
    56911.213070696656
  ],
  "v27_hashrate": [
    38.1,
    38.1,
    38.1,
    38.1,
    38.1,
    38.1,
    38.1,
    38.1,
    38.1,
    38.1,
    30.0,
    30.0,
    30.0,
    30.0,
    30.0,
    30.0,
    30.0,
    30.0,
    30.0,
    30.0,
    86.4,
    86.4,
    86.4,
    86.4,
    86.4,
    86.4,
    86.4,
    86.4,
    86.4,
    86.4,
    86.4
  ],
  "v26_hashrate": [
    48.3,
    48.3,
    48.3,
    48.3,
    48.3,
    48.3,
    48.3,
    48.3,
    48.3,
    48.3,
    56.39999999999999,
    56.39999999999999,
    56.39999999999999,
    56.39999999999999,
    56.39999999999999,
    56.39999999999999,
    56.39999999999999,
    56.39999999999999,
    56.39999999999999,
    56.39999999999999,
    0.0,
    0.0,
    0.0,
    0.0,
    0.0,
    0.0,
    0.0,
    0.0,
    0.0,
    0.0,
    0.0
  ],
  "v27_economic": [
    50.12210820410434,
    50.12210820410434,
    50.12210820410434,
    50.12210820410434,
    50.12210820410434,
    50.12210820410434,
    50.12210820410434,
    50.12210820410434,
    50.12210820410434,
    50.12210820410434,
    50.12210820410434,
    50.12210820410434,
    50.12210820410434,
    50.12210820410434,
    50.12210820410434,
    50.12210820410434,
    50.12210820410434,
    50.12210820410434,
    50.12210820410434,
    50.12210820410434,
    50.12210820410434,
    50.12210820410434,
    50.12210820410434,
    50.12210820410434,
    50.12210820410434,
    50.12210820410434,
    50.12210820410434,
    50.12210820410434,
    50.12210820410434,
    50.12210820410434,
    50.12210820410434
  ],
  "v26_economic": [
    49.87789179589566,
    49.87789179589566,
    49.87789179589566,
    49.87789179589566,
    49.87789179589566,
    49.87789179589566,
    49.87789179589566,
    49.87789179589566,
    49.87789179589566,
    49.87789179589566,
    49.87789179589566,
    49.87789179589566,
    49.87789179589566,
    49.87789179589566,
    49.87789179589566,
    49.87789179589566,
    49.87789179589566,
    49.87789179589566,
    49.87789179589566,
    49.87789179589566,
    49.87789179589566,
    49.87789179589566,
    49.87789179589566,
    49.87789179589566,
    49.87789179589566,
    49.87789179589566,
    49.87789179589566,
    49.87789179589566,
    49.87789179589566,
    49.87789179589566,
    49.87789179589566
  ],
  "v27_blocks": [
    0,
    9,
    21,
    31,
    42,
    54,
    65,
    79,
    89,
    106,
    117,
    130,
    136,
    153,
    178,
    204,
    228,
    250,
    271,
    292,
    339,
    424,
    473,
    512,
    559,
    593,
    622,
    653,
    684,
    713,
    735
  ],
  "v26_blocks": [
    0,
    15,
    29,
    39,
    53,
    67,
    78,
    94,
    113,
    128,
    142,
    178,
    213,
    245,
    283,
    313,
    344,
    376,
    407,
    435,
    462,
    462,
    463,
    464,
    464,
    464,
    464,
    464,
    464,
    464,
    464
  ],
  "v27_difficulty": [
    1.0,
    1.0,
    1.0,
    1.0,
    1.0,
    1.0,
    1.0,
    1.0,
    1.0,
    1.0,
    1.0,
    1.0,
    1.0,
    0.37894736842105264,
    0.37894736842105264,
    0.37894736842105264,
    0.37894736842105264,
    0.37894736842105264,
    0.37894736842105264,
    0.28569853954257374,
    0.28569853954257374,
    0.28569853954257374,
    0.6329321491404711,
    0.6329321491404711,
    0.6329321491404711,
    0.8891924826949057,
    0.8891924826949057,
    0.8891924826949057,
    0.8891924826949057,
    0.8891924826949057,
    0.8985524035653785
  ],
  "v26_difficulty": [
    1.0,
    1.0,
    1.0,
    1.0,
    1.0,
    1.0,
    1.0,
    1.0,
    1.0,
    1.0,
    1.0,
    0.4729064039408867,
    0.4729064039408867,
    0.4729064039408867,
    0.4729064039408867,
    0.5559063034080628,
    0.5559063034080628,
    0.5559063034080628,
    0.5559063034080628,
    0.5539827521851975,
    0.5539827521851975,
    0.5539827521851975,
    0.5539827521851975,
    0.5539827521851975,
    0.5539827521851975,
    0.5539827521851975,
    0.5539827521851975,
    0.5539827521851975,
    0.5539827521851975,
    0.5539827521851975,
    0.5539827521851975
  ],
  "v27_chainwork": [
    0.0,
    9.0,
    21.0,
    31.0,
    42.0,
    54.0,
    65.0,
    79.0,
    89.0,
    106.0,
    117.0,
    130.0,
    136.0,
    147.41052631578947,
    156.88421052631577,
    166.73684210526312,
    175.83157894736837,
    184.16842105263152,
    192.1263157894736,
    199.7112152108018,
    213.13904656930305,
    237.4234224304223,
    265.65922886152174,
    290.3435826779996,
    320.09139368760117,
    345.9675124288024,
    371.7540944269548,
    399.319061390497,
    426.8840283540392,
    452.67061035219155,
    472.3732437845363
  ],
  "v26_chainwork": [
    0.0,
    15.0,
    29.0,
    39.0,
    53.0,
    67.0,
    78.0,
    94.0,
    113.0,
    128.0,
    142.0,
    160.0788177339905,
    176.63054187192188,
    191.76354679803057,
    209.73399014778465,
    225.9961797526904,
    243.22927515834,
    261.0182768673976,
    278.2513722730472,
    293.81097811480413,
    308.7685124238051,
    308.7685124238051,
    309.3224951759903,
    309.8764779281755,
    309.8764779281755,
    309.8764779281755,
    309.8764779281755,
    309.8764779281755,
    309.8764779281755,
    309.8764779281755,
    309.8764779281755
  ],
  "v27_fee_rate": [
    1.0,
    1.0,
    0.009550453551606284,
    0.009550453551606284,
    0.009550453551606284,
    0.009550453551606284,
    0.009550453551606284,
    0.009550453551606284,
    0.009550453551606284,
    0.009550453551606284,
    0.009550453551606284,
    0.012129076010539981,
    0.012129076010539981,
    0.012129076010539981,
    0.004596281435573046,
    0.004596281435573046,
    0.004596281435573046,
    0.004596281435573046,
    0.004596281435573046,
    0.004596281435573046,
    0.003465259302212139,
    0.001203215035490326,
    0.001203215035490326,
    0.0026655840786247225,
    0.0026655840786247225,
    0.0026655840786247225,
    0.0037448205592386344,
    0.0037448205592386344,
    0.0037448205592386344,
    0.0037448205592386344,
    0.0037448205592386344
  ],