{
  "config": {
    "base_price": 60000,
    "max_divergence": 0.2,
    "coefficients": {
      "chain_weight": 0.3,
      "economic_weight": 0.5,
      "hashrate_weight": 0.2
    }
  },
  "current_prices": {
    "v27": 67691.10252351958,
    "v26": 51656.09747648043
  },
  "timeline": {
    "timestamps": [
      1772701869.0979934,
      1772701930.161828,
      1772701930.161838,
      1772701991.099441,
      1772701991.0994473,
      1772702051.5200183,
      1772702051.5200264,
      1772702111.6704166,
      1772702111.6704223,
      1772702172.3630416,
      1772702172.3630495,
      1772702232.8512192,
      1772702232.851226,
      1772702293.4885895,
      1772702293.4885952,
      1772702354.0803123,
      1772702354.0803175,
      1772702414.7949219,
      1772702414.7949302,
      1772702475.358761,
      1772702475.358768,
      1772702535.9779313,
      1772702535.977937,
      1772702596.5654907,
      1772702596.5654962,
      1772702656.7200007,
      1772702656.7200086,
      1772702717.2711115,
      1772702717.2711227,
      1772702778.1452253,
      1772702778.1452355,
      1772702839.157673,
      1772702839.157679,
      1772702899.1583288,
      1772702899.1583369,
      1772702959.4177957,
      1772702959.4178038,
      1772703019.5891595,
      1772703019.5891676,
      1772703080.0994577,
      1772703080.0994644,
      1772703140.4071918,
      1772703140.407198,
      1772703200.8855524,
      1772703200.8855586,
      1772703261.3752306,
      1772703261.3752387,
      1772703321.59783,
      1772703321.5978363,
      1772703381.910749,
      1772703381.910755,
      1772703442.0098352,
      1772703442.0098433,
      1772703502.346323,
      1772703502.3463328,
      1772703562.4768088,
      1772703562.476814,
      1772703623.5048842,
      1772703623.5048895
    ],
    "v27_prices": [
      60000,
      62223.771697206525,
      62223.771697206525,
      62547.77169720652,
      62547.77169720652,
      62712.343125777945,
      62712.343125777945,
      62706.929591943364,
      62706.929591943364,
      62736.99483770238,
      62736.99483770238,
      62796.4989699338,
      62796.4989699338,
      62811.63296888282,
      62811.63296888282,
      62696.04892492929,
      62696.04892492929,
      62785.31015874497,
      62785.31015874497,
      65122.480577515395,
      65122.480577515395,
      65442.17169720652,
      65442.17169720652,
      65723.51241114979,
      65723.51241114979,
      65979.78984465454,
      65979.78984465454,
      66187.56034367517,
      66187.56034367517,
      66345.99411136968,
      66345.99411136968,
      66509.0776283725,
      66509.0776283725,
      66648.85041111533,
      66648.85041111533,
      66790.82346253857,
      66790.82346253857,
      66914.04805518319,
      66914.04805518319,
      67040.78852531144,
      67040.78852531144,
      67141.46817501253,
      67141.46817501253,
      67240.14165061184,
      67240.14165061184,
      67287.10934390187,
      67287.10934390187,
      67374.21681792148,
      67374.21681792148,
      67459.52287831497,
      67459.52287831497,
      67524.88725003021,
      67524.88725003021,
      67579.64019639301,
      67579.64019639301,
      67639.48057014408,
      67639.48057014408,
      67691.10252351958,
      67691.10252351958
    ],
    "v26_prices": [
      60000,
      60000,
      57123.42830279348,
      57123.42830279348,
      56799.42830279349,
      56799.42830279349,
      56634.85687422206,
      56634.85687422206,
      56640.27040805664,
      56640.27040805664,
      56610.205162297614,
      56610.205162297614,
      56550.70103006621,
      56550.70103006621,
      56535.567031117185,
      56535.567031117185,
      56651.15107507072,
      56651.15107507072,
      56561.889841255026,
      56561.889841255026,
      54224.7194224846,
      54224.7194224846,
      53905.028302793486,
      53905.028302793486,
      53623.687588850225,
      53623.687588850225,
      53367.41015534546,
      53367.41015534546,
      53159.639656324835,
      53159.639656324835,
      53001.20588863031,
      53001.20588863031,
      52838.122371627505,
      52838.122371627505,
      52698.34958888468,
      52698.34958888468,
      52556.37653746144,
      52556.37653746144,
      52433.151944816804,
      52433.151944816804,
      52306.41147468857,
      52306.41147468857,
      52205.73182498748,
      52205.73182498748,
      52107.058349388164,
      52107.058349388164,
      52060.09065609814,
      52060.09065609814,
      51972.983182078526,
      51972.983182078526,
      51887.67712168505,
      51887.67712168505,
      51822.312749969795,
      51822.312749969795,
      51767.55980360699,
      51767.55980360699,
      51707.719429855926,
      51707.719429855926,
      51656.09747648043
    ]
  },
  "history": [
    {
      "timestamp": 1772701869.0979934,
      "chain_id": "v27",
      "price": 60000,
      "metadata": {
        "initial": true
      }
    },
    {
      "timestamp": 1772701869.0979934,
      "chain_id": "v26",
      "price": 60000,
      "metadata": {
        "initial": true
      }
    },
    {
      "timestamp": 1772701930.161828,
      "chain_id": "v27",
      "price": 62223.771697206525,
      "metadata": {
        "fork_sustained": true,
        "fork_depth": 24
      }
    },
    {
      "timestamp": 1772701930.161838,
      "chain_id": "v26",
      "price": 57123.42830279348,
      "metadata": {
        "fork_sustained": true,
        "fork_depth": 24
      }
    },
    {
      "timestamp": 1772701991.099441,
      "chain_id": "v27",
      "price": 62547.77169720652,
      "metadata": {
        "fork_sustained": true,
        "fork_depth": 50
      }
    },
    {
      "timestamp": 1772701991.0994473,
      "chain_id": "v26",
      "price": 56799.42830279349,
      "metadata": {
        "fork_sustained": true,
        "fork_depth": 50
      }
    },
    {
      "timestamp": 1772702051.5200183,
      "chain_id": "v27",
      "price": 62712.343125777945,
      "metadata": {
        "fork_sustained": true,
        "fork_depth": 70
      }
    },
    {
      "timestamp": 1772702051.5200264,
      "chain_id": "v26",
      "price": 56634.85687422206,
      "metadata": {
        "fork_sustained": true,
        "fork_depth": 70
      }
    },
    {
      "timestamp": 1772702111.6704166,
      "chain_id": "v27",
      "price": 62706.929591943364,
      "metadata": {
        "fork_sustained": true,
        "fork_depth": 95
      }
    },
    {
      "timestamp": 1772702111.6704223,
      "chain_id": "v26",
      "price": 56640.27040805664,
      "metadata": {
        "fork_sustained": true,
        "fork_depth": 95
      }
    },
    {
      "timestamp": 1772702172.3630416,
      "chain_id": "v27",
      "price": 62736.99483770238,
      "metadata": {
        "fork_sustained": true,
        "fork_depth": 121
      }
    },
    {
      "timestamp": 1772702172.3630495,
      "chain_id": "v26",
      "price": 56610.205162297614,
      "metadata": {
        "fork_sustained": true,
        "fork_depth": 121
      }
    },
    {
      "timestamp": 1772702232.8512192,
      "chain_id": "v27",
      "price": 62796.4989699338,
      "metadata": {
        "fork_sustained": true,
        "fork_depth": 143
      }
    },
    {
      "timestamp": 1772702232.851226,
      "chain_id": "v26",
      "price": 56550.70103006621,
      "metadata": {
        "fork_sustained": true,
        "fork_depth": 143
      }
    },
    {
      "timestamp": 1772702293.4885895,
      "chain_id": "v27",
      "price": 62811.63296888282,
      "metadata": {
        "fork_sustained": true,
        "fork_depth": 173
      }
    },
    {
      "timestamp": 1772702293.4885952,
      "chain_id": "v26",
      "price": 56535.567031117185,
      "metadata": {
        "fork_sustained": true,
        "fork_depth": 173
      }
    },
    {
      "timestamp": 1772702354.0803123,
      "chain_id": "v27",
      "price": 62696.04892492929,