{
  "config": {
    "base_price": 60000,
    "max_divergence": 0.2,
    "coefficients": {
      "chain_weight": 0.3,
      "economic_weight": 0.5,
      "hashrate_weight": 0.2
    }
  },
  "current_prices": {
    "v27": 65698.39645556691,
    "v26": 54223.3635444331
  },
  "timeline": {
    "timestamps": [
      1772302473.4760594,
      1772302534.3634248,
      1772302534.3634353,
      1772302595.1294973,
      1772302595.129506,
      1772302656.137931,
      1772302656.137936,
      1772302716.1788225,
      1772302716.1788278,
      1772302776.8361347,
      1772302776.836142,
      1772302837.7590225,
      1772302837.7590322,
      1772302898.375561,
      1772302898.3755662,
      1772302959.2658584,
      1772302959.2658658,
      1772303019.655396,
      1772303019.655402,
      1772303080.3159688,
      1772303080.3159745,
      1772303140.4355292,
      1772303140.4355352,
      1772303201.2403693,
      1772303201.2403755,
      1772303261.4107661,
      1772303261.410774,
      1772303322.0604146,
      1772303322.0604227,
      1772303382.6707525,
      1772303382.6707578,
      1772303443.428089,
      1772303443.4280946,
      1772303504.1315176,
      1772303504.1315236,
      1772303564.8791273,
      1772303564.8791344,
      1772303625.7606664,
      1772303625.7606719,
      1772303686.5307088,
      1772303686.5307164,
      1772303747.3961558,
      1772303747.3961618,
      1772303807.4020355,
      1772303807.4020402,
      1772303867.9326556,
      1772303867.9326608,
      1772303928.858817,
      1772303928.8588238,
      1772303988.8692687,
      1772303988.8692741,
      1772304049.8238297,
      1772304049.8238378,
      1772304109.8282607,
      1772304109.828268,
      1772304170.7216995,
      1772304170.721707,
      1772304231.583631,
      1772304231.5836375
    ],
    "v27_prices": [
      60000,
      64622.58441306395,
      64622.58441306395,
      64729.39759987715,
      64729.39759987715,
      64846.186897536005,
      64846.186897536005,
      64840.166830646376,
      64840.166830646376,
      64798.15091552701,
      64798.15091552701,
      64870.376620856165,
      64870.376620856165,
      64794.012984492525,
      64794.012984492525,
      64765.19202379384,
      64765.19202379384,
      64704.35781207873,
      64704.35781207873,
      65259.061068116214,
      65259.061068116214,
      65317.304704237744,
      65317.304704237744,
      65372.934723622966,
      65372.934723622966,
      65415.233359827645,
      65415.233359827645,
      65449.19493937975,
      65449.19493937975,
      65475.74947738352,
      65475.74947738352,
      65505.37085588942,
      65505.37085588942,
      65529.71842382307,
      65529.71842382307,
      65552.22326117236,
      65552.22326117236,
      65575.74508096748,
      65575.74508096748,
      65592.95008696603,
      65592.95008696603,
      65611.3293724524,
      65611.3293724524,
      65630.27125220906,
      65630.27125220906,
      65639.1652780705,
      65639.1652780705,
      65642.96320283314,
      65642.96320283314,
      65657.57481021866,
      65657.57481021866,
      65670.09858554932,
      65670.09858554932,
      65679.9244348742,
      65679.9244348742,
      65689.65655854392,
      65689.65655854392,
      65698.39645556691,
      65698.39645556691
    ],
    "v26_prices": [
      60000,
      60000,
      55299.17558693605,
      55299.17558693605,
      55192.36240012287,
      55192.36240012287,
      55075.57310246401,
      55075.57310246401,
      55081.59316935364,
      55081.59316935364,
      55123.609084473,
      55123.609084473,
      55051.38337914385,
      55051.38337914385,
      55127.74701550749,
      55127.74701550749,
      55156.56797620618,
      55156.56797620618,
      55217.402187921274,
      55217.402187921274,
      54662.69893188379,
      54662.69893188379,
      54604.45529576226,
      54604.45529576226,
      54548.82527637704,
      54548.82527637704,
      54506.526640172364,
      54506.526640172364,
      54472.56506062026,
      54472.56506062026,
      54446.01052261649,
      54446.01052261649,
      54416.38914411058,
      54416.38914411058,
      54392.04157617694,
      54392.04157617694,
      54369.53673882764,
      54369.53673882764,
      54346.01491903253,
      54346.01491903253,
      54328.80991303398,
      54328.80991303398,
      54310.43062754761,
      54310.43062754761,
      54291.48874779095,
      54291.48874779095,
      54282.5947219295,
      54282.5947219295,
      54278.79679716687,
      54278.79679716687,
      54264.18518978134,
      54264.18518978134,
      54251.66141445068,
      54251.66141445068,
      54241.8355651258,
      54241.8355651258,
      54232.10344145608,
      54232.10344145608,
      54223.3635444331
    ]
  },
  "history": [
    {
      "timestamp": 1772302473.4760594,
      "chain_id": "v27",
      "price": 60000,
      "metadata": {
        "initial": true
      }
    },
    {
      "timestamp": 1772302473.4760594,
      "chain_id": "v26",
      "price": 60000,
      "metadata": {
        "initial": true
      }
    },
    {
      "timestamp": 1772302534.3634248,
      "chain_id": "v27",
      "price": 64622.58441306395,
      "metadata": {
        "fork_sustained": true,
        "fork_depth": 28
      }
    },
    {
      "timestamp": 1772302534.3634353,
      "chain_id": "v26",
      "price": 55299.17558693605,
      "metadata": {
        "fork_sustained": true,
        "fork_depth": 28
      }
    },
    {
      "timestamp": 1772302595.1294973,
      "chain_id": "v27",
      "price": 64729.39759987715,
      "metadata": {
        "fork_sustained": true,
        "fork_depth": 65
      }
    },
    {
      "timestamp": 1772302595.129506,
      "chain_id": "v26",
      "price": 55192.36240012287,
      "metadata": {
        "fork_sustained": true,
        "fork_depth": 65
      }
    },
    {
      "timestamp": 1772302656.137931,
      "chain_id": "v27",
      "price": 64846.186897536005,
      "metadata": {
        "fork_sustained": true,
        "fork_depth": 92
      }
    },
    {
      "timestamp": 1772302656.137936,
      "chain_id": "v26",
      "price": 55075.57310246401,
      "metadata": {
        "fork_sustained": true,
        "fork_depth": 92
      }
    },
    {
      "timestamp": 1772302716.1788225,
      "chain_id": "v27",
      "price": 64840.166830646376,
      "metadata": {
        "fork_sustained": true,
        "fork_depth": 117
      }
    },
    {
      "timestamp": 1772302716.1788278,
      "chain_id": "v26",
      "price": 55081.59316935364,
      "metadata": {
        "fork_sustained": true,
        "fork_depth": 117
      }
    },
    {
      "timestamp": 1772302776.8361347,
      "chain_id": "v27",
      "price": 64798.15091552701,
      "metadata": {
        "fork_sustained": true,
        "fork_depth": 145
      }
    },
    {
      "timestamp": 1772302776.836142,
      "chain_id": "v26",
      "price": 55123.609084473,
      "metadata": {
        "fork_sustained": true,
        "fork_depth": 145
      }
    },
    {
      "timestamp": 1772302837.7590225,
      "chain_id": "v27",
      "price": 64870.376620856165,
      "metadata": {
        "fork_sustained": true,
        "fork_depth": 165
      }
    },
    {
      "timestamp": 1772302837.7590322,
      "chain_id": "v26",
      "price": 55051.38337914385,
      "metadata": {
        "fork_sustained": true,
        "fork_depth": 165
      }
    },
    {
      "timestamp": 1772302898.375561,
      "chain_id": "v27",
      "price": 64794.012984492525,
      "metadata": {
        "fork_sustained": true,
        "fork_depth": 192
      }
    },
    {
      "timestamp": 1772302898.3755662,
      "chain_id": "v26",
      "price": 55127.74701550749,
      "metadata": {
        "fork_sustained": true,
        "fork_depth": 192
      }
    },
    {
      "timestamp": 1772302959.2658584,
      "chain_id": "v27",
      "price": 64765.19202379384,