{
  "timestamps": [
    0,
    60,
    121,
    182,
    242,
    302,
    363,
    424,
    485,
    545,
    606,
    666,
    727,
    787,
    847,
    908,
    969,
    1030,
    1090,
    1151,
    1212,
    1273,
    1333,
    1393,
    1454,
    1514,
    1575,
    1635,
    1696,
    1757,
    1800
  ],
  "v27_price": [
    60000,
    60000,
    64622.58441306395,
    64729.39759987715,
    64846.186897536005,
    64840.166830646376,
    64798.15091552701,
    64870.376620856165,
    64794.012984492525,
    64765.19202379384,
    64704.35781207873,
    65259.061068116214,
    65317.304704237744,
    65372.934723622966,
    65415.233359827645,
    65449.19493937975,
    65475.74947738352,
    65505.37085588942,
    65529.71842382307,
    65552.22326117236,
    65575.74508096748,
    65592.95008696603,
    65611.3293724524,
    65630.27125220906,
    65639.1652780705,
    65642.96320283314,
    65657.57481021866,
    65670.09858554932,
    65679.9244348742,
    65689.65655854392,
    65698.39645556691
  ],
  "v26_price": [
    60000,
    60000,
    55299.17558693605,
    55192.36240012287,
    55075.57310246401,
    55081.59316935364,
    55123.609084473,
    55051.38337914385,
    55127.74701550749,
    55156.56797620618,
    55217.402187921274,
    54662.69893188379,
    54604.45529576226,
    54548.82527637704,
    54506.526640172364,
    54472.56506062026,
    54446.01052261649,
    54416.38914411058,
    54392.04157617694,
    54369.53673882764,
    54346.01491903253,
    54328.80991303398,
    54310.43062754761,
    54291.48874779095,
    54282.5947219295,
    54278.79679716687,
    54264.18518978134,
    54251.66141445068,
    54241.8355651258,
    54232.10344145608,
    54223.3635444331
  ],
  "v27_hashrate": [
    87.07,
    87.07,
    87.07,
    87.07,
    87.07,
    87.07,
    87.07,
    87.07,
    87.07,
    87.07,
    98.36999999999999,
    98.36999999999999,
    98.36999999999999,
    98.36999999999999,
    98.36999999999999,
    98.36999999999999,
    98.36999999999999,
    98.36999999999999,
    98.36999999999999,
    98.36999999999999,
    98.36999999999999,
    98.36999999999999,
    98.36999999999999,
    98.36999999999999,
    98.36999999999999,
    98.36999999999999,
    98.36999999999999,
    98.36999999999999,
    98.36999999999999,
    98.36999999999999,
    98.36999999999999
  ],
  "v26_hashrate": [
    11.3,
    11.3,
    11.3,
    11.3,
    11.3,
    11.3,
    11.3,
    11.3,
    11.3,
    11.3,
    0.0,
    0.0,
    0.0,
    0.0,
    0.0,
    0.0,
    0.0,
    0.0,
    0.0,
    0.0,
    0.0,
    0.0,
    0.0,
    0.0,
    0.0,
    0.0,
    0.0,
    0.0,
    0.0,
    0.0,
    0.0
  ],
  "v27_economic": [
    50.12210820410434,
    50.12210820410434,
    50.12210820410434,
    50.12210820410434,
    50.12210820410434,
    50.12210820410434,
    50.12210820410434,
    50.12210820410434,
    50.12210820410434,
    50.12210820410434,
    50.12210820410434,
    50.12210820410434,
    50.12210820410434,
    50.12210820410434,
    50.12210820410434,
    50.12210820410434,
    50.12210820410434,
    50.12210820410434,
    50.12210820410434,
    50.12210820410434,
    50.12210820410434,
    50.12210820410434,
    50.12210820410434,
    50.12210820410434,
    50.12210820410434,
    50.12210820410434,
    50.12210820410434,
    50.12210820410434,
    50.12210820410434,
    50.12210820410434,
    50.12210820410434
  ],
  "v26_economic": [
    49.87789179589566,
    49.87789179589566,
    49.87789179589566,
    49.87789179589566,
    49.87789179589566,
    49.87789179589566,
    49.87789179589566,
    49.87789179589566,
    49.87789179589566,
    49.87789179589566,
    49.87789179589566,
    49.87789179589566,
    49.87789179589566,
    49.87789179589566,
    49.87789179589566,
    49.87789179589566,
    49.87789179589566,
    49.87789179589566,
    49.87789179589566,
    49.87789179589566,
    49.87789179589566,
    49.87789179589566,
    49.87789179589566,
    49.87789179589566,
    49.87789179589566,
    49.87789179589566,
    49.87789179589566,
    49.87789179589566,
    49.87789179589566,
    49.87789179589566,
    49.87789179589566
  ],
  "v27_blocks": [
    0,
    25,
    59,
    85,
    108,
    133,
    153,
    176,
    209,
    236,
    260,
    287,
    318,
    346,
    372,
    395,
    424,
    451,
    479,
    512,
    539,
    571,
    608,
    627,
    659,
    695,
    729,
    758,
    789,
    819,
    841
  ],
  "v26_blocks": [
    0,
    3,
    6,
    7,
    9,
    12,
    12,
    16,
    20,
    25,
    27,
    27,
    27,
    27,
    27,
    27,
    27,
    27,
    27,
    27,
    27,
    27,
    27,
    27,
    28,
    28,
    28,
    28,
    28,
    28,
    28
  ],
  "v27_difficulty": [
    1.0,
    1.0,
    1.0,
    1.0,
    1.0,
    1.0,
    1.0,
    1.0,
    1.0,
    1.0,
    1.0,
    1.0,
    1.0,
    1.0,
    1.0,
    1.0,
    1.0,
    1.0,
    1.0,
    1.0,
    1.0,
    1.0,
    1.0,
    1.0,
    1.0,
    1.0,
    1.0,
    1.0,
    1.0,
    1.0,
    1.0
  ],
  "v26_difficulty": [
    1.0,
    1.0,
    1.0,
    1.0,
    1.0,
    1.0,
    1.0,
    1.0,
    1.0,
    1.0,
    1.0,
    1.0,
    1.0,
    1.0,
    1.0,
    1.0,
    1.0,
    1.0,
    1.0,
    1.0,
    1.0,
    1.0,
    1.0,
    1.0,
    1.0,
    1.0,
    1.0,
    1.0,
    1.0,
    1.0,
    1.0
  ],
  "v27_chainwork": [
    0.0,
    25.0,
    59.0,
    85.0,
    108.0,
    133.0,
    153.0,
    176.0,
    209.0,
    236.0,
    260.0,
    287.0,
    318.0,
    346.0,
    372.0,
    395.0,
    424.0,
    451.0,
    479.0,
    512.0,
    539.0,
    571.0,
    608.0,
    627.0,
    659.0,
    695.0,
    729.0,
    758.0,
    789.0,
    819.0,
    841.0
  ],
  "v26_chainwork": [
    0.0,
    3.0,
    6.0,
    7.0,
    9.0,
    12.0,
    12.0,
    16.0,
    20.0,
    25.0,
    27.0,
    27.0,
    27.0,
    27.0,
    27.0,
    27.0,
    27.0,
    27.0,
    27.0,
    27.0,
    27.0,
    27.0,
    27.0,
    27.0,
    28.0,
    28.0,
    28.0,
    28.0,
    28.0,
    28.0,
    28.0
  ],
  "v27_fee_rate": [
    1.0,
    1.0,
    0.004179077527462954,
    0.004179077527462954,
    0.004179077527462954,
    0.004179077527462954,
    0.004179077527462954,
    0.004179077527462954,
    0.004179077527462954,
    0.004179077527462954,
    0.004179077527462954,
    0.003699016776620915,
    0.003699016776620915,
    0.003699016776620915,
    0.003699016776620915,
    0.003699016776620915,
    0.003699016776620915,
    0.003699016776620915,
    0.003699016776620915,
    0.003699016776620915,
    0.003699016776620915,
    0.003699016776620915,
    0.003699016776620915,
    0.003699016776620915,
    0.003699016776620915,
    0.003699016776620915,
    0.003699016776620915,
    0.003699016776620915,
    0.003699016776620915,
    0.003699016776620915,
    0.003699016776620915
  ],
  "v26_fee_rate": [
    1.0,
    1.0,
    0.02679596339384666,
    0.02679596339384666,
    0.02679596339384666,
    0.02679596339384666,
    0.02679596339384666,
    0.02679596339384666,
    0.02679596339384666,
    0.02679596339384666,
    0.02679596339384666,
    3.0279438635046723,
    3.0279438635046723,
    3.0279438635046723,
    3.0279438635046723,
    3.0279438635046723,
    3.0279438635046723,
    3.0279438635046723,
    3.0279438635046723,
    3.0279438635046723,
    3.0279438635046723,
    3.0279438635046723,
    3.0279438635046723,
    3.0279438635046723,
    3.0279438635046723,
    3.0279438635046723,
    3.0279438635046723,
    3.0279438635046723,
    3.0279438635046723,
    3.0279438635046723,
    3.0279438635046723
  ],