{
  "blocks_mined": {
    "v27": 0,
    "v26": 0
  },
  "total_blocks": 0,
  "final_hashrate": {
    "v27": 50.5,
    "v26": 35.9
  },
  "final_economic": {
    "v27": 50.12210820410434,
    "v26": 49.87789179589566
  },
  "final_prices": {
    "v27": 60000,
    "v26": 60000
  }
}