{
  "blocks_mined": {
    "v27": 6,
    "v26": 604
  },
  "total_blocks": 610,
  "final_hashrate": {
    "v27": 0.0,
    "v26": 86.4
  },
  "final_economic": {
    "v27": 0.0,
    "v26": 100.0
  },
  "final_prices": {
    "v27": 48038.640429338106,
    "v26": 71308.5595706619
  }
}