{
  "blocks_mined": {
    "v27": 83,
    "v26": 179
  },
  "total_blocks": 262,
  "final_hashrate": {
    "v27": 30.0,
    "v26": 56.39999999999999
  },
  "final_economic": {
    "v27": 62.14929353977099,
    "v26": 37.850706460229006
  },
  "final_prices": {
    "v27": 59116.097042954345,
    "v26": 60231.10295704567
  }
}