{
  "config": {
    "base_price": 60000,
    "max_divergence": 0.2,
    "coefficients": {
      "chain_weight": 0.3,
      "economic_weight": 0.5,
      "hashrate_weight": 0.2
    }
  },
  "current_prices": {
    "v27": 71683.74347107438,
    "v26": 48238.016528925626
  },
  "timeline": {
    "timestamps": [
      1772281374.9752195,
      1772281435.840291,
      1772281435.8402994,
      1772281496.5853426,
      1772281496.5853515,
      1772281557.5668774,
      1772281557.5668836,
      1772281617.6449578,
      1772281617.6449635,
      1772281678.343113,
      1772281678.343121,
      1772281738.3967805,
      1772281738.396787,
      1772281798.9973173,
      1772281798.9973233,
      1772281859.3258684,
      1772281859.3258739,
      1772281919.6779237,
      1772281919.6779294,
      1772281980.241199,
      1772281980.2412047,
      1772282040.966776,
      1772282040.966783,
      1772282101.774147,
      1772282101.774156,
      1772282162.7489548,
      1772282162.7489605,
      1772282223.4695852,
      1772282223.469591,
      1772282284.0727274,
      1772282284.0727386,
      1772282344.802253,
      1772282344.8022594,
      1772282405.5393195,
      1772282405.5393252,
      1772282466.2889895,
      1772282466.288995,
      1772282527.2107513,
      1772282527.2107565,
      1772282587.9134905,
      1772282587.913496,
      1772282648.8037546,
      1772282648.8037598,
      1772282709.0685983,
      1772282709.0686083,
      1772282769.6107538,
      1772282769.6107595,
      1772282830.1131988,
      1772282830.1132064,
      1772282891.1290286,
      1772282891.129039,
      1772282952.0977466,
      1772282952.097755,
      1772283012.9329164,
      1772283012.9329236,
      1772283073.8748255,
      1772283073.8748312,
      1772283134.7339318,
      1772283134.7339373
    ],
    "v27_prices": [
      60000,
      68783.99053920462,
      68783.99053920462,
      68890.8037260178,
      68890.8037260178,
      69007.59302367666,
      69007.59302367666,
      69001.57295678703,
      69001.57295678703,
      70779.14991110069,
      70779.14991110069,
      70851.37561642984,
      70851.37561642984,
      70771.87061880965,
      70771.87061880965,
      70743.43303269778,
      70743.43303269778,
      70685.3568076524,
      70685.3568076524,
      71239.65473684212,
      71239.65473684212,
      71300.67373801916,
      71300.67373801916,
      71358.28173913044,
      71358.28173913044,
      71399.17935483872,
      71399.17935483872,
      71434.54195488723,
      71434.54195488723,
      71461.09649289101,
      71461.09649289101,
      71489.76000000001,
      71489.76000000001,
      71515.06543933054,
      71515.06543933054,
      71537.57027667985,
      71537.57027667985,
      71561.09209647497,
      71561.09209647497,
      71577.68920353983,
      71577.68920353983,
      71596.1318592965,
      71596.1318592965,
      71615.61826771653,
      71615.61826771653,
      71624.51229357798,
      71624.51229357798,
      71628.31021834062,
      71628.31021834062,
      71642.5356232687,
      71642.5356232687,
      71655.44560105681,
      71655.44560105681,
      71665.2714503817,
      71665.2714503817,
      71675.00357405141,
      71675.00357405141,
      71683.74347107438,
      71683.74347107438
    ],
    "v26_prices": [
      60000,
      60000,
      51137.769460795396,
      51137.769460795396,
      51030.9562739822,
      51030.9562739822,
      50914.166976323344,
      50914.166976323344,
      50920.18704321297,
      50920.18704321297,
      49142.61008889933,
      49142.61008889933,
      49070.38438357018,
      49070.38438357018,
      49149.88938119035,
      49149.88938119035,
      49178.32696730224,
      49178.32696730224,
      49236.4031923476,
      49236.4031923476,
      48682.1052631579,
      48682.1052631579,
      48621.08626198083,
      48621.08626198083,
      48563.47826086957,
      48563.47826086957,
      48522.58064516129,
      48522.58064516129,
      48487.218045112786,
      48487.218045112786,
      48460.663507109006,
      48460.663507109006,
      48432.0,
      48432.0,
      48406.694560669464,
      48406.694560669464,
      48384.18972332016,
      48384.18972332016,
      48360.66790352505,
      48360.66790352505,
      48344.07079646018,
      48344.07079646018,
      48325.62814070353,
      48325.62814070353,
      48306.14173228347,
      48306.14173228347,
      48297.24770642202,
      48297.24770642202,
      48293.449781659394,
      48293.449781659394,
      48279.224376731305,
      48279.224376731305,
      48266.3143989432,
      48266.3143989432,
      48256.48854961833,
      48256.48854961833,
      48246.756425948595,
      48246.756425948595,
      48238.016528925626
    ]
  },
  "history": [
    {
      "timestamp": 1772281374.9752195,
      "chain_id": "v27",
      "price": 60000,
      "metadata": {
        "initial": true
      }
    },
    {
      "timestamp": 1772281374.9752195,
      "chain_id": "v26",
      "price": 60000,
      "metadata": {
        "initial": true
      }
    },
    {
      "timestamp": 1772281435.840291,
      "chain_id": "v27",
      "price": 68783.99053920462,
      "metadata": {
        "fork_sustained": true,
        "fork_depth": 28
      }
    },
    {
      "timestamp": 1772281435.8402994,
      "chain_id": "v26",
      "price": 51137.769460795396,
      "metadata": {
        "fork_sustained": true,
        "fork_depth": 28
      }
    },
    {
      "timestamp": 1772281496.5853426,
      "chain_id": "v27",
      "price": 68890.8037260178,
      "metadata": {
        "fork_sustained": true,
        "fork_depth": 65
      }
    },
    {
      "timestamp": 1772281496.5853515,
      "chain_id": "v26",
      "price": 51030.9562739822,
      "metadata": {
        "fork_sustained": true,
        "fork_depth": 65
      }
    },
    {
      "timestamp": 1772281557.5668774,
      "chain_id": "v27",
      "price": 69007.59302367666,
      "metadata": {
        "fork_sustained": true,
        "fork_depth": 92
      }
    },
    {
      "timestamp": 1772281557.5668836,
      "chain_id": "v26",
      "price": 50914.166976323344,
      "metadata": {
        "fork_sustained": true,
        "fork_depth": 92
      }
    },
    {
      "timestamp": 1772281617.6449578,
      "chain_id": "v27",
      "price": 69001.57295678703,
      "metadata": {
        "fork_sustained": true,
        "fork_depth": 117
      }
    },
    {
      "timestamp": 1772281617.6449635,
      "chain_id": "v26",
      "price": 50920.18704321297,
      "metadata": {
        "fork_sustained": true,
        "fork_depth": 117
      }
    },
    {
      "timestamp": 1772281678.343113,
      "chain_id": "v27",
      "price": 70779.14991110069,
      "metadata": {
        "fork_sustained": true,
        "fork_depth": 145
      }
    },
    {
      "timestamp": 1772281678.343121,
      "chain_id": "v26",
      "price": 49142.61008889933,
      "metadata": {
        "fork_sustained": true,
        "fork_depth": 145
      }
    },
    {
      "timestamp": 1772281738.3967805,
      "chain_id": "v27",
      "price": 70851.37561642984,
      "metadata": {
        "fork_sustained": true,
        "fork_depth": 165
      }
    },
    {
      "timestamp": 1772281738.396787,
      "chain_id": "v26",
      "price": 49070.38438357018,
      "metadata": {
        "fork_sustained": true,
        "fork_depth": 165
      }
    },
    {
      "timestamp": 1772281798.9973173,
      "chain_id": "v27",
      "price": 70771.87061880965,
      "metadata": {
        "fork_sustained": true,
        "fork_depth": 191
      }
    },
    {
      "timestamp": 1772281798.9973233,
      "chain_id": "v26",
      "price": 49149.88938119035,
      "metadata": {
        "fork_sustained": true,
        "fork_depth": 191
      }
    },
    {
      "timestamp": 1772281859.3258684,
      "chain_id": "v27",
      "price": 70743.43303269778,