{
  "blocks_mined": {
    "v27": 210,
    "v26": 343
  },
  "total_blocks": 553,
  "final_hashrate": {
    "v27": 30.0,
    "v26": 56.39999999999999
  },
  "final_economic": {
    "v27": 50.12210820410434,
    "v26": 49.87789179589566
  },
  "final_prices": {
    "v27": 58209.68257029134,
    "v26": 61137.51742970867
  }
}