{
  "config": {
    "base_price": 60000,
    "max_divergence": 0.2,
    "coefficients": {
      "chain_weight": 0.3,
      "economic_weight": 0.5,
      "hashrate_weight": 0.2
    }
  },
  "current_prices": {
    "v27": 58184.41684558115,
    "v26": 61162.78315441885
  },
  "timeline": {
    "timestamps": [
      1772598745.254004,
      1772598806.4362142,
      1772598806.4362245,
      1772598867.4186547,
      1772598867.4186604,
      1772598927.79601,
      1772598927.7960162,
      1772598987.8996048,
      1772598987.899611,
      1772599048.4239347,
      1772599048.4239426,
      1772599108.8904626,
      1772599108.8904698,
      1772599169.509091,
      1772599169.509096,
      1772599230.1043098,
      1772599230.1043174,
      1772599290.8363848,
      1772599290.8363907,
      1772599351.3910835,
      1772599351.391091,
      1772599412.3025246,
      1772599412.302535,
      1772599472.533494,
      1772599472.5335,
      1772599533.0557125,
      1772599533.055721,
      1772599593.0762904,
      1772599593.0762982,
      1772599653.6819873,
      1772599653.681995,
      1772599713.9934783,
      1772599713.9934845,
      1772599774.2552667,
      1772599774.2552717,
      1772599834.561399,
      1772599834.5614042,
      1772599895.127637,
      1772599895.1276422,
      1772599955.8902845,
      1772599955.8902924,
      1772600016.3243759,
      1772600016.3243814,
      1772600076.6874192,
      1772600076.6874266,
      1772600136.762999,
      1772600136.7630043,
      1772600197.5514717,
      1772600197.55148,
      1772600258.0963326,
      1772600258.0963397,
      1772600318.6831563,
      1772600318.6831634,
      1772600379.2550812,
      1772600379.255087,
      1772600439.8932254,
      1772600439.8932314,
      1772600500.4579837,
      1772600500.4579916
    ],
    "v27_prices": [
      60000,
      59986.715224772524,
      59986.715224772524,
      60310.71522477252,
      60310.71522477252,
      60475.28665334395,
      60475.28665334395,
      60469.873119509364,
      60469.873119509364,
      60499.93836526839,
      60499.93836526839,
      60559.442497499804,
      60559.442497499804,
      60574.57649644882,
      60574.57649644882,
      60458.992452495295,
      60458.992452495295,
      60548.25368631098,
      60548.25368631098,
      61383.0241050814,
      61383.0241050814,
      61560.92231798228,
      61560.92231798228,
      61672.636221456654,
      61672.636221456654,
      61747.21939815194,
      61747.21939815194,
      61832.98586932199,
      61832.98586932199,
      61877.89173394181,
      61877.89173394181,
      61947.07318632106,
      61947.07318632106,
      62000.367757485255,
      62000.367757485255,
      62022.14935868253,
      62022.14935868253,
      62071.8552450252,
      62071.8552450252,
      59422.26865903673,
      59422.26865903673,
      59249.89858440745,
      59249.89858440745,
      59085.24356637385,
      59085.24356637385,
      58928.79861358425,
      58928.79861358425,
      58771.119253576646,
      58771.119253576646,
      58645.14900177227,
      58645.14900177227,
      58516.81633070024,
      58516.81633070024,
      58401.97921521288,
      58401.97921521288,
      58284.37533873385,
      58284.37533873385,
      58184.41684558115,
      58184.41684558115
    ],
    "v26_prices": [
      60000,
      60000,
      59360.48477522749,
      59360.48477522749,
      59036.48477522749,
      59036.48477522749,
      58871.91334665606,
      58871.91334665606,
      58877.32688049065,
      58877.32688049065,
      58847.26163473162,
      58847.26163473162,
      58787.757502500215,
      58787.757502500215,
      58772.623503551185,
      58772.623503551185,
      58888.20754750471,
      58888.20754750471,
      58798.946313689026,
      58798.946313689026,
      57964.175894918604,
      57964.175894918604,
      57786.27768201771,
      57786.27768201771,
      57674.56377854335,
      57674.56377854335,
      57599.98060184807,
      57599.98060184807,
      57514.21413067802,
      57514.21413067802,
      57469.3082660582,
      57469.3082660582,
      57400.126813678944,
      57400.126813678944,
      57346.83224251474,
      57346.83224251474,
      57325.05064131747,
      57325.05064131747,
      57275.3447549748,
      57275.3447549748,
      59924.93134096328,
      59924.93134096328,
      60097.30141559255,
      60097.30141559255,
      60261.956433626154,
      60261.956433626154,
      60418.40138641575,
      60418.40138641575,
      60576.080746423366,
      60576.080746423366,
      60702.050998227736,
      60702.050998227736,
      60830.38366929977,
      60830.38366929977,
      60945.220784787125,
      60945.220784787125,
      61062.82466126616,
      61062.82466126616,
      61162.78315441885
    ]
  },
  "history": [
    {
      "timestamp": 1772598745.254004,
      "chain_id": "v27",
      "price": 60000,
      "metadata": {
        "initial": true
      }
    },
    {
      "timestamp": 1772598745.254004,
      "chain_id": "v26",
      "price": 60000,
      "metadata": {
        "initial": true
      }
    },
    {
      "timestamp": 1772598806.4362142,
      "chain_id": "v27",
      "price": 59986.715224772524,
      "metadata": {
        "fork_sustained": true,
        "fork_depth": 24
      }
    },
    {
      "timestamp": 1772598806.4362245,
      "chain_id": "v26",
      "price": 59360.48477522749,
      "metadata": {
        "fork_sustained": true,
        "fork_depth": 24
      }
    },
    {
      "timestamp": 1772598867.4186547,
      "chain_id": "v27",
      "price": 60310.71522477252,
      "metadata": {
        "fork_sustained": true,
        "fork_depth": 50
      }
    },
    {
      "timestamp": 1772598867.4186604,
      "chain_id": "v26",
      "price": 59036.48477522749,
      "metadata": {
        "fork_sustained": true,
        "fork_depth": 50
      }
    },
    {
      "timestamp": 1772598927.79601,
      "chain_id": "v27",
      "price": 60475.28665334395,
      "metadata": {
        "fork_sustained": true,
        "fork_depth": 70
      }
    },
    {
      "timestamp": 1772598927.7960162,
      "chain_id": "v26",
      "price": 58871.91334665606,
      "metadata": {
        "fork_sustained": true,
        "fork_depth": 70
      }
    },
    {
      "timestamp": 1772598987.8996048,
      "chain_id": "v27",
      "price": 60469.873119509364,
      "metadata": {
        "fork_sustained": true,
        "fork_depth": 95
      }
    },
    {
      "timestamp": 1772598987.899611,
      "chain_id": "v26",
      "price": 58877.32688049065,
      "metadata": {
        "fork_sustained": true,
        "fork_depth": 95
      }
    },
    {
      "timestamp": 1772599048.4239347,
      "chain_id": "v27",
      "price": 60499.93836526839,
      "metadata": {
        "fork_sustained": true,
        "fork_depth": 121
      }
    },
    {
      "timestamp": 1772599048.4239426,
      "chain_id": "v26",
      "price": 58847.26163473162,
      "metadata": {
        "fork_sustained": true,
        "fork_depth": 121
      }
    },
    {
      "timestamp": 1772599108.8904626,
      "chain_id": "v27",
      "price": 60559.442497499804,
      "metadata": {
        "fork_sustained": true,
        "fork_depth": 143
      }
    },
    {
      "timestamp": 1772599108.8904698,
      "chain_id": "v26",
      "price": 58787.757502500215,
      "metadata": {
        "fork_sustained": true,
        "fork_depth": 143
      }
    },
    {
      "timestamp": 1772599169.509091,
      "chain_id": "v27",
      "price": 60574.57649644882,
      "metadata": {
        "fork_sustained": true,
        "fork_depth": 173
      }
    },
    {
      "timestamp": 1772599169.509096,
      "chain_id": "v26",
      "price": 58772.623503551185,
      "metadata": {
        "fork_sustained": true,
        "fork_depth": 173
      }
    },
    {
      "timestamp": 1772599230.1043098,
      "chain_id": "v27",
      "price": 60458.992452495295,