{
  "blocks_mined": {
    "v27": 445,
    "v26": 778
  },
  "total_blocks": 1223,
  "final_hashrate": {
    "v27": 0.0,
    "v26": 86.4
  },
  "final_economic": {
    "v27": 62.14929353977099,
    "v26": 37.850706460229006
  },
  "final_prices": {
    "v27": 58184.41684558115,
    "v26": 61162.78315441885
  }
}