{
  "blocks_mined": {
    "v27": 143,
    "v26": 5034
  },
  "total_blocks": 5177,
  "final_hashrate": {
    "v27": 0.0,
    "v26": 86.4
  },
  "final_economic": {
    "v27": 56.73664319629601,
    "v26": 43.26335680370397
  },
  "final_prices": {
    "v27": 55057.335169157384,
    "v26": 64289.86483084262
  }
}