{
  "config": {
    "base_price": 60000,
    "max_divergence": 0.2,
    "coefficients": {
      "chain_weight": 0.3,
      "economic_weight": 0.5,
      "hashrate_weight": 0.2
    }
  },
  "current_prices": {
    "v27": 54882.08999118519,
    "v26": 65039.67000881481
  },
  "timeline": {
    "timestamps": [
      1772336663.526728,
      1772336725.4078717,
      1772336725.4078858,
      1772336785.6204503,
      1772336785.6204643,
      1772336845.680227,
      1772336845.6802619,
      1772336905.9815958,
      1772336905.981618,
      1772336966.4051144,
      1772336966.405126,
      1772337026.6014874,
      1772337026.601498,
      1772337087.1579003,
      1772337087.1579232,
      1772337147.3339489,
      1772337147.3339858,
      1772337207.8049634,
      1772337207.8049707,
      1772337268.0860186,
      1772337268.086033,
      1772337328.2746484,
      1772337328.2746546,
      1772337388.7550266,
      1772337388.7550414,
      1772337449.0126092,
      1772337449.01262,
      1772337509.2064626,
      1772337509.2064853,
      1772337569.592833,
      1772337569.592843,
      1772337629.9807515,
      1772337629.980763,
      1772337690.3087144,
      1772337690.308726,
      1772337750.5606472,
      1772337750.560669,
      1772337810.684326,
      1772337810.6843367,
      1772337870.8843384,
      1772337870.8843508,
      1772337931.1447647,
      1772337931.1447995,
      1772337991.499734,
      1772337991.4997463,
      1772338051.5958004,
      1772338051.5958133,
      1772338111.7702558,
      1772338111.7702672,
      1772338172.0397305,
      1772338172.0397387,
      1772338232.4526849,
      1772338232.4527059,
      1772338292.7679434,
      1772338292.767957,
      1772338353.0011535,
      1772338353.0011904,
      1772338413.2458775,
      1772338413.245899
    ],
    "v27_prices": [
      60000,
      60000,
      60000,
      60000,
      60000,
      61140.25369979446,
      61140.25369979446,
      60008.82512836588,
      60008.82512836588,
      59449.81891718576,
      59449.81891718576,
      59113.587033127784,
      59113.587033127784,
      58980.253699794455,
      58980.253699794455,
      58980.253699794455,
      58980.253699794455,
      58750.46646575191,
      58750.46646575191,
      57779.33062287138,
      57779.33062287138,
      57670.53941408017,
      57670.53941408017,
      57493.753699794455,
      57493.753699794455,
      57233.39655693731,
      57233.39655693731,
      57083.28072682148,
      57083.28072682148,
      56945.142588683346,
      56945.142588683346,
      56802.3211155248,
      56802.3211155248,
      56957.3063313734,
      56957.3063313734,
      56976.25369979446,
      56976.25369979446,
      56926.84193508858,
      56926.84193508858,
      55634.10512836589,
      55634.10512836589,
      55500.668834929595,
      55500.668834929595,
      55362.14386928599,
      55362.14386928599,
      55325.53369979446,
      55325.53369979446,
      55255.85628043962,
      55255.85628043962,
      55190.533699794454,
      55190.533699794454,
      55071.416052735636,
      55071.416052735636,
      54990.885812470515,
      54990.885812470515,
      54940.87616554789,
      54940.87616554789,
      54882.08999118519,
      54882.08999118519
    ],
    "v26_prices": [
      60000,
      60000,
      60000,
      60000,
      60000,
      60000,
      58781.50630020554,
      58781.50630020554,
      59912.93487163412,
      59912.93487163412,
      60471.94108281424,
      60471.94108281424,
      60808.17296687222,
      60808.17296687222,
      60941.50630020555,
      60941.50630020555,
      60941.50630020555,
      60941.50630020555,
      61171.29353424809,
      61171.29353424809,
      62142.42937712862,
      62142.42937712862,
      62251.22058591984,
      62251.22058591984,
      62428.00630020554,
      62428.00630020554,
      62688.363443062684,
      62688.363443062684,
      62838.47927317853,
      62838.47927317853,
      62976.61741131665,
      62976.61741131665,
      63119.43888447521,
      63119.43888447521,
      62964.45366862659,
      62964.45366862659,
      62945.50630020555,
      62945.50630020555,
      62994.91806491143,
      62994.91806491143,
      64287.65487163412,
      64287.65487163412,
      64421.091165070415,
      64421.091165070415,
      64559.61613071402,
      64559.61613071402,
      64596.22630020555,
      64596.22630020555,
      64665.90371956038,
      64665.90371956038,
      64731.22630020554,
      64731.22630020554,
      64850.34394726436,
      64850.34394726436,
      64930.87418752949,
      64930.87418752949,
      64980.883834452114,
      64980.883834452114,
      65039.67000881481
    ]
  },
  "history": [
    {
      "timestamp": 1772336663.526728,
      "chain_id": "v27",
      "price": 60000,
      "metadata": {
        "initial": true
      }
    },
    {
      "timestamp": 1772336663.526728,
      "chain_id": "v26",
      "price": 60000,
      "metadata": {
        "initial": true
      }
    },
    {
      "timestamp": 1772336725.4078717,
      "chain_id": "v27",
      "price": 60000,
      "metadata": {}
    },
    {
      "timestamp": 1772336725.4078858,
      "chain_id": "v26",
      "price": 60000,
      "metadata": {}
    },
    {
      "timestamp": 1772336785.6204503,
      "chain_id": "v27",
      "price": 60000,
      "metadata": {}
    },
    {
      "timestamp": 1772336785.6204643,
      "chain_id": "v26",
      "price": 60000,
      "metadata": {}
    },
    {
      "timestamp": 1772336845.680227,
      "chain_id": "v27",
      "price": 61140.25369979446,
      "metadata": {
        "fork_sustained": true,
        "fork_depth": 10
      }
    },
    {
      "timestamp": 1772336845.6802619,
      "chain_id": "v26",
      "price": 58781.50630020554,
      "metadata": {
        "fork_sustained": true,
        "fork_depth": 10
      }
    },
    {
      "timestamp": 1772336905.9815958,
      "chain_id": "v27",
      "price": 60008.82512836588,
      "metadata": {
        "fork_sustained": true,
        "fork_depth": 14
      }
    },
    {
      "timestamp": 1772336905.981618,
      "chain_id": "v26",
      "price": 59912.93487163412,
      "metadata": {
        "fork_sustained": true,
        "fork_depth": 14
      }
    },
    {
      "timestamp": 1772336966.4051144,
      "chain_id": "v27",
      "price": 59449.81891718576,
      "metadata": {
        "fork_sustained": true,
        "fork_depth": 23
      }
    },
    {
      "timestamp": 1772336966.405126,
      "chain_id": "v26",
      "price": 60471.94108281424,
      "metadata": {
        "fork_sustained": true,
        "fork_depth": 23
      }
    },
    {
      "timestamp": 1772337026.6014874,
      "chain_id": "v27",
      "price": 59113.587033127784,
      "metadata": {
        "fork_sustained": true,
        "fork_depth": 27
      }
    },
    {
      "timestamp": 1772337026.601498,
      "chain_id": "v26",
      "price": 60808.17296687222,
      "metadata": {
        "fork_sustained": true,
        "fork_depth": 27
      }
    },
    {
      "timestamp": 1772337087.1579003,
      "chain_id": "v27",
      "price": 58980.253699794455,
      "metadata": {
        "fork_sustained": true,
        "fork_depth": 36
      }
    },
    {
      "timestamp": 1772337087.1579232,
      "chain_id": "v26",
      "price": 60941.50630020555,
      "metadata": {
        "fork_sustained": true,
        "fork_depth": 36
      }
    },
    {
      "timestamp": 1772337147.3339489,
      "chain_id": "v27",
      "price": 58980.253699794455,
      "metadata": {
        "fork_sustained": true,
        "fork_depth": 40
      }
    },
    {
      "timestamp": 1772337147.3339858,
      "chain_id": "v26",
      "price": 60941.50630020555,
      "metadata": {
        "fork_sustained": true,
        "fork_depth": 40
      }
    },
    {
      "timestamp": 1772337207.8049634,
      "chain_id": "v27",
      "price": 58750.46646575191,