{
  "timestamps": [
    0,
    60,
    121,
    181,
    241,
    301,
    362,
    422,
    482,
    543,
    603,
    663,
    724,
    784,
    844,
    905,
    965,
    1025,
    1086,
    1146,
    1206,
    1266,
    1326,
    1387,
    1447,
    1507,
    1567,
    1628,
    1688,
    1748,
    1800
  ],
  "v27_price": [
    60000,
    60000,
    60000,
    60000,
    61140.25369979446,
    60008.82512836588,
    59449.81891718576,
    59113.587033127784,
    58980.253699794455,
    58980.253699794455,
    58750.46646575191,
    57779.33062287138,
    57670.53941408017,
    57493.753699794455,
    57233.39655693731,
    57083.28072682148,
    56945.142588683346,
    56802.3211155248,
    56957.3063313734,
    56976.25369979446,
    56926.84193508858,
    55634.10512836589,
    55500.668834929595,
    55362.14386928599,
    55325.53369979446,
    55255.85628043962,
    55190.533699794454,
    55071.416052735636,
    54990.885812470515,
    54940.87616554789,
    54882.08999118519
  ],
  "v26_price": [
    60000,
    60000,
    60000,
    60000,
    58781.50630020554,
    59912.93487163412,
    60471.94108281424,
    60808.17296687222,
    60941.50630020555,
    60941.50630020555,
    61171.29353424809,
    62142.42937712862,
    62251.22058591984,
    62428.00630020554,
    62688.363443062684,
    62838.47927317853,
    62976.61741131665,
    63119.43888447521,
    62964.45366862659,
    62945.50630020555,
    62994.91806491143,
    64287.65487163412,
    64421.091165070415,
    64559.61613071402,
    64596.22630020555,
    64665.90371956038,
    64731.22630020554,
    64850.34394726436,
    64930.87418752949,
    64980.883834452114,
    65039.67000881481
  ],
  "v27_hashrate": [
    46.14,
    46.14,
    46.14,
    46.14,
    46.14,
    46.14,
    46.14,
    46.14,
    46.14,
    46.14,
    26.89,
    26.89,
    26.89,
    26.89,
    26.89,
    26.89,
    26.89,
    26.89,
    26.89,
    26.89,
    0.0,
    0.0,
    0.0,
    0.0,
    0.0,
    0.0,
    0.0,
    0.0,
    0.0,
    0.0,
    0.0
  ],
  "v26_hashrate": [
    52.23,
    52.23,
    52.23,
    52.23,
    52.23,
    52.23,
    52.23,
    52.23,
    52.23,
    52.23,
    71.48,
    71.48,
    71.48,
    71.48,
    71.48,
    71.48,
    71.48,
    71.48,
    71.48,
    71.48,
    98.36999999999999,
    98.36999999999999,
    98.36999999999999,
    98.36999999999999,
    98.36999999999999,
    98.36999999999999,
    98.36999999999999,
    98.36999999999999,
    98.36999999999999,
    98.36999999999999,
    98.36999999999999
  ],
  "v27_economic": [
    43.046114164953785,
    43.046114164953785,
    43.046114164953785,
    43.046114164953785,
    43.046114164953785,
    43.046114164953785,
    43.046114164953785,
    43.046114164953785,
    43.046114164953785,
    43.046114164953785,
    43.046114164953785,
    43.046114164953785,
    43.046114164953785,
    43.046114164953785,
    43.046114164953785,
    43.046114164953785,
    43.046114164953785,
    43.046114164953785,
    43.046114164953785,
    43.046114164953785,
    43.046114164953785,
    43.046114164953785,
    43.046114164953785,
    43.046114164953785,
    43.046114164953785,
    43.046114164953785,
    43.046114164953785,
    43.046114164953785,
    43.046114164953785,
    43.046114164953785,
    43.046114164953785
  ],
  "v26_economic": [
    56.9538858350462,
    56.9538858350462,
    56.9538858350462,
    56.9538858350462,
    56.9538858350462,
    56.9538858350462,
    56.9538858350462,
    56.9538858350462,
    56.9538858350462,
    56.9538858350462,
    56.9538858350462,
    56.9538858350462,
    56.9538858350462,
    56.9538858350462,
    56.9538858350462,
    56.9538858350462,
    56.9538858350462,
    56.9538858350462,
    56.9538858350462,
    56.9538858350462,
    56.9538858350462,
    56.9538858350462,
    56.9538858350462,
    56.9538858350462,
    56.9538858350462,
    56.9538858350462,
    56.9538858350462,
    56.9538858350462,
    56.9538858350462,
    56.9538858350462,
    56.9538858350462
  ],
  "v27_blocks": [
    0,
    3,
    3,
    8,
    9,
    13,
    14,
    18,
    20,
    22,
    24,
    25,
    27,
    27,
    27,
    28,
    29,
    33,
    35,
    35,
    36,
    36,
    36,
    36,
    36,
    36,
    36,
    36,
    36,
    36,
    36
  ],
  "v26_blocks": [
    0,
    1,
    2,
    2,
    5,
    10,
    13,
    18,
    20,
    25,
    28,
    31,
    37,
    43,
    47,
    53,
    60,
    62,
    65,
    67,
    69,
    75,
    82,
    84,
    88,
    92,
    100,
    106,
    110,
    115,
    121
  ],
  "v27_difficulty": [
    1.0,
    1.0,
    1.0,
    1.0,
    1.0,
    1.0,
    1.0,
    1.0,
    1.0,
    1.0,
    1.0,
    1.0,
    1.0,
    1.0,
    1.0,
    1.0,
    1.0,
    1.0,
    1.0,
    1.0,
    1.0,
    1.0,
    1.0,
    1.0,
    1.0,
    1.0,
    1.0,
    1.0,
    1.0,
    1.0,
    1.0
  ],
  "v26_difficulty": [
    1.0,
    1.0,
    1.0,
    1.0,
    1.0,
    1.0,
    1.0,
    1.0,
    1.0,
    1.0,
    1.0,
    1.0,
    1.0,
    1.0,
    1.0,
    1.0,
    1.0,
    1.0,
    1.0,
    1.0,
    1.0,
    1.0,
    1.0,
    1.0,
    1.0,
    1.0,
    1.0,
    1.0,
    1.0,
    1.0,
    1.0
  ],
  "v27_chainwork": [
    0.0,
    3.0,
    3.0,
    8.0,
    9.0,
    13.0,
    14.0,
    18.0,
    20.0,
    22.0,
    24.0,
    25.0,
    27.0,
    27.0,
    27.0,
    28.0,
    29.0,
    33.0,
    35.0,
    35.0,
    36.0,
    36.0,
    36.0,
    36.0,
    36.0,
    36.0,
    36.0,
    36.0,
    36.0,
    36.0,
    36.0
  ],
  "v26_chainwork": [
    0.0,
    1.0,
    2.0,
    2.0,
    5.0,
    10.0,
    13.0,
    18.0,
    20.0,
    25.0,
    28.0,
    31.0,
    37.0,
    43.0,
    47.0,
    53.0,
    60.0,
    62.0,
    65.0,
    67.0,
    69.0,
    75.0,
    82.0,
    84.0,
    88.0,
    92.0,
    100.0,
    106.0,
    110.0,
    115.0,
    121.0
  ],
  "v27_fee_rate": [
    1.0,
    1.0,
    0.031102217154456706,
    0.031102217154456706,
    0.031102217154456706,
    0.031102217154456706,
    0.031102217154456706,
    0.031102217154456706,
    0.031102217154456706,
    0.031102217154456706,
    0.031102217154456706,
    0.053367657103258914,
    0.053367657103258914,
    0.053367657103258914,
    0.053367657103258914,
    0.053367657103258914,
    0.053367657103258914,
    0.053367657103258914,
    0.053367657103258914,
    0.053367657103258914,
    0.053367657103258914,
    14.350562995066324,
    14.350562995066324,
    14.350562995066324,
    14.350562995066324,
    14.350562995066324,
    14.350562995066324,
    14.350562995066324,
    14.350562995066324,
    14.350562995066324,
    14.350562995066324
  ],
  "v26_fee_rate": [
    1.0,
    1.0,
    0.036344572732657496,
    0.036344572732657496,
    0.036344572732657496,
    0.036344572732657496,
    0.036344572732657496,
    0.036344572732657496,
    0.036344572732657496,
    0.036344572732657496,
    0.036344572732657496,
    0.026556757608095984,
    0.026556757608095984,
    0.026556757608095984,
    0.026556757608095984,
    0.026556757608095984,
    0.026556757608095984,
    0.026556757608095984,
    0.026556757608095984,
    0.026556757608095984,
    0.026556757608095984,
    0.019297316598827906,
    0.019297316598827906,
    0.019297316598827906,
    0.019297316598827906,
    0.019297316598827906,
    0.019297316598827906,
    0.019297316598827906,
    0.019297316598827906,
    0.019297316598827906,
    0.019297316598827906
  ],