{
  "blocks_mined": {
    "v27": 157,
    "v26": 4
  },
  "total_blocks": 161,
  "final_hashrate": {
    "v27": 86.4,
    "v26": 0.0
  },
  "final_economic": {
    "v27": 100.0,
    "v26": 0.0
  },
  "final_prices": {
    "v27": 71241.31764705884,
    "v26": 48105.88235294118
  }
}