{
  "blocks_mined": {
    "v27": 213,
    "v26": 26
  },
  "total_blocks": 239,
  "final_hashrate": {
    "v27": 86.4,
    "v26": 0.0
  },
  "final_economic": {
    "v27": 100.0,
    "v26": 0.0
  },
  "final_prices": {
    "v27": 70637.84039408868,
    "v26": 48709.35960591133
  }
}