{
  "blocks_mined": {
    "v27": 3260,
    "v26": 228
  },
  "total_blocks": 3488,
  "final_hashrate": {
    "v27": 86.4,
    "v26": 0.0
  },
  "final_economic": {
    "v27": 100.0,
    "v26": 0.0
  },
  "final_prices": {
    "v27": 70756.3604227362,
    "v26": 48590.83957726382
  }
}