{
  "blocks_mined": {
    "v27": 5,
    "v26": 610
  },
  "total_blocks": 615,
  "final_hashrate": {
    "v27": 0.0,
    "v26": 86.4
  },
  "final_economic": {
    "v27": 0.0,
    "v26": 100.0
  },
  "final_prices": {
    "v27": 48037.76223776224,
    "v26": 71309.43776223777
  }
}