{
  "blocks_mined": {
    "v27": 145,
    "v26": 735
  },
  "total_blocks": 880,
  "final_hashrate": {
    "v27": 0.0,
    "v26": 98.36999999999999
  },
  "final_economic": {
    "v27": 30.06796333916664,
    "v26": 69.93203666083336
  },
  "final_prices": {
    "v27": 52824.93881748322,
    "v26": 67096.8211825168
  }
}