{
  "blocks_mined": {
    "v27": 267,
    "v26": 5
  },
  "total_blocks": 272,
  "final_hashrate": {
    "v27": 86.4,
    "v26": 0.0
  },
  "final_economic": {
    "v27": 100.0,
    "v26": 0.0
  },
  "final_prices": {
    "v27": 71252.8768558952,
    "v26": 48094.323144104805
  }
}