{
  "blocks_mined": {
    "v27": 3128,
    "v26": 1476
  },
  "total_blocks": 4604,
  "final_hashrate": {
    "v27": 86.4,
    "v26": 0.0
  },
  "final_economic": {
    "v27": 56.737060138721,
    "v26": 43.262939861279
  },
  "final_prices": {
    "v27": 63411.97600867545,
    "v26": 55935.223991324565
  }
}