{
  "blocks_mined": {
    "v27": 122,
    "v26": 4087
  },
  "total_blocks": 4209,
  "final_hashrate": {
    "v27": 0.0,
    "v26": 86.4
  },
  "final_economic": {
    "v27": 0.0,
    "v26": 100.0
  },
  "final_prices": {
    "v27": 48801.83883434242,
    "v26": 70545.36116565758
  }
}