{
  "config": {
    "base_price": 60000,
    "max_divergence": 0.2,
    "coefficients": {
      "chain_weight": 0.3,
      "economic_weight": 0.5,
      "hashrate_weight": 0.2
    }
  },
  "current_prices": {
    "v27": 57975.532035080374,
    "v26": 61371.66796491963
  },
  "timeline": {
    "timestamps": [
      1772857539.1243992,
      1772857600.2363315,
      1772857600.2363389,
      1772857661.199524,
      1772857661.1995294,
      1772857721.586595,
      1772857721.5866048,
      1772857781.6642337,
      1772857781.6642396,
      1772857842.200662,
      1772857842.2006695,
      1772857902.6718113,
      1772857902.6718228,
      1772857963.3049922,
      1772857963.3050005,
      1772858023.8864727,
      1772858023.886479,
      1772858084.5795004,
      1772858084.5795066,
      1772858145.0813088,
      1772858145.081317,
      1772858205.208298,
      1772858205.2083037,
      1772858266.143501,
      1772858266.1435087,
      1772858326.4461164,
      1772858326.4461217,
      1772858386.8002367,
      1772858386.8002572,
      1772858447.261144,
      1772858447.261152,
      1772858507.8183007,
      1772858507.8183112,
      1772858568.294949,
      1772858568.2949595,
      1772858628.930579,
      1772858628.9305868,
      1772858689.4531422,
      1772858689.4531476,
      1772858749.997224,
      1772858749.9972296,
      1772858810.1719978,
      1772858810.1720035,
      1772858870.248691,
      1772858870.2486966,
      1772858930.286526,
      1772858930.2865312,
      1772858990.9523077,
      1772858990.952313,
      1772859051.4926357,
      1772859051.4926436,
      1772859112.0775673,
      1772859112.0775745,
      1772859172.629624,
      1772859172.6296313,
      1772859233.3929498,
      1772859233.3929605,
      1772859293.9188962,
      1772859293.9189017
    ],
    "v27_prices": [
      60000,
      59986.715224772524,
      59986.715224772524,
      60310.71522477252,
      60310.71522477252,
      60475.28665334395,
      60475.28665334395,
      60469.873119509364,
      60469.873119509364,
      60499.93836526839,
      60499.93836526839,
      60559.442497499804,
      60559.442497499804,
      60574.57649644882,
      60574.57649644882,
      60458.992452495295,
      60458.992452495295,
      60548.25368631098,
      60548.25368631098,
      61134.42487728218,
      61134.42487728218,
      61257.94617885052,
      61257.94617885052,
      61326.650442121245,
      61326.650442121245,
      61361.27110948658,
      61361.27110948658,
      61425.73996534242,
      61425.73996534242,
      61461.21687584401,
      61461.21687584401,
      61523.1692444118,
      61523.1692444118,
      61534.56109981728,
      61534.56109981728,
      61570.0209028292,
      61570.0209028292,
      61577.12085215614,
      61577.12085215614,
      59156.949782889016,
      59156.949782889016,
      58987.32512428151,
      58987.32512428151,
      58828.54240205515,
      58828.54240205515,
      58669.31573951075,
      58669.31573951075,
      58511.17064130992,
      58511.17064130992,
      58394.67099922634,
      58394.67099922634,
      58276.020217297075,
      58276.020217297075,
      58173.17469529675,
      58173.17469529675,
      58066.54959511556,
      58066.54959511556,
      57975.532035080374,
      57975.532035080374
    ],
    "v26_prices": [
      60000,
      60000,
      59360.48477522749,
      59360.48477522749,
      59036.48477522749,
      59036.48477522749,
      58871.91334665606,
      58871.91334665606,
      58877.32688049065,
      58877.32688049065,
      58847.26163473162,
      58847.26163473162,
      58787.757502500215,
      58787.757502500215,
      58772.623503551185,
      58772.623503551185,
      58888.20754750471,
      58888.20754750471,
      58798.946313689026,
      58798.946313689026,
      58212.77512271784,
      58212.77512271784,
      58089.25382114949,
      58089.25382114949,
      58020.54955787876,
      58020.54955787876,
      57985.92889051342,
      57985.92889051342,
      57921.46003465757,
      57921.46003465757,
      57885.98312415599,
      57885.98312415599,
      57824.030755588195,
      57824.030755588195,
      57812.638900182734,
      57812.638900182734,
      57777.179097170796,
      57777.179097170796,
      57770.07914784385,
      57770.07914784385,
      60190.25021711098,
      60190.25021711098,
      60359.87487571849,
      60359.87487571849,
      60518.65759794485,
      60518.65759794485,
      60677.884260489256,
      60677.884260489256,
      60836.029358690095,
      60836.029358690095,
      60952.52900077367,
      60952.52900077367,
      61071.17978270294,
      61071.17978270294,
      61174.02530470326,
      61174.02530470326,
      61280.65040488445,
      61280.65040488445,
      61371.66796491963
    ]
  },
  "history": [
    {
      "timestamp": 1772857539.1243992,
      "chain_id": "v27",
      "price": 60000,
      "metadata": {
        "initial": true
      }
    },
    {
      "timestamp": 1772857539.1243992,
      "chain_id": "v26",
      "price": 60000,
      "metadata": {
        "initial": true
      }
    },
    {
      "timestamp": 1772857600.2363315,
      "chain_id": "v27",
      "price": 59986.715224772524,
      "metadata": {
        "fork_sustained": true,
        "fork_depth": 24
      }
    },
    {
      "timestamp": 1772857600.2363389,
      "chain_id": "v26",
      "price": 59360.48477522749,
      "metadata": {
        "fork_sustained": true,
        "fork_depth": 24
      }
    },
    {
      "timestamp": 1772857661.199524,
      "chain_id": "v27",
      "price": 60310.71522477252,
      "metadata": {
        "fork_sustained": true,
        "fork_depth": 50
      }
    },
    {
      "timestamp": 1772857661.1995294,
      "chain_id": "v26",
      "price": 59036.48477522749,
      "metadata": {
        "fork_sustained": true,
        "fork_depth": 50
      }
    },
    {
      "timestamp": 1772857721.586595,
      "chain_id": "v27",
      "price": 60475.28665334395,
      "metadata": {
        "fork_sustained": true,
        "fork_depth": 70
      }
    },
    {
      "timestamp": 1772857721.5866048,
      "chain_id": "v26",
      "price": 58871.91334665606,
      "metadata": {
        "fork_sustained": true,
        "fork_depth": 70
      }
    },
    {
      "timestamp": 1772857781.6642337,
      "chain_id": "v27",
      "price": 60469.873119509364,
      "metadata": {
        "fork_sustained": true,
        "fork_depth": 95
      }
    },
    {
      "timestamp": 1772857781.6642396,
      "chain_id": "v26",
      "price": 58877.32688049065,
      "metadata": {
        "fork_sustained": true,
        "fork_depth": 95
      }
    },
    {
      "timestamp": 1772857842.200662,
      "chain_id": "v27",
      "price": 60499.93836526839,
      "metadata": {
        "fork_sustained": true,
        "fork_depth": 121
      }
    },
    {
      "timestamp": 1772857842.2006695,
      "chain_id": "v26",
      "price": 58847.26163473162,
      "metadata": {
        "fork_sustained": true,
        "fork_depth": 121
      }
    },
    {
      "timestamp": 1772857902.6718113,
      "chain_id": "v27",
      "price": 60559.442497499804,
      "metadata": {
        "fork_sustained": true,
        "fork_depth": 143
      }
    },
    {
      "timestamp": 1772857902.6718228,
      "chain_id": "v26",
      "price": 58787.757502500215,
      "metadata": {
        "fork_sustained": true,
        "fork_depth": 143
      }
    },
    {
      "timestamp": 1772857963.3049922,
      "chain_id": "v27",
      "price": 60574.57649644882,
      "metadata": {
        "fork_sustained": true,
        "fork_depth": 173
      }
    },
    {
      "timestamp": 1772857963.3050005,
      "chain_id": "v26",
      "price": 58772.623503551185,
      "metadata": {
        "fork_sustained": true,
        "fork_depth": 173
      }
    },
    {
      "timestamp": 1772858023.8864727,
      "chain_id": "v27",