{
  "config": {
    "base_price": 60000,
    "max_divergence": 0.2,
    "coefficients": {
      "chain_weight": 0.3,
      "economic_weight": 0.5,
      "hashrate_weight": 0.2
    }
  },
  "current_prices": {
    "v27": 62605.14329301637,
    "v26": 57316.61670698364
  },
  "timeline": {
    "timestamps": [
      1771282708.7653534,
      1771282769.73847,
      1771282769.7385015,
      1771282829.8042405,
      1771282829.804252,
      1771282890.1433172,
      1771282890.1433318,
      1771282950.1655862,
      1771282950.1655955,
      1771283010.4479933,
      1771283010.448004,
      1771283071.9016402,
      1771283071.9016628,
      1771283132.123028,
      1771283132.1230745,
      1771283192.4210048,
      1771283192.4210274,
      1771283252.6323066,
      1771283252.6323135,
      1771283312.9370434,
      1771283312.9370642,
      1771283373.1096227,
      1771283373.109632,
      1771283433.9988122,
      1771283433.9988236,
      1771283494.251209,
      1771283494.2512274,
      1771283554.352175,
      1771283554.3521876
    ],
    "v27_prices": [
      60000,
      62000.86564595755,
      62000.86564595755,
      61673.592918684815,
      61673.592918684815,
      61550.86564595754,
      61550.86564595754,
      61550.86564595754,
      61550.86564595754,
      61486.579931671826,
      61486.579931671826,
      61067.532312624215,
      61067.532312624215,
      61652.47854918335,
      61652.47854918335,
      61600.865645957536,
      61600.865645957536,
      61820.86564595754,
      61820.86564595754,
      62174.85543319159,
      62174.85543319159,
      62462.74978388858,
      62462.74978388858,
      62478.76758144142,
      62478.76758144142,
      62601.93473686664,
      62601.93473686664,
      62605.14329301637,
      62605.14329301637
    ],
    "v26_prices": [
      60000,
      60000,
      57920.89435404246,
      57920.89435404246,
      58248.16708131518,
      58248.16708131518,
      58370.894354042466,
      58370.894354042466,
      58370.894354042466,
      58370.894354042466,
      58435.180068328176,
      58435.180068328176,
      58854.227687375795,
      58854.227687375795,
      58269.281450816656,
      58269.281450816656,
      58320.89435404246,
      58320.89435404246,
      58100.89435404245,
      58100.89435404245,
      57746.90456680842,
      57746.90456680842,
      57459.01021611143,
      57459.01021611143,
      57442.99241855859,
      57442.99241855859,
      57319.82526313337,
      57319.82526313337,
      57316.61670698364
    ]
  },
  "history": [
    {
      "timestamp": 1771282708.7653534,
      "chain_id": "v27",
      "price": 60000,
      "metadata": {
        "initial": true
      }
    },
    {
      "timestamp": 1771282708.7653534,
      "chain_id": "v26",
      "price": 60000,
      "metadata": {
        "initial": true
      }
    },
    {
      "timestamp": 1771282769.73847,
      "chain_id": "v27",
      "price": 62000.86564595755,
      "metadata": {
        "fork_sustained": true,
        "fork_depth": 6
      }
    },
    {
      "timestamp": 1771282769.7385015,
      "chain_id": "v26",
      "price": 57920.89435404246,
      "metadata": {
        "fork_sustained": true,
        "fork_depth": 6
      }
    },
    {
      "timestamp": 1771282829.8042405,
      "chain_id": "v27",
      "price": 61673.592918684815,
      "metadata": {
        "fork_sustained": true,
        "fork_depth": 11
      }
    },
    {
      "timestamp": 1771282829.804252,
      "chain_id": "v26",
      "price": 58248.16708131518,
      "metadata": {
        "fork_sustained": true,
        "fork_depth": 11
      }
    },
    {
      "timestamp": 1771282890.1433172,
      "chain_id": "v27",
      "price": 61550.86564595754,
      "metadata": {
        "fork_sustained": true,
        "fork_depth": 16
      }
    },
    {
      "timestamp": 1771282890.1433318,
      "chain_id": "v26",
      "price": 58370.894354042466,
      "metadata": {
        "fork_sustained": true,
        "fork_depth": 16
      }
    },
    {
      "timestamp": 1771282950.1655862,
      "chain_id": "v27",
      "price": 61550.86564595754,
      "metadata": {
        "fork_sustained": true,
        "fork_depth": 16
      }
    },
    {
      "timestamp": 1771282950.1655955,
      "chain_id": "v26",
      "price": 58370.894354042466,
      "metadata": {
        "fork_sustained": true,
        "fork_depth": 16
      }
    },
    {
      "timestamp": 1771283010.4479933,
      "chain_id": "v27",
      "price": 61486.579931671826,
      "metadata": {
        "fork_sustained": true,
        "fork_depth": 21
      }
    },
    {
      "timestamp": 1771283010.448004,
      "chain_id": "v26",
      "price": 58435.180068328176,
      "metadata": {
        "fork_sustained": true,
        "fork_depth": 21
      }
    },
    {
      "timestamp": 1771283071.9016402,
      "chain_id": "v27",
      "price": 61067.532312624215,
      "metadata": {
        "fork_sustained": true,
        "fork_depth": 27
      }
    },
    {
      "timestamp": 1771283071.9016628,
      "chain_id": "v26",
      "price": 58854.227687375795,
      "metadata": {
        "fork_sustained": true,
        "fork_depth": 27
      }
    },
    {
      "timestamp": 1771283132.123028,
      "chain_id": "v27",
      "price": 61652.47854918335,
      "metadata": {
        "fork_sustained": true,
        "fork_depth": 31
      }
    },
    {
      "timestamp": 1771283132.1230745,
      "chain_id": "v26",
      "price": 58269.281450816656,
      "metadata": {
        "fork_sustained": true,
        "fork_depth": 31
      }
    },
    {
      "timestamp": 1771283192.4210048,
      "chain_id": "v27",
      "price": 61600.865645957536,
      "metadata": {
        "fork_sustained": true,
        "fork_depth": 36
      }
    },
    {
      "timestamp": 1771283192.4210274,
      "chain_id": "v26",
      "price": 58320.89435404246,
      "metadata": {
        "fork_sustained": true,
        "fork_depth": 36
      }
    },
    {
      "timestamp": 1771283252.6323066,
      "chain_id": "v27",
      "price": 61820.86564595754,
      "metadata": {
        "fork_sustained": true,
        "fork_depth": 40
      }
    },
    {
      "timestamp": 1771283252.6323135,
      "chain_id": "v26",
      "price": 58100.89435404245,
      "metadata": {
        "fork_sustained": true,
        "fork_depth": 40
      }
    },
    {
      "timestamp": 1771283312.9370434,
      "chain_id": "v27",
      "price": 62174.85543319159,
      "metadata": {
        "fork_sustained": true,
        "fork_depth": 47
      }
    },
    {
      "timestamp": 1771283312.9370642,
      "chain_id": "v26",
      "price": 57746.90456680842,
      "metadata": {
        "fork_sustained": true,
        "fork_depth": 47
      }
    },
    {
      "timestamp": 1771283373.1096227,
      "chain_id": "v27",
      "price": 62462.74978388858,
      "metadata": {
        "fork_sustained": true,
        "fork_depth": 58
      }
    },
    {
      "timestamp": 1771283373.109632,
      "chain_id": "v26",
      "price": 57459.01021611143,
      "metadata": {
        "fork_sustained": true,
        "fork_depth": 58
      }
    },
    {
      "timestamp": 1771283433.9988122,
      "chain_id": "v27",
      "price": 62478.76758144142,
      "metadata": {
        "fork_sustained": true,
        "fork_depth": 62
      }
    },
    {
      "timestamp": 1771283433.9988236,
      "chain_id": "v26",
      "price": 57442.99241855859,
      "metadata": {
        "fork_sustained": true,
        "fork_depth": 62
      }
    },
    {
      "timestamp": 1771283494.251209,
      "chain_id": "v27",
      "price": 62601.93473686664,
      "metadata": {
        "fork_sustained": true,
        "fork_depth": 66
      }
    },
    {
      "timestamp": 1771283494.2512274,
      "chain_id": "v26",
      "price": 57319.82526313337,
      "metadata": {
        "fork_sustained": true,