{
  "blocks_mined": {
    "v27": 5853,
    "v26": 265
  },
  "total_blocks": 6118,
  "final_hashrate": {
    "v27": 86.4,
    "v26": 0.0
  },
  "final_economic": {
    "v27": 100.0,
    "v26": 0.0
  },
  "final_prices": {
    "v27": 70984.06486726299,
    "v26": 48363.13513273702
  }
}