{
  "config": {
    "base_price": 60000,
    "max_divergence": 0.2,
    "coefficients": {
      "chain_weight": 0.3,
      "economic_weight": 0.5,
      "hashrate_weight": 0.2
    }
  },
  "current_prices": {
    "v27": 54300.36066763551,
    "v26": 65046.83933236449
  },
  "timeline": {
    "timestamps": [
      1772670068.926329,
      1772670129.9683738,
      1772670129.9684043,
      1772670190.169337,
      1772670190.1693466,
      1772670250.3092968,
      1772670250.3093228,
      1772670310.8543835,
      1772670310.8543916,
      1772670371.388204,
      1772670371.3882143,
      1772670431.551074,
      1772670431.5510848,
      1772670492.2405753,
      1772670492.2406046,
      1772670552.8892229,
      1772670552.8892593,
      1772670613.5261717,
      1772670613.526206,
      1772670674.0258517,
      1772670674.025871,
      1772670734.308161,
      1772670734.3081717,
      1772670795.1284409,
      1772670795.1284766,
      1772670855.5363548,
      1772670855.5363705,
      1772670915.9891658,
      1772670915.9891753,
      1772670976.4058344,
      1772670976.4058454,
      1772671036.7297242,
      1772671036.729747,
      1772671097.424206,
      1772671097.4242182,
      1772671157.8718808,
      1772671157.8719025,
      1772671218.7641828,
      1772671218.764193,
      1772671279.3570201,
      1772671279.357035,
      1772671340.3442504,
      1772671340.3442626,
      1772671401.1956325,
      1772671401.195643,
      1772671461.203776,
      1772671461.203788,
      1772671521.49087,
      1772671521.491061,
      1772671581.6469088,
      1772671581.6469312,
      1772671642.403402,
      1772671642.4034514,
      1772671702.9791486,
      1772671702.979184,
      1772671763.886132,
      1772671763.8861651,
      1772671824.2897568,
      1772671824.289768
    ],
    "v27_prices": [
      60000,
      57694.33369979446,
      57694.33369979446,
      57933.10920999853,
      57933.10920999853,
      58124.76848240315,
      58124.76848240315,
      58168.527248181555,
      58168.527248181555,
      58201.056388870085,
      58201.056388870085,
      58262.41880617743,
      58262.41880617743,
      58274.807072575524,
      58274.807072575524,
      58194.33369979446,
      58194.33369979446,
      58201.32059935777,
      58201.32059935777,
      56415.33914726528,
      56415.33914726528,
      56151.586711393655,
      56151.586711393655,
      55903.63117534014,
      55903.63117534014,
      55702.581718281275,
      55702.581718281275,
      55529.96165005089,
      55529.96165005089,
      55389.10436938997,
      55389.10436938997,
      55268.465308472936,
      55268.465308472936,
      55144.57434466039,
      55144.57434466039,
      55037.94134378227,
      55037.94134378227,
      54931.36100143092,
      54931.36100143092,
      54843.13758862597,
      54843.13758862597,
      54750.188890149,
      54750.188890149,
      54666.99340641687,
      54666.99340641687,
      54622.890706663864,
      54622.890706663864,
      54569.10051862682,
      54569.10051862682,
      54497.2199901202,
      54497.2199901202,
      54437.502705260216,
      54437.502705260216,
      54389.27439324184,
      54389.27439324184,
      54340.28591973301,
      54340.28591973301,
      54300.36066763551,
      54300.36066763551
    ],
    "v26_prices": [
      60000,
      60000,
      61652.86630020555,
      61652.86630020555,
      61414.09079000146,
      61414.09079000146,
      61222.43151759684,
      61222.43151759684,
      61178.672751818456,
      61178.672751818456,
      61146.14361112991,
      61146.14361112991,
      61084.78119382258,
      61084.78119382258,
      61072.39292742448,
      61072.39292742448,
      61152.86630020555,
      61152.86630020555,
      61145.87940064221,
      61145.87940064221,
      62931.860852734724,
      62931.860852734724,
      63195.61328860636,
      63195.61328860636,
      63443.568824659866,
      63443.568824659866,
      63644.61828171873,
      63644.61828171873,
      63817.2383499491,
      63817.2383499491,
      63958.095630610034,
      63958.095630610034,
      64078.734691527075,
      64078.734691527075,
      64202.62565533962,
      64202.62565533962,
      64309.25865621774,
      64309.25865621774,
      64415.83899856909,
      64415.83899856909,
      64504.06241137404,
      64504.06241137404,
      64597.011109851,
      64597.011109851,
      64680.20659358314,
      64680.20659358314,
      64724.309293336126,
      64724.309293336126,
      64778.09948137319,
      64778.09948137319,
      64849.980009879815,
      64849.980009879815,
      64909.69729473979,
      64909.69729473979,
      64957.92560675817,
      64957.92560675817,
      65006.91408026699,
      65006.91408026699,
      65046.83933236449
    ]
  },
  "history": [
    {
      "timestamp": 1772670068.926329,
      "chain_id": "v27",
      "price": 60000,
      "metadata": {
        "initial": true
      }
    },
    {
      "timestamp": 1772670068.926329,
      "chain_id": "v26",
      "price": 60000,
      "metadata": {
        "initial": true
      }
    },
    {
      "timestamp": 1772670129.9683738,
      "chain_id": "v27",
      "price": 57694.33369979446,
      "metadata": {
        "fork_sustained": true,
        "fork_depth": 24
      }
    },
    {
      "timestamp": 1772670129.9684043,
      "chain_id": "v26",
      "price": 61652.86630020555,
      "metadata": {
        "fork_sustained": true,
        "fork_depth": 24
      }
    },
    {
      "timestamp": 1772670190.169337,
      "chain_id": "v27",
      "price": 57933.10920999853,
      "metadata": {
        "fork_sustained": true,
        "fork_depth": 49
      }
    },
    {
      "timestamp": 1772670190.1693466,
      "chain_id": "v26",
      "price": 61414.09079000146,
      "metadata": {
        "fork_sustained": true,
        "fork_depth": 49
      }
    },
    {
      "timestamp": 1772670250.3092968,
      "chain_id": "v27",
      "price": 58124.76848240315,
      "metadata": {
        "fork_sustained": true,
        "fork_depth": 69
      }
    },
    {
      "timestamp": 1772670250.3093228,
      "chain_id": "v26",
      "price": 61222.43151759684,
      "metadata": {
        "fork_sustained": true,
        "fork_depth": 69
      }
    },
    {
      "timestamp": 1772670310.8543835,
      "chain_id": "v27",
      "price": 58168.527248181555,
      "metadata": {
        "fork_sustained": true,
        "fork_depth": 93
      }
    },
    {
      "timestamp": 1772670310.8543916,
      "chain_id": "v26",
      "price": 61178.672751818456,
      "metadata": {
        "fork_sustained": true,
        "fork_depth": 93
      }
    },
    {
      "timestamp": 1772670371.388204,
      "chain_id": "v27",
      "price": 58201.056388870085,
      "metadata": {
        "fork_sustained": true,
        "fork_depth": 119
      }
    },
    {
      "timestamp": 1772670371.3882143,
      "chain_id": "v26",
      "price": 61146.14361112991,
      "metadata": {
        "fork_sustained": true,
        "fork_depth": 119
      }
    },
    {
      "timestamp": 1772670431.551074,
      "chain_id": "v27",
      "price": 58262.41880617743,
      "metadata": {
        "fork_sustained": true,
        "fork_depth": 141
      }
    },
    {
      "timestamp": 1772670431.5510848,
      "chain_id": "v26",
      "price": 61084.78119382258,
      "metadata": {
        "fork_sustained": true,
        "fork_depth": 141
      }
    },
    {
      "timestamp": 1772670492.2405753,
      "chain_id": "v27",
      "price": 58274.807072575524,
      "metadata": {
        "fork_sustained": true,
        "fork_depth": 169
      }
    },
    {
      "timestamp": 1772670492.2406046,
      "chain_id": "v26",
      "price": 61072.39292742448,
      "metadata": {
        "fork_sustained": true,
        "fork_depth": 169
      }
    },
    {
      "timestamp": 1772670552.8892229,
      "chain_id": "v27",
      "price": 58194.33369979446,