{
  "timestamps": [
    0,
    60,
    121,
    181,
    242,
    302,
    363,
    423,
    484,
    545,
    605,
    665,
    726,
    786,
    846,
    907,
    967,
    1027,
    1088,
    1148,
    1209,
    1270,
    1331,
    1391,
    1452,
    1512,
    1573,
    1633,
    1693,
    1753,
    1800
  ],
  "v27_price": [
    60000,
    60000,
    58543.45298449252,
    58867.45298449252,
    59032.02441306395,
    59026.61087922936,
    59056.67612498839,
    59116.18025721979,
    59131.31425616882,
    59015.7302122153,
    59104.99144603099,
    58707.162637002184,
    58681.36221928517,
    58586.78458666067,
    58583.9431193454,
    58535.886351474255,
    58511.76634636293,
    58476.081973704066,
    58433.708787482625,
    58396.07545133777,
    58368.853288625134,
    61107.30659421522,
    61296.01912594163,
    61492.62624405601,
    61644.40670480248,
    61823.29609138488,
    61964.349094366866,
    62093.164061132804,
    62220.4819120475,
    62338.25335375931,
    62440.70310219669
  ],
  "v26_price": [
    60000,
    60000,
    60803.74701550749,
    60479.74701550747,
    60315.17558693606,
    60320.58912077064,
    60290.52387501162,
    60231.019742780205,
    60215.88574383118,
    60331.469787784714,
    60242.208553969016,
    60640.03736299783,
    60665.83778071484,
    60760.415413339324,
    60763.256880654604,
    60811.31364852575,
    60835.433653637076,
    60871.11802629594,
    60913.49121251738,
    60951.124548662236,
    60978.34671137488,
    58239.893405784795,
    58051.180874058366,
    57854.573755944,
    57702.793295197516,
    57523.903908615124,
    57382.850905633146,
    57254.035938867215,
    57126.7180879525,
    57008.94664624069,
    56906.49689780332
  ],
  "v27_hashrate": [
    38.1,
    38.1,
    38.1,
    38.1,
    38.1,
    38.1,
    38.1,
    38.1,
    38.1,
    38.1,
    30.0,
    30.0,
    30.0,
    30.0,
    30.0,
    30.0,
    30.0,
    30.0,
    30.0,
    30.0,
    86.4,
    86.4,
    86.4,
    86.4,
    86.4,
    86.4,
    86.4,
    86.4,
    86.4,
    86.4,
    86.4
  ],
  "v26_hashrate": [
    48.3,
    48.3,
    48.3,
    48.3,
    48.3,
    48.3,
    48.3,
    48.3,
    48.3,
    48.3,
    56.39999999999999,
    56.39999999999999,
    56.39999999999999,
    56.39999999999999,
    56.39999999999999,
    56.39999999999999,
    56.39999999999999,
    56.39999999999999,
    56.39999999999999,
    56.39999999999999,
    0.0,
    0.0,
    0.0,
    0.0,
    0.0,
    0.0,
    0.0,
    0.0,
    0.0,
    0.0,
    0.0
  ],
  "v27_economic": [
    50.12210820410434,
    50.12210820410434,
    50.12210820410434,
    50.12210820410434,
    50.12210820410434,
    50.12210820410434,
    50.12210820410434,
    50.12210820410434,
    50.12210820410434,
    50.12210820410434,
    50.12210820410434,
    50.12210820410434,
    50.12210820410434,
    50.12210820410434,
    50.12210820410434,
    50.12210820410434,
    50.12210820410434,
    50.12210820410434,
    50.12210820410434,
    50.12210820410434,
    50.12210820410434,
    50.12210820410434,
    50.12210820410434,
    50.12210820410434,
    50.12210820410434,
    50.12210820410434,
    50.12210820410434,
    50.12210820410434,
    50.12210820410434,
    50.12210820410434,
    50.12210820410434
  ],
  "v26_economic": [
    49.87789179589566,
    49.87789179589566,
    49.87789179589566,
    49.87789179589566,
    49.87789179589566,
    49.87789179589566,
    49.87789179589566,
    49.87789179589566,
    49.87789179589566,
    49.87789179589566,
    49.87789179589566,
    49.87789179589566,
    49.87789179589566,
    49.87789179589566,
    49.87789179589566,
    49.87789179589566,
    49.87789179589566,
    49.87789179589566,
    49.87789179589566,
    49.87789179589566,
    49.87789179589566,
    49.87789179589566,
    49.87789179589566,
    49.87789179589566,
    49.87789179589566,
    49.87789179589566,
    49.87789179589566,
    49.87789179589566,
    49.87789179589566,
    49.87789179589566,
    49.87789179589566
  ],
  "v27_blocks": [
    0,
    9,
    21,
    31,
    42,
    54,
    65,
    79,
    89,
    106,
    117,
    130,
    136,
    153,
    178,
    204,
    228,
    250,
    271,
    292,
    341,
    426,
    474,
    512,
    560,
    594,
    623,
    654,
    685,
    714,
    735
  ],
  "v26_blocks": [
    0,
    15,
    29,
    39,
    53,
    67,
    78,
    94,
    113,
    128,
    142,
    178,
    213,
    245,
    283,
    313,
    344,
    376,
    407,
    435,
    462,
    462,
    463,
    464,
    464,
    464,
    464,
    464,
    464,
    464,
    464
  ],
  "v27_difficulty": [
    1.0,
    1.0,
    1.0,
    1.0,
    1.0,
    1.0,
    1.0,
    1.0,
    1.0,
    1.0,
    1.0,
    1.0,
    1.0,
    0.3794466403162055,
    0.3794466403162055,
    0.3794466403162055,
    0.3794466403162055,
    0.3794466403162055,
    0.3794466403162055,
    0.2853280219610109,
    0.2853280219610109,
    0.2853280219610109,
    0.6321113101905473,
    0.6321113101905473,
    0.6321113101905473,
    0.8923924379160669,
    0.8923924379160669,
    0.8923924379160669,
    0.8923924379160669,
    0.8923924379160669,
    0.9017860425257098
  ],
  "v26_difficulty": [
    1.0,
    1.0,
    1.0,
    1.0,
    1.0,
    1.0,
    1.0,
    1.0,
    1.0,
    1.0,
    1.0,
    0.4729064039408867,
    0.4729064039408867,
    0.4729064039408867,
    0.4729064039408867,
    0.5559063034080628,
    0.5559063034080628,
    0.5559063034080628,
    0.5559063034080628,
    0.5539827521851975,
    0.5539827521851975,
    0.5539827521851975,
    0.5539827521851975,
    0.5539827521851975,
    0.5539827521851975,
    0.5539827521851975,
    0.5539827521851975,
    0.5539827521851975,
    0.5539827521851975,
    0.5539827521851975,
    0.5539827521851975
  ],
  "v27_chainwork": [
    0.0,
    9.0,
    21.0,
    31.0,
    42.0,
    54.0,
    65.0,
    79.0,
    89.0,
    106.0,
    117.0,
    130.0,
    136.0,
    147.41501976284596,
    156.9011857707514,
    166.76679841897305,
    175.87351778656227,
    184.22134387351906,
    192.18972332015963,
    199.7816282933794,
    213.76270136946945,
    238.01558323615626,
    266.27622639592545,
    290.296456183167,
    320.6377990723142,
    346.81464391785204,
    372.6940246174173,
    400.3581901928147,
    428.02235576821204,
    453.9017364677773,
    472.7828817331593
  ],
  "v26_chainwork": [
    0.0,
    15.0,
    29.0,
    39.0,
    53.0,
    67.0,
    78.0,
    94.0,
    113.0,
    128.0,
    142.0,
    160.0788177339905,
    176.63054187192188,
    191.76354679803057,
    209.73399014778465,
    225.9961797526904,
    243.22927515834,
    261.0182768673976,
    278.2513722730472,
    293.81097811480413,
    308.7685124238051,
    308.7685124238051,
    309.3224951759903,
    309.8764779281755,
    309.8764779281755,
    309.8764779281755,
    309.8764779281755,
    309.8764779281755,
    309.8764779281755,
    309.8764779281755,
    309.8764779281755
  ],
  "v27_fee_rate": [
    1.0,
    1.0,
    0.009550453551606284,
    0.009550453551606284,
    0.009550453551606284,
    0.009550453551606284,
    0.009550453551606284,
    0.009550453551606284,
    0.009550453551606284,
    0.009550453551606284,
    0.009550453551606284,
    0.012129076010539981,
    0.012129076010539981,
    0.012129076010539981,
    0.004602337142339281,
    0.004602337142339281,
    0.004602337142339281,
    0.004602337142339281,
    0.004602337142339281,
    0.004602337142339281,
    0.0034607652663021225,
    0.0012016546063549037,
    0.0012016546063549037,
    0.0026621271279247093,
    0.0026621271279247093,
    0.0026621271279247093,
    0.003758297121776061,
    0.003758297121776061,
    0.003758297121776061,
    0.003758297121776061,
    0.003758297121776061
  ],