{
  "blocks_mined": {
    "v27": 61,
    "v26": 144
  },
  "total_blocks": 205,
  "final_hashrate": {
    "v27": 30.0,
    "v26": 56.39999999999999
  },
  "final_economic": {
    "v27": 62.14929353977099,
    "v26": 37.850706460229006
  },
  "final_prices": {
    "v27": 58671.828268250785,
    "v26": 60675.37173174922
  }
}