{
  "blocks_mined": {
    "v27": 90,
    "v26": 232
  },
  "total_blocks": 322,
  "final_hashrate": {
    "v27": 30.0,
    "v26": 56.39999999999999
  },
  "final_economic": {
    "v27": 62.14929353977099,
    "v26": 37.850706460229006
  },
  "final_prices": {
    "v27": 58744.75537347141,
    "v26": 60602.444626528595
  }
}