{
  "blocks_mined": {
    "v27": 11,
    "v26": 288
  },
  "total_blocks": 299,
  "final_hashrate": {
    "v27": 0.0,
    "v26": 86.4
  },
  "final_economic": {
    "v27": 0.0,
    "v26": 100.0
  },
  "final_prices": {
    "v27": 48271.698113207545,
    "v26": 71075.50188679245
  }
}