{
  "blocks_mined": {
    "v27": 125,
    "v26": 49
  },
  "total_blocks": 174,
  "final_hashrate": {
    "v27": 58.599999999999994,
    "v26": 27.799999999999997
  },
  "final_economic": {
    "v27": 57.94013106881799,
    "v26": 42.059868931182
  },
  "final_prices": {
    "v27": 63600.09848687886,
    "v26": 55747.10151312116
  }
}