{
  "blocks_mined": {
    "v27": 248,
    "v26": 19
  },
  "total_blocks": 267,
  "final_hashrate": {
    "v27": 86.4,
    "v26": 0.0
  },
  "final_economic": {
    "v27": 100.0,
    "v26": 0.0
  },
  "final_prices": {
    "v27": 70798.04745762712,
    "v26": 48549.15254237288
  }
}