{
  "blocks_mined": {
    "v27": 12,
    "v26": 642
  },
  "total_blocks": 654,
  "final_hashrate": {
    "v27": 0.0,
    "v26": 86.4
  },
  "final_economic": {
    "v27": 0.0,
    "v26": 100.0
  },
  "final_prices": {
    "v27": 48104.516129032265,
    "v26": 71242.68387096775
  }
}