{
  "blocks_mined": {
    "v27": 140,
    "v26": 29
  },
  "total_blocks": 169,
  "final_hashrate": {
    "v27": 86.4,
    "v26": 0.0
  },
  "final_economic": {
    "v27": 100.0,
    "v26": 0.0
  },
  "final_prices": {
    "v27": 70042.85217391305,
    "v26": 49304.34782608696
  }
}