{
  "blocks_mined": {
    "v27": 89,
    "v26": 111
  },
  "total_blocks": 200,
  "final_hashrate": {
    "v27": 38.1,
    "v26": 48.3
  },
  "final_economic": {
    "v27": 30.076799311326575,
    "v26": 69.92320068867342
  },
  "final_prices": {
    "v27": 56474.75061123674,
    "v26": 62872.44938876327
  }
}