{
  "blocks_mined": {
    "v27": 5,
    "v26": 695
  },
  "total_blocks": 700,
  "final_hashrate": {
    "v27": 0.0,
    "v26": 86.4
  },
  "final_economic": {
    "v27": 0.0,
    "v26": 100.0
  },
  "final_prices": {
    "v27": 48032.82674772037,
    "v26": 71314.37325227963
  }
}