{
  "timestamps": [
    0,
    60,
    121,
    181,
    241,
    302,
    363,
    423,
    483,
    543,
    604,
    665,
    725,
    786,
    846,
    906,
    966,
    1026,
    1086,
    1147,
    1207,
    1268,
    1328,
    1389,
    1449,
    1509,
    1570,
    1630,
    1690,
    1751,
    1800
  ],
  "v27_price": [
    60000,
    60000,
    61615.12806422397,
    61245.89729499321,
    60815.12806422398,
    60815.12806422398,
    60571.64980335441,
    60042.71427112052,
    60524.21897331489,
    60507.435756531675,
    60335.12806422398,
    61086.86139755731,
    61466.02806422398,
    61459.41041716515,
    61553.52806422398,
    61680.80079149672,
    61696.385207081126,
    61688.41178515422,
    61761.7754869044,
    61826.255336951246,
    61907.374218070145,
    63704.77675987616,
    63776.40535235958,
    63950.7394927954,
    64067.62260967853,
    64157.20456057435,
    64224.29572379845,
    64332.978875034794,
    64404.52100540046,
    64484.43221516738,
    64638.447133991416
  ],
  "v26_price": [
    60000,
    60000,
    58306.63193577603,
    58675.862705006795,
    59106.63193577602,
    59106.63193577602,
    59350.11019664559,
    59879.04572887948,
    59397.54102668511,
    59414.32424346833,
    59586.63193577602,
    58834.89860244269,
    58455.73193577603,
    58462.349582834846,
    58368.23193577603,
    58240.95920850329,
    58225.37479291888,
    58233.34821484579,
    58159.98451309561,
    58095.50466304875,
    58014.385781929865,
    56216.98324012385,
    56145.35464764043,
    55971.0205072046,
    55854.13739032148,
    55764.55543942566,
    55697.46427620156,
    55588.781124965215,
    55517.23899459956,
    55437.32778483263,
    55283.31286600858
  ],
  "v27_hashrate": [
    46.14,
    46.14,
    46.14,
    46.14,
    46.14,
    46.14,
    46.14,
    46.14,
    46.14,
    46.14,
    65.69,
    65.69,
    65.69,
    65.69,
    65.69,
    65.69,
    65.69,
    65.69,
    65.69,
    65.69,
    98.36999999999999,
    98.36999999999999,
    98.36999999999999,
    98.36999999999999,
    98.36999999999999,
    98.36999999999999,
    98.36999999999999,
    98.36999999999999,
    98.36999999999999,
    98.36999999999999,
    98.36999999999999
  ],
  "v26_hashrate": [
    52.23,
    52.23,
    52.23,
    52.23,
    52.23,
    52.23,
    52.23,
    52.23,
    52.23,
    52.23,
    32.68,
    32.68,
    32.68,
    32.68,
    32.68,
    32.68,
    32.68,
    32.68,
    32.68,
    32.68,
    0.0,
    0.0,
    0.0,
    0.0,
    0.0,
    0.0,
    0.0,
    0.0,
    0.0,
    0.0,
    0.0
  ],
  "v27_economic": [
    55.00340053519982,
    55.00340053519982,
    55.00340053519982,
    55.00340053519982,
    55.00340053519982,
    55.00340053519982,
    55.00340053519982,
    55.00340053519982,
    55.00340053519982,
    55.00340053519982,
    55.00340053519982,
    55.00340053519982,
    55.00340053519982,
    55.00340053519982,
    55.00340053519982,
    55.00340053519982,
    55.00340053519982,
    55.00340053519982,
    55.00340053519982,
    55.00340053519982,
    55.00340053519982,
    55.00340053519982,
    55.00340053519982,
    55.00340053519982,
    55.00340053519982,
    55.00340053519982,
    55.00340053519982,
    55.00340053519982,
    55.00340053519982,
    55.00340053519982,
    55.00340053519982
  ],
  "v26_economic": [
    44.99659946480019,
    44.99659946480019,
    44.99659946480019,
    44.99659946480019,
    44.99659946480019,
    44.99659946480019,
    44.99659946480019,
    44.99659946480019,
    44.99659946480019,
    44.99659946480019,
    44.99659946480019,
    44.99659946480019,
    44.99659946480019,
    44.99659946480019,
    44.99659946480019,
    44.99659946480019,
    44.99659946480019,
    44.99659946480019,
    44.99659946480019,
    44.99659946480019,
    44.99659946480019,
    44.99659946480019,
    44.99659946480019,
    44.99659946480019,
    44.99659946480019,
    44.99659946480019,
    44.99659946480019,
    44.99659946480019,
    44.99659946480019,
    44.99659946480019,
    44.99659946480019
  ],
  "v27_blocks": [
    0,
    4,
    8,
    10,
    10,
    12,
    13,
    17,
    20,
    22,
    25,
    33,
    35,
    38,
    42,
    46,
    47,
    54,
    56,
    60,
    70,
    73,
    81,
    87,
    92,
    96,
    103,
    108,
    114,
    127,
    134
  ],
  "v26_blocks": [
    0,
    2,
    5,
    8,
    8,
    11,
    16,
    16,
    19,
    23,
    29,
    31,
    33,
    34,
    35,
    38,
    39,
    43,
    43,
    44,
    45,
    45,
    45,
    45,
    45,
    45,
    45,
    45,
    45,
    45,
    45
  ],
  "v27_difficulty": [
    1.0,
    1.0,
    1.0,
    1.0,
    1.0,
    1.0,
    1.0,
    1.0,
    1.0,
    1.0,
    1.0,
    1.0,
    1.0,
    1.0,
    1.0,
    1.0,
    1.0,
    1.0,
    1.0,
    1.0,
    1.0,
    1.0,
    1.0,
    1.0,
    1.0,
    1.0,
    1.0,
    1.0,
    1.0,
    1.0,
    1.0
  ],
  "v26_difficulty": [
    1.0,
    1.0,
    1.0,
    1.0,
    1.0,
    1.0,
    1.0,
    1.0,
    1.0,
    1.0,
    1.0,
    1.0,
    1.0,
    1.0,
    1.0,
    1.0,
    1.0,
    1.0,
    1.0,
    1.0,
    1.0,
    1.0,
    1.0,
    1.0,
    1.0,
    1.0,
    1.0,
    1.0,
    1.0,
    1.0,
    1.0
  ],
  "v27_chainwork": [
    0.0,
    4.0,
    8.0,
    10.0,
    10.0,
    12.0,
    13.0,
    17.0,
    20.0,
    22.0,
    25.0,
    33.0,
    35.0,
    38.0,
    42.0,
    46.0,
    47.0,
    54.0,
    56.0,
    60.0,
    70.0,
    73.0,
    81.0,
    87.0,
    92.0,
    96.0,
    103.0,
    108.0,
    114.0,
    127.0,
    134.0
  ],
  "v26_chainwork": [
    0.0,
    2.0,
    5.0,
    8.0,
    8.0,
    11.0,
    16.0,
    16.0,
    19.0,
    23.0,
    29.0,
    31.0,
    33.0,
    34.0,
    35.0,
    38.0,
    39.0,
    43.0,
    43.0,
    44.0,
    45.0,
    45.0,
    45.0,
    45.0,
    45.0,
    45.0,
    45.0,
    45.0,
    45.0,
    45.0,
    45.0
  ],
  "v27_fee_rate": [
    1.0,
    1.0,
    0.03973660744725688,
    0.03973660744725688,
    0.03973660744725688,
    0.03973660744725688,
    0.03973660744725688,
    0.03973660744725688,
    0.03973660744725688,
    0.03973660744725688,
    0.03973660744725688,
    0.027910596249298716,
    0.027910596249298716,
    0.027910596249298716,
    0.027910596249298716,
    0.027910596249298716,
    0.027910596249298716,
    0.027910596249298716,
    0.027910596249298716,
    0.027910596249298716,
    0.027910596249298716,
    0.018638274551351353,
    0.018638274551351353,
    0.018638274551351353,
    0.018638274551351353,
    0.018638274551351353,
    0.018638274551351353,
    0.018638274551351353,
    0.018638274551351353,
    0.018638274551351353,
    0.018638274551351353
  ],
  "v26_fee_rate": [
    1.0,
    1.0,
    0.028716949372332008,
    0.028716949372332008,
    0.028716949372332008,
    0.028716949372332008,
    0.028716949372332008,
    0.028716949372332008,
    0.028716949372332008,
    0.028716949372332008,
    0.028716949372332008,
    0.04589615256171667,
    0.04589615256171667,
    0.04589615256171667,
    0.04589615256171667,
    0.04589615256171667,
    0.04589615256171667,
    0.04589615256171667,
    0.04589615256171667,
    0.04589615256171667,
    0.04589615256171667,
    14.99886265716901,
    14.99886265716901,
    14.99886265716901,
    14.99886265716901,
    14.99886265716901,
    14.99886265716901,
    14.99886265716901,
    14.99886265716901,
    14.99886265716901,
    14.99886265716901
  ],