{
  "blocks_mined": {
    "v27": 5265,
    "v26": 1547
  },
  "total_blocks": 6812,
  "final_hashrate": {
    "v27": 86.4,
    "v26": 0.0
  },
  "final_economic": {
    "v27": 56.73741253525133,
    "v26": 43.26258746474866
  },
  "final_prices": {
    "v27": 64138.90462577001,
    "v26": 55208.295374229994
  }
}