{
  "blocks_mined": {
    "v27": 3102,
    "v26": 145
  },
  "total_blocks": 3247,
  "final_hashrate": {
    "v27": 86.4,
    "v26": 0.0
  },
  "final_economic": {
    "v27": 100.0,
    "v26": 0.0
  },
  "final_prices": {
    "v27": 70997.87019067399,
    "v26": 48349.32980932602
  }
}