{
  "timestamps": [
    0,
    60,
    121,
    182,
    242,
    303,
    363,
    424,
    485,
    545,
    606,
    667,
    728,
    788,
    849,
    909,
    970,
    1030,
    1090,
    1151,
    1212,
    1272,
    1332,
    1392,
    1453,
    1514,
    1574,
    1635,
    1695,
    1756,
    1800
  ],
  "v27_price": [
    60000,
    60000,
    59986.715224772524,
    60310.71522477252,
    60475.28665334395,
    60469.873119509364,
    60499.93836526839,
    60559.442497499804,
    60574.57649644882,
    60458.992452495295,
    60548.25368631098,
    61177.29984015714,
    61286.4019320651,
    61341.60052672549,
    61390.09927622302,
    61444.68381572213,
    61484.01881763923,
    61543.07921085519,
    61544.805061168896,
    61573.93200001039,
    61622.228991701486,
    59178.47402009223,
    59009.93386758551,
    58850.53012396278,
    58692.98119322141,
    58538.126080860755,
    58420.619896955744,
    58300.94219657641,
    58193.87740438756,
    58087.340758865386,
    57996.34087860987
  ],
  "v26_price": [
    60000,
    60000,
    59360.48477522749,
    59036.48477522749,
    58871.91334665606,
    58877.32688049065,
    58847.26163473162,
    58787.757502500215,
    58772.623503551185,
    58888.20754750471,
    58798.946313689026,
    58169.900159842866,
    58060.79806793491,
    58005.59947327452,
    57957.10072377699,
    57902.51618427788,
    57863.181182360786,
    57804.12078914481,
    57802.394938831116,
    57773.26799998963,
    57724.97100829851,
    60168.72597990779,
    60337.2661324145,
    60496.669876037224,
    60654.2188067786,
    60809.073919139264,
    60926.58010304426,
    61046.2578034236,
    61153.32259561245,
    61259.85924113462,
    61350.85912139013
  ],
  "v27_hashrate": [
    38.1,
    38.1,
    38.1,
    38.1,
    38.1,
    38.1,
    38.1,
    38.1,
    38.1,
    38.1,
    50.5,
    50.5,
    50.5,
    50.5,
    50.5,
    50.5,
    50.5,
    50.5,
    50.5,
    50.5,
    0.0,
    0.0,
    0.0,
    0.0,
    0.0,
    0.0,
    0.0,
    0.0,
    0.0,
    0.0,
    0.0
  ],
  "v26_hashrate": [
    48.3,
    48.3,
    48.3,
    48.3,
    48.3,
    48.3,
    48.3,
    48.3,
    48.3,
    48.3,
    35.9,
    35.9,
    35.9,
    35.9,
    35.9,
    35.9,
    35.9,
    35.9,
    35.9,
    35.9,
    86.4,
    86.4,
    86.4,
    86.4,
    86.4,
    86.4,
    86.4,
    86.4,
    86.4,
    86.4,
    86.4
  ],
  "v27_economic": [
    62.14929353977099,
    62.14929353977099,
    62.14929353977099,
    62.14929353977099,
    62.14929353977099,
    62.14929353977099,
    62.14929353977099,
    62.14929353977099,
    62.14929353977099,
    62.14929353977099,
    62.14929353977099,
    62.14929353977099,
    62.14929353977099,
    62.14929353977099,
    62.14929353977099,
    62.14929353977099,
    62.14929353977099,
    62.14929353977099,
    62.14929353977099,
    62.14929353977099,
    62.14929353977099,
    62.14929353977099,
    62.14929353977099,
    62.14929353977099,
    62.14929353977099,
    62.14929353977099,
    62.14929353977099,
    62.14929353977099,
    62.14929353977099,
    62.14929353977099,
    62.14929353977099
  ],
  "v26_economic": [
    37.850706460229006,
    37.850706460229006,
    37.850706460229006,
    37.850706460229006,
    37.850706460229006,
    37.850706460229006,
    37.850706460229006,
    37.850706460229006,
    37.850706460229006,
    37.850706460229006,
    37.850706460229006,
    37.850706460229006,
    37.850706460229006,
    37.850706460229006,
    37.850706460229006,
    37.850706460229006,
    37.850706460229006,
    37.850706460229006,
    37.850706460229006,
    37.850706460229006,
    37.850706460229006,
    37.850706460229006,
    37.850706460229006,
    37.850706460229006,
    37.850706460229006,
    37.850706460229006,
    37.850706460229006,
    37.850706460229006,
    37.850706460229006,
    37.850706460229006,
    37.850706460229006
  ],
  "v27_blocks": [
    0,
    9,
    21,
    31,
    42,
    54,
    65,
    79,
    89,
    106,
    119,
    138,
    161,
    196,
    233,
    269,
    305,
    334,
    360,
    396,
    422,
    422,
    422,
    422,
    422,
    422,
    422,
    422,
    422,
    422,
    422
  ],
  "v26_blocks": [
    0,
    15,
    29,
    39,
    53,
    67,
    78,
    94,
    113,
    128,
    141,
    165,
    185,
    208,
    230,
    253,
    273,
    307,
    332,
    362,
    404,
    467,
    527,
    584,
    619,
    648,
    680,
    711,
    743,
    772,
    792
  ],
  "v27_difficulty": [
    1.0,
    1.0,
    1.0,
    1.0,
    1.0,
    1.0,
    1.0,
    1.0,
    1.0,
    1.0,
    1.0,
    1.0,
    0.4108416547788873,
    0.4108416547788873,
    0.4108416547788873,
    0.4108416547788873,
    0.4950727890222575,
    0.4950727890222575,
    0.4950727890222575,
    0.4950727890222575,
    0.4950727890222575,
    0.4950727890222575,
    0.4950727890222575,
    0.4950727890222575,
    0.4950727890222575,
    0.4950727890222575,
    0.4950727890222575,
    0.4950727890222575,
    0.4950727890222575,
    0.4950727890222575,
    0.4950727890222575
  ],
  "v26_difficulty": [
    1.0,
    1.0,
    1.0,
    1.0,
    1.0,
    1.0,
    1.0,
    1.0,
    1.0,
    1.0,
    1.0,
    0.46905537459283386,
    0.46905537459283386,
    0.46905537459283386,
    0.46905537459283386,
    0.46905537459283386,
    0.46905537459283386,
    0.3490644648132717,
    0.3490644648132717,
    0.3490644648132717,
    0.3490644648132717,
    0.42778964198392444,
    0.42778964198392444,
    0.861562355883708,
    0.861562355883708,
    0.861562355883708,
    0.861562355883708,
    0.861562355883708,
    0.9122424944651026,
    0.9122424944651026,
    0.9122424944651026
  ],
  "v27_chainwork": [
    0.0,
    9.0,
    21.0,
    31.0,
    42.0,
    54.0,
    65.0,
    79.0,
    89.0,
    106.0,
    119.0,
    138.0,
    150.98430813124116,
    165.36376604850238,
    180.5649072753214,
    195.3552068473615,
    211.57743570153886,
    225.93454658318439,
    238.80643909776313,
    256.6290595025644,
    269.5009520171424,
    269.5009520171424,
    269.5009520171424,
    269.5009520171424,
    269.5009520171424,
    269.5009520171424,
    269.5009520171424,
    269.5009520171424,
    269.5009520171424,
    269.5009520171424,
    269.5009520171424
  ],
  "v26_chainwork": [
    0.0,
    15.0,
    29.0,
    39.0,
    53.0,
    67.0,
    78.0,
    94.0,
    113.0,
    128.0,
    141.0,
    153.85016286644966,
    163.2312703583065,
    174.01954397394184,
    184.33876221498434,
    195.1270358306197,
    204.5081433224765,
    218.1761987728212,
    226.9028103931529,
    237.3747443375509,
    252.03545185970813,
    276.7818943439168,
    302.4492728629512,
    330.3034641672325,
    360.4581466231632,
    385.4434549437915,
    413.013450332071,
    439.72188336446675,
    468.45752194011743,
    494.91255427960505,
    513.1574041689069
  ],
  "v27_fee_rate": [
    1.0,
    1.0,
    0.011842429905214525,
    0.011842429905214525,
    0.011842429905214525,
    0.011842429905214525,
    0.011842429905214525,
    0.011842429905214525,
    0.011842429905214525,
    0.011842429905214525,
    0.011842429905214525,
    0.00893458573046878,
    0.00893458573046878,
    0.003670699986269627,
    0.003670699986269627,
    0.003670699986269627,
    0.003670699986269627,
    0.004423270276341642,
    0.004423270276341642,
    0.004423270276341642,
    0.004423270276341642,
    2.2337514895525294,
    2.2337514895525294,
    2.2337514895525294,
    2.2337514895525294,
    2.2337514895525294,
    2.2337514895525294,
    2.2337514895525294,
    2.2337514895525294,
    2.2337514895525294,
    2.2337514895525294
  ],