{
  "timestamps": [
    0,
    60,
    121,
    181,
    242,
    302,
    363,
    423,
    484,
    545,
    605,
    665,
    725,
    785,
    846,
    906,
    966,
    1027,
    1087,
    1147,
    1207,
    1268,
    1328,
    1389,
    1449,
    1510,
    1570,
    1630,
    1691,
    1751,
    1800
  ],
  "v27_price": [
    60000,
    60000,
    58543.45298449252,
    58867.45298449252,
    59032.02441306395,
    59026.61087922936,
    59056.67612498839,
    59116.18025721979,
    59131.31425616882,
    59015.7302122153,
    59104.99144603099,
    58707.162637002184,
    58681.36221928517,
    58586.78458666067,
    58588.258338686086,
    58535.41179208059,
    58511.78019784962,
    58471.88140310935,
    58436.930992629874,
    58398.981083766266,
    58371.5160167866,
    61097.55395468912,
    61287.348570643684,
    61479.92793839145,
    61636.84253321596,
    61813.09599769297,
    61950.711009297076,
    62084.38123523446,
    62207.970402831736,
    62329.92253789992,
    62432.57114629106
  ],
  "v26_price": [
    60000,
    60000,
    60803.74701550749,
    60479.74701550747,
    60315.17558693606,
    60320.58912077064,
    60290.52387501162,
    60231.019742780205,
    60215.88574383118,
    60331.469787784714,
    60242.208553969016,
    60640.03736299783,
    60665.83778071484,
    60760.415413339324,
    60758.94166131392,
    60811.788207919424,
    60835.41980215038,
    60875.31859689066,
    60910.26900737013,
    60948.218916233745,
    60975.68398321341,
    58249.64604531088,
    58059.85142935633,
    57867.27206160856,
    57710.35746678405,
    57534.10400230703,
    57396.48899070292,
    57262.81876476556,
    57139.229597168276,
    57017.27746210009,
    56914.62885370895
  ],
  "v27_hashrate": [
    38.1,
    38.1,
    38.1,
    38.1,
    38.1,
    38.1,
    38.1,
    38.1,
    38.1,
    38.1,
    30.0,
    30.0,
    30.0,
    30.0,
    30.0,
    30.0,
    30.0,
    30.0,
    30.0,
    30.0,
    86.4,
    86.4,
    86.4,
    86.4,
    86.4,
    86.4,
    86.4,
    86.4,
    86.4,
    86.4,
    86.4
  ],
  "v26_hashrate": [
    48.3,
    48.3,
    48.3,
    48.3,
    48.3,
    48.3,
    48.3,
    48.3,
    48.3,
    48.3,
    56.39999999999999,
    56.39999999999999,
    56.39999999999999,
    56.39999999999999,
    56.39999999999999,
    56.39999999999999,
    56.39999999999999,
    56.39999999999999,
    56.39999999999999,
    56.39999999999999,
    0.0,
    0.0,
    0.0,
    0.0,
    0.0,
    0.0,
    0.0,
    0.0,
    0.0,
    0.0,
    0.0
  ],
  "v27_economic": [
    50.12210820410434,
    50.12210820410434,
    50.12210820410434,
    50.12210820410434,
    50.12210820410434,
    50.12210820410434,
    50.12210820410434,
    50.12210820410434,
    50.12210820410434,
    50.12210820410434,
    50.12210820410434,
    50.12210820410434,
    50.12210820410434,
    50.12210820410434,
    50.12210820410434,
    50.12210820410434,
    50.12210820410434,
    50.12210820410434,
    50.12210820410434,
    50.12210820410434,
    50.12210820410434,
    50.12210820410434,
    50.12210820410434,
    50.12210820410434,
    50.12210820410434,
    50.12210820410434,
    50.12210820410434,
    50.12210820410434,
    50.12210820410434,
    50.12210820410434,
    50.12210820410434
  ],
  "v26_economic": [
    49.87789179589566,
    49.87789179589566,
    49.87789179589566,
    49.87789179589566,
    49.87789179589566,
    49.87789179589566,
    49.87789179589566,
    49.87789179589566,
    49.87789179589566,
    49.87789179589566,
    49.87789179589566,
    49.87789179589566,
    49.87789179589566,
    49.87789179589566,
    49.87789179589566,
    49.87789179589566,
    49.87789179589566,
    49.87789179589566,
    49.87789179589566,
    49.87789179589566,
    49.87789179589566,
    49.87789179589566,
    49.87789179589566,
    49.87789179589566,
    49.87789179589566,
    49.87789179589566,
    49.87789179589566,
    49.87789179589566,
    49.87789179589566,
    49.87789179589566,
    49.87789179589566
  ],
  "v27_blocks": [
    0,
    9,
    21,
    31,
    42,
    54,
    65,
    79,
    89,
    106,
    117,
    130,
    136,
    153,
    177,
    203,
    227,
    250,
    271,
    292,
    337,
    422,
    471,
    510,
    557,
    591,
    621,
    651,
    683,
    712,
    735
  ],
  "v26_blocks": [
    0,
    15,
    29,
    39,
    53,
    67,
    78,
    94,
    113,
    128,
    142,
    178,
    213,
    244,
    282,
    312,
    344,
    375,
    406,
    434,
    462,
    462,
    463,
    464,
    464,
    464,
    464,
    464,
    464,
    464,
    464
  ],
  "v27_difficulty": [
    1.0,
    1.0,
    1.0,
    1.0,
    1.0,
    1.0,
    1.0,
    1.0,
    1.0,
    1.0,
    1.0,
    1.0,
    1.0,
    0.37894736842105264,
    0.37894736842105264,
    0.37894736842105264,
    0.37894736842105264,
    0.37894736842105264,
    0.37894736842105264,
    0.28569853954257374,
    0.28569853954257374,
    0.28569853954257374,
    0.6329321491404711,
    0.6329321491404711,
    0.6329321491404711,
    0.8891924826949057,
    0.8891924826949057,
    0.8891924826949057,
    0.8891924826949057,
    0.8891924826949057,
    0.9017163204793409
  ],
  "v26_difficulty": [
    1.0,
    1.0,
    1.0,
    1.0,
    1.0,
    1.0,
    1.0,
    1.0,
    1.0,
    1.0,
    1.0,
    0.4729064039408867,
    0.4729064039408867,
    0.4729064039408867,
    0.4729064039408867,
    0.5559063034080628,
    0.5559063034080628,
    0.5559063034080628,
    0.5559063034080628,
    0.5539827521851975,
    0.5539827521851975,
    0.5539827521851975,
    0.5539827521851975,
    0.5539827521851975,
    0.5539827521851975,
    0.5539827521851975,
    0.5539827521851975,
    0.5539827521851975,
    0.5539827521851975,
    0.5539827521851975,
    0.5539827521851975
  ],
  "v27_chainwork": [
    0.0,
    9.0,
    21.0,
    31.0,
    42.0,
    54.0,
    65.0,
    79.0,
    89.0,
    106.0,
    117.0,
    130.0,
    136.0,
    147.41052631578947,
    156.50526315789472,
    166.35789473684207,
    175.45263157894732,
    184.16842105263152,
    192.1263157894736,
    199.7112152108018,
    212.5676494902179,
    236.85202535133715,
    264.3933645632408,
    289.0777183797187,
    318.82552938932025,
    344.1891274634126,
    370.8649019442599,
    397.54067642510716,
    425.99483587134426,
    451.78141786949664,
    472.4207025382462
  ],
  "v26_chainwork": [
    0.0,
    15.0,
    29.0,
    39.0,
    53.0,
    67.0,
    78.0,
    94.0,
    113.0,
    128.0,
    142.0,
    160.0788177339905,
    176.63054187192188,
    191.29064039408968,
    209.26108374384376,
    225.44027344928236,
    243.22927515834,
    260.46237056398957,
    277.69546596963914,
    293.2569953626189,
    308.7685124238051,
    308.7685124238051,
    309.3224951759903,
    309.8764779281755,
    309.8764779281755,
    309.8764779281755,
    309.8764779281755,
    309.8764779281755,
    309.8764779281755,
    309.8764779281755,
    309.8764779281755
  ],
  "v27_fee_rate": [
    1.0,
    1.0,
    0.009550453551606284,
    0.009550453551606284,
    0.009550453551606284,
    0.009550453551606284,
    0.009550453551606284,
    0.009550453551606284,
    0.009550453551606284,
    0.009550453551606284,
    0.009550453551606284,
    0.012129076010539981,
    0.012129076010539981,
    0.012129076010539981,
    0.004596281435573046,
    0.004596281435573046,
    0.004596281435573046,
    0.004596281435573046,
    0.004596281435573046,
    0.004596281435573046,
    0.003465259302212139,
    0.001203215035490326,
    0.001203215035490326,
    0.0026655840786247225,
    0.0026655840786247225,
    0.0026655840786247225,
    0.0037448205592386344,
    0.0037448205592386344,
    0.0037448205592386344,
    0.0037448205592386344,
    0.0037448205592386344
  ],