{
  "blocks_mined": {
    "v27": 113,
    "v26": 5823
  },
  "total_blocks": 5936,
  "final_hashrate": {
    "v27": 0.0,
    "v26": 86.4
  },
  "final_economic": {
    "v27": 56.73664319629601,
    "v26": 43.26335680370397
  },
  "final_prices": {
    "v27": 55030.96795487824,
    "v26": 64316.23204512176
  }
}