{
  "timestamps": [
    0,
    60,
    121,
    181,
    241,
    302,
    362,
    423,
    484,
    545,
    606,
    667,
    727,
    787,
    848,
    908,
    969,
    1029,
    1089,
    1150,
    1210,
    1271,
    1331,
    1392,
    1453,
    1514,
    1574,
    1634,
    1694,
    1755,
    1800
  ],
  "v27_price": [
    60000,
    60000,
    57694.33369979446,
    57933.10920999853,
    58124.76848240315,
    58168.527248181555,
    58201.056388870085,
    58262.41880617743,
    58274.807072575524,
    58194.33369979446,
    58201.32059935777,
    57855.33914726528,
    57790.96321363355,
    57735.55886335761,
    57738.599026787866,
    57687.41226242155,
    57673.68198503467,
    57619.335767684395,
    57590.23982657551,
    57567.74595596683,
    57537.72833232703,
    60285.22928149127,
    60482.27369972014,
    60629.88928711054,
    60829.20129146774,
    60979.05580541268,
    61136.70670087148,
    61246.75558807855,
    61377.56836425465,
    61491.03277112571,
    61606.72105619044
  ],
  "v26_price": [
    60000,
    60000,
    61652.86630020555,
    61414.09079000146,
    61222.43151759684,
    61178.672751818456,
    61146.14361112991,
    61084.78119382258,
    61072.39292742448,
    61152.86630020555,
    61145.87940064221,
    61491.860852734724,
    61556.23678636645,
    61611.64113664239,
    61608.600973212124,
    61659.78773757846,
    61673.51801496533,
    61727.86423231561,
    61756.96017342449,
    61779.454044033184,
    61809.471667672966,
    59061.97071850873,
    58864.92630027986,
    58717.31071288946,
    58517.99870853226,
    58368.14419458732,
    58210.493299128524,
    58100.44441192144,
    57969.631635745354,
    57856.167228874285,
    57740.47894380956
  ],
  "v27_hashrate": [
    38.1,
    38.1,
    38.1,
    38.1,
    38.1,
    38.1,
    38.1,
    38.1,
    38.1,
    38.1,
    30.0,
    30.0,
    30.0,
    30.0,
    30.0,
    30.0,
    30.0,
    30.0,
    30.0,
    30.0,
    86.4,
    86.4,
    86.4,
    86.4,
    86.4,
    86.4,
    86.4,
    86.4,
    86.4,
    86.4,
    86.4
  ],
  "v26_hashrate": [
    48.3,
    48.3,
    48.3,
    48.3,
    48.3,
    48.3,
    48.3,
    48.3,
    48.3,
    48.3,
    56.39999999999999,
    56.39999999999999,
    56.39999999999999,
    56.39999999999999,
    56.39999999999999,
    56.39999999999999,
    56.39999999999999,
    56.39999999999999,
    56.39999999999999,
    56.39999999999999,
    0.0,
    0.0,
    0.0,
    0.0,
    0.0,
    0.0,
    0.0,
    0.0,
    0.0,
    0.0,
    0.0
  ],
  "v27_economic": [
    43.046114164953785,
    43.046114164953785,
    43.046114164953785,
    43.046114164953785,
    43.046114164953785,
    43.046114164953785,
    43.046114164953785,
    43.046114164953785,
    43.046114164953785,
    43.046114164953785,
    43.046114164953785,
    43.046114164953785,
    43.046114164953785,
    43.046114164953785,
    43.046114164953785,
    43.046114164953785,
    43.046114164953785,
    43.046114164953785,
    43.046114164953785,
    43.046114164953785,
    43.046114164953785,
    43.046114164953785,
    43.046114164953785,
    43.046114164953785,
    43.046114164953785,
    43.046114164953785,
    43.046114164953785,
    43.046114164953785,
    43.046114164953785,
    43.046114164953785,
    43.046114164953785
  ],
  "v26_economic": [
    56.9538858350462,
    56.9538858350462,
    56.9538858350462,
    56.9538858350462,
    56.9538858350462,
    56.9538858350462,
    56.9538858350462,
    56.9538858350462,
    56.9538858350462,
    56.9538858350462,
    56.9538858350462,
    56.9538858350462,
    56.9538858350462,
    56.9538858350462,
    56.9538858350462,
    56.9538858350462,
    56.9538858350462,
    56.9538858350462,
    56.9538858350462,
    56.9538858350462,
    56.9538858350462,
    56.9538858350462,
    56.9538858350462,
    56.9538858350462,
    56.9538858350462,
    56.9538858350462,
    56.9538858350462,
    56.9538858350462,
    56.9538858350462,
    56.9538858350462,
    56.9538858350462
  ],
  "v27_blocks": [
    0,
    9,
    20,
    30,
    41,
    53,
    64,
    77,
    88,
    102,
    116,
    125,
    133,
    146,
    168,
    195,
    220,
    244,
    268,
    284,
    332,
    420,
    458,
    503,
    541,
    582,
    607,
    639,
    669,
    702,
    721
  ],
  "v26_blocks": [
    0,
    15,
    29,
    39,
    52,
    66,
    77,
    92,
    110,
    127,
    141,
    173,
    206,
    238,
    273,
    303,
    340,
    371,
    401,
    426,
    451,
    451,
    452,
    452,
    453,
    453,
    453,
    453,
    453,
    453,
    453
  ],
  "v27_difficulty": [
    1.0,
    1.0,
    1.0,
    1.0,
    1.0,
    1.0,
    1.0,
    1.0,
    1.0,
    1.0,
    1.0,
    1.0,
    1.0,
    0.367816091954023,
    0.367816091954023,
    0.367816091954023,
    0.367816091954023,
    0.367816091954023,
    0.367816091954023,
    0.367816091954023,
    0.2817314746881878,
    0.2817314746881878,
    0.6650710222147385,
    0.6650710222147385,
    0.6650710222147385,
    0.8589258044746397,
    0.8589258044746397,
    0.8589258044746397,
    0.8589258044746397,
    0.8589258044746397,
    0.8500708992738703
  ],
  "v26_difficulty": [
    1.0,
    1.0,
    1.0,
    1.0,
    1.0,
    1.0,
    1.0,
    1.0,
    1.0,
    1.0,
    1.0,
    0.46677471636953,
    0.46677471636953,
    0.46677471636953,
    0.46677471636953,
    0.5313482937329037,
    0.5313482937329037,
    0.5313482937329037,
    0.5313482937329037,
    0.5313482937329037,
    0.5276838227416423,
    0.5276838227416423,
    0.5276838227416423,
    0.5276838227416423,
    0.5276838227416423,
    0.5276838227416423,
    0.5276838227416423,
    0.5276838227416423,
    0.5276838227416423,
    0.5276838227416423,
    0.5276838227416423
  ],
  "v27_chainwork": [
    0.0,
    9.0,
    20.0,
    30.0,
    41.0,
    53.0,
    64.0,
    77.0,
    88.0,
    102.0,
    116.0,
    125.0,
    133.0,
    144.73563218390802,
    152.82758620689629,
    162.7586206896546,
    171.9540229885049,
    180.7816091954012,
    189.60919540229747,
    195.49425287356166,
    209.36170212765853,
    234.15407190022017,
    254.82669617406162,
    284.7548921737258,
    310.0275910178867,
    338.45863162225135,
    359.931776734118,
    387.4174024773073,
    413.18517661154726,
    441.52972815921123,
    457.8404635390291
  ],
  "v26_chainwork": [
    0.0,
    15.0,
    29.0,
    39.0,
    52.0,
    66.0,
    77.0,
    92.0,
    110.0,
    127.0,
    141.0,
    157.53646677471673,
    172.94003241491163,
    187.87682333873698,
    204.21393841167097,
    219.18578356320745,
    238.84567043132438,
    255.31746753704397,
    271.25791634903067,
    284.5416236923529,
    297.7557060868419,
    297.7557060868419,
    298.28338990958355,
    298.28338990958355,
    298.8110737323252,
    298.8110737323252,
    298.8110737323252,
    298.8110737323252,
    298.8110737323252,
    298.8110737323252,
    298.8110737323252
  ],
  "v27_fee_rate": [
    1.0,
    1.0,
    0.007533103934418018,
    0.007533103934418018,
    0.007533103934418018,
    0.007533103934418018,
    0.007533103934418018,
    0.007533103934418018,
    0.007533103934418018,
    0.007533103934418018,
    0.007533103934418018,
    0.009567041996710882,
    0.009567041996710882,
    0.009567041996710882,
    0.00351891199879021,
    0.00351891199879021,
    0.00351891199879021,
    0.00351891199879021,
    0.00351891199879021,
    0.00351891199879021,
    0.00351891199879021,
    0.0009358808507420769,
    0.0009358808507420769,
    0.002209292500112444,
    0.002209292500112444,
    0.002209292500112444,
    0.0028532566817595683,
    0.0028532566817595683,
    0.0028532566817595683,
    0.0028532566817595683,
    0.0028532566817595683
  ],