{
  "timestamps": [
    0,
    60,
    120,
    181,
    241,
    302,
    362,
    423,
    484,
    544,
    605,
    666,
    727,
    787,
    847,
    908,
    969,
    1029,
    1090,
    1151,
    1211,
    1271,
    1332,
    1393,
    1453,
    1513,
    1574,
    1634,
    1695,
    1755,
    1800
  ],
  "v27_price": [
    60000,
    60000,
    58543.45298449252,
    58867.45298449252,
    58973.887767101216,
    59026.61087922936,
    59056.67612498839,
    59088.52340702774,
    59131.31425616882,
    59031.51268598506,
    59088.08817762557,
    59108.56926356229,
    59141.442015571134,
    59110.32371677413,
    59090.37703086174,
    59032.22894005165,
    59021.68358749996,
    59059.45408522818,
    59049.62633112712,
    59038.73765739008,
    59018.82325375105,
    61368.93108291624,
    61556.40652257566,
    61727.88701267016,
    61870.40304175827,
    62031.25446220417,
    62155.90836917153,
    62294.46349023628,
    62404.03343730706,
    62509.32483809715,
    62605.463220353275
  ],
  "v26_price": [
    60000,
    60000,
    60803.74701550749,
    60479.74701550747,
    60373.31223289878,
    60320.58912077064,
    60290.52387501162,
    60258.676592972275,
    60215.88574383118,
    60315.68731401494,
    60259.11182237444,
    60238.630736437706,
    60205.75798442887,
    60236.87628322587,
    60256.82296913826,
    60314.97105994835,
    60325.51641250004,
    60287.74591477183,
    60297.57366887289,
    60308.46234260992,
    60328.37674624896,
    57978.26891708376,
    57790.79347742435,
    57619.312987329846,
    57476.796958241735,
    57315.945537795844,
    57191.29163082848,
    57052.73650976372,
    56943.166562692946,
    56837.875161902855,
    56741.73677964673
  ],
  "v27_hashrate": [
    38.1,
    38.1,
    38.1,
    38.1,
    38.1,
    38.1,
    38.1,
    38.1,
    38.1,
    38.1,
    38.1,
    38.1,
    38.1,
    38.1,
    38.1,
    38.1,
    38.1,
    38.1,
    38.1,
    38.1,
    86.4,
    86.4,
    86.4,
    86.4,
    86.4,
    86.4,
    86.4,
    86.4,
    86.4,
    86.4,
    86.4
  ],
  "v26_hashrate": [
    48.3,
    48.3,
    48.3,
    48.3,
    48.3,
    48.3,
    48.3,
    48.3,
    48.3,
    48.3,
    48.3,
    48.3,
    48.3,
    48.3,
    48.3,
    48.3,
    48.3,
    48.3,
    48.3,
    48.3,
    0.0,
    0.0,
    0.0,
    0.0,
    0.0,
    0.0,
    0.0,
    0.0,
    0.0,
    0.0,
    0.0
  ],
  "v27_economic": [
    50.12210820410434,
    50.12210820410434,
    50.12210820410434,
    50.12210820410434,
    50.12210820410434,
    50.12210820410434,
    50.12210820410434,
    50.12210820410434,
    50.12210820410434,
    50.12210820410434,
    50.12210820410434,
    50.12210820410434,
    50.12210820410434,
    50.12210820410434,
    50.12210820410434,
    50.12210820410434,
    50.12210820410434,
    50.12210820410434,
    50.12210820410434,
    50.12210820410434,
    50.12210820410434,
    50.12210820410434,
    50.12210820410434,
    50.12210820410434,
    50.12210820410434,
    50.12210820410434,
    50.12210820410434,
    50.12210820410434,
    50.12210820410434,
    50.12210820410434,
    50.12210820410434
  ],
  "v26_economic": [
    49.87789179589566,
    49.87789179589566,
    49.87789179589566,
    49.87789179589566,
    49.87789179589566,
    49.87789179589566,
    49.87789179589566,
    49.87789179589566,
    49.87789179589566,
    49.87789179589566,
    49.87789179589566,
    49.87789179589566,
    49.87789179589566,
    49.87789179589566,
    49.87789179589566,
    49.87789179589566,
    49.87789179589566,
    49.87789179589566,
    49.87789179589566,
    49.87789179589566,
    49.87789179589566,
    49.87789179589566,
    49.87789179589566,
    49.87789179589566,
    49.87789179589566,
    49.87789179589566,
    49.87789179589566,
    49.87789179589566,
    49.87789179589566,
    49.87789179589566,
    49.87789179589566
  ],
  "v27_blocks": [
    0,
    9,
    21,
    30,
    42,
    54,
    64,
    79,
    89,
    105,
    117,
    132,
    141,
    160,
    185,
    217,
    254,
    286,
    310,
    336,
    373,
    438,
    493,
    542,
    591,
    620,
    655,
    685,
    716,
    745,
    765
  ],
  "v26_blocks": [
    0,
    15,
    29,
    39,
    53,
    67,
    78,
    94,
    112,
    128,
    141,
    170,
    199,
    227,
    266,
    301,
    327,
    360,
    386,
    417,
    443,
    443,
    444,
    444,
    444,
    444,
    444,
    444,
    444,
    444,
    444
  ],
  "v27_difficulty": [
    1.0,
    1.0,
    1.0,
    1.0,
    1.0,
    1.0,
    1.0,
    1.0,
    1.0,
    1.0,
    1.0,
    1.0,
    1.0,
    0.3876177658142665,
    0.3876177658142665,
    0.3876177658142665,
    0.3876177658142665,
    0.3876177658142665,
    0.3876177658142665,
    0.3876177658142665,
    0.3876177658142665,
    0.4791155216931706,
    0.4791155216931706,
    0.4791155216931706,
    0.8413735990709338,
    0.8413735990709338,
    0.8413735990709338,
    0.8413735990709338,
    0.8413735990709338,
    0.8876029177012049,
    0.8876029177012049
  ],
  "v26_difficulty": [
    1.0,
    1.0,
    1.0,
    1.0,
    1.0,
    1.0,
    1.0,
    1.0,
    1.0,
    1.0,
    1.0,
    0.4682926829268293,
    0.4682926829268293,
    0.4682926829268293,
    0.4682926829268293,
    0.5070236567027324,
    0.5070236567027324,
    0.5070236567027324,
    0.5070236567027324,
    0.5070236567027324,
    0.4867427104346231,
    0.4867427104346231,
    0.4867427104346231,
    0.4867427104346231,
    0.4867427104346231,
    0.4867427104346231,
    0.4867427104346231,
    0.4867427104346231,
    0.4867427104346231,
    0.4867427104346231,
    0.4867427104346231
  ],
  "v27_chainwork": [
    0.0,
    9.0,
    21.0,
    30.0,
    42.0,
    54.0,
    64.0,
    79.0,
    89.0,
    105.0,
    117.0,
    132.0,
    141.0,
    150.2018842530283,
    159.89232839838505,
    172.29609690444167,
    186.63795423956964,
    199.04172274562626,
    208.34454912516873,
    218.42261103633973,
    232.7644683714677,
    258.5086096846687,
    284.8599633777941,
    308.3366239407603,
    337.24715566439295,
    361.64699003745045,
    391.09506600493364,
    416.3362739770621,
    442.4188555482615,
    467.9744228870753,
    485.72648124109935
  ],
  "v26_chainwork": [
    0.0,
    15.0,
    29.0,
    39.0,
    53.0,
    67.0,
    78.0,
    94.0,
    112.0,
    128.0,
    141.0,
    156.17560975609757,
    169.75609756097563,
    182.86829268292686,
    201.13170731707322,
    218.02545387859894,
    231.20806895286987,
    247.9398496240599,
    261.1224646983311,
    276.84019805611655,
    289.7997227214386,
    289.7997227214386,
    290.28646543187324,
    290.28646543187324,
    290.28646543187324,
    290.28646543187324,
    290.28646543187324,
    290.28646543187324,
    290.28646543187324,
    290.28646543187324,
    290.28646543187324
  ],
  "v27_fee_rate": [
    1.0,
    1.0,
    0.009550453551606284,
    0.009550453551606284,
    0.009550453551606284,
    0.009550453551606284,
    0.009550453551606284,
    0.009550453551606284,
    0.009550453551606284,
    0.009550453551606284,
    0.009550453551606284,
    0.009550453551606284,
    0.009550453551606284,
    0.009550453551606284,
    0.0037019254681865538,
    0.0037019254681865538,
    0.0037019254681865538,
    0.0037019254681865538,
    0.0037019254681865538,
    0.0037019254681865538,
    0.0037019254681865538,
    0.001632446300207265,
    0.0020177877015437437,
    0.0020177877015437437,
    0.0020177877015437437,
    0.0035434320612475504,
    0.0035434320612475504,
    0.0035434320612475504,
    0.0035434320612475504,
    0.0035434320612475504,
    0.0037381261305468668
  ],