{
  "blocks_mined": {
    "v27": 14,
    "v26": 801
  },
  "total_blocks": 815,
  "final_hashrate": {
    "v27": 0.0,
    "v26": 86.4
  },
  "final_economic": {
    "v27": 0.0,
    "v26": 100.0
  },
  "final_prices": {
    "v27": 48111.62790697675,
    "v26": 71235.57209302326
  }
}