{
  "blocks_mined": {
    "v27": 21,
    "v26": 659
  },
  "total_blocks": 680,
  "final_hashrate": {
    "v27": 0.0,
    "v26": 86.4
  },
  "final_economic": {
    "v27": 0.0,
    "v26": 100.0
  },
  "final_prices": {
    "v27": 48225.35211267606,
    "v26": 71121.84788732395
  }
}