{
  "blocks_mined": {
    "v27": 762,
    "v26": 446
  },
  "total_blocks": 1208,
  "final_hashrate": {
    "v27": 86.4,
    "v26": 0.0
  },
  "final_economic": {
    "v27": 50.12210820410434,
    "v26": 49.87789179589566
  },
  "final_prices": {
    "v27": 62589.26665187778,
    "v26": 56757.93334812223
  }
}