{
  "timestamps": [
    0,
    60,
    121,
    182,
    242,
    302,
    363,
    423,
    484,
    545,
    605,
    666,
    727,
    787,
    847,
    908,
    968,
    1029,
    1089,
    1149,
    1210,
    1270,
    1331,
    1392,
    1452,
    1513,
    1573,
    1633,
    1693,
    1754,
    1800
  ],
  "v27_price": [
    60000,
    60000,
    58543.45298449252,
    58867.45298449252,
    59032.02441306395,
    59026.61087922936,
    59056.67612498839,
    59116.18025721979,
    59131.31425616882,
    59015.7302122153,
    59104.99144603099,
    59095.96263700218,
    59135.85650514249,
    59109.88279112669,
    59085.29480053829,
    59031.81569627404,
    59016.967667346704,
    59051.496291565316,
    59042.129799512215,
    59029.75387388784,
    59007.833136903966,
    61349.54793187472,
    61535.92408314764,
    61709.254697252174,
    61856.04405921951,
    62013.70234603049,
    62139.6636387933,
    62271.94352591795,
    62379.535694897415,
    62489.88423680212,
    62589.26665187778
  ],
  "v26_price": [
    60000,
    60000,
    60803.74701550749,
    60479.74701550747,
    60315.17558693606,
    60320.58912077064,
    60290.52387501162,
    60231.019742780205,
    60215.88574383118,
    60331.469787784714,
    60242.208553969016,
    60251.23736299784,
    60211.343494857516,
    60237.31720887331,
    60261.90519946171,
    60315.38430372596,
    60330.23233265331,
    60295.70370843468,
    60305.0702004878,
    60317.446126112154,
    60339.366863096046,
    57997.65206812529,
    57811.27591685236,
    57637.94530274783,
    57491.155940780496,
    57333.49765396951,
    57207.5363612067,
    57075.25647408205,
    56967.6643051026,
    56857.31576319788,
    56757.93334812223
  ],
  "v27_hashrate": [
    38.1,
    38.1,
    38.1,
    38.1,
    38.1,
    38.1,
    38.1,
    38.1,
    38.1,
    38.1,
    38.1,
    38.1,
    38.1,
    38.1,
    38.1,
    38.1,
    38.1,
    38.1,
    38.1,
    38.1,
    86.4,
    86.4,
    86.4,
    86.4,
    86.4,
    86.4,
    86.4,
    86.4,
    86.4,
    86.4,
    86.4
  ],
  "v26_hashrate": [
    48.3,
    48.3,
    48.3,
    48.3,
    48.3,
    48.3,
    48.3,
    48.3,
    48.3,
    48.3,
    48.3,
    48.3,
    48.3,
    48.3,
    48.3,
    48.3,
    48.3,
    48.3,
    48.3,
    48.3,
    0.0,
    0.0,
    0.0,
    0.0,
    0.0,
    0.0,
    0.0,
    0.0,
    0.0,
    0.0,
    0.0
  ],
  "v27_economic": [
    50.12210820410434,
    50.12210820410434,
    50.12210820410434,
    50.12210820410434,
    50.12210820410434,
    50.12210820410434,
    50.12210820410434,
    50.12210820410434,
    50.12210820410434,
    50.12210820410434,
    50.12210820410434,
    50.12210820410434,
    50.12210820410434,
    50.12210820410434,
    50.12210820410434,
    50.12210820410434,
    50.12210820410434,
    50.12210820410434,
    50.12210820410434,
    50.12210820410434,
    50.12210820410434,
    50.12210820410434,
    50.12210820410434,
    50.12210820410434,
    50.12210820410434,
    50.12210820410434,
    50.12210820410434,
    50.12210820410434,
    50.12210820410434,
    50.12210820410434,
    50.12210820410434
  ],
  "v26_economic": [
    49.87789179589566,
    49.87789179589566,
    49.87789179589566,
    49.87789179589566,
    49.87789179589566,
    49.87789179589566,
    49.87789179589566,
    49.87789179589566,
    49.87789179589566,
    49.87789179589566,
    49.87789179589566,
    49.87789179589566,
    49.87789179589566,
    49.87789179589566,
    49.87789179589566,
    49.87789179589566,
    49.87789179589566,
    49.87789179589566,
    49.87789179589566,
    49.87789179589566,
    49.87789179589566,
    49.87789179589566,
    49.87789179589566,
    49.87789179589566,
    49.87789179589566,
    49.87789179589566,
    49.87789179589566,
    49.87789179589566,
    49.87789179589566,
    49.87789179589566,
    49.87789179589566
  ],
  "v27_blocks": [
    0,
    9,
    21,
    31,
    42,
    54,
    65,
    79,
    89,
    106,
    117,
    132,
    141,
    160,
    186,
    217,
    252,
    284,
    308,
    335,
    371,
    437,
    492,
    542,
    590,
    619,
    652,
    681,
    713,
    743,
    762
  ],
  "v26_blocks": [
    0,
    15,
    29,
    39,
    53,
    67,
    78,
    94,
    113,
    128,
    142,
    171,
    199,
    228,
    267,
    302,
    327,
    360,
    386,
    418,
    445,
    445,
    446,
    446,
    446,
    446,
    446,
    446,
    446,
    446,
    446
  ],
  "v27_difficulty": [
    1.0,
    1.0,
    1.0,
    1.0,
    1.0,
    1.0,
    1.0,
    1.0,
    1.0,
    1.0,
    1.0,
    1.0,
    1.0,
    0.3881401617250674,
    0.3881401617250674,
    0.3881401617250674,
    0.3881401617250674,
    0.3881401617250674,
    0.3776498870838494,
    0.3776498870838494,
    0.3776498870838494,
    0.48125295345198504,
    0.48125295345198504,
    0.48125295345198504,
    0.8451271377693396,
    0.8451271377693396,
    0.8451271377693396,
    0.8451271377693396,
    0.8451271377693396,
    0.8818717959332238,
    0.8818717959332238
  ],
  "v26_difficulty": [
    1.0,
    1.0,
    1.0,
    1.0,
    1.0,
    1.0,
    1.0,
    1.0,
    1.0,
    1.0,
    1.0,
    0.46905537459283386,
    0.46905537459283386,
    0.46905537459283386,
    0.46905537459283386,
    0.507849428130587,
    0.507849428130587,
    0.507849428130587,
    0.507849428130587,
    0.507849428130587,
    0.4908075010121109,
    0.4908075010121109,
    0.4908075010121109,
    0.4908075010121109,
    0.4908075010121109,
    0.4908075010121109,
    0.4908075010121109,
    0.4908075010121109,
    0.4908075010121109,
    0.4908075010121109,
    0.4908075010121109
  ],
  "v27_chainwork": [
    0.0,
    9.0,
    21.0,
    31.0,
    42.0,
    54.0,
    65.0,
    79.0,
    89.0,
    106.0,
    117.0,
    132.0,
    141.0,
    150.210242587601,
    160.3018867924526,
    172.3342318059295,
    185.91913746630667,
    198.33962264150864,
    207.44518103008613,
    217.6417279813504,
    231.23712391636946,
    256.680031795745,
    283.1489442356042,
    307.21159190820345,
    335.4059722543417,
    359.9146592496525,
    387.8038547960407,
    412.3125417913515,
    439.35661019997036,
    465.5555514708205,
    482.31111559355224
  ],
  "v26_chainwork": [
    0.0,
    15.0,
    29.0,
    39.0,
    53.0,
    67.0,
    78.0,
    94.0,
    113.0,
    128.0,
    142.0,
    156.6644951140067,
    169.79804560260627,
    183.40065146579866,
    201.69381107491947,
    218.6538659351973,
    231.3501016384619,
    248.10913276677115,
    261.3132178981666,
    277.5643995983462,
    291.05478910533225,
    291.05478910533225,
    291.54559660634436,
    291.54559660634436,
    291.54559660634436,
    291.54559660634436,
    291.54559660634436,
    291.54559660634436,
    291.54559660634436,
    291.54559660634436,
    291.54559660634436
  ],
  "v27_fee_rate": [
    1.0,
    1.0,
    0.009550453551606284,
    0.009550453551606284,
    0.009550453551606284,
    0.009550453551606284,
    0.009550453551606284,
    0.009550453551606284,
    0.009550453551606284,
    0.009550453551606284,
    0.009550453551606284,
    0.009550453551606284,
    0.009550453551606284,
    0.009550453551606284,
    0.003706914586068208,
    0.003706914586068208,
    0.003706914586068208,
    0.003706914586068208,
    0.003706914586068208,
    0.003606727705363661,
    0.003606727705363661,
    0.00159046673118467,
    0.0020267894627486057,
    0.0020267894627486057,
    0.0020267894627486057,
    0.003559240032143893,
    0.003559240032143893,
    0.003559240032143893,
    0.003559240032143893,
    0.003559240032143893,
    0.0037139895987588446
  ],