{
  "blocks_mined": {
    "v27": 2926,
    "v26": 4279
  },
  "total_blocks": 7205,
  "final_hashrate": {
    "v27": 57.39999999999999,
    "v26": 29.0
  },
  "final_economic": {
    "v27": 56.737060138721,
    "v26": 43.262939861279
  },
  "final_prices": {
    "v27": 60695.86889221353,
    "v26": 58651.331107786464
  }
}