{
  "blocks_mined": {
    "v27": 419,
    "v26": 16
  },
  "total_blocks": 435,
  "final_hashrate": {
    "v27": 86.4,
    "v26": 0.0
  },
  "final_economic": {
    "v27": 100.0,
    "v26": 0.0
  },
  "final_prices": {
    "v27": 71101.34634146343,
    "v26": 48245.85365853659
  }
}