{
  "blocks_mined": {
    "v27": 2,
    "v26": 991
  },
  "total_blocks": 993,
  "final_hashrate": {
    "v27": 0.0,
    "v26": 86.4
  },
  "final_economic": {
    "v27": 0.0,
    "v26": 100.0
  },
  "final_prices": {
    "v27": 48007.56302521009,
    "v26": 71339.63697478993
  }
}