{
  "config": {
    "base_price": 60000,
    "max_divergence": 0.2,
    "coefficients": {
      "chain_weight": 0.3,
      "economic_weight": 0.5,
      "hashrate_weight": 0.2
    }
  },
  "current_prices": {
    "v27": 54301.82325107081,
    "v26": 65045.3767489292
  },
  "timeline": {
    "timestamps": [
      1772702349.7213898,
      1772702411.24938,
      1772702411.24943,
      1772702471.5020714,
      1772702471.5020804,
      1772702531.700314,
      1772702531.7003222,
      1772702592.0132694,
      1772702592.0132802,
      1772702652.4259515,
      1772702652.4259756,
      1772702712.8058336,
      1772702712.8058462,
      1772702773.3578672,
      1772702773.3578997,
      1772702833.7956383,
      1772702833.7956457,
      1772702894.562583,
      1772702894.562596,
      1772702955.2102256,
      1772702955.2102354,
      1772703015.4685984,
      1772703015.46862,
      1772703076.1477034,
      1772703076.147719,
      1772703136.7249217,
      1772703136.724932,
      1772703197.278027,
      1772703197.278069,
      1772703257.8246937,
      1772703257.8247168,
      1772703318.4534304,
      1772703318.4534612,
      1772703379.0961912,
      1772703379.0962033,
      1772703439.7988927,
      1772703439.7989028,
      1772703500.5463698,
      1772703500.5464017,
      1772703561.1701977,
      1772703561.1702485,
      1772703621.3768666,
      1772703621.376876,
      1772703681.6123374,
      1772703681.6123493,
      1772703742.4348466,
      1772703742.4348686,
      1772703802.9104576,
      1772703802.9104786,
      1772703863.8028605,
      1772703863.8028948,
      1772703924.4818206,
      1772703924.4818327,
      1772703985.1937125,
      1772703985.193734,
      1772704045.8753378,
      1772704045.8753717,
      1772704106.3250668,
      1772704106.325074
    ],
    "v27_prices": [
      60000,
      57694.33369979446,
      57694.33369979446,
      57933.10920999853,
      57933.10920999853,
      58124.76848240315,
      58124.76848240315,
      58168.527248181555,
      58168.527248181555,
      58201.056388870085,
      58201.056388870085,
      58262.41880617743,
      58262.41880617743,
      58274.807072575524,
      58274.807072575524,
      58194.33369979446,
      58194.33369979446,
      58201.32059935777,
      58201.32059935777,
      56415.33914726528,
      56415.33914726528,
      56151.586711393655,
      56151.586711393655,
      55903.63117534014,
      55903.63117534014,
      55702.581718281275,
      55702.581718281275,
      55529.96165005089,
      55529.96165005089,
      55389.10436938997,
      55389.10436938997,
      55268.465308472936,
      55268.465308472936,
      55144.57434466039,
      55144.57434466039,
      55037.94134378227,
      55037.94134378227,
      54931.67329870344,
      54931.67329870344,
      54843.68552401422,
      54843.68552401422,
      54750.9594580183,
      54750.9594580183,
      54667.93815856754,
      54667.93815856754,
      54624.075400890426,
      54624.075400890426,
      54566.45775181946,
      54566.45775181946,
      54493.45998594388,
      54493.45998594388,
      54434.48260438036,
      54434.48260438036,
      54388.46194970907,
      54388.46194970907,
      54342.112918646584,
      54342.112918646584,
      54301.82325107081,
      54301.82325107081
    ],
    "v26_prices": [
      60000,
      60000,
      61652.86630020555,
      61652.86630020555,
      61414.09079000146,
      61414.09079000146,
      61222.43151759684,
      61222.43151759684,
      61178.672751818456,
      61178.672751818456,
      61146.14361112991,
      61146.14361112991,
      61084.78119382258,
      61084.78119382258,
      61072.39292742448,
      61072.39292742448,
      61152.86630020555,
      61152.86630020555,
      61145.87940064221,
      61145.87940064221,
      62931.860852734724,
      62931.860852734724,
      63195.61328860636,
      63195.61328860636,
      63443.568824659866,
      63443.568824659866,
      63644.61828171873,
      63644.61828171873,
      63817.2383499491,
      63817.2383499491,
      63958.095630610034,
      63958.095630610034,
      64078.734691527075,
      64078.734691527075,
      64202.62565533962,
      64202.62565533962,
      64309.25865621774,
      64309.25865621774,
      64415.52670129656,
      64415.52670129656,
      64503.514475985794,
      64503.514475985794,
      64596.24054198171,
      64596.24054198171,
      64679.26184143247,
      64679.26184143247,
      64723.12459910957,
      64723.12459910957,
      64780.742248180555,
      64780.742248180555,
      64853.740014056115,
      64853.740014056115,
      64912.71739561965,
      64912.71739561965,
      64958.73805029092,
      64958.73805029092,
      65005.08708135342,
      65005.08708135342,
      65045.3767489292
    ]
  },
  "history": [
    {
      "timestamp": 1772702349.7213898,
      "chain_id": "v27",
      "price": 60000,
      "metadata": {
        "initial": true
      }
    },
    {
      "timestamp": 1772702349.7213898,
      "chain_id": "v26",
      "price": 60000,
      "metadata": {
        "initial": true
      }
    },
    {
      "timestamp": 1772702411.24938,
      "chain_id": "v27",
      "price": 57694.33369979446,
      "metadata": {
        "fork_sustained": true,
        "fork_depth": 24
      }
    },
    {
      "timestamp": 1772702411.24943,
      "chain_id": "v26",
      "price": 61652.86630020555,
      "metadata": {
        "fork_sustained": true,
        "fork_depth": 24
      }
    },
    {
      "timestamp": 1772702471.5020714,
      "chain_id": "v27",
      "price": 57933.10920999853,
      "metadata": {
        "fork_sustained": true,
        "fork_depth": 49
      }
    },
    {
      "timestamp": 1772702471.5020804,
      "chain_id": "v26",
      "price": 61414.09079000146,
      "metadata": {
        "fork_sustained": true,
        "fork_depth": 49
      }
    },
    {
      "timestamp": 1772702531.700314,
      "chain_id": "v27",
      "price": 58124.76848240315,
      "metadata": {
        "fork_sustained": true,
        "fork_depth": 69
      }
    },
    {
      "timestamp": 1772702531.7003222,
      "chain_id": "v26",
      "price": 61222.43151759684,
      "metadata": {
        "fork_sustained": true,
        "fork_depth": 69
      }
    },
    {
      "timestamp": 1772702592.0132694,
      "chain_id": "v27",
      "price": 58168.527248181555,
      "metadata": {
        "fork_sustained": true,
        "fork_depth": 93
      }
    },
    {
      "timestamp": 1772702592.0132802,
      "chain_id": "v26",
      "price": 61178.672751818456,
      "metadata": {
        "fork_sustained": true,
        "fork_depth": 93
      }
    },
    {
      "timestamp": 1772702652.4259515,
      "chain_id": "v27",
      "price": 58201.056388870085,
      "metadata": {
        "fork_sustained": true,
        "fork_depth": 119
      }
    },
    {
      "timestamp": 1772702652.4259756,
      "chain_id": "v26",
      "price": 61146.14361112991,
      "metadata": {
        "fork_sustained": true,
        "fork_depth": 119
      }
    },
    {
      "timestamp": 1772702712.8058336,
      "chain_id": "v27",
      "price": 58262.41880617743,
      "metadata": {
        "fork_sustained": true,
        "fork_depth": 141
      }
    },
    {
      "timestamp": 1772702712.8058462,
      "chain_id": "v26",
      "price": 61084.78119382258,
      "metadata": {
        "fork_sustained": true,
        "fork_depth": 141
      }
    },
    {
      "timestamp": 1772702773.3578672,
      "chain_id": "v27",
      "price": 58274.807072575524,
      "metadata": {
        "fork_sustained": true,
        "fork_depth": 169
      }
    },
    {
      "timestamp": 1772702773.3578997,
      "chain_id": "v26",
      "price": 61072.39292742448,
      "metadata": {
        "fork_sustained": true,
        "fork_depth": 169
      }
    },
    {
      "timestamp": 1772702833.7956383,
      "chain_id": "v27",
      "price": 58194.33369979446,