{
  "blocks_mined": {
    "v27": 3208,
    "v26": 130
  },
  "total_blocks": 3338,
  "final_hashrate": {
    "v27": 86.4,
    "v26": 0.0
  },
  "final_economic": {
    "v27": 100.0,
    "v26": 0.0
  },
  "final_prices": {
    "v27": 70644.52114796346,
    "v26": 48702.678852036544
  }
}