{
  "config": {
    "base_price": 60000,
    "max_divergence": 0.2,
    "coefficients": {
      "chain_weight": 0.3,
      "economic_weight": 0.5,
      "hashrate_weight": 0.2
    }
  },
  "current_prices": {
    "v27": 56275.01076443558,
    "v26": 63646.74923556443
  },
  "timeline": {
    "timestamps": [
      1771541890.8099167,
      1771541951.7530024,
      1771541951.7530105,
      1771542012.4223485,
      1771542012.4223576,
      1771542073.1128097,
      1771542073.1128151,
      1771542133.1200387,
      1771542133.1200442,
      1771542193.6413565,
      1771542193.6413648,
      1771542253.7851884,
      1771542253.7851946,
      1771542313.9405782,
      1771542313.9405837,
      1771542374.1223147,
      1771542374.1223204,
      1771542434.298547,
      1771542434.2985523,
      1771542494.5262773,
      1771542494.526283,
      1771542555.2957387,
      1771542555.2957466,
      1771542615.962746,
      1771542615.9627516,
      1771542676.0659578,
      1771542676.0659633,
      1771542736.7953136,
      1771542736.7953188
    ],
    "v27_prices": [
      60000,
      60131.907558484076,
      60131.907558484076,
      59531.90755848408,
      59531.90755848408,
      59331.907558484076,
      59331.907558484076,
      59331.907558484076,
      59331.907558484076,
      59349.29886283191,
      59349.29886283191,
      58931.90755848408,
      58931.90755848408,
      59016.80239596018,
      59016.80239596018,
      59011.722196619565,
      59011.722196619565,
      59007.925658031585,
      59007.925658031585,
      56980.91206534324,
      56980.91206534324,
      56725.16343707225,
      56725.16343707225,
      56583.04233676545,
      56583.04233676545,
      56430.06406235319,
      56430.06406235319,
      56275.01076443558,
      56275.01076443558
    ],
    "v26_prices": [
      60000,
      60000,
      59789.852441515926,
      59789.852441515926,
      60389.852441515926,
      60389.852441515926,
      60589.85244151593,
      60589.85244151593,
      60589.85244151593,
      60589.85244151593,
      60572.461137168095,
      60572.461137168095,
      60989.852441515926,
      60989.852441515926,
      60904.95760403983,
      60904.95760403983,
      60910.037803380445,
      60910.037803380445,
      60913.83434196841,
      60913.83434196841,
      62940.84793465676,
      62940.84793465676,
      63196.596562927756,
      63196.596562927756,
      63338.717663234565,
      63338.717663234565,
      63491.695937646815,
      63491.695937646815,
      63646.74923556443
    ]
  },
  "history": [
    {
      "timestamp": 1771541890.8099167,
      "chain_id": "v27",
      "price": 60000,
      "metadata": {
        "initial": true
      }
    },
    {
      "timestamp": 1771541890.8099167,
      "chain_id": "v26",
      "price": 60000,
      "metadata": {
        "initial": true
      }
    },
    {
      "timestamp": 1771541951.7530024,
      "chain_id": "v27",
      "price": 60131.907558484076,
      "metadata": {
        "fork_sustained": true,
        "fork_depth": 6
      }
    },
    {
      "timestamp": 1771541951.7530105,
      "chain_id": "v26",
      "price": 59789.852441515926,
      "metadata": {
        "fork_sustained": true,
        "fork_depth": 6
      }
    },
    {
      "timestamp": 1771542012.4223485,
      "chain_id": "v27",
      "price": 59531.90755848408,
      "metadata": {
        "fork_sustained": true,
        "fork_depth": 12
      }
    },
    {
      "timestamp": 1771542012.4223576,
      "chain_id": "v26",
      "price": 60389.852441515926,
      "metadata": {
        "fork_sustained": true,
        "fork_depth": 12
      }
    },
    {
      "timestamp": 1771542073.1128097,
      "chain_id": "v27",
      "price": 59331.907558484076,
      "metadata": {
        "fork_sustained": true,
        "fork_depth": 18
      }
    },
    {
      "timestamp": 1771542073.1128151,
      "chain_id": "v26",
      "price": 60589.85244151593,
      "metadata": {
        "fork_sustained": true,
        "fork_depth": 18
      }
    },
    {
      "timestamp": 1771542133.1200387,
      "chain_id": "v27",
      "price": 59331.907558484076,
      "metadata": {
        "fork_sustained": true,
        "fork_depth": 18
      }
    },
    {
      "timestamp": 1771542133.1200442,
      "chain_id": "v26",
      "price": 60589.85244151593,
      "metadata": {
        "fork_sustained": true,
        "fork_depth": 18
      }
    },
    {
      "timestamp": 1771542193.6413565,
      "chain_id": "v27",
      "price": 59349.29886283191,
      "metadata": {
        "fork_sustained": true,
        "fork_depth": 23
      }
    },
    {
      "timestamp": 1771542193.6413648,
      "chain_id": "v26",
      "price": 60572.461137168095,
      "metadata": {
        "fork_sustained": true,
        "fork_depth": 23
      }
    },
    {
      "timestamp": 1771542253.7851884,
      "chain_id": "v27",
      "price": 58931.90755848408,
      "metadata": {
        "fork_sustained": true,
        "fork_depth": 30
      }
    },
    {
      "timestamp": 1771542253.7851946,
      "chain_id": "v26",
      "price": 60989.852441515926,
      "metadata": {
        "fork_sustained": true,
        "fork_depth": 30
      }
    },
    {
      "timestamp": 1771542313.9405782,
      "chain_id": "v27",
      "price": 59016.80239596018,
      "metadata": {
        "fork_sustained": true,
        "fork_depth": 37
      }
    },
    {
      "timestamp": 1771542313.9405837,
      "chain_id": "v26",
      "price": 60904.95760403983,
      "metadata": {
        "fork_sustained": true,
        "fork_depth": 37
      }
    },
    {
      "timestamp": 1771542374.1223147,
      "chain_id": "v27",
      "price": 59011.722196619565,
      "metadata": {
        "fork_sustained": true,
        "fork_depth": 46
      }
    },
    {
      "timestamp": 1771542374.1223204,
      "chain_id": "v26",
      "price": 60910.037803380445,
      "metadata": {
        "fork_sustained": true,
        "fork_depth": 46
      }
    },
    {
      "timestamp": 1771542434.298547,
      "chain_id": "v27",
      "price": 59007.925658031585,
      "metadata": {
        "fork_sustained": true,
        "fork_depth": 55
      }
    },
    {
      "timestamp": 1771542434.2985523,
      "chain_id": "v26",
      "price": 60913.83434196841,
      "metadata": {
        "fork_sustained": true,
        "fork_depth": 55
      }
    },
    {
      "timestamp": 1771542494.5262773,
      "chain_id": "v27",
      "price": 56980.91206534324,
      "metadata": {
        "fork_sustained": true,
        "fork_depth": 67
      }
    },
    {
      "timestamp": 1771542494.526283,
      "chain_id": "v26",
      "price": 62940.84793465676,
      "metadata": {
        "fork_sustained": true,
        "fork_depth": 67
      }
    },
    {
      "timestamp": 1771542555.2957387,
      "chain_id": "v27",
      "price": 56725.16343707225,
      "metadata": {
        "fork_sustained": true,
        "fork_depth": 78
      }
    },
    {
      "timestamp": 1771542555.2957466,
      "chain_id": "v26",
      "price": 63196.596562927756,
      "metadata": {
        "fork_sustained": true,
        "fork_depth": 78
      }
    },
    {
      "timestamp": 1771542615.962746,
      "chain_id": "v27",
      "price": 56583.04233676545,
      "metadata": {
        "fork_sustained": true,
        "fork_depth": 82
      }
    },
    {
      "timestamp": 1771542615.9627516,
      "chain_id": "v26",
      "price": 63338.717663234565,
      "metadata": {
        "fork_sustained": true,
        "fork_depth": 82
      }
    },
    {
      "timestamp": 1771542676.0659578,
      "chain_id": "v27",
      "price": 56430.06406235319,
      "metadata": {
        "fork_sustained": true,
        "fork_depth": 87
      }
    },
    {
      "timestamp": 1771542676.0659633,
      "chain_id": "v26",
      "price": 63491.695937646815,
      "metadata": {
        "fork_sustained": true,