{
  "timestamps": [
    0,
    60,
    121,
    182,
    242,
    302,
    362,
    422,
    483,
    543,
    603,
    664,
    725,
    785,
    845,
    903
  ],
  "v27_price": [
    60000,
    60000,
    60131.907558484076,
    59531.90755848408,
    59331.907558484076,
    59331.907558484076,
    59349.29886283191,
    58931.90755848408,
    59016.80239596018,
    59011.722196619565,
    59007.925658031585,
    56980.91206534324,
    56725.16343707225,
    56583.04233676545,
    56430.06406235319,
    56275.01076443558
  ],
  "v26_price": [
    60000,
    60000,
    59789.852441515926,
    60389.852441515926,
    60589.85244151593,
    60589.85244151593,
    60572.461137168095,
    60989.852441515926,
    60904.95760403983,
    60910.037803380445,
    60913.83434196841,
    62940.84793465676,
    63196.596562927756,
    63338.717663234565,
    63491.695937646815,
    63646.74923556443
  ],
  "v27_hashrate": [
    40.239999999999995,
    40.239999999999995,
    40.239999999999995,
    40.239999999999995,
    40.239999999999995,
    40.239999999999995,
    40.239999999999995,
    40.239999999999995,
    40.239999999999995,
    40.239999999999995,
    0.0,
    0.0,
    0.0,
    0.0,
    0.0,
    0.0
  ],
  "v26_hashrate": [
    58.129999999999995,
    58.129999999999995,
    58.129999999999995,
    58.129999999999995,
    58.129999999999995,
    58.129999999999995,
    58.129999999999995,
    58.129999999999995,
    58.129999999999995,
    58.129999999999995,
    98.37,
    98.37,
    98.37,
    98.37,
    98.37,
    98.37
  ],
  "v27_economic": [
    55.003229654033994,
    55.003229654033994,
    55.003229654033994,
    55.003229654033994,
    55.003229654033994,
    55.003229654033994,
    55.003229654033994,
    55.003229654033994,
    55.003229654033994,
    55.003229654033994,
    55.003229654033994,
    55.003229654033994,
    55.003229654033994,
    55.003229654033994,
    55.003229654033994,
    55.003229654033994
  ],
  "v26_economic": [
    44.99677034596602,
    44.99677034596602,
    44.99677034596602,
    44.99677034596602,
    44.99677034596602,
    44.99677034596602,
    44.99677034596602,
    44.99677034596602,
    44.99677034596602,
    44.99677034596602,
    44.99677034596602,
    44.99677034596602,
    44.99677034596602,
    44.99677034596602,
    44.99677034596602,
    44.99677034596602
  ],
  "v27_blocks": [
    0,
    3,
    5,
    7,
    7,
    9,
    10,
    12,
    14,
    16,
    18,
    18,
    18,
    18,
    18,
    18
  ],
  "v26_blocks": [
    0,
    3,
    7,
    11,
    11,
    14,
    20,
    25,
    32,
    39,
    49,
    60,
    64,
    69,
    75,
    80
  ],
  "v27_difficulty": [
    1.0,
    1.0,
    1.0,
    1.0,
    1.0,
    1.0,
    1.0,
    1.0,
    1.0,
    1.0,
    1.0,
    1.0,
    1.0,
    1.0,
    1.0,
    1.0
  ],
  "v26_difficulty": [
    1.0,
    1.0,
    1.0,
    1.0,
    1.0,
    1.0,
    0.554016620498615,
    0.554016620498615,
    0.554016620498615,
    0.554016620498615,
    0.5957167962350699,
    1.0930583417157247,
    1.0930583417157247,
    1.0930583417157247,
    1.0930583417157247,
    0.9847372447889412
  ],
  "v27_chainwork": [
    0.0,
    3.0,
    5.0,
    7.0,
    7.0,
    9.0,
    10.0,
    12.0,
    14.0,
    16.0,
    18.0,
    18.0,
    18.0,
    18.0,
    18.0,
    18.0
  ],
  "v26_chainwork": [
    0.0,
    3.0,
    7.0,
    11.0,
    11.0,
    14.0,
    20.0,
    22.770083102493075,
    26.64819944598338,
    30.526315789473685,
    36.44178357608791,
    42.99466833467364,
    47.36690170153654,
    52.83219341011517,
    59.39054346040952,
    64.85583516898814
  ],
  "v27_fee_rate": [
    1.0,
    1.0,
    0.045562753480576985,
    0.045562753480576985,
    0.045562753480576985,
    0.045562753480576985,
    0.045562753480576985,
    0.045562753480576985,
    0.045562753480576985,
    0.045562753480576985,
    0.045562753480576985,
    18.334452000584175,
    18.334452000584175,
    18.334452000584175,
    18.334452000584175,
    18.334452000584175
  ],
  "v26_fee_rate": [
    1.0,
    1.0,
    0.025802307470753752,
    0.025802307470753752,
    0.025802307470753752,
    0.025802307470753752,
    0.025802307470753752,
    0.01429490718601316,
    0.01429490718601316,
    0.01429490718601316,
    0.01429490718601316,
    0.00908314072853037,
    0.01666631326335848,
    0.01666631326335848,
    0.01666631326335848,
    0.01666631326335848
  ],
  "v27_fee_revenue_btc": [
    0.01,
    0.01,
    0.0004556275348057698,
    0.0004556275348057698,
    0.0004556275348057698,
    0.0004556275348057698,
    0.0004556275348057698,
    0.0004556275348057698,
    0.0004556275348057698,
    0.0004556275348057698,
    0.0004556275348057698,
    0.18334452000584173,
    0.18334452000584173,
    0.18334452000584173,
    0.18334452000584173,
    0.18334452000584173
  ],
  "v26_fee_revenue_btc": [
    0.01,
    0.01,
    0.00025802307470753754,
    0.00025802307470753754,
    0.00025802307470753754,
    0.00025802307470753754,
    0.00025802307470753754,
    0.0001429490718601316,
    0.0001429490718601316,
    0.0001429490718601316,
    0.0001429490718601316,
    9.083140728530371e-05,
    0.00016666313263358478,
    0.00016666313263358478,
    0.00016666313263358478,
    0.00016666313263358478
  ],
  "v27_congestion": [
    0.04556264881878231,
    0.04556264881878231,
    0.04556264881878231,
    0.04556264881878231,
    0.04556264881878231,
    0.04556264881878231,
    0.04556264881878231,
    0.04556264881878231,
    0.04556264881878231,
    0.04556264881878231,
    18.334409884678,
    18.334409884678,
    18.334409884678,
    18.334409884678,
    18.334409884678,
    18.334409884678
  ],
  "v26_congestion": [
    0.02580237992199439,
    0.02580237992199439,
    0.02580237992199439,
    0.02580237992199439,
    0.02580237992199439,
    0.02580237992199439,
    0.01429494732520465,
    0.01429494732520465,
    0.01429494732520465,
    0.01429494732520465,
    0.00908316623341265,
    0.01666636006130762,
    0.01666636006130762,
    0.01666636006130762,
    0.01666636006130762,
    0.015014738793970826
  ],
  "v27_mempool_mb": [
    0,
    0,
    0,
    0,
    0,
    0,
    0,
    0,
    0,
    0,
    0,
    173.34452000584176,
    173.34452000584176,
    173.34452000584176,
    173.34452000584176,
    173.34452000584176
  ],
  "v26_mempool_mb": [
    0,
    0,
    0,
    0,
    0,
    0,
    0,
    0,
    0,
    0,
    0,
    0,
    0,
    0,
    0,
    0
  ],
  "v27_transactional": [
    55.00335600175252,
    55.00335600175252,
    55.00335600175252,
    55.00335600175252,
    55.00335600175252,
    55.00335600175252,
    55.00335600175252,
    55.00335600175252,
    55.00335600175252,
    55.00335600175252,
    55.00335600175252,
    55.00335600175252,
    55.00335600175252,
    55.00335600175252,
    55.00335600175252,
    55.00335600175252
  ],
  "v26_transactional": [
    44.99664399824747,
    44.99664399824747,
    44.99664399824747,
    44.99664399824747,
    44.99664399824747,
    44.99664399824747,
    44.99664399824747,
    44.99664399824747,
    44.99664399824747,
    44.99664399824747,
    44.99664399824747,
    44.99664399824747,
    44.99664399824747,
    44.99664399824747,
    44.99664399824747,
    44.99664399824747
  ],
  "v27_solo_hashrate": [
    0.0,
    0.0,
    0.0,
    0.0,
    0.0,
    0.0,
    0.0,
    0.0,
    0.0,
    0.0,
    0.0,
    0.0,
    0.0,
    0.0,
    0.0,
    0.0
  ],
  "v26_solo_hashrate": [
    0.49999999999999994,
    0.49999999999999994,
    0.49999999999999994,
    0.49999999999999994,
    0.49999999999999994,
    0.49999999999999994,
    0.49999999999999994,
    0.49999999999999994,
    0.49999999999999994,
    0.49999999999999994,
    0.49999999999999994,
    0.49999999999999994,
    0.49999999999999994,
    0.49999999999999994,
    0.49999999999999994,
    0.49999999999999994
  ]
}