{
  "blocks_mined": {
    "v27": 21,
    "v26": 185
  },
  "total_blocks": 206,
  "final_hashrate": {
    "v27": 0.0,
    "v26": 86.4
  },
  "final_economic": {
    "v27": 50.121691261679366,
    "v26": 49.878308738320634
  },
  "final_prices": {
    "v27": 54770.4040563739,
    "v26": 64576.7959436261
  }
}