{
  "blocks_mined": {
    "v27": 720,
    "v26": 462
  },
  "total_blocks": 1182,
  "final_hashrate": {
    "v27": 86.4,
    "v26": 0.0
  },
  "final_economic": {
    "v27": 43.046114164953785,
    "v26": 56.9538858350462
  },
  "final_prices": {
    "v27": 61534.24052400204,
    "v26": 57812.95947599797
  }
}