{
  "blocks_mined": {
    "v27": 248,
    "v26": 12
  },
  "total_blocks": 260,
  "final_hashrate": {
    "v27": 86.4,
    "v26": 0.0
  },
  "final_economic": {
    "v27": 100.0,
    "v26": 0.0
  },
  "final_prices": {
    "v27": 71070.27692307693,
    "v26": 48276.92307692308
  }
}