{
  "blocks_mined": {
    "v27": 1644,
    "v26": 12
  },
  "total_blocks": 1656,
  "final_hashrate": {
    "v27": 86.4,
    "v26": 0.0
  },
  "final_economic": {
    "v27": 100.0,
    "v26": 0.0
  },
  "final_prices": {
    "v27": 71298.6110429448,
    "v26": 48048.58895705522
  }
}