{
  "blocks_mined": {
    "v27": 142,
    "v26": 4809
  },
  "total_blocks": 4951,
  "final_hashrate": {
    "v27": 0.0,
    "v26": 86.4
  },
  "final_economic": {
    "v27": 56.73664319629601,
    "v26": 43.26335680370397
  },
  "final_prices": {
    "v27": 55048.59931693455,
    "v26": 64298.60068306545
  }
}