{
  "blocks_mined": {
    "v27": 42,
    "v26": 82
  },
  "total_blocks": 124,
  "final_hashrate": {
    "v27": 30.0,
    "v26": 56.39999999999999
  },
  "final_economic": {
    "v27": 50.12210820410434,
    "v26": 49.87789179589566
  },
  "final_prices": {
    "v27": 57577.729907569454,
    "v26": 61769.47009243055
  }
}