{
  "blocks_mined": {
    "v27": 440,
    "v26": 14
  },
  "total_blocks": 454,
  "final_hashrate": {
    "v27": 86.4,
    "v26": 0.0
  },
  "final_economic": {
    "v27": 100.0,
    "v26": 0.0
  },
  "final_prices": {
    "v27": 71108.3374407583,
    "v26": 48238.86255924171
  }
}