{
  "blocks_mined": {
    "v27": 1917,
    "v26": 1382
  },
  "total_blocks": 3299,
  "final_hashrate": {
    "v27": 50.5,
    "v26": 35.9
  },
  "final_economic": {
    "v27": 56.737060138721,
    "v26": 43.262939861279
  },
  "final_prices": {
    "v27": 61416.949061664964,
    "v26": 57930.25093833503
  }
}