{
  "config": {
    "base_price": 60000,
    "max_divergence": 0.2,
    "coefficients": {
      "chain_weight": 0.3,
      "economic_weight": 0.5,
      "hashrate_weight": 0.2
    }
  },
  "current_prices": {
    "v27": 61604.22824138563,
    "v26": 57742.97175861438
  },
  "timeline": {
    "timestamps": [
      1772767601.0862167,
      1772767662.4725542,
      1772767662.4725838,
      1772767722.680315,
      1772767722.6803234,
      1772767782.804848,
      1772767782.80487,
      1772767843.3283923,
      1772767843.3284147,
      1772767903.9609752,
      1772767903.9609864,
      1772767964.3245585,
      1772767964.3245711,
      1772768025.0108104,
      1772768025.0108483,
      1772768085.353911,
      1772768085.3539436,
      1772768146.3809695,
      1772768146.3810132,
      1772768207.0318394,
      1772768207.0318623,
      1772768267.5122228,
      1772768267.5122316,
      1772768327.8657482,
      1772768327.8657703,
      1772768388.3021944,
      1772768388.302218,
      1772768448.5543935,
      1772768448.5544002,
      1772768508.9424489,
      1772768508.9424703,
      1772768569.8418136,
      1772768569.8418221,
      1772768630.2645545,
      1772768630.2645614,
      1772768690.3763902,
      1772768690.3764153,
      1772768750.8039184,
      1772768750.803927,
      1772768811.4072433,
      1772768811.4072683,
      1772768872.317367,
      1772768872.317389,
      1772768932.5711381,
      1772768932.5711584,
      1772768992.5849326,
      1772768992.5849447,
      1772769053.4029067,
      1772769053.4029274,
      1772769114.2239208,
      1772769114.2239413,
      1772769174.8098435,
      1772769174.8098662,
      1772769235.076718,
      1772769235.076753,
      1772769296.0965197,
      1772769296.096528,
      1772769356.3696287,
      1772769356.369652
    ],
    "v27_prices": [
      60000,
      57694.33369979446,
      57694.33369979446,
      57933.10920999853,
      57933.10920999853,
      58124.76848240315,
      58124.76848240315,
      58168.527248181555,
      58168.527248181555,
      58201.056388870085,
      58201.056388870085,
      58262.41880617743,
      58262.41880617743,
      58274.807072575524,
      58274.807072575524,
      58194.33369979446,
      58194.33369979446,
      58201.32059935777,
      58201.32059935777,
      57855.33914726528,
      57855.33914726528,
      57790.715480370825,
      57790.715480370825,
      57735.07828618723,
      57735.07828618723,
      57737.9512604611,
      57737.9512604611,
      57686.82944639746,
      57686.82944639746,
      57673.22139330768,
      57673.22139330768,
      57618.93587497948,
      57618.93587497948,
      57589.91367567878,
      57589.91367567878,
      57567.49227431439,
      57567.49227431439,
      57537.50726201593,
      57537.50726201593,
      60284.8869997314,
      60284.8869997314,
      60481.78671286569,
      60481.78671286569,
      60629.29976859134,
      60629.29976859134,
      60828.49344553987,
      60828.49344553987,
      60978.265496761225,
      60978.265496761225,
      61126.80503821635,
      61126.80503821635,
      61246.442431761985,
      61246.442431761985,
      61377.72704246398,
      61377.72704246398,
      61491.56956431599,
      61491.56956431599,
      61604.22824138563,
      61604.22824138563
    ],
    "v26_prices": [
      60000,
      60000,
      61652.86630020555,
      61652.86630020555,
      61414.09079000146,
      61414.09079000146,
      61222.43151759684,
      61222.43151759684,
      61178.672751818456,
      61178.672751818456,
      61146.14361112991,
      61146.14361112991,
      61084.78119382258,
      61084.78119382258,
      61072.39292742448,
      61072.39292742448,
      61152.86630020555,
      61152.86630020555,
      61145.87940064221,
      61145.87940064221,
      61491.860852734724,
      61491.860852734724,
      61556.48451962918,
      61556.48451962918,
      61612.12171381277,
      61612.12171381277,
      61609.2487395389,
      61609.2487395389,
      61660.37055360254,
      61660.37055360254,
      61673.97860669233,
      61673.97860669233,
      61728.264125020534,
      61728.264125020534,
      61757.28632432123,
      61757.28632432123,
      61779.707725685614,
      61779.707725685614,
      61809.69273798406,
      61809.69273798406,
      59062.3130002686,
      59062.3130002686,
      58865.41328713432,
      58865.41328713432,
      58717.90023140867,
      58717.90023140867,
      58518.70655446013,
      58518.70655446013,
      58368.93450323878,
      58368.93450323878,
      58220.394961783655,
      58220.394961783655,
      58100.75756823801,
      58100.75756823801,
      57969.472957536025,
      57969.472957536025,
      57855.63043568401,
      57855.63043568401,
      57742.97175861438
    ]
  },
  "history": [
    {
      "timestamp": 1772767601.0862167,
      "chain_id": "v27",
      "price": 60000,
      "metadata": {
        "initial": true
      }
    },
    {
      "timestamp": 1772767601.0862167,
      "chain_id": "v26",
      "price": 60000,
      "metadata": {
        "initial": true
      }
    },
    {
      "timestamp": 1772767662.4725542,
      "chain_id": "v27",
      "price": 57694.33369979446,
      "metadata": {
        "fork_sustained": true,
        "fork_depth": 24
      }
    },
    {
      "timestamp": 1772767662.4725838,
      "chain_id": "v26",
      "price": 61652.86630020555,
      "metadata": {
        "fork_sustained": true,
        "fork_depth": 24
      }
    },
    {
      "timestamp": 1772767722.680315,
      "chain_id": "v27",
      "price": 57933.10920999853,
      "metadata": {
        "fork_sustained": true,
        "fork_depth": 49
      }
    },
    {
      "timestamp": 1772767722.6803234,
      "chain_id": "v26",
      "price": 61414.09079000146,
      "metadata": {
        "fork_sustained": true,
        "fork_depth": 49
      }
    },
    {
      "timestamp": 1772767782.804848,
      "chain_id": "v27",
      "price": 58124.76848240315,
      "metadata": {
        "fork_sustained": true,
        "fork_depth": 69
      }
    },
    {
      "timestamp": 1772767782.80487,
      "chain_id": "v26",
      "price": 61222.43151759684,
      "metadata": {
        "fork_sustained": true,
        "fork_depth": 69
      }
    },
    {
      "timestamp": 1772767843.3283923,
      "chain_id": "v27",
      "price": 58168.527248181555,
      "metadata": {
        "fork_sustained": true,
        "fork_depth": 93
      }
    },
    {
      "timestamp": 1772767843.3284147,
      "chain_id": "v26",
      "price": 61178.672751818456,
      "metadata": {
        "fork_sustained": true,
        "fork_depth": 93
      }
    },
    {
      "timestamp": 1772767903.9609752,
      "chain_id": "v27",
      "price": 58201.056388870085,
      "metadata": {
        "fork_sustained": true,
        "fork_depth": 119
      }
    },
    {
      "timestamp": 1772767903.9609864,
      "chain_id": "v26",
      "price": 61146.14361112991,
      "metadata": {
        "fork_sustained": true,
        "fork_depth": 119
      }
    },
    {
      "timestamp": 1772767964.3245585,
      "chain_id": "v27",
      "price": 58262.41880617743,
      "metadata": {
        "fork_sustained": true,
        "fork_depth": 141
      }
    },
    {
      "timestamp": 1772767964.3245711,
      "chain_id": "v26",
      "price": 61084.78119382258,
      "metadata": {
        "fork_sustained": true,
        "fork_depth": 141
      }
    },
    {
      "timestamp": 1772768025.0108104,
      "chain_id": "v27",
      "price": 58274.807072575524,
      "metadata": {
        "fork_sustained": true,
        "fork_depth": 169
      }
    },
    {
      "timestamp": 1772768025.0108483,
      "chain_id": "v26",
      "price": 61072.39292742448,
      "metadata": {
        "fork_sustained": true,
        "fork_depth": 169
      }
    },
    {
      "timestamp": 1772768085.353911,
      "chain_id": "v27",
      "price": 58194.33369979446,