{
  "blocks_mined": {
    "v27": 2,
    "v26": 0
  },
  "total_blocks": 2,
  "final_hashrate": {
    "v27": 51.79,
    "v26": 46.580000000000005
  },
  "final_economic": {
    "v27": 69.99988038297951,
    "v26": 30.000119617020477
  },
  "final_prices": {
    "v27": 60000,
    "v26": 60000
  }
}