{
  "blocks_mined": {
    "v27": 734,
    "v26": 464
  },
  "total_blocks": 1198,
  "final_hashrate": {
    "v27": 86.4,
    "v26": 0.0
  },
  "final_economic": {
    "v27": 50.12210820410434,
    "v26": 49.87789179589566
  },
  "final_prices": {
    "v27": 62434.74836253679,
    "v26": 56912.451637463215
  }
}