{
  "blocks_mined": {
    "v27": 2,
    "v26": 351
  },
  "total_blocks": 353,
  "final_hashrate": {
    "v27": 0.0,
    "v26": 86.4
  },
  "final_economic": {
    "v27": 62.148876597346025,
    "v26": 37.85112340265398
  },
  "final_prices": {
    "v27": 55505.547310886825,
    "v26": 63841.65268911318
  }
}