{
  "blocks_mined": {
    "v27": 25,
    "v26": 814
  },
  "total_blocks": 839,
  "final_hashrate": {
    "v27": 0.0,
    "v26": 86.4
  },
  "final_economic": {
    "v27": 0.0,
    "v26": 100.0
  },
  "final_prices": {
    "v27": 48219.84732824428,
    "v26": 71127.35267175573
  }
}