{
  "timestamps": [
    0,
    60,
    120,
    181,
    241,
    302,
    362,
    422,
    483,
    543,
    604,
    665,
    725,
    786,
    846,
    906,
    966,
    1027,
    1087,
    1148,
    1209,
    1269,
    1330,
    1390,
    1451,
    1512,
    1572,
    1633,
    1693,
    1753,
    1800
  ],
  "v27_price": [
    60000,
    60000,
    64480.071666177595,
    64718.84717638166,
    64910.506448786284,
    64954.265214564686,
    64986.79435525321,
    65048.156772560564,
    65060.54503895865,
    64980.07166617759,
    64987.0585657409,
    67365.3196861114,
    67637.36514065685,
    67943.08203751392,
    68196.31305313604,
    68405.569952562,
    68624.98587084192,
    68774.84301058692,
    68918.44894630718,
    69038.44967612444,
    69162.0153002292,
    69277.84301712587,
    69390.69964831455,
    69497.0552238733,
    69559.35487687118,
    69610.45947723834,
    69694.27759481179,
    69782.06294969658,
    69845.139438138,
    69898.31506618016,
    69949.4550494446
  ],
  "v26_price": [
    60000,
    60000,
    54867.128333822424,
    54628.35282361834,
    54436.69355121373,
    54392.934785435325,
    54360.405644746796,
    54299.04322743944,
    54286.65496104136,
    54367.128333822424,
    54360.1414342591,
    51981.880313888614,
    51709.83485934316,
    51404.11796248608,
    51150.886946863975,
    50941.630047438,
    50722.214129158085,
    50572.35698941309,
    50428.751053692846,
    50308.75032387558,
    50185.1846997708,
    50069.356982874146,
    49956.50035168546,
    49850.1447761267,
    49787.84512312884,
    49736.74052276166,
    49652.92240518823,
    49565.13705030342,
    49502.06056186201,
    49448.884933819856,
    49397.74495055541
  ],
  "v27_hashrate": [
    38.1,
    38.1,
    38.1,
    38.1,
    38.1,
    38.1,
    38.1,
    38.1,
    38.1,
    38.1,
    86.4,
    86.4,
    86.4,
    86.4,
    86.4,
    86.4,
    86.4,
    86.4,
    86.4,
    86.4,
    86.4,
    86.4,
    86.4,
    86.4,
    86.4,
    86.4,
    86.4,
    86.4,
    86.4,
    86.4,
    86.4
  ],
  "v26_hashrate": [
    48.3,
    48.3,
    48.3,
    48.3,
    48.3,
    48.3,
    48.3,
    48.3,
    48.3,
    48.3,
    0.0,
    0.0,
    0.0,
    0.0,
    0.0,
    0.0,
    0.0,
    0.0,
    0.0,
    0.0,
    0.0,
    0.0,
    0.0,
    0.0,
    0.0,
    0.0,
    0.0,
    0.0,
    0.0,
    0.0,
    0.0
  ],
  "v27_economic": [
    99.59393055147984,
    99.59393055147984,
    99.59393055147984,
    99.59393055147984,
    99.59393055147984,
    99.59393055147984,
    99.59393055147984,
    99.59393055147984,
    99.59393055147984,
    99.59393055147984,
    99.63016405092824,
    99.63016405092824,
    99.63016405092824,
    99.63016405092824,
    99.63016405092824,
    100.0,
    100.0,
    100.0,
    100.0,
    100.0,
    100.0,
    100.0,
    100.0,
    100.0,
    100.0,
    100.0,
    100.0,
    100.0,
    100.0,
    100.0,
    100.0
  ],
  "v26_economic": [
    0.4060694485201569,
    0.4060694485201569,
    0.4060694485201569,
    0.4060694485201569,
    0.4060694485201569,
    0.4060694485201569,
    0.4060694485201569,
    0.4060694485201569,
    0.4060694485201569,
    0.4060694485201569,
    0.36983594907174966,
    0.36983594907174966,
    0.36983594907174966,
    0.36983594907174966,
    0.36983594907174966,
    0.0,
    0.0,
    0.0,
    0.0,
    0.0,
    0.0,
    0.0,
    0.0,
    0.0,
    0.0,
    0.0,
    0.0,
    0.0,
    0.0,
    0.0,
    0.0
  ],
  "v27_blocks": [
    0,
    9,
    20,
    30,
    41,
    53,
    64,
    77,
    88,
    102,
    116,
    135,
    182,
    240,
    292,
    320,
    347,
    376,
    403,
    434,
    468,
    505,
    544,
    569,
    594,
    631,
    674,
    708,
    736,
    763,
    787
  ],
  "v26_blocks": [
    0,
    15,
    29,
    39,
    52,
    66,
    77,
    92,
    110,
    127,
    140,
    140,
    140,
    140,
    140,
    140,
    140,
    140,
    140,
    140,
    140,
    140,
    140,
    140,
    141,
    141,
    141,
    141,
    141,
    141,
    141
  ],
  "v27_difficulty": [
    1.0,
    1.0,
    1.0,
    1.0,
    1.0,
    1.0,
    1.0,
    1.0,
    1.0,
    1.0,
    1.0,
    1.0,
    0.4216691068814056,
    0.4216691068814056,
    0.798951991985821,
    0.798951991985821,
    0.798951991985821,
    0.798951991985821,
    0.798951991985821,
    0.7593999131746417,
    0.7593999131746417,
    0.7593999131746417,
    0.7593999131746417,
    0.7593999131746417,
    0.8011251831292924,
    0.8011251831292924,
    0.8011251831292924,
    0.8011251831292924,
    0.9494816985236058,
    0.9494816985236058,
    0.9494816985236058
  ],
  "v26_difficulty": [
    1.0,
    1.0,
    1.0,
    1.0,
    1.0,
    1.0,
    1.0,
    1.0,
    1.0,
    1.0,
    1.0,
    1.0,
    1.0,
    1.0,
    1.0,
    1.0,
    1.0,
    1.0,
    1.0,
    1.0,
    1.0,
    1.0,
    1.0,
    1.0,
    1.0,
    1.0,
    1.0,
    1.0,
    1.0,
    1.0,
    1.0
  ],
  "v27_chainwork": [
    0.0,
    9.0,
    20.0,
    30.0,
    41.0,
    53.0,
    64.0,
    77.0,
    88.0,
    102.0,
    116.0,
    135.0,
    160.02342606149358,
    184.48023426061536,
    207.91615935886637,
    230.28681513446963,
    251.85851891808707,
    275.0281266856755,
    296.59983046929216,
    321.28823806322976,
    347.10783511116824,
    375.2056318986307,
    404.8222285124425,
    423.80722634180904,
    443.5432790303586,
    473.18491080614166,
    507.6332936807004,
    534.8715499070972,
    559.6767592810274,
    585.3127651411658,
    608.1003259057331
  ],
  "v26_chainwork": [
    0.0,
    15.0,
    29.0,
    39.0,
    52.0,
    66.0,
    77.0,
    92.0,
    110.0,
    127.0,
    140.0,
    140.0,
    140.0,
    140.0,
    140.0,
    140.0,
    140.0,
    140.0,
    140.0,
    140.0,
    140.0,
    140.0,
    140.0,
    140.0,
    141.0,
    141.0,
    141.0,
    141.0,
    141.0,
    141.0,
    141.0
  ],
  "v27_fee_rate": [
    1.0,
    1.0,
    0.01743008816010315,
    0.01743008816010315,
    0.01743008816010315,
    0.01743008816010315,
    0.01743008816010315,
    0.01743008816010315,
    0.01743008816010315,
    0.01743008816010315,
    0.01743008816010315,
    0.007687505871514822,
    0.007687505871514822,
    0.0032415837349872166,
    0.0032415837349872166,
    0.006141948129449462,
    0.006164753024581951,
    0.006164753024581951,
    0.006164753024581951,
    0.006164753024581951,
    0.005859567231285816,
    0.005859567231285816,
    0.005859567231285816,
    0.005859567231285816,
    0.005859567231285816,
    0.0061815214747630584,
    0.0061815214747630584,
    0.0061815214747630584,
    0.0061815214747630584,
    0.007326247673793253,
    0.007326247673793253
  ],
  "v26_fee_rate": [
    1.0,
    1.0,
    5.342252105044894e-05,
    5.342252105044894e-05,
    5.342252105044894e-05,
    5.342252105044894e-05,
    5.342252105044894e-05,
    5.342252105044894e-05,
    5.342252105044894e-05,
    5.342252105044894e-05,
    5.342252105044894e-05,
    0.02466159367785974,
    0.02466159367785974,
    0.02466159367785974,
    0.02466159367785974,
    0.02466159367785974,
    0.0,
    0.0,
    0.0,
    0.0,
    0.0,
    0.0,
    0.0,
    0.0,
    0.0,
    0.0,
    0.0,
    0.0,
    0.0,
    0.0,
    0.0
  ],