{
  "config": {
    "base_price": 60000,
    "max_divergence": 0.2,
    "coefficients": {
      "chain_weight": 0.3,
      "economic_weight": 0.5,
      "hashrate_weight": 0.2
    }
  },
  "current_prices": {
    "v27": 62993.66248452337,
    "v26": 56928.097515476635
  },
  "timeline": {
    "timestamps": [
      1772285210.8723927,
      1772285272.2852223,
      1772285272.2852306,
      1772285332.4422562,
      1772285332.4422648,
      1772285393.4023001,
      1772285393.4023073,
      1772285454.209915,
      1772285454.2099233,
      1772285514.8847694,
      1772285514.8847754,
      1772285575.4862885,
      1772285575.4862945,
      1772285636.2866178,
      1772285636.2866254,
      1772285696.5201309,
      1772285696.520136,
      1772285757.3046346,
      1772285757.3046403,
      1772285817.3879585,
      1772285817.3879664,
      1772285877.9546807,
      1772285877.9546862,
      1772285938.7488716,
      1772285938.7488775,
      1772285999.3958604,
      1772285999.395868,
      1772286060.005729,
      1772286060.005735,
      1772286120.6873932,
      1772286120.6873982,
      1772286181.3516345,
      1772286181.3516438,
      1772286242.0354404,
      1772286242.035448,
      1772286302.132675,
      1772286302.132681,
      1772286362.9406614,
      1772286362.9406693,
      1772286423.7303097,
      1772286423.7303202,
      1772286484.5387273,
      1772286484.5387325,
      1772286545.4986992,
      1772286545.498707,
      1772286606.0691998,
      1772286606.0692077,
      1772286666.9166126,
      1772286666.9166203,
      1772286726.9578025,
      1772286726.957808,
      1772286786.9603193,
      1772286786.9603248,
      1772286847.8424413,
      1772286847.842446,
      1772286908.6835968,
      1772286908.6836047,
      1772286969.476054,
      1772286969.4760644
    ],
    "v27_prices": [
      60000,
      61351.19660701435,
      61351.19660701435,
      61484.883609666875,
      61484.883609666875,
      61459.99164769627,
      61459.99164769627,
      61412.24804850673,
      61412.24804850673,
      61344.5759173592,
      61344.5759173592,
      61365.303190086466,
      61365.303190086466,
      61330.01667565303,
      61330.01667565303,
      61275.50274662749,
      61275.50274662749,
      61177.83907525393,
      61177.83907525393,
      62054.05284043611,
      62054.05284043611,
      62171.68388196096,
      62171.68388196096,
      62288.927399838976,
      62288.927399838976,
      62367.33955372282,
      62367.33955372282,
      62436.43910025706,
      62436.43910025706,
      62500.103434137716,
      62500.103434137716,
      62556.76872919852,
      62556.76872919852,
      62609.37591735919,
      62609.37591735919,
      62664.81050382536,
      62664.81050382536,
      62712.50344844267,
      62712.50344844267,
      62753.910150074196,
      62753.910150074196,
      62791.32904737525,
      62791.32904737525,
      62830.6719659914,
      62830.6719659914,
      62842.740623241545,
      62842.740623241545,
      62872.74806925793,
      62872.74806925793,
      62905.30746816132,
      62905.30746816132,
      62932.51044421341,
      62932.51044421341,
      62954.62123755623,
      62954.62123755623,
      62975.1564399245,
      62975.1564399245,
      62993.66248452337,
      62993.66248452337
    ],
    "v26_prices": [
      60000,
      60000,
      58570.56339298564,
      58570.56339298564,
      58436.87639033312,
      58436.87639033312,
      58461.768352303734,
      58461.768352303734,
      58509.51195149327,
      58509.51195149327,
      58577.184082640815,
      58577.184082640815,
      58556.456809913536,
      58556.456809913536,
      58591.74332434697,
      58591.74332434697,
      58646.25725337252,
      58646.25725337252,
      58743.920924746075,
      58743.920924746075,
      57867.707159563884,
      57867.707159563884,
      57750.07611803905,
      57750.07611803905,
      57632.83260016103,
      57632.83260016103,
      57554.420446277174,
      57554.420446277174,
      57485.32089974295,
      57485.32089974295,
      57421.656565862286,
      57421.656565862286,
      57364.99127080149,
      57364.99127080149,
      57312.38408264081,
      57312.38408264081,
      57256.949496174646,
      57256.949496174646,
      57209.25655155733,
      57209.25655155733,
      57167.849849925806,
      57167.849849925806,
      57130.43095262476,
      57130.43095262476,
      57091.08803400859,
      57091.08803400859,
      57079.01937675846,
      57079.01937675846,
      57049.01193074208,
      57049.01193074208,
      57016.45253183867,
      57016.45253183867,
      56989.24955578659,
      56989.24955578659,
      56967.13876244377,
      56967.13876244377,
      56946.60356007549,
      56946.60356007549,
      56928.097515476635
    ]
  },
  "history": [
    {
      "timestamp": 1772285210.8723927,
      "chain_id": "v27",
      "price": 60000,
      "metadata": {
        "initial": true
      }
    },
    {
      "timestamp": 1772285210.8723927,
      "chain_id": "v26",
      "price": 60000,
      "metadata": {
        "initial": true
      }
    },
    {
      "timestamp": 1772285272.2852223,
      "chain_id": "v27",
      "price": 61351.19660701435,
      "metadata": {
        "fork_sustained": true,
        "fork_depth": 29
      }
    },
    {
      "timestamp": 1772285272.2852306,
      "chain_id": "v26",
      "price": 58570.56339298564,
      "metadata": {
        "fork_sustained": true,
        "fork_depth": 29
      }
    },
    {
      "timestamp": 1772285332.4422562,
      "chain_id": "v27",
      "price": 61484.883609666875,
      "metadata": {
        "fork_sustained": true,
        "fork_depth": 65
      }
    },
    {
      "timestamp": 1772285332.4422648,
      "chain_id": "v26",
      "price": 58436.87639033312,
      "metadata": {
        "fork_sustained": true,
        "fork_depth": 65
      }
    },
    {
      "timestamp": 1772285393.4023001,
      "chain_id": "v27",
      "price": 61459.99164769627,
      "metadata": {
        "fork_sustained": true,
        "fork_depth": 89
      }
    },
    {
      "timestamp": 1772285393.4023073,
      "chain_id": "v26",
      "price": 58461.768352303734,
      "metadata": {
        "fork_sustained": true,
        "fork_depth": 89
      }
    },
    {
      "timestamp": 1772285454.209915,
      "chain_id": "v27",
      "price": 61412.24804850673,
      "metadata": {
        "fork_sustained": true,
        "fork_depth": 122
      }
    },
    {
      "timestamp": 1772285454.2099233,
      "chain_id": "v26",
      "price": 58509.51195149327,
      "metadata": {
        "fork_sustained": true,
        "fork_depth": 122
      }
    },
    {
      "timestamp": 1772285514.8847694,
      "chain_id": "v27",
      "price": 61344.5759173592,
      "metadata": {
        "fork_sustained": true,
        "fork_depth": 150
      }
    },
    {
      "timestamp": 1772285514.8847754,
      "chain_id": "v26",
      "price": 58577.184082640815,
      "metadata": {
        "fork_sustained": true,
        "fork_depth": 150
      }
    },
    {
      "timestamp": 1772285575.4862885,
      "chain_id": "v27",
      "price": 61365.303190086466,
      "metadata": {
        "fork_sustained": true,
        "fork_depth": 176
      }
    },
    {
      "timestamp": 1772285575.4862945,
      "chain_id": "v26",
      "price": 58556.456809913536,
      "metadata": {
        "fork_sustained": true,
        "fork_depth": 176
      }
    },
    {
      "timestamp": 1772285636.2866178,
      "chain_id": "v27",
      "price": 61330.01667565303,
      "metadata": {
        "fork_sustained": true,
        "fork_depth": 211
      }
    },
    {
      "timestamp": 1772285636.2866254,
      "chain_id": "v26",
      "price": 58591.74332434697,
      "metadata": {
        "fork_sustained": true,
        "fork_depth": 211
      }
    },
    {
      "timestamp": 1772285696.5201309,
      "chain_id": "v27",