{
  "blocks_mined": {
    "v27": 6,
    "v26": 1691
  },
  "total_blocks": 1697,
  "final_hashrate": {
    "v27": 0.0,
    "v26": 86.4
  },
  "final_economic": {
    "v27": 0.0,
    "v26": 100.0
  },
  "final_prices": {
    "v27": 48013.07506053269,
    "v26": 71334.12493946732
  }
}