{
  "config": {
    "base_price": 60000,
    "max_divergence": 0.2,
    "coefficients": {
      "chain_weight": 0.3,
      "economic_weight": 0.5,
      "hashrate_weight": 0.2
    }
  },
  "current_prices": {
    "v27": 62423.66915019121,
    "v26": 56923.5308498088
  },
  "timeline": {
    "timestamps": [
      1772667341.8712957,
      1772667402.9666686,
      1772667402.9666767,
      1772667463.8968115,
      1772667463.8968215,
      1772667524.2955883,
      1772667524.2955937,
      1772667584.393032,
      1772667584.3930383,
      1772667644.9363225,
      1772667644.936329,
      1772667705.412322,
      1772667705.412331,
      1772667766.052365,
      1772667766.0523732,
      1772667826.671744,
      1772667826.6717496,
      1772667887.4655516,
      1772667887.4655576,
      1772667947.9983418,
      1772667947.99835,
      1772668008.9882078,
      1772668008.988213,
      1772668069.7604377,
      1772668069.760445,
      1772668129.7779162,
      1772668129.7779217,
      1772668190.0780094,
      1772668190.0780153,
      1772668250.280443,
      1772668250.2804487,
      1772668310.4804485,
      1772668310.4804564,
      1772668370.6886873,
      1772668370.688693,
      1772668430.8993108,
      1772668430.8993163,
      1772668491.0346274,
      1772668491.0346353,
      1772668551.952682,
      1772668551.9526887,
      1772668612.652856,
      1772668612.6528618,
      1772668673.5678346,
      1772668673.5678442,
      1772668734.3571808,
      1772668734.3571866,
      1772668795.2425249,
      1772668795.24253,
      1772668855.5568135,
      1772668855.5568213,
      1772668915.7510583,
      1772668915.751069,
      1772668975.9843278,
      1772668975.9843388,
      1772669036.2618918,
      1772669036.2619023,
      1772669096.3553278,
      1772669096.3553388
    ],
    "v27_prices": [
      60000,
      58543.45298449252,
      58543.45298449252,
      58867.45298449252,
      58867.45298449252,
      59032.02441306395,
      59032.02441306395,
      59026.61087922936,
      59026.61087922936,
      59056.67612498839,
      59056.67612498839,
      59116.18025721979,
      59116.18025721979,
      59131.31425616882,
      59131.31425616882,
      59015.7302122153,
      59015.7302122153,
      59104.99144603099,
      59104.99144603099,
      58707.162637002184,
      58707.162637002184,
      58676.110378273675,
      58676.110378273675,
      58582.05386554978,
      58582.05386554978,
      58584.13356037219,
      58584.13356037219,
      58540.14463456459,
      58540.14463456459,
      58511.323074868626,
      58511.323074868626,
      58475.16245737441,
      58475.16245737441,
      58428.64119778552,
      58428.64119778552,
      58394.38126696481,
      58394.38126696481,
      58366.10839941984,
      58366.10839941984,
      61102.26967112924,
      61102.26967112924,
      61293.459704264664,
      61293.459704264664,
      61482.70345757199,
      61482.70345757199,
      61637.951343353205,
      61637.951343353205,
      61816.06334121281,
      61816.06334121281,
      61951.21221727642,
      61951.21221727642,
      62083.02044086498,
      62083.02044086498,
      62205.01996552764,
      62205.01996552764,
      62325.52796674109,
      62325.52796674109,
      62423.66915019121,
      62423.66915019121
    ],
    "v26_prices": [
      60000,
      60000,
      60803.74701550749,
      60803.74701550749,
      60479.74701550747,
      60479.74701550747,
      60315.17558693606,
      60315.17558693606,
      60320.58912077064,
      60320.58912077064,
      60290.52387501162,
      60290.52387501162,
      60231.019742780205,
      60231.019742780205,
      60215.88574383118,
      60215.88574383118,
      60331.469787784714,
      60331.469787784714,
      60242.208553969016,
      60242.208553969016,
      60640.03736299783,
      60640.03736299783,
      60671.089621726336,
      60671.089621726336,
      60765.146134450224,
      60765.146134450224,
      60763.066439627815,
      60763.066439627815,
      60807.05536543542,
      60807.05536543542,
      60835.876925131386,
      60835.876925131386,
      60872.03754262559,
      60872.03754262559,
      60918.558802214495,
      60918.558802214495,
      60952.818733035194,
      60952.818733035194,
      60981.09160058016,
      60981.09160058016,
      58244.93032887077,
      58244.93032887077,
      58053.74029573535,
      58053.74029573535,
      57864.496542428016,
      57864.496542428016,
      57709.24865664681,
      57709.24865664681,
      57531.13665878719,
      57531.13665878719,
      57395.98778272359,
      57395.98778272359,
      57264.17955913503,
      57264.17955913503,
      57142.180034472374,
      57142.180034472374,
      57021.672033258925,
      57021.672033258925,
      56923.5308498088
    ]
  },
  "history": [
    {
      "timestamp": 1772667341.8712957,
      "chain_id": "v27",
      "price": 60000,
      "metadata": {
        "initial": true
      }
    },
    {
      "timestamp": 1772667341.8712957,
      "chain_id": "v26",
      "price": 60000,
      "metadata": {
        "initial": true
      }
    },
    {
      "timestamp": 1772667402.9666686,
      "chain_id": "v27",
      "price": 58543.45298449252,
      "metadata": {
        "fork_sustained": true,
        "fork_depth": 24
      }
    },
    {
      "timestamp": 1772667402.9666767,
      "chain_id": "v26",
      "price": 60803.74701550749,
      "metadata": {
        "fork_sustained": true,
        "fork_depth": 24
      }
    },
    {
      "timestamp": 1772667463.8968115,
      "chain_id": "v27",
      "price": 58867.45298449252,
      "metadata": {
        "fork_sustained": true,
        "fork_depth": 50
      }
    },
    {
      "timestamp": 1772667463.8968215,
      "chain_id": "v26",
      "price": 60479.74701550747,
      "metadata": {
        "fork_sustained": true,
        "fork_depth": 50
      }
    },
    {
      "timestamp": 1772667524.2955883,
      "chain_id": "v27",
      "price": 59032.02441306395,
      "metadata": {
        "fork_sustained": true,
        "fork_depth": 70
      }
    },
    {
      "timestamp": 1772667524.2955937,
      "chain_id": "v26",
      "price": 60315.17558693606,
      "metadata": {
        "fork_sustained": true,
        "fork_depth": 70
      }
    },
    {
      "timestamp": 1772667584.393032,
      "chain_id": "v27",
      "price": 59026.61087922936,
      "metadata": {
        "fork_sustained": true,
        "fork_depth": 95
      }
    },
    {
      "timestamp": 1772667584.3930383,
      "chain_id": "v26",
      "price": 60320.58912077064,
      "metadata": {
        "fork_sustained": true,
        "fork_depth": 95
      }
    },
    {
      "timestamp": 1772667644.9363225,
      "chain_id": "v27",
      "price": 59056.67612498839,
      "metadata": {
        "fork_sustained": true,
        "fork_depth": 121
      }
    },
    {
      "timestamp": 1772667644.936329,
      "chain_id": "v26",
      "price": 60290.52387501162,
      "metadata": {
        "fork_sustained": true,
        "fork_depth": 121
      }
    },
    {
      "timestamp": 1772667705.412322,
      "chain_id": "v27",
      "price": 59116.18025721979,
      "metadata": {
        "fork_sustained": true,
        "fork_depth": 143
      }
    },
    {
      "timestamp": 1772667705.412331,
      "chain_id": "v26",
      "price": 60231.019742780205,
      "metadata": {
        "fork_sustained": true,
        "fork_depth": 143
      }
    },
    {
      "timestamp": 1772667766.052365,
      "chain_id": "v27",
      "price": 59131.31425616882,
      "metadata": {
        "fork_sustained": true,
        "fork_depth": 173
      }
    },
    {
      "timestamp": 1772667766.0523732,
      "chain_id": "v26",
      "price": 60215.88574383118,
      "metadata": {
        "fork_sustained": true,
        "fork_depth": 173
      }
    },
    {
      "timestamp": 1772667826.671744,
      "chain_id": "v27",
      "price": 59015.7302122153,