{
  "blocks_mined": {
    "v27": 391,
    "v26": 16
  },
  "total_blocks": 407,
  "final_hashrate": {
    "v27": 86.4,
    "v26": 0.0
  },
  "final_economic": {
    "v27": 100.0,
    "v26": 0.0
  },
  "final_prices": {
    "v27": 71080.53333333334,
    "v26": 48266.66666666667
  }
}