{
  "blocks_mined": {
    "v27": 121,
    "v26": 5
  },
  "total_blocks": 126,
  "final_hashrate": {
    "v27": 86.4,
    "v26": 0.0
  },
  "final_economic": {
    "v27": 100.0,
    "v26": 0.0
  },
  "final_prices": {
    "v27": 71117.41276595744,
    "v26": 48229.78723404256
  }
}