{
  "blocks_mined": {
    "v27": 117,
    "v26": 896
  },
  "total_blocks": 1013,
  "final_hashrate": {
    "v27": 0.0,
    "v26": 86.4
  },
  "final_economic": {
    "v27": 0.0,
    "v26": 100.0
  },
  "final_prices": {
    "v27": 48875.67567567567,
    "v26": 70471.52432432433
  }
}