{
  "blocks_mined": {
    "v27": 180,
    "v26": 44
  },
  "total_blocks": 224,
  "final_hashrate": {
    "v27": 86.4,
    "v26": 0.0
  },
  "final_economic": {
    "v27": 100.0,
    "v26": 0.0
  },
  "final_prices": {
    "v27": 70004.19481865286,
    "v26": 49343.00518134715
  }
}