{
  "blocks_mined": {
    "v27": 3776,
    "v26": 676
  },
  "total_blocks": 4452,
  "final_hashrate": {
    "v27": 86.4,
    "v26": 0.0
  },
  "final_economic": {
    "v27": 100.0,
    "v26": 0.0
  },
  "final_prices": {
    "v27": 69970.64763382856,
    "v26": 49376.55236617145
  }
}