{
  "blocks_mined": {
    "v27": 4584,
    "v26": 1537
  },
  "total_blocks": 6121,
  "final_hashrate": {
    "v27": 86.4,
    "v26": 0.0
  },
  "final_economic": {
    "v27": 56.73741253525133,
    "v26": 43.26258746474866
  },
  "final_prices": {
    "v27": 63885.34699793185,
    "v26": 55461.85300206816
  }
}