{
  "blocks_mined": {
    "v27": 198,
    "v26": 20
  },
  "total_blocks": 218,
  "final_hashrate": {
    "v27": 86.4,
    "v26": 0.0
  },
  "final_economic": {
    "v27": 100.0,
    "v26": 0.0
  },
  "final_prices": {
    "v27": 70556.95609756098,
    "v26": 48790.243902439026
  }
}