{
  "config": {
    "base_price": 60000,
    "max_divergence": 0.2,
    "coefficients": {
      "chain_weight": 0.3,
      "economic_weight": 0.5,
      "hashrate_weight": 0.2
    }
  },
  "current_prices": {
    "v27": 57313.594294163384,
    "v26": 62033.60570583661
  },
  "timeline": {
    "timestamps": [
      1774142021.4770505,
      1774142082.5821323,
      1774142082.5821614,
      1774142142.879989,
      1774142142.8800123,
      1774142203.1397815,
      1774142203.1398056,
      1774142263.984761,
      1774142263.9848378,
      1774142324.2569304,
      1774142324.2569518,
      1774142384.5514786,
      1774142384.5514905,
      1774142444.9245782,
      1774142444.9245908,
      1774142505.2520854,
      1774142505.2521079,
      1774142565.7168484,
      1774142565.7168694,
      1774142625.9809582,
      1774142625.9809823,
      1774142686.454772,
      1774142686.4547806,
      1774142746.9436538,
      1774142746.9436653,
      1774142807.7302756,
      1774142807.7302914,
      1774142868.5682101,
      1774142868.5682535,
      1774142929.4999726,
      1774142929.4999933,
      1774142990.4343843,
      1774142990.4344077,
      1774143051.386418,
      1774143051.3864381,
      1774143112.090846,
      1774143112.0908577,
      1774143173.0258548,
      1774143173.0258725,
      1774143233.9903874,
      1774143233.9904356,
      1774143294.7954543,
      1774143294.7954745,
      1774143355.657107,
      1774143355.6571314,
      1774143416.2837672,
      1774143416.283788,
      1774143476.7276945,
      1774143476.7277052,
      1774143537.068014,
      1774143537.0680346,
      1774143597.4603076,
      1774143597.4603384,
      1774143657.8917542,
      1774143657.8917637,
      1774143718.2716699,
      1774143718.2716894,
      1774143778.7216702,
      1774143778.7216897
    ],
    "v27_prices": [
      60000,
      59129.55490895421,
      59129.55490895421,
      59661.247216646516,
      59661.247216646516,
      59825.81864521795,
      59825.81864521795,
      59903.226598089816,
      59903.226598089816,
      59824.132462548165,
      59824.132462548165,
      59937.247216646516,
      59937.247216646516,
      59887.53293093223,
      59887.53293093223,
      59793.897462951936,
      59793.897462951936,
      59887.88012803892,
      59887.88012803892,
      60500.139524338825,
      60500.139524338825,
      60596.76138271739,
      60596.76138271739,
      60640.27426508849,
      60640.27426508849,
      60695.26044501286,
      60695.26044501286,
      60742.11060451662,
      60742.11060451662,
      60790.723265943234,
      60790.723265943234,
      60853.20732017878,
      60853.20732017878,
      60865.72558264601,
      60865.72558264601,
      60887.0133191084,
      60887.0133191084,
      60923.938089432835,
      60923.938089432835,
      58478.73046165388,
      58478.73046165388,
      58304.129179128846,
      58304.129179128846,
      58143.797252668104,
      58143.797252668104,
      57980.22899665984,
      57980.22899665984,
      57841.24079851346,
      57841.24079851346,
      57725.40243689418,
      57725.40243689418,
      57618.08747608101,
      57618.08747608101,
      57508.47724730156,
      57508.47724730156,
      57409.45950809625,
      57409.45950809625,
      57313.594294163384,
      57313.594294163384
    ],
    "v26_prices": [
      60000,
      60000,
      60217.64509104579,
      60217.64509104579,
      59685.95278335348,
      59685.95278335348,
      59521.38135478206,
      59521.38135478206,
      59443.973401910174,
      59443.973401910174,
      59523.06753745185,
      59523.06753745185,
      59409.95278335348,
      59409.95278335348,
      59459.66706906777,
      59459.66706906777,
      59553.30253704806,
      59553.30253704806,
      59459.31987196108,
      59459.31987196108,
      58847.06047566117,
      58847.06047566117,
      58750.43861728259,
      58750.43861728259,
      58706.9257349115,
      58706.9257349115,
      58651.939554987126,
      58651.939554987126,
      58605.089395483374,
      58605.089395483374,
      58556.47673405676,
      58556.47673405676,
      58493.992679821225,
      58493.992679821225,
      58481.474417353995,
      58481.474417353995,
      58460.18668089161,
      58460.18668089161,
      58423.26191056716,
      58423.26191056716,
      60868.46953834612,
      60868.46953834612,
      61043.07082087115,
      61043.07082087115,
      61203.40274733191,
      61203.40274733191,
      61366.97100334016,
      61366.97100334016,
      61505.959201486534,
      61505.959201486534,
      61621.79756310583,
      61621.79756310583,
      61729.112523919,
      61729.112523919,
      61838.72275269845,
      61838.72275269845,
      61937.74049190375,
      61937.74049190375,
      62033.60570583661
    ]
  },
  "history": [
    {
      "timestamp": 1774142021.4770505,
      "chain_id": "v27",
      "price": 60000,
      "metadata": {
        "initial": true
      }
    },
    {
      "timestamp": 1774142021.4770505,
      "chain_id": "v26",
      "price": 60000,
      "metadata": {
        "initial": true
      }
    },
    {
      "timestamp": 1774142082.5821323,
      "chain_id": "v27",
      "price": 59129.55490895421,
      "metadata": {
        "fork_sustained": true,
        "fork_depth": 26
      }
    },
    {
      "timestamp": 1774142082.5821614,
      "chain_id": "v26",
      "price": 60217.64509104579,
      "metadata": {
        "fork_sustained": true,
        "fork_depth": 26
      }
    },
    {
      "timestamp": 1774142142.879989,
      "chain_id": "v27",
      "price": 59661.247216646516,
      "metadata": {
        "fork_sustained": true,
        "fork_depth": 50
      }
    },
    {
      "timestamp": 1774142142.8800123,
      "chain_id": "v26",
      "price": 59685.95278335348,
      "metadata": {
        "fork_sustained": true,
        "fork_depth": 50
      }
    },
    {
      "timestamp": 1774142203.1397815,
      "chain_id": "v27",
      "price": 59825.81864521795,
      "metadata": {
        "fork_sustained": true,
        "fork_depth": 70
      }
    },
    {
      "timestamp": 1774142203.1398056,
      "chain_id": "v26",
      "price": 59521.38135478206,
      "metadata": {
        "fork_sustained": true,
        "fork_depth": 70
      }
    },
    {
      "timestamp": 1774142263.984761,
      "chain_id": "v27",
      "price": 59903.226598089816,
      "metadata": {
        "fork_sustained": true,
        "fork_depth": 97
      }
    },
    {
      "timestamp": 1774142263.9848378,
      "chain_id": "v26",
      "price": 59443.973401910174,
      "metadata": {
        "fork_sustained": true,
        "fork_depth": 97
      }
    },
    {
      "timestamp": 1774142324.2569304,
      "chain_id": "v27",
      "price": 59824.132462548165,
      "metadata": {
        "fork_sustained": true,
        "fork_depth": 122
      }
    },
    {
      "timestamp": 1774142324.2569518,
      "chain_id": "v26",
      "price": 59523.06753745185,
      "metadata": {
        "fork_sustained": true,
        "fork_depth": 122
      }
    },
    {
      "timestamp": 1774142384.5514786,
      "chain_id": "v27",
      "price": 59937.247216646516,
      "metadata": {
        "fork_sustained": true,
        "fork_depth": 144
      }
    },
    {
      "timestamp": 1774142384.5514905,
      "chain_id": "v26",
      "price": 59409.95278335348,
      "metadata": {
        "fork_sustained": true,
        "fork_depth": 144
      }
    },
    {
      "timestamp": 1774142444.9245782,
      "chain_id": "v27",
      "price": 59887.53293093223,
      "metadata": {
        "fork_sustained": true,
        "fork_depth": 175
      }
    },
    {
      "timestamp": 1774142444.9245908,
      "chain_id": "v26",
      "price": 59459.66706906777,
      "metadata": {
        "fork_sustained": true,
        "fork_depth": 175
      }
    },
    {
      "timestamp": 1774142505.2520854,
      "chain_id": "v27",