{
  "config": {
    "base_price": 60000,
    "max_divergence": 0.2,
    "coefficients": {
      "chain_weight": 0.3,
      "economic_weight": 0.5,
      "hashrate_weight": 0.2
    }
  },
  "current_prices": {
    "v27": 57972.331296847195,
    "v26": 61374.86870315282
  },
  "timeline": {
    "timestamps": [
      1772870948.615427,
      1772871009.62027,
      1772871009.6202774,
      1772871069.840787,
      1772871069.8407958,
      1772871130.2320538,
      1772871130.232062,
      1772871190.326211,
      1772871190.3262172,
      1772871250.8684957,
      1772871250.868504,
      1772871311.3155844,
      1772871311.3155904,
      1772871371.9602807,
      1772871371.9602864,
      1772871432.5300424,
      1772871432.5300484,
      1772871493.2257597,
      1772871493.2257657,
      1772871553.7592835,
      1772871553.7592888,
      1772871614.596623,
      1772871614.596628,
      1772871674.882967,
      1772871674.8829758,
      1772871735.178206,
      1772871735.178212,
      1772871795.6139147,
      1772871795.613922,
      1772871856.159777,
      1772871856.1597853,
      1772871916.6927435,
      1772871916.6927493,
      1772871977.139017,
      1772871977.1390252,
      1772872037.571879,
      1772872037.571888,
      1772872098.088502,
      1772872098.0885081,
      1772872158.6845772,
      1772872158.6845858,
      1772872218.9770842,
      1772872218.9770918,
      1772872279.1100075,
      1772872279.110017,
      1772872339.2128582,
      1772872339.2128658,
      1772872399.9651203,
      1772872399.9651258,
      1772872460.5171907,
      1772872460.5171978,
      1772872521.1968424,
      1772872521.1968482,
      1772872581.8158102,
      1772872581.8158174,
      1772872642.4175518,
      1772872642.4175577,
      1772872703.207789,
      1772872703.207795
    ],
    "v27_prices": [
      60000,
      59986.715224772524,
      59986.715224772524,
      60310.71522477252,
      60310.71522477252,
      60417.15000738122,
      60417.15000738122,
      60469.873119509364,
      60469.873119509364,
      60499.93836526839,
      60499.93836526839,
      60531.78564730773,
      60531.78564730773,
      60574.57649644882,
      60574.57649644882,
      60474.77492626506,
      60474.77492626506,
      60531.350417905574,
      60531.350417905574,
      61147.031503842285,
      61147.031503842285,
      61257.94617885052,
      61257.94617885052,
      61326.650442121245,
      61326.650442121245,
      61361.610319779145,
      61361.610319779145,
      61430.32492709106,
      61430.32492709106,
      61457.415546236734,
      61457.415546236734,
      61518.6495599485,
      61518.6495599485,
      61532.91143428127,
      61532.91143428127,
      61569.20534052679,
      61569.20534052679,
      61575.301435168,
      61575.301435168,
      59158.41049874977,
      59158.41049874977,
      58989.38614915288,
      58989.38614915288,
      58830.66582833257,
      58830.66582833257,
      58673.55384344498,
      58673.55384344498,
      58509.98199826843,
      58509.98199826843,
      58396.849469762805,
      58396.849469762805,
      58273.831349676264,
      58273.831349676264,
      58170.60589483473,
      58170.60589483473,
      58066.89023883661,
      58066.89023883661,
      57972.331296847195,
      57972.331296847195
    ],
    "v26_prices": [
      60000,
      60000,
      59360.48477522749,
      59360.48477522749,
      59036.48477522749,
      59036.48477522749,
      58930.04999261879,
      58930.04999261879,
      58877.32688049065,
      58877.32688049065,
      58847.26163473162,
      58847.26163473162,
      58815.41435269228,
      58815.41435269228,
      58772.623503551185,
      58772.623503551185,
      58872.42507373495,
      58872.42507373495,
      58815.84958209444,
      58815.84958209444,
      58200.16849615771,
      58200.16849615771,
      58089.25382114949,
      58089.25382114949,
      58020.54955787876,
      58020.54955787876,
      57985.58968022086,
      57985.58968022086,
      57916.87507290894,
      57916.87507290894,
      57889.78445376326,
      57889.78445376326,
      57828.550440051506,
      57828.550440051506,
      57814.28856571874,
      57814.28856571874,
      57777.994659473225,
      57777.994659473225,
      57771.89856483201,
      57771.89856483201,
      60188.789501250234,
      60188.789501250234,
      60357.81385084714,
      60357.81385084714,
      60516.534171667445,
      60516.534171667445,
      60673.64615655502,
      60673.64615655502,
      60837.218001731584,
      60837.218001731584,
      60950.3505302372,
      60950.3505302372,
      61073.36865032374,
      61073.36865032374,
      61176.59410516528,
      61176.59410516528,
      61280.30976116339,
      61280.30976116339,
      61374.86870315282
    ]
  },
  "history": [
    {
      "timestamp": 1772870948.615427,
      "chain_id": "v27",
      "price": 60000,
      "metadata": {
        "initial": true
      }
    },
    {
      "timestamp": 1772870948.615427,
      "chain_id": "v26",
      "price": 60000,
      "metadata": {
        "initial": true
      }
    },
    {
      "timestamp": 1772871009.62027,
      "chain_id": "v27",
      "price": 59986.715224772524,
      "metadata": {
        "fork_sustained": true,
        "fork_depth": 24
      }
    },
    {
      "timestamp": 1772871009.6202774,
      "chain_id": "v26",
      "price": 59360.48477522749,
      "metadata": {
        "fork_sustained": true,
        "fork_depth": 24
      }
    },
    {
      "timestamp": 1772871069.840787,
      "chain_id": "v27",
      "price": 60310.71522477252,
      "metadata": {
        "fork_sustained": true,
        "fork_depth": 50
      }
    },
    {
      "timestamp": 1772871069.8407958,
      "chain_id": "v26",
      "price": 59036.48477522749,
      "metadata": {
        "fork_sustained": true,
        "fork_depth": 50
      }
    },
    {
      "timestamp": 1772871130.2320538,
      "chain_id": "v27",
      "price": 60417.15000738122,
      "metadata": {
        "fork_sustained": true,
        "fork_depth": 69
      }
    },
    {
      "timestamp": 1772871130.232062,
      "chain_id": "v26",
      "price": 58930.04999261879,
      "metadata": {
        "fork_sustained": true,
        "fork_depth": 69
      }
    },
    {
      "timestamp": 1772871190.326211,
      "chain_id": "v27",
      "price": 60469.873119509364,
      "metadata": {
        "fork_sustained": true,
        "fork_depth": 95
      }
    },
    {
      "timestamp": 1772871190.3262172,
      "chain_id": "v26",
      "price": 58877.32688049065,
      "metadata": {
        "fork_sustained": true,
        "fork_depth": 95
      }
    },
    {
      "timestamp": 1772871250.8684957,
      "chain_id": "v27",
      "price": 60499.93836526839,
      "metadata": {
        "fork_sustained": true,
        "fork_depth": 121
      }
    },
    {
      "timestamp": 1772871250.868504,
      "chain_id": "v26",
      "price": 58847.26163473162,
      "metadata": {
        "fork_sustained": true,
        "fork_depth": 121
      }
    },
    {
      "timestamp": 1772871311.3155844,
      "chain_id": "v27",
      "price": 60531.78564730773,
      "metadata": {
        "fork_sustained": true,
        "fork_depth": 142
      }
    },
    {
      "timestamp": 1772871311.3155904,
      "chain_id": "v26",
      "price": 58815.41435269228,
      "metadata": {
        "fork_sustained": true,
        "fork_depth": 142
      }
    },
    {
      "timestamp": 1772871371.9602807,
      "chain_id": "v27",
      "price": 60574.57649644882,
      "metadata": {
        "fork_sustained": true,
        "fork_depth": 173
      }
    },
    {
      "timestamp": 1772871371.9602864,
      "chain_id": "v26",
      "price": 58772.623503551185,
      "metadata": {
        "fork_sustained": true,
        "fork_depth": 173
      }
    },
    {
      "timestamp": 1772871432.5300424,
      "chain_id": "v27",
      "price": 60474.77492626506,