{
  "blocks_mined": {
    "v27": 108,
    "v26": 149
  },
  "total_blocks": 257,
  "final_hashrate": {
    "v27": 38.1,
    "v26": 48.3
  },
  "final_economic": {
    "v27": 50.12210820410434,
    "v26": 49.87789179589566
  },
  "final_prices": {
    "v27": 58686.52990756945,
    "v26": 60660.67009243056
  }
}