{
  "blocks_mined": {
    "v27": 1838,
    "v26": 1328
  },
  "total_blocks": 3166,
  "final_hashrate": {
    "v27": 50.5,
    "v26": 35.9
  },
  "final_economic": {
    "v27": 56.737060138721,
    "v26": 43.262939861279
  },
  "final_prices": {
    "v27": 61419.8757880751,
    "v26": 57927.32421192491
  }
}