{
  "blocks_mined": {
    "v27": 5670,
    "v26": 892
  },
  "total_blocks": 6562,
  "final_hashrate": {
    "v27": 86.4,
    "v26": 0.0
  },
  "final_economic": {
    "v27": 100.0,
    "v26": 0.0
  },
  "final_prices": {
    "v27": 70173.24099626945,
    "v26": 49173.95900373055
  }
}