{
  "blocks_mined": {
    "v27": 463,
    "v26": 58
  },
  "total_blocks": 521,
  "final_hashrate": {
    "v27": 86.4,
    "v26": 0.0
  },
  "final_economic": {
    "v27": 100.0,
    "v26": 0.0
  },
  "final_prices": {
    "v27": 70674.58853503186,
    "v26": 48672.611464968155
  }
}