{
  "blocks_mined": {
    "v27": 4227,
    "v26": 1485
  },
  "total_blocks": 5712,
  "final_hashrate": {
    "v27": 86.4,
    "v26": 0.0
  },
  "final_economic": {
    "v27": 56.73741253525133,
    "v26": 43.26258746474866
  },
  "final_prices": {
    "v27": 63743.9218203072,
    "v26": 55603.27817969281
  }
}