{
  "config": {
    "base_price": 60000,
    "max_divergence": 0.2,
    "coefficients": {
      "chain_weight": 0.3,
      "economic_weight": 0.5,
      "hashrate_weight": 0.2
    }
  },
  "current_prices": {
    "v27": 67693.15711589807,
    "v26": 51654.04288410195
  },
  "timeline": {
    "timestamps": [
      1772728737.5753431,
      1772728798.6475828,
      1772728798.6475906,
      1772728859.5948803,
      1772728859.5948863,
      1772728919.9938157,
      1772728919.9938235,
      1772728980.1043544,
      1772728980.1043603,
      1772729040.9068537,
      1772729040.9068599,
      1772729101.3854883,
      1772729101.3854935,
      1772729162.0356898,
      1772729162.0356982,
      1772729222.6188383,
      1772729222.6188436,
      1772729283.3331466,
      1772729283.3331518,
      1772729343.8676903,
      1772729343.8677015,
      1772729404.4711902,
      1772729404.4712,
      1772729465.1007109,
      1772729465.100717,
      1772729526.0324788,
      1772729526.0324862,
      1772729586.4948878,
      1772729586.4948933,
      1772729646.6026216,
      1772729646.602627,
      1772729707.6014962,
      1772729707.6015043,
      1772729768.569405,
      1772729768.569415,
      1772729828.7443695,
      1772729828.7443748,
      1772729888.9560883,
      1772729888.9560955,
      1772729949.2077875,
      1772729949.2077956,
      1772730009.8394585,
      1772730009.8394637,
      1772730070.3803136,
      1772730070.3803213,
      1772730130.8543332,
      1772730130.8543417,
      1772730191.068559,
      1772730191.0685673,
      1772730251.3867033,
      1772730251.3867116,
      1772730311.5638204,
      1772730311.563826,
      1772730372.5563052,
      1772730372.556311,
      1772730432.8239927,
      1772730432.8239977,
      1772730492.9048967,
      1772730492.904902
    ],
    "v27_prices": [
      60000,
      62223.771697206525,
      62223.771697206525,
      62547.77169720652,
      62547.77169720652,
      62712.343125777945,
      62712.343125777945,
      62706.929591943364,
      62706.929591943364,
      62736.99483770238,
      62736.99483770238,
      62796.4989699338,
      62796.4989699338,
      62811.63296888282,
      62811.63296888282,
      62696.04892492929,
      62696.04892492929,
      62785.31015874497,
      62785.31015874497,
      65122.480577515395,
      65122.480577515395,
      65442.17169720652,
      65442.17169720652,
      65723.51241114979,
      65723.51241114979,
      65983.72622622842,
      65983.72622622842,
      66194.25435784586,
      66194.25435784586,
      66345.99411136968,
      66345.99411136968,
      66509.0776283725,
      66509.0776283725,
      66648.85041111533,
      66648.85041111533,
      66790.82346253857,
      66790.82346253857,
      66917.55203320362,
      66917.55203320362,
      67040.78852531144,
      67040.78852531144,
      67144.27655637157,
      67144.27655637157,
      67242.66683494442,
      67242.66683494442,
      67287.10934390187,
      67287.10934390187,
      67374.21681792148,
      67374.21681792148,
      67461.65040395655,
      67461.65040395655,
      67526.84323806046,
      67526.84323806046,
      67579.64019639301,
      67579.64019639301,
      67641.48902624784,
      67641.48902624784,
      67693.15711589807,
      67693.15711589807
    ],
    "v26_prices": [
      60000,
      60000,
      57123.42830279348,
      57123.42830279348,
      56799.42830279349,
      56799.42830279349,
      56634.85687422206,
      56634.85687422206,
      56640.27040805664,
      56640.27040805664,
      56610.205162297614,
      56610.205162297614,
      56550.70103006621,
      56550.70103006621,
      56535.567031117185,
      56535.567031117185,
      56651.15107507072,
      56651.15107507072,
      56561.889841255026,
      56561.889841255026,
      54224.7194224846,
      54224.7194224846,
      53905.028302793486,
      53905.028302793486,
      53623.687588850225,
      53623.687588850225,
      53363.473773771584,
      53363.473773771584,
      53152.94564215414,
      53152.94564215414,
      53001.20588863031,
      53001.20588863031,
      52838.122371627505,
      52838.122371627505,
      52698.34958888468,
      52698.34958888468,
      52556.37653746144,
      52556.37653746144,
      52429.64796679639,
      52429.64796679639,
      52306.41147468857,
      52306.41147468857,
      52202.92344362845,
      52202.92344362845,
      52104.53316505559,
      52104.53316505559,
      52060.09065609814,
      52060.09065609814,
      51972.983182078526,
      51972.983182078526,
      51885.549596043464,
      51885.549596043464,
      51820.35676193954,
      51820.35676193954,
      51767.55980360699,
      51767.55980360699,
      51705.71097375216,
      51705.71097375216,
      51654.04288410195
    ]
  },
  "history": [
    {
      "timestamp": 1772728737.5753431,
      "chain_id": "v27",
      "price": 60000,
      "metadata": {
        "initial": true
      }
    },
    {
      "timestamp": 1772728737.5753431,
      "chain_id": "v26",
      "price": 60000,
      "metadata": {
        "initial": true
      }
    },
    {
      "timestamp": 1772728798.6475828,
      "chain_id": "v27",
      "price": 62223.771697206525,
      "metadata": {
        "fork_sustained": true,
        "fork_depth": 24
      }
    },
    {
      "timestamp": 1772728798.6475906,
      "chain_id": "v26",
      "price": 57123.42830279348,
      "metadata": {
        "fork_sustained": true,
        "fork_depth": 24
      }
    },
    {
      "timestamp": 1772728859.5948803,
      "chain_id": "v27",
      "price": 62547.77169720652,
      "metadata": {
        "fork_sustained": true,
        "fork_depth": 50
      }
    },
    {
      "timestamp": 1772728859.5948863,
      "chain_id": "v26",
      "price": 56799.42830279349,
      "metadata": {
        "fork_sustained": true,
        "fork_depth": 50
      }
    },
    {
      "timestamp": 1772728919.9938157,
      "chain_id": "v27",
      "price": 62712.343125777945,
      "metadata": {
        "fork_sustained": true,
        "fork_depth": 70
      }
    },
    {
      "timestamp": 1772728919.9938235,
      "chain_id": "v26",
      "price": 56634.85687422206,
      "metadata": {
        "fork_sustained": true,
        "fork_depth": 70
      }
    },
    {
      "timestamp": 1772728980.1043544,
      "chain_id": "v27",
      "price": 62706.929591943364,
      "metadata": {
        "fork_sustained": true,
        "fork_depth": 95
      }
    },
    {
      "timestamp": 1772728980.1043603,
      "chain_id": "v26",
      "price": 56640.27040805664,
      "metadata": {
        "fork_sustained": true,
        "fork_depth": 95
      }
    },
    {
      "timestamp": 1772729040.9068537,
      "chain_id": "v27",
      "price": 62736.99483770238,
      "metadata": {
        "fork_sustained": true,
        "fork_depth": 121
      }
    },
    {
      "timestamp": 1772729040.9068599,
      "chain_id": "v26",
      "price": 56610.205162297614,
      "metadata": {
        "fork_sustained": true,
        "fork_depth": 121
      }
    },
    {
      "timestamp": 1772729101.3854883,
      "chain_id": "v27",
      "price": 62796.4989699338,
      "metadata": {
        "fork_sustained": true,
        "fork_depth": 143
      }
    },
    {
      "timestamp": 1772729101.3854935,
      "chain_id": "v26",
      "price": 56550.70103006621,
      "metadata": {
        "fork_sustained": true,
        "fork_depth": 143
      }
    },
    {
      "timestamp": 1772729162.0356898,
      "chain_id": "v27",
      "price": 62811.63296888282,
      "metadata": {
        "fork_sustained": true,
        "fork_depth": 173
      }
    },
    {
      "timestamp": 1772729162.0356982,
      "chain_id": "v26",
      "price": 56535.567031117185,
      "metadata": {
        "fork_sustained": true,
        "fork_depth": 173
      }
    },
    {
      "timestamp": 1772729222.6188383,
      "chain_id": "v27",