{
  "blocks_mined": {
    "v27": 791,
    "v26": 142
  },
  "total_blocks": 933,
  "final_hashrate": {
    "v27": 86.4,
    "v26": 0.0
  },
  "final_economic": {
    "v27": 80.82766430950271,
    "v26": 19.172335690497288
  },
  "final_prices": {
    "v27": 67693.15711589807,
    "v26": 51654.04288410195
  }
}