{
  "blocks_mined": {
    "v27": 345,
    "v26": 7
  },
  "total_blocks": 352,
  "final_hashrate": {
    "v27": 86.4,
    "v26": 0.0
  },
  "final_economic": {
    "v27": 100.0,
    "v26": 0.0
  },
  "final_prices": {
    "v27": 71302.05893416928,
    "v26": 48045.14106583072
  }
}