{
  "blocks_mined": {
    "v27": 4389,
    "v26": 755
  },
  "total_blocks": 5144,
  "final_hashrate": {
    "v27": 86.4,
    "v26": 0.0
  },
  "final_economic": {
    "v27": 100.0,
    "v26": 0.0
  },
  "final_prices": {
    "v27": 70147.69183006872,
    "v26": 49199.508169931294
  }
}