{
  "blocks_mined": {
    "v27": 1621,
    "v26": 1162
  },
  "total_blocks": 2783,
  "final_hashrate": {
    "v27": 50.5,
    "v26": 35.9
  },
  "final_economic": {
    "v27": 56.737060138721,
    "v26": 43.262939861279
  },
  "final_prices": {
    "v27": 61434.405867353824,
    "v26": 57912.794132646195
  }
}