{
  "timestamps": [
    0,
    60,
    120,
    181,
    241,
    302,
    363,
    424,
    485,
    545,
    606,
    667,
    728,
    789,
    850,
    910,
    970,
    1031,
    1091,
    1152,
    1212,
    1273,
    1333,
    1394,
    1454,
    1515,
    1576,
    1636,
    1697,
    1757,
    1818,
    1878,
    1939,
    1999,
    2059,
    2120,
    2180,
    2241,
    2301,
    2362,
    2423,
    2483,
    2500
  ],
  "v27_price": [
    60000,
    60000,
    57168.980869565225,
    56806.509473684215,
    57199.15373493976,
    57026.434285714284,
    57065.36788732394,
    57005.00571428571,
    57106.58168432794,
    57145.814924447885,
    57196.01247910863,
    55981.6969418257,
    55829.161655465155,
    55677.899946427206,
    55558.941783628754,
    55442.82638187329,
    55337.60323757006,
    55259.911307471804,
    55197.79398810343,
    55122.52636677281,
    55061.69751217129,
    54998.84100315722,
    54943.01117432214,
    54897.04930462112,
    54879.49281980432,
    54838.70395064884,
    54796.27151264452,
    54762.56316496206,
    54735.32585726596,
    54708.22260774762,
    54682.00561765072,
    54657.816923385086,
    54636.73924055724,
    54616.97035797416,
    54603.58497228452,
    54590.76805464445,
    54574.33946082382,
    54558.70745010773,
    54544.806023695026,
    54530.72061086584,
    54515.99854273645,
    54505.03679539647,
    54492.56067956501
  ],
  "v26_price": [
    60000,
    60000,
    62752.779130434785,
    63115.250526315795,
    62722.60626506024,
    62895.32571428571,
    62856.392112676054,
    62916.75428571428,
    62815.178315672056,
    62775.94507555212,
    62725.747520891375,
    63940.0630581743,
    64092.598344534854,
    64243.860053572804,
    64362.818216371255,
    64478.93361812671,
    64584.15676242994,
    64661.8486925282,
    64723.96601189658,
    64799.2336332272,
    64860.06248782872,
    64922.91899684279,
    64978.74882567787,
    65024.710695378875,
    65042.26718019568,
    65083.05604935115,
    65125.48848735548,
    65159.19683503793,
    65186.43414273405,
    65213.53739225238,
    65239.754382349274,
    65263.94307661491,
    65285.02075944276,
    65304.78964202585,
    65318.17502771547,
    65330.99194535555,
    65347.42053917618,
    65363.05254989228,
    65376.95397630498,
    65391.03938913415,
    65405.76145726355,
    65416.72320460354,
    65429.19932043499
  ],
  "v27_hashrate": [
    26.89,
    26.89,
    26.89,
    26.89,
    26.89,
    26.89,
    26.89,
    26.89,
    26.89,
    26.89,
    0.0,
    0.0,
    0.0,
    0.0,
    0.0,
    0.0,
    0.0,
    0.0,
    0.0,
    0.0,
    0.0,
    0.0,
    0.0,
    0.0,
    0.0,
    0.0,
    0.0,
    0.0,
    0.0,
    0.0,
    0.0,
    0.0,
    0.0,
    0.0,
    0.0,
    0.0,
    0.0,
    0.0,
    0.0,
    0.0,
    0.0,
    0.0,
    0.0
  ],
  "v26_hashrate": [
    71.48,
    71.48,
    71.48,
    71.48,
    71.48,
    71.48,
    71.48,
    71.48,
    71.48,
    71.48,
    98.36999999999999,
    98.36999999999999,
    98.36999999999999,
    98.36999999999999,
    98.36999999999999,
    98.36999999999999,
    98.36999999999999,
    98.36999999999999,
    98.36999999999999,
    98.36999999999999,
    98.36999999999999,
    98.36999999999999,
    98.36999999999999,
    98.36999999999999,
    98.36999999999999,
    98.36999999999999,
    98.36999999999999,
    98.36999999999999,
    98.36999999999999,
    98.36999999999999,
    98.36999999999999,
    98.36999999999999,
    98.36999999999999,
    98.36999999999999,
    98.36999999999999,
    98.36999999999999,
    98.36999999999999,
    98.36999999999999,
    98.36999999999999,
    98.36999999999999,
    98.36999999999999,
    98.36999999999999,
    98.36999999999999
  ],
  "v27_economic": [
    50.0,
    50.0,
    50.0,
    50.0,
    50.0,
    50.0,
    50.0,
    50.0,
    50.0,
    50.0,
    50.0,
    50.0,
    50.0,
    50.0,
    50.0,
    50.0,
    50.0,
    50.0,
    50.0,
    50.0,
    50.0,
    50.0,
    50.0,
    50.0,
    50.0,
    50.0,
    50.0,
    50.0,
    50.0,
    50.0,
    50.0,
    50.0,
    50.0,
    50.0,
    50.0,
    50.0,
    50.0,
    50.0,
    50.0,
    50.0,
    50.0,
    50.0,
    50.0
  ],
  "v26_economic": [
    50.0,
    50.0,
    50.0,
    50.0,
    50.0,
    50.0,
    50.0,
    50.0,
    50.0,
    50.0,
    50.0,
    50.0,
    50.0,
    50.0,
    50.0,
    50.0,
    50.0,
    50.0,
    50.0,
    50.0,
    50.0,
    50.0,
    50.0,
    50.0,
    50.0,
    50.0,
    50.0,
    50.0,
    50.0,
    50.0,
    50.0,
    50.0,
    50.0,
    50.0,
    50.0,
    50.0,
    50.0,
    50.0,
    50.0,
    50.0,
    50.0,
    50.0,
    50.0
  ],
  "v27_blocks": [
    0,
    6,
    12,
    22,
    27,
    35,
    40,
    51,
    60,
    70,
    81,
    81,
    81,
    81,
    81,
    81,
    81,
    81,
    81,
    81,
    81,
    81,
    81,
    82,
    82,
    82,
    82,
    82,
    82,
    82,
    82,
    82,
    82,
    82,
    82,
    82,
    82,
    82,
    82,
    82,
    82,
    82,
    82
  ],
  "v26_blocks": [
    0,
    17,
    45,
    61,
    85,
    107,
    128,
    154,
    184,
    214,
    240,
    274,
    314,
    351,
    393,
    436,
    464,
    489,
    523,
    554,
    590,
    626,
    659,
    680,
    714,
    751,
    783,
    811,
    841,
    872,
    902,
    930,
    958,
    978,
    998,
    1028,
    1060,
    1090,
    1122,
    1157,
    1183,
    1214,
    1223
  ],
  "v27_difficulty": [
    1.0,
    1.0,
    1.0,
    1.0,
    1.0,
    1.0,
    1.0,
    1.0,
    1.0,
    1.0,
    1.0,
    1.0,
    1.0,
    1.0,
    1.0,
    1.0,
    1.0,
    1.0,
    1.0,
    1.0,
    1.0,
    1.0,
    1.0,
    1.0,
    1.0,
    1.0,
    1.0,
    1.0,
    1.0,
    1.0,
    1.0,
    1.0,
    1.0,
    1.0,
    1.0,
    1.0,
    1.0,
    1.0,
    1.0,
    1.0,
    1.0,
    1.0,
    1.0
  ],
  "v26_difficulty": [
    1.0,
    1.0,
    1.0,
    1.0,
    1.0,
    1.0,
    1.0,
    0.7218045112781954,
    0.7218045112781954,
    0.7218045112781954,
    0.7218045112781954,
    0.7218045112781954,
    0.7168265491314493,
    0.7168265491314493,
    0.7168265491314493,
    0.9602141681388716,
    0.9602141681388716,
    0.9602141681388716,
    0.9602141681388716,
    0.9602141681388716,
    0.9602141681388716,
    0.9602141681388716,
    0.9602141681388716,
    0.9602141681388716,
    0.9602141681388716,
    1.0242284460147963,
    1.0242284460147963,
    1.0242284460147963,
    1.0242284460147963,
    1.0610711958714436,
    1.0610711958714436,
    1.0610711958714436,
    1.0610711958714436,
    1.0610711958714436,
    1.0610711958714436,
    0.898789718855811,
    0.898789718855811,
    0.898789718855811,
    0.898789718855811,
    0.9551713617360649,
    0.9551713617360649,
    0.9551713617360649,
    0.9551713617360649
  ],
  "v27_chainwork": [
    0.0,
    6.0,
    12.0,
    22.0,
    27.0,
    35.0,
    40.0,
    51.0,
    60.0,
    70.0,
    81.0,
    81.0,
    81.0,
    81.0,
    81.0,
    81.0,
    81.0,
    81.0,
    81.0,
    81.0,
    81.0,
    81.0,
    81.0,
    82.0,
    82.0,
    82.0,
    82.0,
    82.0,
    82.0,
    82.0,
    82.0,
    82.0,
    82.0,
    82.0,
    82.0,
    82.0,
    82.0,
    82.0,
    82.0,
    82.0,
    82.0,
    82.0,
    82.0
  ],